Spindle_Speed,Feed_Rate,Cutting_Force,Tool_Wear_Index,Spindle_Vibration,Axis_Feed_Error,Coolant_Pressure,Motor_Temperature,CNC_Failure
6745.1,664.3,926.6,201.3,2.69,4.09,17.55,56.8,0
5792.6,738.9,912.3,212.8,2.03,6.42,18.44,53.4,0
6971.5,680.5,644.0,109.6,1.52,5.33,22.47,66.3,0
8284.5,822.1,977.5,96.2,1.74,5.34,24.84,44.0,0
5648.8,1039.4,522.2,150.9,1.02,3.49,12.96,50.6,0
5648.8,645.8,706.1,23.3,1.1,4.39,28.3,58.8,0
8368.8,1000.2,410.2,169.0,1.12,3.87,21.81,31.6,0
7151.2,643.7,1192.9,189.9,1.52,2.3,18.64,57.9,0
5295.8,630.5,799.1,101.4,2.99,6.25,21.88,30.8,0
6813.8,963.7,1326.7,50.2,3.88,4.2,17.81,58.1,0
5304.9,984.4,1026.6,16.6,1.16,2.03,23.0,48.4,0
5301.4,970.3,948.6,156.6,0.72,5.02,22.76,43.8,0
6362.9,536.8,721.0,71.9,2.75,3.47,20.51,35.6,0
3130.1,706.8,619.8,116.7,0.81,2.88,16.37,33.3,0
3412.6,964.6,965.1,98.9,1.17,0.2,20.1,42.1,0
5156.6,808.3,834.3,50.2,1.27,2.69,20.77,40.8,0
4480.8,585.3,555.4,126.9,1.27,2.56,23.59,38.5,0
6471.4,891.7,516.3,115.7,2.14,4.76,17.77,41.0,0
4638.0,657.0,639.1,153.6,3.21,3.04,18.6,52.2,0
3881.5,1158.9,1250.6,67.9,5.04,10.71,25.13,59.7,0
8198.5,1109.0,1336.9,59.4,1.83,0.2,26.81,41.4,0
5661.3,920.8,895.1,197.3,0.66,0.88,20.19,45.7,0
6101.3,1072.2,882.8,171.5,2.74,2.65,24.94,35.4,0
3862.9,813.0,776.0,187.6,0.71,4.91,19.99,42.0,0
5183.4,953.1,644.4,38.4,0.83,3.18,15.33,39.0,0
6166.4,1095.5,1152.5,61.5,0.3,2.47,17.49,52.1,0
4273.5,849.1,1262.2,142.4,2.01,1.01,17.21,36.9,0
6563.5,749.0,653.4,207.2,2.62,5.07,18.5,48.9,0
5099.0,459.1,831.8,215.2,1.11,10.84,18.59,36.7,0
5562.5,783.4,751.0,201.3,1.68,1.35,28.49,61.2,0
5097.4,964.7,757.5,20.0,3.25,5.44,17.19,52.0,0
8778.4,989.1,1110.9,198.8,2.73,7.92,15.96,45.9,0
5979.8,900.9,561.4,216.8,0.84,4.35,24.83,54.5,0
4413.4,691.7,952.6,23.1,1.77,4.85,13.63,52.8,0
7233.8,404.6,1010.2,105.7,2.36,3.8,21.09,50.6,0
4168.7,701.0,818.7,133.4,0.9,8.47,19.91,35.3,0
6313.3,739.1,1046.5,63.5,0.4,6.0,18.56,55.5,0
3060.5,737.4,882.5,128.8,1.41,6.85,16.63,55.2,0
4007.7,923.7,1117.8,213.8,2.55,3.67,15.73,41.0,0
6295.3,1197.1,515.1,209.4,1.8,5.7,22.45,50.7,0
7107.7,824.7,773.3,226.2,1.04,3.81,24.45,26.5,0
6257.1,756.7,834.2,121.3,2.62,5.93,17.39,29.0,0
5826.5,748.2,262.1,104.4,6.57,2.98,19.29,44.6,0
5548.3,824.9,611.1,163.1,4.42,6.92,15.47,54.0,0
3782.2,634.3,671.0,105.9,2.31,5.36,20.34,48.7,0
4920.2,824.0,1058.6,19.6,2.2,2.85,17.68,44.8,0
5309.0,890.2,694.5,175.6,1.42,6.19,20.83,46.6,0
7585.7,841.9,670.0,74.6,1.84,3.21,19.56,46.3,0
6515.4,891.5,1029.8,21.3,0.3,0.91,14.97,38.7,0
3355.4,886.7,494.1,14.7,2.38,3.3,20.43,51.7,0
6486.1,445.6,394.3,224.2,3.1,3.32,19.75,50.7,0
5422.4,927.4,770.4,68.0,0.69,1.11,17.56,61.4,0
4984.6,665.8,531.5,113.0,0.83,5.25,23.38,51.3,0
6917.5,580.8,539.9,228.6,0.3,5.05,19.58,66.0,0
7546.5,579.1,976.2,117.5,1.39,3.96,21.58,40.8,0
7396.9,886.7,1042.7,28.1,1.66,6.04,27.08,55.8,0
4741.2,755.5,1023.6,136.9,1.85,3.09,27.56,61.4,0
5536.2,463.6,1093.9,30.3,1.48,0.28,15.01,33.2,0
6496.9,895.6,1123.0,31.9,0.3,2.38,22.91,34.6,0
7463.3,512.1,381.7,205.8,0.3,1.92,19.27,47.0,0
5281.2,828.0,949.1,76.6,1.41,3.09,21.31,50.1,0
5721.5,847.7,733.5,166.1,1.08,4.25,24.66,63.1,0
4340.5,977.1,685.6,127.1,2.17,9.06,22.89,40.5,0
4205.7,1156.3,973.3,61.1,1.42,0.2,19.54,26.3,0
7218.8,527.1,469.3,129.1,1.27,6.22,24.09,47.5,0
8034.4,789.5,464.8,25.9,0.41,1.49,18.1,45.5,0
5892.0,744.7,989.4,89.9,2.05,5.15,20.97,49.2,0
7505.3,886.7,957.3,130.3,1.49,2.41,22.87,37.2,0
6542.5,843.1,880.1,62.5,3.81,4.58,23.12,28.9,0
5032.3,729.5,656.4,161.8,1.96,8.08,13.22,61.2,0
6542.1,711.8,1013.6,21.9,1.02,0.29,16.75,50.9,0
8307.1,576.7,999.7,121.5,1.31,4.78,16.94,61.2,0
5946.3,997.6,868.8,174.4,2.13,4.88,19.1,33.8,0
8347.0,891.8,591.0,108.9,3.42,6.56,22.82,46.4,0
2070.4,983.6,756.4,211.2,0.92,4.18,20.94,52.4,0
7232.9,737.9,1034.3,155.4,3.21,12.61,23.49,54.4,0
6130.6,668.6,1142.0,230.5,2.74,6.96,27.19,58.0,0
5551.5,584.3,778.2,75.3,6.48,5.58,20.08,36.6,1
6137.6,871.8,795.1,225.9,1.09,4.92,20.98,44.4,0
3018.6,592.0,814.4,149.6,1.88,5.48,25.22,51.7,0
5670.5,1169.7,910.5,181.4,1.56,4.34,16.06,46.8,0
6535.7,538.5,722.2,217.5,4.07,4.36,21.9,25.9,0
8216.8,854.7,213.3,136.8,0.53,0.21,20.09,50.7,0
5222.6,1113.4,1112.4,208.3,4.05,5.46,14.13,49.0,0
4787.3,919.8,1244.8,134.6,0.83,5.44,23.9,40.8,0
5247.4,835.1,715.3,147.8,2.56,4.89,25.14,46.8,0
7373.1,606.3,615.3,112.4,2.95,4.95,23.74,26.4,0
6493.1,523.6,819.8,43.5,1.04,5.9,17.02,60.4,0
5205.4,954.0,808.7,137.3,0.78,5.15,28.79,45.6,0
6769.9,1101.2,1069.0,234.8,0.7,4.22,24.03,38.4,0
6145.6,712.2,862.0,191.1,0.67,4.83,22.83,60.9,0
7453.0,572.2,675.6,181.9,3.09,7.08,23.74,30.4,0
4946.9,308.4,559.9,158.0,1.13,7.67,22.35,40.3,0
5508.5,603.8,1040.4,90.0,0.62,1.54,18.96,56.5,0
5411.8,777.3,981.9,49.0,2.98,3.02,21.88,36.4,0
3804.7,1119.8,1083.3,61.6,1.19,6.38,22.65,39.4,0
6444.2,934.6,637.0,11.5,2.54,5.4,20.38,45.8,0
6391.6,861.0,1254.5,164.9,0.76,2.41,17.08,50.5,0
6007.7,720.0,466.4,196.7,1.37,4.16,20.84,45.1,0
5648.1,683.4,1006.1,71.8,0.8,5.97,23.9,47.7,0
3876.9,1081.1,429.9,31.1,0.94,8.8,19.99,46.0,0
5369.0,840.1,676.1,87.2,1.62,9.88,24.47,44.7,0
5485.9,379.5,1193.4,77.2,3.66,0.2,18.87,44.0,0
4796.6,665.3,1032.9,113.7,3.68,6.13,19.9,43.9,0
5758.1,628.4,729.8,70.7,1.25,2.44,13.09,43.0,0
6606.1,690.7,735.9,88.1,2.08,6.88,21.7,27.2,0
8829.3,912.6,872.1,218.7,0.82,0.57,11.83,61.7,0
6261.9,778.5,963.1,87.0,2.52,2.29,20.3,34.1,0
6386.3,784.6,1125.3,190.7,3.72,3.56,21.36,39.9,0
5888.3,1062.7,749.6,153.9,0.7,5.68,20.13,55.8,0
3121.8,660.7,495.4,87.6,1.87,3.07,14.78,62.1,0
5960.2,1172.8,884.5,198.1,0.3,2.18,23.33,54.9,0
6090.3,665.7,749.4,146.9,2.94,0.2,26.36,50.5,0
9694.9,817.8,563.9,12.0,0.51,2.34,28.22,48.0,0
5711.5,743.8,915.5,25.8,0.71,5.69,20.09,42.1,0
6452.3,824.7,803.1,183.1,1.08,7.72,19.09,50.7,0
5947.9,888.9,917.4,112.7,0.58,1.39,15.09,55.0,0
4247.0,886.8,653.2,103.3,1.03,1.63,21.94,54.3,0
7714.2,649.4,957.1,43.5,2.51,2.16,26.12,55.0,0
7127.9,575.4,560.2,46.2,0.51,3.71,19.51,40.4,0
7186.5,1300.6,667.9,193.5,2.64,4.48,23.53,45.3,0
4635.9,703.2,796.6,200.7,0.3,3.23,9.31,28.3,0
8104.2,939.8,1233.2,138.8,1.43,0.2,16.14,57.0,0
3897.2,478.5,1022.7,77.9,0.95,0.2,22.26,44.3,0
6880.3,744.1,1087.0,224.5,4.66,2.77,13.93,29.1,0
9285.7,774.6,1161.8,153.5,0.54,5.33,16.82,47.3,0
4514.2,894.6,1642.6,193.2,2.11,4.02,17.2,55.2,0
5150.6,255.5,859.1,10.8,0.56,8.21,22.19,44.3,0
6149.5,833.2,1162.5,113.6,1.53,0.2,20.6,49.3,0
5244.8,570.1,1072.8,210.3,1.41,4.26,17.82,40.4,0
3674.0,864.9,1069.1,87.8,1.65,7.49,17.95,36.8,0
6102.8,592.7,1240.3,177.1,3.77,3.25,15.84,48.9,0
4406.5,628.9,757.8,161.3,1.46,0.81,20.21,37.5,0
6710.4,745.3,740.3,45.0,1.54,0.2,21.97,45.6,0
4620.9,589.5,920.3,188.2,3.05,3.2,23.26,33.9,0
8324.9,704.9,809.8,35.9,2.85,2.72,26.85,43.9,0
4825.1,561.3,920.1,177.4,3.4,2.38,22.27,52.0,0
5516.9,433.4,1193.8,237.9,1.75,4.75,15.9,33.3,0
7220.3,1003.6,744.8,230.3,1.33,8.54,22.19,41.2,0
4153.7,540.8,783.0,194.1,2.29,0.57,14.38,37.7,0
6341.2,764.3,888.3,132.9,1.32,1.6,19.37,54.5,0
7960.7,950.6,799.8,165.2,0.3,3.63,20.43,45.1,0
3588.8,677.0,428.9,177.5,0.3,5.8,23.14,44.3,0
6277.0,635.0,722.4,11.9,1.84,3.04,22.95,43.3,0
6389.8,845.2,1001.2,33.5,0.92,5.46,19.22,39.4,0
7172.7,1023.6,1166.3,147.3,0.66,0.4,20.04,30.5,0
4144.6,566.1,596.0,11.5,0.33,4.12,23.69,42.2,0
4019.3,770.0,595.0,219.0,0.58,3.97,15.5,53.4,0
6782.9,453.5,856.7,122.6,1.63,7.92,24.64,40.0,0
6445.5,721.4,393.4,69.3,4.09,6.84,21.92,50.1,0
6375.7,806.8,752.1,100.6,1.67,4.29,12.56,31.9,0
6519.7,629.1,468.1,205.7,1.3,1.62,21.24,57.8,0
4980.0,708.6,1151.2,223.3,1.01,0.2,24.42,59.9,0
6348.4,518.4,680.7,36.7,2.59,1.79,28.08,49.9,0
6439.6,815.4,1213.6,188.9,1.25,9.47,17.98,46.0,0
4928.5,1011.1,1095.0,143.0,1.14,0.2,22.19,36.9,0
8798.7,580.6,707.8,144.7,0.67,1.72,22.38,26.9,0
6710.7,675.5,614.2,189.3,0.89,4.32,22.37,49.6,0
4213.0,900.5,807.4,61.3,2.35,7.16,19.3,55.4,0
6984.8,1042.4,827.0,132.1,1.94,0.8,19.87,43.4,0
4538.0,501.4,926.2,83.5,1.53,5.16,18.69,46.9,0
7180.6,766.2,679.2,31.7,1.61,2.03,21.1,36.2,0
7737.9,856.6,1014.2,34.2,1.07,0.95,22.29,48.6,0
4769.0,779.6,908.4,41.4,2.09,2.51,16.74,54.1,0
7445.1,304.6,775.1,151.4,1.7,3.89,21.93,50.2,0
6619.2,900.2,693.4,34.3,0.62,0.83,21.82,37.2,0
7233.1,1103.9,809.3,141.1,1.32,6.79,20.32,40.3,0
8845.2,823.3,670.3,145.3,0.85,7.62,17.41,51.2,0
5631.9,593.8,862.9,217.9,3.43,2.22,15.68,39.7,0
4869.4,697.4,868.8,154.1,2.22,5.95,13.65,61.1,0
4665.7,1154.0,907.6,236.7,3.35,0.2,14.95,65.8,0
4776.3,982.0,1238.6,17.1,0.77,3.54,14.75,42.5,0
5884.3,928.0,820.9,172.0,3.06,6.09,22.51,69.5,0
6511.7,871.3,1071.0,16.1,1.09,5.79,9.86,45.2,0
6415.0,667.8,900.5,177.8,0.48,4.36,20.58,55.2,0
7240.8,759.9,797.6,98.7,1.45,7.0,14.94,47.6,0
6019.5,784.4,823.8,150.6,1.11,2.16,22.83,45.5,0
8180.3,909.9,837.1,81.2,1.16,4.22,26.58,32.9,0
5603.0,1101.8,911.5,46.6,1.35,4.13,21.45,43.3,0
10080.3,1023.7,638.9,176.4,2.96,5.05,23.53,60.8,0
6938.5,516.1,527.6,218.1,1.99,5.51,22.03,49.9,0
4714.3,844.8,993.9,52.2,2.27,0.76,14.44,45.4,0
4393.7,947.4,1047.6,221.8,2.09,5.71,23.09,44.7,0
6723.7,923.8,1014.0,42.2,0.79,0.99,21.98,50.5,0
5664.8,674.2,884.1,179.2,0.3,6.3,21.92,45.2,0
7071.0,1382.8,1018.8,230.7,1.34,8.38,20.46,49.3,0
6709.9,544.6,1007.0,43.9,2.04,2.75,17.81,43.9,0
5890.8,583.4,1023.3,110.1,1.77,1.65,21.1,43.1,0
4729.8,846.7,660.9,87.6,1.6,8.16,24.42,35.9,0
3727.7,1223.4,608.7,99.3,2.18,3.83,16.93,61.1,0
5330.2,632.8,764.5,183.2,1.47,0.64,19.46,35.8,0
7284.6,746.8,846.2,162.1,1.55,1.7,18.72,47.7,0
6321.1,1015.5,796.8,232.8,0.86,1.84,20.69,40.9,0
4131.4,796.4,437.1,52.7,3.49,7.01,23.05,40.2,0
6259.8,733.1,1228.8,134.9,0.34,1.47,20.71,41.2,0
6578.0,913.1,789.7,113.3,3.03,0.2,25.8,39.5,0
4674.2,854.5,888.0,221.3,0.32,3.87,18.26,48.0,0
6230.6,1006.1,1123.8,12.4,2.48,4.74,22.69,52.4,0
6087.3,1058.3,334.1,237.5,1.54,5.43,18.43,51.1,0
4285.5,861.4,737.4,120.3,2.83,0.2,15.97,28.8,0
6536.7,858.3,764.8,153.9,2.38,3.54,25.87,54.3,0
6841.2,842.8,776.0,92.8,0.54,2.92,19.16,51.2,0
7624.6,897.8,811.8,206.1,0.3,5.05,16.95,39.7,0
7580.7,811.0,1168.4,139.3,0.91,0.2,18.18,51.3,0
3933.5,799.9,998.2,162.4,1.2,4.38,23.6,54.3,0
4593.3,1039.3,1060.8,159.2,0.3,4.45,24.92,42.2,0
6772.6,1103.2,860.4,93.7,1.93,6.84,25.78,38.8,0
6770.7,498.5,542.1,27.5,1.38,4.88,18.44,59.5,0
6772.6,802.0,392.5,195.8,0.96,5.74,19.39,61.4,0
11779.1,662.3,513.5,76.6,1.75,0.91,20.85,52.6,0
6856.3,737.8,929.1,205.3,2.86,3.73,15.44,56.2,0
7703.3,880.5,857.0,150.0,2.86,7.25,21.01,46.4,0
7431.0,933.9,803.8,91.4,1.57,2.75,19.34,54.6,0
6977.1,777.6,768.9,146.7,1.92,5.93,26.67,25.6,0
5527.1,417.3,1292.6,158.5,0.3,1.58,18.32,51.4,0
7138.5,607.0,669.0,172.5,2.35,3.41,19.89,51.2,0
4840.8,979.3,1054.1,199.1,4.24,0.2,26.94,51.2,0
5644.8,251.9,850.4,46.7,1.33,3.77,17.24,49.1,0
5272.0,1037.5,836.6,227.2,2.19,1.88,20.75,49.2,0
6122.8,904.2,1108.9,104.5,1.89,6.85,22.77,40.2,0
9472.0,1063.2,1171.8,207.9,1.48,9.07,18.04,63.3,0
3199.1,760.3,797.3,60.7,2.37,0.2,23.5,59.8,0
7029.4,387.7,1025.8,16.7,0.96,0.89,19.09,66.4,0
3580.9,886.1,930.1,141.9,1.2,6.29,19.83,40.0,0
5292.1,1054.9,851.6,84.7,0.97,2.07,12.91,51.9,0
7633.4,984.9,894.9,236.4,4.74,3.77,20.66,52.7,0
6096.4,667.5,698.6,34.0,0.8,7.76,16.94,26.7,0
4383.4,817.4,782.7,20.9,2.2,7.83,16.43,44.9,0
4927.0,693.4,722.3,20.4,0.76,0.72,23.17,48.1,0
7019.4,636.1,1048.3,59.9,1.74,8.82,21.79,48.3,0
4904.5,991.1,829.1,143.2,2.06,5.66,15.75,37.8,0
6324.7,560.5,564.5,126.3,0.3,6.5,14.74,54.5,0
6068.4,621.2,690.8,90.5,0.48,2.32,12.34,48.2,0
5022.6,579.2,150.0,30.4,0.76,2.06,24.92,41.0,0
9215.9,502.0,741.2,63.8,0.53,0.2,7.61,50.8,0
6950.9,829.3,858.3,52.4,0.68,0.88,21.35,36.7,0
2962.3,1032.3,820.1,181.5,1.84,5.7,14.72,48.5,0
6279.7,763.0,1285.6,189.4,1.02,5.14,24.03,44.3,1
5007.3,498.9,976.5,188.7,2.35,5.96,23.69,45.4,0
7278.7,968.0,966.7,232.9,4.04,4.58,16.84,39.1,0
4811.2,1137.1,488.5,213.4,0.48,3.93,17.66,35.3,0
5827.9,670.8,769.8,124.5,4.3,2.23,19.55,34.7,0
6757.5,704.3,742.9,105.4,2.61,3.28,17.54,33.9,0
7298.6,903.1,677.1,220.6,2.12,6.23,23.79,46.0,0
4199.6,1124.4,674.0,150.6,1.49,6.03,20.09,48.8,0
5498.2,696.0,452.2,77.7,1.66,4.62,23.8,48.4,0
5287.6,533.5,569.3,139.8,0.67,1.65,19.21,38.8,0
5020.0,926.3,1042.3,238.2,1.59,2.79,25.83,34.2,0
8648.2,959.8,818.6,205.4,3.3,0.61,13.86,49.0,0
6607.5,801.2,738.6,74.7,0.71,3.1,18.27,48.7,0
4108.7,688.4,848.8,229.2,2.27,0.2,22.69,54.9,0
7376.8,998.9,1106.8,235.7,2.94,3.15,16.76,34.5,0
9183.2,905.6,850.9,63.2,0.85,2.32,15.37,43.6,0
7548.7,646.3,968.9,216.0,1.95,3.96,13.09,49.1,0
3720.9,809.8,663.7,213.1,2.33,2.05,21.23,31.5,0
5273.6,529.7,713.9,19.1,4.49,5.83,23.71,43.6,0
7900.4,937.2,927.9,164.0,3.34,0.2,18.6,29.7,0
4938.5,747.6,1266.4,80.2,3.29,0.2,22.36,40.3,0
6665.7,712.9,1164.6,165.2,1.18,3.32,27.7,57.5,0
7162.0,793.4,978.2,220.1,2.21,4.66,23.72,63.3,0
4609.6,808.1,883.3,124.7,1.47,2.97,23.27,46.3,0
5910.7,979.0,1158.2,105.3,0.44,3.18,18.24,48.2,0
1138.1,918.2,1024.8,222.0,0.74,4.23,18.42,45.4,0
4463.4,768.7,345.4,234.0,1.57,5.24,21.44,53.3,0
5621.1,952.7,618.1,24.3,1.35,2.93,19.9,52.7,0
4128.3,880.1,924.4,222.3,4.25,4.47,21.89,31.5,0
8448.6,714.7,456.9,29.0,1.67,6.46,9.49,50.1,0
3854.8,775.1,652.5,87.6,2.91,0.58,17.64,34.1,0
5339.9,770.4,696.0,185.4,1.99,7.16,24.41,55.5,0
6196.1,901.1,793.6,188.7,2.1,6.97,12.55,55.2,0
8161.9,726.6,786.8,176.9,2.63,1.91,16.94,30.8,0
3846.2,721.9,786.4,19.0,1.34,5.3,19.03,54.1,0
7744.7,1193.8,1031.6,40.6,1.52,0.2,12.7,35.1,0
6015.3,987.9,791.7,225.3,1.19,4.75,22.33,43.5,0
4527.7,647.9,765.4,28.7,1.5,7.41,21.56,33.7,0
6693.2,914.2,553.2,28.1,1.69,1.39,12.06,49.6,0
6298.6,823.7,1075.4,202.2,1.97,2.1,18.67,59.2,0
5099.7,878.3,702.3,157.5,1.65,4.9,18.97,43.3,0
6104.7,827.5,610.9,90.9,1.75,3.13,22.58,40.2,0
5422.0,1037.9,896.9,48.1,1.95,4.48,22.93,44.7,0
6170.3,869.1,681.3,213.4,0.3,10.11,23.25,58.1,0
6993.2,787.6,734.3,237.4,1.01,2.96,24.21,54.0,0
8379.0,1008.4,906.9,21.5,1.06,0.2,20.83,57.5,0
4143.3,846.7,778.2,137.4,1.93,2.35,26.03,44.7,0
9199.6,824.3,1358.6,70.1,2.2,4.46,22.33,25.6,0
3071.9,862.8,833.5,201.4,0.71,0.8,19.83,28.9,0
5772.3,781.3,985.9,89.6,2.88,2.29,26.96,43.3,0
6882.5,801.8,422.8,174.4,2.13,6.96,17.0,32.3,0
6421.5,682.7,660.7,134.1,0.77,8.08,20.43,51.4,0
5066.0,649.8,610.9,134.6,1.08,3.01,20.85,42.9,0
5687.8,600.3,640.0,207.3,1.46,3.08,22.09,28.6,0
5260.5,521.6,941.4,118.2,2.67,0.93,18.15,48.1,0
5116.0,624.1,1077.8,204.5,2.34,4.63,17.5,38.3,0
7274.4,765.1,925.8,93.6,0.77,9.98,24.58,43.2,0
6535.5,820.6,800.1,50.2,2.99,3.08,15.41,54.4,0
4960.6,745.7,711.2,114.8,1.64,3.17,24.89,56.4,0
7349.4,328.9,1095.0,124.6,3.08,5.24,19.67,56.6,0
6460.9,1114.9,1305.7,120.0,1.74,2.87,21.01,51.3,0
7219.3,1017.3,879.7,195.9,0.69,2.91,17.99,61.1,0
6944.4,889.2,1056.7,139.9,2.1,7.45,19.15,42.3,0
4756.5,1181.5,925.5,214.3,4.57,0.77,24.04,43.4,0
5159.7,604.5,1016.2,128.3,1.0,1.29,18.18,38.9,0
7120.9,1177.5,593.8,61.7,0.82,5.61,12.94,45.7,0
6915.6,607.0,742.6,39.8,1.28,3.63,20.2,45.0,0
5968.6,847.7,937.0,209.7,2.14,1.31,17.03,46.6,0
6176.0,545.2,1116.7,22.9,5.28,4.73,16.29,44.7,0
7916.5,802.9,670.0,37.1,3.08,3.17,17.36,53.4,0
5112.6,877.2,402.7,24.6,0.67,4.43,28.61,45.6,0
6820.6,769.1,740.4,107.5,3.62,3.29,19.27,44.3,0
5696.7,942.8,1072.2,132.5,2.12,0.3,18.06,48.6,0
5673.5,819.8,501.5,14.6,2.08,6.65,23.39,33.7,0
7648.2,695.5,591.1,128.6,1.35,8.23,22.18,34.2,0
7238.1,686.6,884.3,100.6,1.21,1.7,24.64,42.9,0
7220.3,962.2,824.5,187.9,1.66,8.03,25.81,50.6,0
7958.2,669.3,980.8,200.9,4.09,3.74,29.83,45.4,0
6031.5,983.1,579.7,167.5,0.47,0.2,17.04,42.4,0
7022.9,1044.5,778.5,118.9,2.22,5.06,23.92,46.4,0
5534.6,466.3,1112.9,59.7,1.91,0.2,17.15,55.5,0
6486.2,1026.6,587.6,204.8,1.64,2.78,19.25,35.2,0
5804.8,1212.1,1174.9,88.6,2.95,5.77,22.12,46.1,0
6145.5,850.4,615.2,91.9,0.51,5.19,20.3,34.8,0
6892.7,919.8,1036.9,220.7,3.66,2.2,21.42,37.2,0
4772.7,1007.4,767.9,234.4,0.3,5.57,19.28,45.9,0
9138.6,744.9,598.1,216.6,1.37,6.25,16.4,52.6,0
4491.0,836.5,740.7,239.6,0.45,2.49,23.1,47.0,0
4178.7,537.2,969.9,209.8,1.3,3.15,15.28,50.9,0
7737.2,827.7,848.5,172.0,3.87,4.5,25.75,47.2,0
7187.5,899.6,1096.1,77.6,1.15,1.11,19.81,57.6,0
6936.2,903.2,1165.9,229.2,0.7,1.97,24.08,50.7,0
6942.5,1013.1,589.7,211.6,3.54,6.5,27.77,44.2,0
5981.6,645.0,573.6,65.4,1.88,9.74,20.81,53.7,0
4654.1,693.5,562.9,122.5,1.33,5.52,15.83,45.6,0
6113.7,1179.1,652.2,26.1,0.83,4.66,24.77,50.4,0
4984.3,769.9,1092.9,229.3,1.74,8.57,19.04,53.6,0
7462.7,840.0,973.3,141.7,1.37,1.68,15.28,59.1,0
5779.4,786.6,730.1,66.4,2.14,4.21,23.81,61.0,0
4761.8,635.7,847.6,77.3,0.37,6.07,22.47,62.5,0
5517.9,1124.7,1158.9,235.6,1.87,1.92,20.7,54.2,0
6619.4,694.5,1269.8,151.6,3.06,0.2,16.74,44.4,0
5154.4,574.5,907.1,106.8,0.32,6.06,24.96,48.3,0
4766.7,709.9,265.0,125.0,4.38,6.38,24.21,39.2,0
6365.5,399.7,915.4,32.7,0.81,6.11,19.89,41.1,0
6367.4,669.7,1055.6,27.3,0.43,6.15,26.44,46.6,0
5239.6,606.4,899.4,146.3,1.23,4.22,23.92,50.9,0
5293.4,923.5,1009.8,127.8,0.64,4.36,17.24,39.2,0
6348.1,665.3,928.6,92.6,0.75,4.57,18.12,48.9,0
3827.9,977.6,578.4,140.2,1.24,6.77,21.43,31.7,0
3888.8,1079.7,655.0,26.7,1.04,4.7,19.35,42.4,0
4922.3,956.2,779.3,227.1,1.29,4.22,20.94,52.3,0
5679.8,756.9,1084.4,77.6,4.58,4.84,15.95,44.1,0
6466.4,828.2,681.5,26.5,0.31,5.11,17.24,57.6,0
8213.0,495.0,950.3,49.0,0.89,1.35,20.3,51.2,0
7286.5,773.2,916.8,32.0,2.05,7.47,21.02,28.4,0
5760.1,627.9,1199.0,51.1,1.55,2.34,20.85,48.0,0
5971.5,938.9,840.8,105.9,1.91,4.18,14.87,45.2,0
4496.2,1314.6,464.0,179.8,1.68,1.65,20.64,56.5,0
5972.2,900.0,992.3,72.6,1.34,3.49,23.99,33.4,0
5567.0,401.8,1320.4,110.3,0.3,5.34,18.38,53.9,0
6484.1,727.8,1006.7,223.6,3.71,4.78,17.2,58.3,0
4759.2,824.5,676.7,78.0,0.89,2.66,18.25,58.5,0
6779.0,817.5,612.0,192.8,0.56,2.28,18.71,44.0,0
8299.1,653.8,640.3,46.3,1.55,4.65,24.73,53.3,0
5836.9,849.1,1290.7,51.0,5.68,6.7,14.93,48.6,0
6602.6,551.5,778.0,114.9,2.54,7.59,16.0,61.9,0
7035.2,611.0,704.2,63.8,2.91,9.04,11.63,52.9,0
5398.2,929.2,815.1,217.7,8.71,2.25,24.72,46.9,1
6336.1,596.9,780.3,21.7,1.89,2.07,21.22,47.4,0
6018.9,907.6,1194.9,147.4,0.46,3.7,15.04,35.8,0
6146.5,526.1,626.8,149.0,0.98,3.56,19.12,40.4,0
4840.5,1153.0,1109.7,25.2,1.01,0.42,21.8,44.8,0
6036.8,645.1,876.9,178.5,0.42,6.1,22.37,51.8,0
6747.0,755.3,1115.5,117.8,1.25,2.06,24.05,32.2,0
8176.7,866.1,1198.2,176.3,3.54,2.38,13.52,48.9,0
7438.9,686.9,868.7,200.2,4.05,5.08,24.24,38.6,0
9229.8,828.7,780.7,84.3,0.82,1.01,13.22,32.8,0
4849.0,915.1,864.6,121.4,3.9,3.37,23.89,36.7,0
7308.5,992.1,829.2,70.0,2.14,5.85,23.44,46.1,0
6275.0,958.3,485.5,56.3,0.57,4.12,29.57,48.8,0
9284.7,765.6,1191.5,10.1,0.3,5.87,18.4,48.8,0
4787.6,770.7,904.1,231.6,2.2,6.45,17.04,42.9,0
4740.4,1269.8,594.1,111.4,1.73,3.79,21.17,42.3,0
5100.9,990.0,395.1,13.0,1.46,0.2,20.66,46.5,0
2814.2,615.6,337.9,12.1,0.42,7.07,28.86,30.1,0
5211.4,820.0,1019.5,76.3,0.44,3.88,14.36,46.4,0
4861.3,733.0,713.8,13.2,0.99,5.98,17.13,48.9,0
6225.6,772.9,749.9,96.1,0.67,7.42,15.78,34.5,0
6512.6,554.1,957.4,24.5,2.13,0.2,21.75,54.1,0
8814.3,717.6,736.5,19.0,1.97,3.99,18.16,33.7,0
7425.6,1162.3,970.2,164.0,0.92,7.86,21.75,49.8,0
5134.6,915.8,871.0,218.6,1.49,3.48,22.58,36.2,0
4652.4,301.8,831.5,104.2,3.45,6.44,22.2,52.0,0
6737.9,1043.3,504.0,202.5,2.38,1.26,19.76,45.1,0
4019.7,1017.9,669.7,16.7,0.95,5.2,22.82,42.0,0
8747.2,728.1,982.6,188.9,2.41,0.87,20.74,53.3,0
7769.2,943.5,700.0,24.4,3.2,6.25,18.19,32.0,0
5296.2,628.1,1115.2,202.8,2.91,2.87,18.01,51.7,0
3430.3,705.9,1366.2,212.9,0.78,7.57,18.94,50.3,1
8030.8,1099.7,994.4,190.8,0.89,7.67,25.93,45.4,0
5828.2,745.7,1178.4,198.8,0.3,2.49,20.13,48.2,0
7856.7,426.1,1008.6,139.1,2.21,8.2,20.42,30.3,0
3608.4,787.3,732.5,70.9,3.97,2.53,19.68,44.0,0
5100.9,784.3,894.0,157.9,2.42,5.7,15.96,43.9,0
6007.9,1039.7,1292.9,111.1,1.74,3.92,13.44,60.1,0
6070.5,802.9,734.8,11.2,4.36,2.94,21.41,38.5,0
5324.9,715.7,621.3,119.7,1.84,6.0,16.4,28.3,0
6934.3,1009.0,600.5,159.8,5.43,2.72,21.84,46.6,0
4398.6,824.2,802.1,13.2,2.56,2.58,19.98,44.6,0
5786.4,650.0,629.2,152.9,1.42,4.01,24.15,41.0,0
6180.4,1031.0,1218.3,160.1,0.3,6.27,23.18,32.2,0
6771.7,838.7,897.6,46.4,0.45,4.59,22.55,36.9,0
7067.4,800.6,1063.8,109.1,4.55,3.1,16.39,40.2,0
4313.0,835.6,784.3,231.8,1.67,2.72,11.6,44.1,0
3698.8,585.9,599.2,213.4,3.7,3.48,25.01,27.8,0
7916.5,694.5,561.9,104.5,3.69,5.36,20.32,57.2,0
6498.5,800.7,650.2,90.5,1.85,1.32,19.55,58.8,0
4877.3,761.1,926.5,38.5,4.06,2.35,19.05,35.3,0
8326.7,1054.5,964.4,18.1,2.69,5.97,22.16,32.8,0
6173.5,843.5,982.7,78.4,3.65,1.93,24.76,36.0,0
7768.9,971.0,522.5,226.3,1.82,2.56,17.79,50.9,0
6101.3,801.9,849.9,230.5,1.39,3.92,13.5,43.6,0
9091.1,1011.3,624.3,196.9,1.03,1.97,27.12,44.0,0
8633.0,879.5,938.3,90.7,0.74,2.85,21.56,60.7,0
5626.6,802.7,955.4,43.0,1.94,4.33,21.79,47.3,0
7457.4,797.3,592.1,147.0,0.78,5.79,9.57,54.6,0
6968.1,609.1,1063.0,158.7,2.36,2.09,21.09,52.8,0
8052.9,901.4,1364.5,107.7,1.12,1.95,12.09,47.8,0
4552.6,792.0,1033.7,169.1,1.46,6.85,18.8,34.3,0
7029.1,699.6,814.2,181.7,2.73,2.38,22.79,45.3,0
7587.6,1021.3,780.4,190.1,3.43,2.13,21.28,40.0,0
3361.9,550.0,804.0,125.5,1.17,0.2,22.83,48.4,0
4225.1,715.5,682.6,192.1,0.66,6.77,17.83,53.9,0
2941.2,1005.5,905.5,15.9,2.28,7.44,16.34,35.2,0
5595.9,863.1,599.5,166.5,2.13,3.95,18.62,44.8,0
7076.3,790.4,434.3,64.2,4.05,4.49,19.9,54.6,0
8253.5,850.2,898.3,72.2,1.07,4.0,17.69,59.9,0
6111.1,835.9,854.7,31.0,1.05,1.26,19.59,31.0,0
8442.9,496.7,724.3,54.3,2.46,5.55,20.06,42.8,0
3929.8,730.1,567.8,238.2,1.78,7.42,21.05,47.7,0
3444.9,1123.3,913.7,105.5,3.35,3.99,28.62,45.1,0
5916.7,668.1,632.2,223.4,2.13,5.78,16.12,39.4,0
6576.1,736.3,819.4,47.5,2.38,1.81,22.81,29.5,0
5951.0,691.7,1238.3,56.9,1.34,1.59,20.12,43.7,0
2898.8,782.6,993.3,138.3,1.79,5.17,27.3,33.4,0
5866.3,683.4,548.8,90.4,2.86,7.81,16.54,43.7,0
4043.3,897.3,569.5,158.1,0.3,2.49,19.09,53.3,0
7004.5,839.5,883.4,107.1,5.63,3.55,18.55,54.8,0
6549.9,954.7,547.4,196.7,1.0,5.31,11.79,49.5,0
4590.2,589.8,409.6,109.3,1.93,2.89,20.01,63.5,0
5229.2,731.9,967.1,141.6,1.27,5.21,20.49,60.5,0
4411.2,754.9,920.6,83.8,3.61,1.62,17.47,35.4,0
5906.0,891.1,949.1,171.9,1.94,5.09,11.65,45.6,0
7432.7,641.4,907.9,160.6,7.81,3.42,23.57,57.4,1
4521.4,983.1,835.6,101.3,3.43,0.2,26.86,52.5,0
6756.1,1037.3,704.3,73.5,2.65,1.42,25.0,56.0,0
5204.6,602.2,963.5,151.2,0.3,4.82,20.14,46.4,0
4810.7,701.8,1186.6,226.9,0.56,7.39,19.45,22.7,0
5839.5,693.6,739.7,40.5,1.61,0.72,24.93,56.3,0
4447.1,1326.5,625.4,193.8,3.41,6.55,24.88,48.7,0
5169.5,714.0,600.3,134.9,1.36,5.04,20.77,37.7,0
4203.2,1135.5,659.3,130.9,3.6,6.4,20.3,42.3,0
8947.1,546.7,894.6,231.2,1.33,3.61,22.61,48.4,0
6052.9,602.1,379.3,149.4,0.68,5.58,20.77,32.6,0
4950.4,662.7,946.6,201.0,2.18,8.62,25.37,59.7,0
6321.0,630.9,991.7,128.3,1.04,4.48,22.27,42.2,0
5831.5,746.4,454.4,67.5,1.2,1.55,22.85,36.0,0
5668.5,658.2,634.6,169.7,2.0,7.62,22.67,61.4,0
6921.3,636.1,867.5,222.3,1.44,5.33,19.65,34.3,0
7136.3,1031.7,818.4,203.5,1.66,4.61,27.22,39.2,0
5204.2,1044.8,964.3,55.6,5.02,8.47,19.67,46.4,0
5136.3,989.9,818.9,82.9,2.72,7.52,19.3,45.3,0
5587.4,904.8,1128.2,128.9,0.75,5.2,19.0,43.9,0
2547.1,818.5,779.3,141.5,5.19,1.74,27.18,47.2,0
3727.2,700.6,633.7,54.6,1.37,3.08,13.31,42.5,0
8050.3,609.4,616.0,62.9,2.04,4.48,17.56,37.4,0
8467.5,872.6,1011.8,184.5,2.27,3.93,22.87,67.6,0
5626.4,565.3,856.5,178.0,5.35,2.82,21.43,62.9,0
6864.8,601.2,989.4,203.0,0.3,3.52,21.0,40.8,0
6466.9,1030.6,984.9,224.6,2.4,6.63,21.77,37.8,0
10618.3,1180.1,405.6,80.9,2.18,4.52,24.62,50.6,0
7679.4,878.7,599.2,207.7,3.0,2.82,20.94,46.9,0
5808.1,1021.3,625.5,163.2,1.04,5.64,20.78,21.8,0
4566.7,750.8,670.5,230.3,2.03,5.4,25.35,39.4,0
3590.3,532.5,757.5,72.6,1.73,3.91,20.95,25.0,0
6305.2,922.4,1069.8,72.0,1.43,1.23,22.95,39.4,0
4865.5,913.9,1113.7,172.0,1.61,3.7,9.66,51.2,0
3866.6,814.3,785.6,223.5,0.6,3.97,18.28,47.8,0
5030.1,751.5,794.7,199.6,2.82,6.2,17.23,26.8,0
4377.7,992.4,694.8,177.2,0.4,2.21,17.09,42.2,0
8530.7,602.9,869.6,99.1,0.43,3.31,18.62,48.5,0
7322.5,645.2,894.6,175.1,4.24,7.85,18.5,54.6,0
5988.0,598.4,1027.4,194.3,1.55,3.4,23.56,45.6,0
8219.9,817.0,1025.7,183.3,2.45,3.93,17.0,48.0,0
6116.1,582.4,343.5,165.7,3.77,8.56,23.81,39.7,0
4708.1,663.2,816.4,20.8,0.95,1.76,23.09,39.6,0
8284.7,658.8,1154.5,161.7,2.37,7.29,15.79,40.4,0
6808.4,747.9,753.6,120.0,2.99,3.04,14.23,45.2,0
4444.1,502.5,1100.6,231.2,1.95,4.54,18.83,30.6,0
5714.5,817.4,782.6,149.7,1.27,4.73,24.63,33.7,0
4686.6,1049.5,888.5,149.9,2.37,3.42,21.24,48.8,0
3925.8,827.1,599.9,238.6,0.96,1.65,27.28,43.9,0
7389.3,1108.3,608.2,31.5,2.39,2.35,14.33,36.1,0
8864.1,1066.8,1009.6,73.6,0.3,3.49,14.93,45.5,0
3902.1,955.5,1044.0,160.9,2.24,2.05,15.5,38.8,0
6844.5,814.9,855.8,82.5,2.24,3.99,22.84,48.2,0
5024.0,804.5,579.9,89.6,1.87,2.1,22.74,46.3,0
5269.3,952.8,859.6,215.3,0.99,1.75,22.01,43.1,0
5111.4,721.7,1126.6,143.3,0.46,0.2,21.16,35.0,0
4704.0,423.5,1233.4,33.7,0.3,8.21,25.94,37.6,0
6072.8,898.4,780.3,81.5,3.83,3.75,19.89,38.6,0
4753.6,573.8,484.8,27.5,0.75,2.32,24.59,34.6,0
6405.7,607.6,1034.9,137.9,0.94,1.55,29.12,45.6,0
5924.6,800.0,789.3,49.9,0.51,2.64,17.37,47.3,0
5641.6,781.0,1057.5,207.1,3.2,0.2,18.16,54.8,0
4638.7,517.6,911.8,142.8,1.19,2.5,12.36,43.9,0
5134.8,833.1,655.6,23.7,1.98,5.77,22.77,45.4,0
7133.1,993.2,862.8,79.2,0.54,2.38,18.72,37.9,0
6751.4,574.3,1137.8,151.8,2.05,5.54,19.7,42.8,0
4533.7,1054.5,817.2,87.2,0.91,6.29,28.07,48.5,0
6149.0,488.0,622.3,128.0,2.81,5.61,22.51,44.2,0
7127.1,1223.5,500.5,219.2,3.24,4.09,16.63,64.9,0
3495.9,717.7,680.1,90.5,0.88,6.94,18.49,37.1,0
6815.0,829.1,759.8,87.3,2.39,6.81,17.14,29.8,0
5006.1,421.6,1030.4,198.5,4.25,2.23,21.57,37.5,0
6855.9,787.6,603.4,83.3,0.98,1.83,20.77,59.0,0
4855.1,845.7,1191.8,27.9,7.7,2.9,25.29,57.8,0
3292.7,782.8,555.8,51.6,0.88,3.22,21.44,42.2,0
3558.7,687.4,1362.9,228.2,2.1,6.93,19.05,45.7,0
6072.1,610.7,1229.6,224.7,5.89,6.0,21.18,54.6,1
6389.6,1026.1,881.1,61.7,1.74,4.34,15.82,55.7,0
4643.5,806.2,487.5,137.3,1.52,4.43,18.33,24.9,0
6957.9,1108.2,837.8,41.6,3.0,1.27,20.42,47.9,0
3507.7,694.7,764.9,165.2,2.74,6.75,26.26,58.5,0
5900.9,713.0,569.7,52.6,1.23,4.45,23.54,48.9,0
4183.5,963.1,914.0,21.5,0.3,1.38,21.04,28.2,0
5022.2,475.4,668.8,199.7,1.57,0.2,22.05,64.7,0
6071.1,557.3,692.7,84.8,1.85,0.82,24.7,51.3,0
4709.4,1019.5,805.2,35.0,2.97,4.18,19.79,32.0,0
5423.2,565.6,723.5,201.8,2.24,0.2,23.79,40.1,0
7509.4,436.2,1307.2,185.4,1.31,1.08,18.44,51.7,0
5134.7,1173.7,732.1,167.3,1.98,5.2,21.33,41.5,0
7253.5,521.2,947.0,219.6,0.39,2.91,24.4,57.4,0
4305.4,836.8,882.0,122.5,1.88,0.2,24.09,53.1,0
6794.7,813.8,927.6,39.5,2.11,2.42,13.03,49.3,0
8162.4,237.9,944.4,24.1,1.31,3.76,21.0,37.5,0
2292.5,746.5,1043.9,83.2,2.45,6.35,22.98,48.1,0
4804.7,889.7,908.6,30.0,4.88,5.14,18.21,64.4,0
6865.6,870.9,899.5,133.2,1.63,5.05,23.92,51.0,0
5695.4,980.7,862.9,13.3,2.87,5.8,15.94,51.7,0
6556.7,722.5,819.5,112.1,4.0,0.2,16.54,32.7,0
5094.0,942.5,649.4,51.0,0.67,7.11,8.82,41.7,0
6129.9,662.1,836.6,94.7,0.53,7.12,18.56,45.5,0
5766.5,517.9,903.1,165.3,1.15,2.47,11.43,45.8,0
7751.7,540.5,938.5,90.7,4.13,0.2,24.8,54.2,0
6381.6,507.6,889.7,88.5,1.64,7.32,27.81,34.9,0
6506.4,1001.9,798.7,237.9,1.4,0.2,16.3,47.4,0
5382.2,497.1,837.4,175.3,0.91,4.95,19.25,46.3,0
5268.6,854.8,728.2,128.2,0.6,2.87,20.43,57.6,0
5351.2,746.8,918.9,143.3,0.9,2.5,16.6,47.3,0
6591.7,779.5,801.4,152.6,1.35,2.92,21.64,40.2,0
5368.5,1072.7,889.7,15.7,1.07,4.33,19.32,26.1,0
6434.7,712.3,1070.2,28.5,1.23,0.2,14.58,43.7,0
9113.1,922.3,693.9,159.3,3.8,3.52,21.63,45.4,0
7306.7,807.5,981.3,93.8,1.06,0.43,22.09,44.1,0
5511.0,769.6,857.3,22.8,0.66,2.74,11.79,56.6,0
7801.8,1260.0,1294.7,78.4,2.66,4.4,19.94,51.2,0
5387.9,511.7,802.4,40.0,1.22,6.19,18.3,40.4,0
2942.8,1057.8,1002.9,220.8,1.29,2.16,21.11,40.0,0
4487.9,931.3,853.4,56.7,0.9,8.48,25.33,46.7,0
3193.8,704.1,544.6,43.0,1.6,1.77,24.66,35.3,0
5472.7,1125.9,735.4,154.0,4.31,1.83,24.12,43.0,0
6027.6,430.4,1043.7,130.0,3.79,6.57,20.59,45.0,0
8514.7,695.6,754.8,142.5,2.22,3.38,18.95,38.4,0
6490.4,558.3,361.5,110.3,1.04,4.45,11.79,42.9,0
5671.3,882.4,843.1,117.4,2.36,2.78,23.22,37.4,0
7244.1,577.4,609.7,189.1,4.79,3.07,23.85,67.9,0
2683.3,886.6,879.0,60.6,2.46,4.87,13.32,60.2,0
6353.4,762.7,1191.3,101.2,1.98,7.18,21.83,42.3,0
7156.3,704.1,1019.3,230.3,0.63,4.35,24.11,35.9,0
3782.1,877.7,1188.1,53.7,2.42,5.07,16.5,20.0,0
7715.6,746.3,726.5,77.6,2.75,6.45,23.18,32.1,0
6507.7,582.3,818.5,54.1,1.8,2.84,15.37,53.6,0
5377.1,1360.3,620.2,14.7,0.31,1.55,18.15,43.8,0
6949.2,702.6,699.5,72.1,2.91,1.44,15.32,47.4,0
9406.0,356.5,646.1,20.7,2.21,1.78,23.25,50.1,0
6272.8,631.6,562.5,45.6,1.98,1.39,23.23,41.0,0
6372.3,546.5,1150.5,93.4,2.22,6.75,17.87,55.3,0
5311.0,965.2,389.8,14.8,0.74,0.2,15.01,49.6,0
4725.2,864.3,1151.4,183.2,1.18,5.48,30.56,43.3,0
7245.5,879.7,1124.1,193.0,1.85,0.94,20.3,44.2,0
4715.9,726.0,960.0,104.6,1.36,8.48,19.79,55.1,0
6107.3,744.1,604.8,236.5,1.73,5.01,16.84,52.2,0
5283.5,725.8,501.9,166.2,0.98,1.81,16.1,31.7,0
6718.5,783.8,729.4,181.1,1.5,2.65,22.14,56.3,0
6500.5,967.1,987.5,54.2,5.4,3.79,21.41,47.7,0
7556.3,867.2,850.7,202.6,1.76,5.59,17.93,41.2,0
5235.0,900.0,620.4,227.4,1.28,4.84,23.34,37.0,0
5595.2,899.9,1102.6,64.4,0.65,3.97,19.15,42.9,0
4531.9,976.9,1220.6,167.9,2.33,2.23,22.55,44.8,0
5333.6,857.6,800.1,181.8,1.73,3.28,21.57,36.8,0
6566.0,871.8,874.1,80.2,1.97,7.35,19.38,47.8,0
7135.5,1037.8,518.1,119.3,0.84,9.32,23.0,34.3,0
4616.8,667.0,758.8,32.4,1.39,6.76,24.4,23.1,0
7304.4,628.9,962.3,49.8,1.55,1.61,24.07,45.6,0
8033.5,562.8,928.1,24.2,2.2,7.58,14.17,49.8,0
6620.2,836.6,738.3,138.8,5.53,3.17,24.38,52.9,0
8815.2,429.3,789.7,153.8,2.11,4.01,21.99,55.6,0
4839.3,892.4,751.6,220.7,2.36,0.84,22.46,30.3,0
4133.0,778.2,788.7,134.7,0.82,4.28,11.56,47.0,0
3331.9,1026.9,943.1,69.9,0.36,2.04,14.15,53.1,0
8244.1,665.6,417.1,23.7,2.18,7.44,19.02,45.5,0
6981.5,759.3,833.6,213.5,1.16,10.36,12.78,44.5,0
5916.6,1024.4,927.0,120.1,1.66,4.0,26.87,49.4,0
6420.0,1076.6,724.5,179.6,0.77,5.19,16.58,55.0,0
4311.8,664.0,744.5,13.4,0.84,3.23,15.28,45.1,0
9668.6,836.4,750.9,122.3,7.43,4.3,18.38,47.5,0
6193.8,858.9,744.6,84.9,2.93,2.52,19.12,38.8,0
6164.1,874.7,851.3,17.0,1.81,4.78,21.03,37.8,0
7088.6,747.5,878.4,188.4,1.21,5.0,10.92,31.3,0
6721.5,1056.3,387.9,128.0,7.41,4.75,14.7,28.5,0
6335.8,422.1,993.6,86.6,1.55,5.87,17.69,50.0,0
4814.3,715.8,786.2,195.3,2.13,3.09,22.24,43.7,0
6707.2,889.6,1275.3,112.8,4.1,10.72,19.0,43.7,0
8823.0,891.4,587.8,10.8,0.89,2.37,20.68,51.4,0
8018.1,1070.6,659.2,227.2,3.73,2.34,24.45,61.6,0
8389.8,1039.6,805.4,68.8,3.64,0.2,19.68,45.9,0
5233.2,742.9,940.9,201.0,0.45,5.9,21.91,34.2,0
4515.6,1060.0,420.8,197.8,2.24,0.2,19.64,45.6,0
5811.3,657.2,667.6,47.3,1.47,3.15,25.29,52.8,0
6083.6,986.2,980.1,119.0,1.0,2.12,22.7,29.3,0
7641.3,1162.1,641.4,19.2,1.8,0.4,8.93,55.7,0
3461.3,1043.0,1151.4,91.5,3.42,4.16,21.55,36.7,0
8294.3,821.2,750.1,178.1,2.17,8.42,27.76,57.8,0
5763.0,733.6,652.1,64.5,0.48,5.82,24.89,43.8,0
5359.7,494.3,984.3,36.9,2.08,2.09,18.07,36.5,0
4481.8,862.1,1203.7,126.6,1.24,8.98,23.12,50.1,0
3517.7,577.0,941.6,133.5,2.03,2.17,16.47,38.8,0
7234.8,641.4,1127.3,165.4,3.46,6.73,19.22,23.9,0
6110.0,561.9,1218.9,184.6,3.52,0.2,17.14,42.5,1
4065.1,707.9,647.2,170.0,1.11,3.42,20.54,59.9,0
4057.4,794.4,1056.4,204.4,0.8,1.03,28.31,37.9,0
5496.3,854.7,514.8,61.3,1.59,9.19,13.33,29.5,0
8503.5,679.9,943.5,141.0,2.0,2.27,22.88,35.4,0
5610.6,1013.9,834.3,92.8,0.91,1.45,17.16,39.7,0
3745.3,758.4,1123.4,231.3,4.43,5.16,16.49,58.6,0
5631.4,642.5,1107.9,111.3,1.58,3.38,21.74,29.2,0
5590.9,845.3,975.4,230.7,5.97,9.37,20.12,42.1,0
1954.7,1192.7,915.7,186.9,1.39,4.77,21.37,33.1,0
5918.6,867.0,961.8,175.2,2.0,4.16,19.8,49.1,0
5653.6,727.4,863.6,123.1,0.8,5.8,19.38,54.6,0
7044.3,494.5,836.5,112.0,3.06,3.45,20.39,48.7,0
8773.4,756.1,1167.4,131.1,2.72,4.59,19.62,46.5,0
7689.8,847.0,1193.8,77.5,0.81,1.91,19.06,34.5,0
5596.7,722.5,818.8,218.0,1.99,2.45,20.23,41.1,0
4340.2,466.9,902.3,192.7,2.32,1.72,18.0,45.4,0
9860.0,629.9,868.0,194.3,2.63,4.98,25.92,57.5,0
6088.8,1090.9,495.4,109.6,4.87,2.34,13.55,33.9,0
6020.9,1086.8,776.0,26.4,6.45,5.95,14.28,38.2,0
5963.8,622.7,1201.9,167.1,1.98,1.84,26.34,47.3,0
6297.1,934.6,685.0,96.1,3.36,1.58,22.86,56.5,0
5783.5,564.3,1315.2,210.2,1.09,4.6,15.0,38.9,1
5139.5,1080.9,1107.9,189.5,5.27,4.35,22.86,65.0,0
5179.7,849.0,938.3,43.4,1.42,6.14,17.08,39.2,0
5950.9,989.9,973.4,148.4,2.43,1.04,21.66,34.9,0
5184.9,457.0,648.2,169.2,1.65,0.2,19.89,41.7,0
4930.7,935.5,791.6,140.7,3.75,7.04,21.91,37.4,0
6159.6,798.5,1167.1,128.2,0.36,0.61,20.63,46.3,0
5617.5,970.4,714.8,62.4,1.11,6.07,16.62,52.4,0
8256.0,983.0,1083.4,64.3,2.41,0.2,17.96,51.8,0
2023.5,813.2,547.1,186.6,4.46,5.42,20.34,52.0,0
7637.3,679.8,586.4,14.3,0.44,3.97,14.36,41.7,0
7869.1,955.9,1268.3,189.1,2.31,5.01,17.56,45.8,0
2889.9,788.0,847.4,131.2,1.05,5.92,19.12,31.1,0
5486.0,625.4,731.5,225.3,0.54,6.37,20.09,35.7,0
5442.8,616.0,1149.8,239.4,2.33,5.16,17.5,53.8,0
3888.7,504.6,1124.1,162.6,5.1,6.09,23.01,43.2,0
4833.3,697.9,1052.6,104.8,1.85,6.81,13.84,44.5,0
4334.1,1020.5,724.6,119.3,3.05,7.19,20.08,48.3,0
8628.4,835.6,786.9,57.0,0.91,5.3,22.39,25.7,0
7403.5,694.0,918.6,32.8,0.43,1.63,32.14,47.7,0
7907.3,961.0,1002.8,143.1,0.96,3.37,14.66,40.9,0
7082.5,633.5,738.1,195.3,1.99,3.75,12.06,52.1,0
4306.4,819.1,887.6,70.2,1.55,2.3,23.92,44.0,0
5213.2,764.1,908.8,106.5,0.6,1.13,21.76,36.3,0
6734.1,955.8,1133.1,137.6,0.77,6.31,21.4,42.7,0
4166.8,484.6,1016.0,218.8,2.76,4.75,12.11,34.0,0
7069.5,630.0,518.5,41.9,4.26,2.33,19.06,56.8,0
5639.5,472.4,803.0,64.5,2.2,4.09,21.0,48.3,0
5437.8,748.1,645.7,221.3,1.82,4.75,14.53,54.8,0
7066.4,1042.3,975.0,19.1,1.03,1.12,14.13,52.9,0
6666.4,698.9,1053.1,160.9,0.3,2.0,17.35,38.1,0
5458.6,697.9,872.3,157.1,3.68,3.21,16.63,46.5,0
7739.0,974.3,791.0,98.1,1.62,3.61,22.56,48.3,0
4378.4,1013.7,865.2,117.7,6.79,0.2,17.95,51.3,1
6923.9,782.3,896.0,206.6,1.39,5.86,15.92,51.3,0
6889.7,936.9,709.2,47.9,1.9,4.08,28.5,40.9,0
5535.7,584.6,581.9,63.3,1.6,3.38,22.34,50.6,0
6489.2,1075.6,399.0,127.8,0.87,2.21,21.68,48.1,0
4123.3,1229.7,1128.8,104.2,3.38,1.47,16.12,37.0,0
7386.0,904.2,959.2,142.1,0.69,4.04,15.7,39.5,0
5722.6,383.1,929.8,221.8,1.57,4.39,18.72,50.5,0
5215.9,688.4,1128.3,220.9,0.91,8.92,25.25,44.2,0
7573.5,922.6,573.8,62.9,1.36,9.15,15.43,44.2,0
4943.5,715.7,468.2,79.5,2.36,2.66,12.28,38.8,0
3887.3,1054.4,934.5,47.3,6.15,1.6,13.41,54.5,1
3665.1,917.6,914.5,223.4,3.6,0.83,12.54,57.0,0
6909.0,658.7,469.1,101.5,2.21,4.22,17.13,39.5,0
4079.4,806.5,929.1,113.4,2.22,0.88,24.83,52.3,0
8632.2,621.2,762.0,194.6,0.3,0.55,12.2,50.8,0
2877.1,763.5,672.4,128.0,4.16,2.16,19.63,40.3,0
8544.7,689.1,776.6,37.5,2.69,2.48,17.28,40.1,0
6316.5,1035.0,312.9,110.7,2.86,2.15,19.24,51.3,0
5854.9,1223.2,719.9,155.0,0.3,0.2,17.5,29.5,0
5182.6,513.8,695.1,175.4,2.07,3.77,11.19,25.8,0
6598.7,415.4,972.6,158.4,0.91,3.73,18.0,56.3,0
5943.5,751.0,815.2,37.4,1.78,7.34,23.74,45.4,0
7655.0,496.3,990.6,80.0,1.43,0.89,20.71,48.9,0
6171.3,809.2,289.1,178.7,2.18,5.32,18.87,67.1,0
6225.5,949.8,665.4,212.4,1.89,8.46,22.89,47.0,0
5454.6,1098.8,972.3,20.9,0.71,0.36,19.13,48.9,0
5914.6,840.3,782.0,19.7,2.78,1.27,17.03,43.1,0
6461.7,761.4,1036.0,158.0,1.06,0.86,16.71,41.0,0
3434.7,404.3,453.0,136.1,2.81,5.12,18.97,34.5,0
3977.7,805.2,1010.8,45.7,0.92,5.02,25.64,50.3,0
7114.9,814.3,709.4,136.1,1.11,6.38,15.77,46.1,0
6256.3,927.8,688.0,234.1,1.64,4.2,15.85,36.5,0
5724.0,658.3,1068.0,155.1,1.73,8.5,23.66,53.8,0
6027.7,713.0,1105.6,113.3,1.59,5.35,20.72,40.4,0
6521.4,504.4,1077.6,200.3,0.89,7.15,25.92,46.0,0
5190.4,341.7,1298.5,58.9,6.54,4.39,25.86,50.2,1
4832.5,578.3,1128.7,105.3,1.04,3.04,23.34,47.2,0
6293.8,485.9,675.0,131.4,0.73,3.56,23.17,43.5,0
4532.4,867.3,881.2,126.0,0.68,7.43,20.33,33.1,0
6612.4,696.4,770.8,221.8,0.92,5.99,12.73,47.3,0
3446.1,692.4,1296.4,77.3,0.54,5.83,16.51,54.1,0
7543.7,603.1,1093.1,23.0,2.36,6.48,16.92,34.9,0
6708.9,153.5,808.4,220.8,1.08,4.66,24.26,33.1,0
6384.0,1101.7,1043.1,59.9,2.18,11.04,27.04,58.4,0
7474.0,599.9,578.9,97.2,1.02,3.44,20.03,36.2,0
8498.2,717.5,905.1,132.1,2.3,4.27,20.96,40.1,0
7521.6,509.0,643.7,234.5,4.39,2.88,17.58,42.4,0
3238.7,994.4,478.5,133.1,0.65,5.25,18.97,52.5,0
4080.6,828.7,1022.6,113.0,3.58,0.2,18.27,32.3,0
5062.8,634.7,1049.9,144.2,3.53,0.2,26.97,42.5,0
6039.1,721.6,950.6,233.3,2.73,2.38,26.28,34.7,0
6776.5,1135.6,809.7,198.1,0.95,5.46,14.66,63.6,0
4911.4,785.4,571.4,48.9,0.38,6.57,20.48,39.6,0
6280.2,763.7,594.5,194.7,0.76,0.85,18.91,36.3,0
4866.9,611.7,636.8,203.5,3.85,0.2,5.15,38.6,0
5082.7,421.1,798.6,168.9,3.39,2.19,25.25,43.4,0
3890.0,768.0,1086.8,161.2,1.38,2.15,29.89,46.4,0
4615.2,865.1,1083.3,111.4,2.3,4.54,23.99,51.4,0
3972.5,1019.9,487.3,157.6,3.0,4.31,18.51,37.8,0
4536.2,350.3,697.5,179.6,1.93,7.67,25.14,38.2,0
7580.5,575.0,691.6,38.2,0.55,2.97,21.89,26.4,0
4575.9,683.9,293.1,69.2,1.47,0.68,27.95,35.3,0
9948.6,799.3,974.5,54.6,1.03,4.76,21.41,39.5,0
6740.0,771.0,795.8,203.5,1.29,1.59,20.0,58.9,0
6277.3,775.7,825.1,166.4,1.99,1.62,19.8,45.7,0
4712.5,881.6,1146.1,113.7,1.7,8.25,18.88,41.9,0
7050.5,619.3,869.4,200.0,0.41,6.33,22.22,58.8,0
5136.5,986.8,755.2,174.9,4.44,2.93,25.99,42.6,0
6183.0,886.7,975.9,220.1,0.85,8.56,15.66,37.5,0
9840.1,736.0,1083.0,27.7,0.89,6.07,23.36,37.7,0
5855.9,1120.2,915.2,127.1,0.46,4.97,32.23,35.0,0
7723.9,1111.3,1001.6,172.6,2.65,2.31,16.06,37.8,0
4945.2,986.6,818.0,57.7,0.52,0.2,23.73,45.5,0
5947.5,196.3,832.0,85.2,1.59,1.86,19.59,43.2,0
8656.2,1115.8,874.9,106.4,3.12,2.77,14.29,54.4,0
5059.5,959.0,684.3,192.7,9.11,1.01,13.1,48.0,0
8718.7,1201.3,725.0,123.5,2.34,4.31,22.87,53.9,0
7061.6,1047.5,1153.1,123.4,1.92,0.2,14.92,57.5,0
5156.3,1115.7,1291.8,109.1,5.84,7.33,23.41,51.9,0
6948.6,975.7,1200.3,62.6,1.13,2.86,20.4,37.3,0
7458.8,1069.7,558.9,222.3,3.8,5.85,27.62,43.4,0
6932.7,1198.8,537.6,83.1,1.36,5.82,16.36,55.2,0
3644.7,843.3,588.0,140.5,8.73,0.91,15.94,58.3,1
4909.3,485.6,879.6,44.2,4.76,0.2,24.67,46.9,0
5628.7,738.5,232.1,109.9,0.89,2.4,18.87,63.3,0
5888.3,878.0,720.5,217.9,3.18,4.94,23.63,41.2,0
6931.0,815.0,1159.6,239.0,1.35,4.34,25.22,48.7,0
6266.6,550.7,1066.1,93.2,2.49,6.91,26.19,32.6,0
3997.0,473.8,738.0,45.4,2.42,4.98,14.93,46.5,0
6570.3,651.8,754.7,82.3,0.3,5.16,18.74,51.7,0
6915.9,961.5,974.8,85.3,3.22,1.98,13.05,57.1,0
6839.7,1116.1,1055.8,158.2,0.38,3.36,25.16,20.5,0
7621.2,983.3,732.7,124.1,2.77,3.43,19.44,32.0,0
7250.9,1011.5,798.4,186.7,2.67,5.54,10.49,40.8,0
6688.8,783.8,725.5,171.3,2.45,5.88,24.67,24.5,0
5894.8,451.6,557.1,67.8,1.9,3.42,23.61,46.8,0
3508.6,709.0,801.7,190.4,2.76,3.5,16.02,60.7,0
6644.4,748.2,784.9,204.9,2.3,4.88,19.24,42.2,0
6311.5,700.6,572.7,147.6,0.64,8.83,22.52,52.8,0
6407.4,810.9,992.1,223.4,1.09,0.2,24.34,45.2,0
4084.9,888.3,956.3,190.1,1.12,1.69,17.53,37.5,0
4378.4,970.6,1003.1,146.9,0.74,1.79,24.03,34.5,0
7579.7,744.4,681.0,218.4,3.43,0.71,19.05,51.2,0
5940.7,419.2,413.6,148.1,1.46,2.01,21.63,51.1,0
7022.3,703.4,952.8,129.9,1.2,4.94,21.26,45.5,0
6042.5,808.7,703.9,91.9,1.84,6.36,12.73,47.0,0
6044.6,1044.6,654.1,213.1,1.67,4.58,17.15,61.8,0
7407.4,686.4,573.4,38.2,2.9,4.53,15.14,58.9,0
5225.9,902.5,789.4,118.9,1.42,1.7,16.75,33.4,0
6144.2,858.0,1197.0,133.6,0.72,0.2,21.25,31.0,0
5306.6,808.8,738.8,137.6,0.86,4.94,16.89,51.2,0
5348.3,986.1,610.2,159.9,2.56,7.33,21.31,30.9,0
5536.2,667.8,993.4,126.3,2.05,6.4,15.57,48.7,0
6333.2,685.0,888.0,69.1,0.97,3.76,18.69,54.4,0
5281.9,797.6,383.8,207.1,3.12,4.19,25.93,38.4,0
7883.6,672.0,995.7,161.2,6.49,7.51,16.73,44.6,1
4658.1,901.6,1318.3,207.4,2.47,2.26,23.1,50.8,1
5719.7,657.4,277.9,73.5,1.46,2.87,14.14,40.8,0
5340.4,845.3,578.1,156.5,2.76,0.2,23.33,53.2,0
8170.5,780.0,223.3,174.3,2.07,5.16,16.47,42.8,0
6294.8,843.0,833.4,98.2,1.31,2.75,17.15,49.0,0
7547.8,708.1,1067.9,196.8,6.21,3.25,24.17,31.4,0
3771.7,732.2,873.2,10.6,4.01,5.71,10.42,45.6,0
6400.6,819.2,1156.2,146.8,2.23,2.12,19.27,49.7,0
7334.4,840.4,1032.7,151.1,0.34,5.24,23.76,39.1,0
6123.4,799.2,1224.5,132.8,1.11,5.37,12.68,38.7,0
7598.2,1141.1,1105.2,154.9,1.59,3.1,19.37,54.2,0
5224.1,601.9,761.4,48.5,1.43,6.1,15.1,51.2,0
8114.0,787.2,864.7,167.5,2.24,3.74,17.22,46.4,0
9448.3,485.3,658.9,87.2,0.81,5.79,20.41,50.2,0
5455.7,874.4,799.3,114.0,0.61,2.46,21.94,30.3,0
5331.7,577.0,863.6,86.6,4.04,5.46,21.89,45.6,0
8180.1,744.3,831.3,119.0,0.49,3.11,24.78,37.2,0
8369.4,725.6,1145.3,153.0,6.5,4.84,19.04,44.7,1
5215.7,856.2,777.4,202.8,2.08,4.88,17.54,31.5,0
5369.7,689.4,644.9,121.2,2.62,3.0,21.62,50.2,0
5577.3,680.9,658.7,84.3,1.44,2.93,24.38,35.1,0
3983.3,1087.2,994.1,122.2,2.64,3.47,17.18,68.5,0
4622.0,856.9,541.3,168.4,3.71,4.18,21.1,44.3,0
4493.8,687.8,805.7,89.7,2.43,5.43,21.77,40.5,0
4848.3,749.8,1142.1,105.3,0.76,4.59,20.12,43.4,0
5948.0,1129.1,914.4,139.5,0.3,0.2,21.43,29.5,0
6351.3,753.0,833.6,77.6,1.95,6.14,22.77,43.9,0
8325.8,662.1,842.1,58.1,1.54,5.01,20.97,53.1,0
4502.5,663.0,623.5,42.3,2.18,6.94,19.93,49.2,0
7476.5,690.2,661.4,91.1,2.95,6.12,19.5,40.4,0
5679.0,681.1,807.1,21.1,0.86,2.94,24.09,57.6,0
5925.8,544.1,909.7,144.2,0.3,1.08,21.45,39.5,0
7012.2,575.2,1058.6,50.5,1.63,8.52,24.52,41.4,0
4315.9,634.1,870.4,96.8,1.37,7.21,20.46,37.0,0
6573.6,918.3,1147.6,71.9,0.72,5.87,22.59,32.9,0
6249.7,723.8,1203.1,155.0,2.98,2.01,22.21,53.6,0
6738.7,758.6,1025.0,205.6,1.92,0.74,17.67,38.5,0
6433.8,1054.0,1119.5,155.7,3.79,2.91,10.27,46.6,0
9683.0,1059.0,632.0,134.8,3.01,6.15,13.43,40.0,0
5043.4,743.6,597.2,163.9,3.24,0.2,23.35,55.4,0
5203.5,673.8,964.0,16.9,1.26,2.18,22.23,53.5,0
5065.3,627.1,554.9,38.3,0.39,10.69,20.01,31.7,0
5166.8,938.6,786.1,31.8,1.28,3.11,20.99,47.4,0
5043.9,759.1,1019.7,32.6,3.88,4.09,17.34,45.3,0
7783.5,722.7,1160.9,69.9,0.75,3.94,17.1,53.4,0
8130.8,637.3,794.1,132.4,2.26,8.31,18.86,47.2,0
5143.9,646.1,707.0,36.4,0.42,3.19,23.21,54.5,0
4751.5,864.0,920.5,225.1,0.9,0.2,24.16,52.0,0
6707.1,536.9,613.8,206.5,4.93,6.58,21.31,49.4,0
5171.7,999.0,811.9,233.5,3.7,1.33,20.4,53.2,0
6949.4,693.2,848.2,19.8,1.83,0.27,19.78,41.1,0
6304.4,770.1,843.8,205.8,1.45,7.82,18.43,42.1,0
3726.4,532.6,869.5,194.9,2.0,5.86,12.09,58.2,0
8321.3,797.5,666.4,217.5,1.01,3.09,23.48,54.7,0
8693.8,734.3,690.1,131.4,1.6,6.89,22.78,52.1,0
5080.8,790.0,685.6,191.2,2.11,6.44,21.18,49.3,0
5418.4,1094.3,493.6,21.8,1.72,2.29,22.48,29.4,0
6428.8,835.5,925.2,27.5,1.37,4.48,27.05,49.1,0
6501.7,641.1,1046.8,37.3,1.45,3.73,17.95,43.1,0
6987.8,657.7,1025.2,220.4,0.5,2.34,21.25,55.0,0
9015.3,919.0,792.3,24.1,5.79,4.11,15.04,42.1,0
5734.6,1059.7,671.6,33.0,2.26,5.92,26.96,20.0,0
4802.6,856.4,1013.7,224.0,1.01,1.66,20.32,49.8,0
3931.0,937.7,990.6,34.7,0.4,6.06,11.95,42.5,0
4903.6,921.9,897.8,210.0,2.16,0.2,18.51,43.2,0
5950.3,1083.8,1233.7,191.5,2.76,4.55,25.19,45.1,1
8691.8,410.1,844.2,19.3,0.87,2.16,22.91,56.9,0
5223.6,933.4,793.5,15.0,1.66,7.94,26.62,64.9,0
6335.7,996.7,762.0,132.9,3.64,0.2,19.56,45.4,0
5975.4,532.3,506.6,239.4,4.97,3.4,23.32,36.9,0
7782.6,622.9,995.5,212.1,0.41,1.92,21.5,23.5,0
9790.4,629.8,826.8,81.3,0.64,2.58,21.4,61.7,0
5203.7,654.2,962.2,98.9,3.35,1.16,16.09,64.9,0
5265.8,703.7,1255.2,99.2,4.23,4.43,7.74,32.9,0
7566.2,848.5,764.0,178.9,3.31,4.57,19.78,47.2,0
7022.8,973.1,335.6,88.5,1.03,0.2,11.62,45.8,0
8770.1,1016.3,955.8,44.0,3.89,5.56,22.4,29.8,0
6875.9,632.4,886.7,181.8,0.86,0.2,18.32,47.9,0
5461.1,631.1,688.9,115.3,2.27,4.07,16.65,50.6,0
6886.0,1063.2,937.4,27.7,1.12,8.41,16.55,42.4,0
7663.1,929.3,1022.9,191.7,1.3,1.85,20.31,46.5,0
7230.7,816.6,641.7,144.6,0.93,3.25,23.83,49.5,0
6760.9,894.7,783.7,122.6,2.14,2.03,18.82,44.7,0
7600.0,794.0,1174.9,164.9,2.88,2.32,16.97,42.3,0
7753.9,904.9,691.2,126.2,1.78,4.78,17.03,42.1,0
8073.2,732.8,864.7,159.1,1.16,8.03,26.48,50.5,0
6973.1,853.8,272.6,209.5,3.56,3.91,19.81,49.7,0
5749.3,497.9,524.0,151.1,3.33,6.98,9.05,53.8,0
6220.1,662.4,884.7,161.7,8.46,2.19,18.43,47.5,1
7809.8,664.6,1120.2,151.2,1.3,6.77,14.26,52.2,0
4774.6,725.1,550.4,132.2,3.16,8.16,17.53,58.2,0
6553.0,614.7,866.4,49.6,2.75,7.05,15.29,32.7,0
5410.0,693.3,767.3,87.2,2.72,5.82,27.63,48.2,0
6043.1,497.1,1059.7,169.4,1.12,5.58,21.27,47.9,0
7917.7,909.7,582.1,107.9,0.4,2.1,24.27,37.6,0
6286.6,783.5,944.6,103.4,1.52,0.31,27.57,51.7,0
6069.7,459.0,706.2,184.6,0.66,5.66,21.17,43.4,0
3960.2,633.0,899.1,11.3,1.01,2.04,30.21,43.2,0
7119.4,867.3,865.2,166.2,1.82,2.23,13.87,29.4,0
6968.2,691.4,794.6,122.5,1.65,0.28,25.64,45.1,0
9244.9,660.6,955.1,96.7,2.12,2.56,20.79,46.1,0
5538.3,785.1,859.6,88.3,0.56,6.72,23.48,54.3,0
6328.7,868.7,820.8,49.8,1.77,6.39,19.43,54.6,0
6374.1,512.7,771.6,86.9,4.13,0.7,22.62,43.7,0
8366.2,910.0,867.1,100.0,1.48,1.58,21.7,50.5,0
5857.1,639.9,898.8,110.6,2.36,0.2,19.61,53.9,0
6418.5,796.4,632.4,164.6,2.06,4.91,20.58,40.3,0
6911.8,792.9,773.1,114.3,2.95,4.47,27.03,38.2,0
6279.9,694.6,617.9,193.1,2.28,4.68,17.09,38.6,0
5330.3,595.3,841.2,157.1,0.72,2.89,26.17,46.8,0
6291.1,742.9,719.7,53.6,0.61,5.64,17.01,40.4,0
7610.4,1125.1,1019.6,73.7,1.28,3.27,22.67,40.2,0
4460.2,527.7,998.0,28.2,4.4,6.39,19.78,34.4,0
6199.5,1138.5,647.0,227.5,1.48,1.26,22.52,56.8,0
4949.8,748.1,849.5,213.9,1.93,6.17,21.22,46.0,0
7792.6,807.1,990.5,29.5,1.79,5.08,22.08,37.0,0
3715.2,582.7,811.4,142.0,0.3,5.65,22.55,57.1,0
5161.6,645.7,689.8,230.9,2.06,3.19,20.77,51.7,0
6565.8,699.4,609.7,181.8,3.22,8.39,25.0,29.2,0
8348.3,590.9,1037.9,123.1,1.88,2.21,22.09,44.8,0
5901.4,758.2,1048.6,65.5,1.22,9.7,27.01,53.6,0
5167.2,718.6,804.3,74.2,1.89,5.12,19.11,33.1,0
8821.7,1170.2,1018.6,179.3,0.63,6.86,17.06,34.5,0
3828.0,566.8,197.7,189.5,0.33,7.64,21.84,42.7,0
2701.8,820.5,1142.1,131.6,1.77,5.95,14.28,51.9,0
6660.0,849.6,815.5,37.8,2.62,8.69,24.36,55.7,0
5246.9,585.9,881.2,224.8,2.61,6.37,18.59,43.9,0
4468.2,937.4,779.5,204.3,4.62,5.83,23.67,36.9,0
7062.5,720.3,1157.1,42.3,1.13,5.18,21.46,44.2,0
6365.7,301.5,616.6,23.0,1.17,4.96,19.83,34.6,0
5153.9,932.0,1174.4,133.2,1.52,6.8,21.3,48.0,0
4079.5,576.6,937.2,75.4,4.5,1.91,14.28,38.6,0
7308.7,590.4,987.0,75.1,0.35,3.62,18.37,31.1,0
6975.3,937.6,777.6,30.1,3.63,5.27,23.21,49.9,0
5851.2,730.6,562.2,229.3,1.53,2.19,14.69,37.6,0
8770.0,983.6,1054.7,200.9,1.65,6.41,22.36,33.0,0
4394.9,1042.0,918.5,36.2,0.3,3.47,23.46,47.9,0
3711.7,671.0,1149.6,211.6,1.92,0.81,17.42,32.7,0
4962.1,958.7,807.4,167.1,0.61,2.49,25.32,33.9,0
5931.6,648.9,757.8,84.9,2.71,6.4,23.25,35.5,0
6365.0,1246.6,1155.4,210.4,3.83,1.39,25.52,55.7,0
5638.1,661.4,1270.6,147.5,3.19,1.6,21.47,42.1,0
6528.1,1005.2,852.1,205.2,0.43,5.3,18.35,49.1,0
4122.7,968.8,684.4,117.9,1.2,0.71,24.68,53.5,0
8165.6,863.2,1028.3,125.1,0.41,5.42,20.05,42.5,0
5876.8,665.9,794.1,76.9,2.27,0.2,23.76,45.4,0
7675.9,769.7,981.8,99.2,1.87,5.19,18.2,50.2,0
6514.1,369.3,793.0,140.6,3.19,3.77,17.82,45.7,0
6685.1,844.9,1194.1,227.8,1.91,8.09,17.03,43.2,0
6854.7,869.9,696.1,148.0,1.24,0.2,25.66,46.7,0
6671.6,826.7,955.7,43.9,0.52,2.38,22.61,41.6,0
6964.1,205.3,742.5,11.6,0.82,5.29,14.07,39.0,0
7993.7,546.9,788.1,205.7,3.17,3.88,18.76,41.5,0
6294.8,650.4,759.3,93.8,0.51,2.75,20.9,40.5,0
7063.5,858.3,1012.5,82.4,1.6,0.2,26.06,52.2,0
5865.4,857.9,1052.0,194.2,1.46,5.05,18.86,29.9,0
8160.2,766.0,972.7,227.4,1.57,9.66,24.23,51.2,0
4985.4,927.0,826.2,182.1,1.52,2.16,26.79,65.6,0
8701.4,594.8,880.8,50.0,0.71,4.19,15.04,46.4,0
5939.8,922.0,1047.5,100.0,2.98,4.88,20.26,44.4,0
3853.8,894.9,1054.4,184.7,2.27,3.0,17.41,38.0,0
6192.2,875.5,258.1,218.6,1.3,3.89,25.84,30.6,0
4978.4,763.6,790.1,239.7,1.94,1.41,22.29,41.8,0
7261.0,1166.1,800.7,127.7,1.47,0.53,18.26,44.5,0
5021.1,898.6,997.2,199.2,1.38,7.76,16.11,28.2,0
5330.7,606.3,835.3,20.7,3.57,3.69,17.51,37.6,0
3165.7,849.7,1008.2,75.7,1.91,5.37,16.22,35.9,0
5321.5,950.5,612.7,95.4,1.27,5.1,17.77,53.9,0
2364.2,682.4,907.2,234.4,0.89,1.61,17.51,48.8,0
3624.1,1017.9,1048.0,10.8,1.5,0.74,22.17,42.7,0
7140.6,876.4,525.6,80.8,2.96,2.46,16.84,47.3,0
7178.7,331.5,1403.0,224.0,1.21,4.56,22.03,43.1,1
6638.2,859.9,1112.0,80.5,2.47,1.93,17.3,58.6,0
4549.5,718.8,850.3,61.8,1.37,2.83,15.3,47.1,0
5928.4,907.4,667.8,177.9,1.79,0.2,19.01,43.5,0
5994.6,988.8,811.5,181.4,3.68,3.9,17.49,37.4,0
4262.5,839.0,868.4,118.6,0.83,4.19,15.4,53.0,0
8255.1,1133.1,946.9,227.8,2.31,3.99,17.55,20.0,0
7316.0,764.3,1180.1,56.6,2.38,1.48,26.33,32.7,0
5668.6,925.0,745.3,220.1,0.41,1.53,18.36,59.2,0
6040.3,961.0,973.8,183.8,0.54,1.27,21.17,26.2,0
6312.6,780.5,565.7,94.7,1.12,2.94,17.28,37.4,0
2937.4,955.8,759.0,195.6,2.94,2.22,23.13,50.0,0
5629.2,681.1,932.9,40.6,1.55,7.53,14.74,47.4,0
4977.0,715.5,1002.1,40.1,2.97,8.51,24.59,41.9,0
4497.6,537.5,684.3,223.9,2.7,6.26,23.66,39.4,0
5578.3,848.3,753.0,31.8,0.53,4.25,19.53,35.4,0
8696.5,865.1,1171.3,10.9,2.09,3.21,26.46,47.5,0
6961.3,1035.9,1105.6,99.5,1.95,1.9,23.21,39.4,0
5143.2,958.2,895.9,33.9,1.67,4.17,29.4,23.3,0
6858.9,743.0,357.9,208.5,0.72,3.59,23.1,33.6,0
8099.0,564.4,1402.4,222.2,2.46,1.41,15.62,49.9,0
7387.0,886.6,845.6,121.0,2.05,2.02,17.44,57.8,0
6089.4,1022.2,781.2,107.9,3.17,0.2,23.68,45.1,0
5029.6,951.0,735.1,134.0,2.81,1.46,14.04,38.4,0
7047.3,1016.9,932.8,62.0,1.71,5.0,19.75,47.7,0
6590.2,757.6,935.0,78.5,1.0,6.58,8.03,42.7,0
7342.8,706.7,1059.1,33.2,1.03,5.32,23.76,50.8,0
6952.8,652.6,646.3,112.7,3.12,2.74,19.56,60.8,0
7574.3,788.8,781.3,150.7,0.81,0.2,18.28,38.8,0
5197.1,784.3,1296.7,224.0,1.04,1.01,19.68,66.2,1
7976.1,841.3,899.4,180.0,0.98,5.1,17.16,35.7,0
6296.4,774.1,812.0,176.3,1.31,5.02,15.62,27.6,0
9112.9,773.3,642.8,80.8,1.34,2.37,20.19,43.0,0
4966.2,644.7,961.3,214.3,1.96,2.99,18.35,28.4,0
8603.9,988.3,1076.8,227.8,1.43,8.81,16.04,39.8,0
6296.9,815.3,1042.4,224.4,1.5,0.2,27.61,32.4,0
5022.9,765.1,793.1,18.9,3.26,4.03,19.61,42.8,0
5274.2,650.5,929.5,149.0,1.58,0.96,18.29,46.4,0
5519.5,533.6,1217.8,157.9,1.1,1.12,19.84,41.9,0
6636.2,1061.6,1085.6,77.9,3.49,5.04,19.63,46.3,0
6784.3,910.9,677.5,238.3,0.92,8.24,19.17,43.5,0
5139.4,475.2,289.9,77.0,1.63,5.54,14.31,33.2,0
5963.5,952.6,915.3,59.8,1.88,7.91,25.3,38.6,0
9213.4,984.5,1025.7,121.4,2.85,0.2,16.72,35.1,0
8591.3,824.9,610.4,84.3,1.08,5.23,26.34,42.4,0
6654.5,1119.6,848.1,222.5,1.58,6.26,15.3,42.7,0
6057.0,843.3,792.0,111.2,4.57,3.39,23.69,47.5,0
6180.0,516.6,872.9,104.3,1.81,6.08,24.15,33.7,0
6920.3,873.0,730.2,153.9,2.77,10.45,20.3,44.8,0
4465.8,849.0,1133.9,28.7,8.19,4.38,12.87,37.9,1
5613.9,679.3,882.6,184.0,6.34,3.02,20.44,46.0,1
3497.1,914.7,656.6,186.7,1.71,6.84,25.24,42.9,0
6598.8,466.5,1051.8,119.0,1.34,6.77,14.5,52.9,0
6970.8,998.1,571.9,229.8,1.46,3.33,18.47,43.3,0
5275.2,624.4,1132.6,143.2,2.04,2.62,16.29,20.2,0
8361.0,603.0,1068.0,169.9,3.64,6.77,22.13,47.5,0
4161.4,777.2,1155.8,222.6,2.23,2.91,26.55,31.5,0
3803.4,886.6,815.2,163.3,1.94,3.86,19.98,51.1,0
6336.7,832.8,740.9,109.3,0.85,4.76,17.07,40.5,0
7570.6,651.5,868.5,15.7,1.79,3.54,27.56,44.2,0
8525.9,698.8,831.4,177.5,1.21,4.05,20.91,56.7,0
5311.7,573.4,706.4,231.9,0.66,1.94,19.88,47.0,0
7618.0,755.1,728.2,118.2,0.86,5.41,19.17,45.1,0
5942.2,1015.0,769.4,88.1,2.98,2.99,15.56,48.1,0
5741.1,799.1,592.6,129.4,3.91,7.83,22.76,34.3,0
7325.5,971.9,999.2,177.5,2.01,4.29,23.62,55.7,0
6978.5,1091.1,838.5,10.2,1.23,6.57,18.94,40.5,0
3635.4,682.4,782.2,214.1,1.9,5.57,22.8,44.7,0
8214.8,762.7,605.7,213.9,1.03,6.8,11.54,42.6,0
8070.1,1234.2,594.7,134.5,0.3,2.88,18.94,32.3,0
5061.7,1088.9,1275.9,38.1,0.46,1.04,17.52,27.1,0
6593.7,465.5,712.0,164.5,0.68,1.75,20.76,42.9,0
6741.0,877.4,984.3,41.7,0.78,1.57,15.55,53.4,0
6391.0,800.1,885.8,126.7,3.22,1.95,13.22,49.8,0
5174.5,965.3,239.5,31.5,1.91,1.06,18.84,55.8,0
4992.6,651.0,1244.3,145.5,0.3,3.71,19.68,62.5,0
5961.7,632.1,1000.5,83.2,4.36,5.87,24.81,43.9,0
7759.1,664.8,681.1,201.1,1.29,0.77,22.13,40.3,0
6815.4,685.6,843.8,194.0,1.51,2.32,22.83,41.4,0
5444.1,963.1,597.2,239.6,1.29,6.56,12.31,44.2,0
7157.5,563.8,1251.8,69.2,3.38,0.2,24.35,48.6,0
1727.2,675.5,650.3,24.2,2.89,4.0,23.9,35.3,0
7723.1,442.2,734.9,111.9,1.26,5.47,21.94,36.9,0
3390.4,1001.4,689.5,29.2,0.69,9.22,9.37,43.0,0
5456.3,1054.2,867.7,51.1,4.5,0.2,20.41,52.9,0
4320.5,734.6,1151.5,147.4,3.81,0.71,17.62,44.1,0
4058.0,740.4,1243.7,146.2,0.95,4.73,18.53,53.6,0
7741.2,890.6,762.2,20.0,2.27,3.07,16.92,47.1,0
5298.4,1094.9,933.2,111.9,1.2,0.2,21.42,43.7,0
6519.8,881.7,868.0,132.0,3.74,2.89,15.21,47.3,0
5929.6,660.5,634.0,71.6,3.57,1.73,20.42,44.5,0
6715.6,476.2,1383.0,210.6,1.46,0.2,25.19,43.3,1
6115.2,577.0,1149.8,47.1,3.35,3.05,17.87,55.5,0
4075.5,814.6,891.6,68.4,3.68,0.69,18.36,54.3,0
7494.4,668.9,1198.0,46.1,2.11,1.84,14.96,43.8,0
5259.4,839.0,1116.7,36.8,3.96,7.25,23.23,42.8,0
3665.1,689.4,868.0,212.2,1.44,8.66,16.24,55.7,0
5357.8,588.4,921.7,73.9,0.71,1.74,17.32,43.3,0
8251.1,564.6,1182.7,176.2,0.76,4.29,22.99,51.3,0
7275.3,1112.5,641.8,108.4,3.5,5.56,21.73,52.2,0
5477.0,977.8,1218.2,156.3,1.18,1.88,13.35,54.7,0
5476.1,1146.1,800.5,223.5,1.1,1.58,22.16,55.2,0
5517.5,908.0,1185.4,204.3,0.48,5.59,18.95,44.3,0
9115.1,714.0,848.9,25.9,2.77,3.43,19.57,56.3,0
6572.9,1064.7,924.3,204.4,1.52,3.46,25.83,52.3,0
6645.1,793.4,842.5,113.9,3.63,1.08,23.42,40.8,0
7545.4,844.2,733.0,90.5,3.87,1.44,24.87,50.1,0
6358.2,791.4,790.6,164.6,5.27,4.16,16.15,54.1,0
5611.4,210.6,1153.4,228.5,1.39,2.91,25.9,37.7,0
5705.5,1120.9,340.9,31.7,1.16,4.23,16.84,48.1,0
5892.6,898.2,577.4,186.7,3.04,6.35,17.12,55.6,0
5944.2,866.0,690.4,56.8,1.2,4.37,19.62,39.3,0
7091.4,787.6,612.8,97.4,2.61,2.37,22.18,51.7,0
6077.9,832.7,1182.2,211.0,1.24,6.26,25.02,34.5,0
7099.0,680.5,1126.7,135.5,2.53,3.92,19.8,32.4,0
5878.9,923.3,980.2,25.5,2.11,7.28,26.99,47.3,0
6118.0,538.6,709.7,126.9,0.37,2.22,28.27,41.0,0
3002.7,837.2,1143.7,191.6,1.08,3.71,15.29,61.0,0
7374.5,912.3,500.6,131.6,1.41,3.15,25.4,33.4,0
6519.7,760.3,1321.2,48.4,0.74,4.26,20.51,43.8,0
7497.0,874.2,699.4,112.4,3.09,4.58,24.08,41.7,0
1655.6,601.7,792.4,222.6,1.12,3.98,15.72,42.3,0
9132.6,606.8,755.5,161.4,1.94,6.01,24.94,64.2,0
5790.6,847.3,613.9,177.9,1.74,5.02,17.83,38.5,0
7662.3,935.7,1273.5,190.8,2.3,10.11,24.43,38.2,0
4440.1,425.0,1023.6,30.9,1.36,10.51,19.82,54.6,0
6919.2,904.4,1117.4,143.8,2.24,2.24,19.49,26.9,0
4419.9,691.4,580.8,96.5,3.84,2.68,20.0,45.9,0
5064.3,761.4,889.8,42.0,0.98,0.79,22.99,30.1,0
8871.0,532.1,964.6,56.6,2.49,8.03,20.0,27.5,0
5714.0,629.7,909.6,189.7,1.63,2.9,22.41,43.0,0
6326.1,993.2,594.7,47.1,1.94,4.63,20.03,27.0,0
7305.1,806.6,1086.6,81.9,2.79,0.98,15.15,34.8,0
6743.5,723.4,876.7,75.5,2.09,4.3,21.29,38.2,0
6225.6,776.7,639.9,21.2,3.82,0.2,21.67,54.5,0
6547.4,897.8,441.8,116.3,3.46,6.98,14.33,47.3,0
9605.1,888.1,983.5,186.2,2.04,8.58,18.7,43.1,0
5913.6,785.0,1389.1,15.1,2.52,5.75,22.84,54.4,0
6301.6,1018.6,626.6,35.9,2.14,1.63,20.53,20.0,0
7576.0,994.1,887.5,175.6,0.39,5.39,21.66,29.2,0
7658.3,882.7,1094.3,146.5,2.27,4.49,18.36,31.1,0
7780.5,810.9,570.7,174.5,0.76,7.47,17.35,54.5,0
6958.1,931.5,744.4,62.9,1.64,6.12,21.31,52.1,0
4285.5,862.9,660.8,194.9,0.52,1.31,7.86,46.2,0
8450.1,1012.2,1066.6,120.4,5.33,6.91,21.97,58.2,0
4280.5,979.9,1141.6,150.4,2.08,3.8,24.14,53.9,0
6454.0,596.3,885.0,31.2,0.61,7.29,22.86,51.5,0
4868.6,582.8,664.8,57.2,2.56,0.2,20.03,36.0,0
5903.8,659.8,752.6,187.9,4.77,5.32,24.45,50.4,0
6493.1,995.2,711.3,61.5,3.13,3.26,24.37,53.4,0
6482.0,484.7,635.0,31.3,1.25,4.24,14.03,57.0,0
6632.9,879.0,827.6,147.4,1.54,2.3,18.45,47.4,0
8420.6,872.5,976.5,136.0,1.72,5.25,20.4,38.4,0
6680.3,1032.5,957.9,149.8,3.44,1.66,20.7,42.9,0
5633.8,836.1,848.2,152.2,3.67,0.2,22.16,54.0,0
7446.1,531.4,862.6,125.0,2.22,2.12,22.07,47.7,0
7784.2,608.1,832.1,123.6,1.73,2.15,20.66,36.1,0
4158.6,563.6,564.6,222.6,1.17,3.21,22.57,47.4,0
6896.1,692.4,885.2,132.8,5.22,5.78,19.29,30.9,0
7051.8,763.4,721.6,152.0,2.48,1.67,25.54,46.1,0
5553.7,566.9,553.6,71.4,0.95,5.97,27.38,63.7,0
8063.6,1094.1,931.6,210.4,1.09,5.45,25.07,52.3,0
5774.9,534.9,715.4,15.6,3.07,6.52,22.91,41.1,0
6188.4,1069.2,900.1,138.2,1.14,3.08,21.44,72.1,0
5740.4,1037.0,1036.5,98.3,0.93,7.9,19.83,35.8,0
6023.4,979.7,640.9,148.9,3.48,3.26,22.69,33.8,0
4355.6,661.2,870.3,92.8,1.72,6.24,21.03,36.9,0
3839.9,868.5,451.7,175.1,1.96,8.18,24.36,38.2,0
8391.8,544.5,1187.2,14.7,3.92,7.01,18.26,57.2,0
4729.6,982.2,551.0,103.4,3.21,3.71,24.49,44.1,0
4512.9,785.2,736.7,201.2,2.19,1.23,21.57,35.5,0
2769.9,718.1,1144.4,67.5,3.08,1.61,22.33,36.6,0
5041.6,555.3,798.4,22.1,0.64,1.53,19.02,54.9,0
4015.4,304.5,586.6,124.2,2.63,2.28,19.81,41.6,0
8463.0,592.3,1006.9,234.6,1.34,3.91,23.22,37.2,0
7514.7,1022.6,1001.9,24.8,2.65,5.61,25.67,36.6,0
4967.8,719.4,710.7,26.1,0.92,5.95,12.48,46.0,0
9378.7,766.1,734.5,146.9,2.71,6.4,19.93,38.2,0
7472.6,931.1,754.2,67.5,0.72,6.25,14.28,43.9,0
5512.8,1161.1,804.5,104.4,1.65,3.69,18.92,41.1,0
2250.9,1065.0,433.5,201.0,3.6,5.63,23.18,43.1,0
9436.4,605.5,810.1,55.7,1.65,3.34,22.94,49.8,0
3915.6,411.5,1242.5,175.4,2.56,4.76,25.63,35.0,0
3531.9,1271.9,652.9,126.0,0.3,3.43,20.9,50.4,0
7533.9,1253.8,721.6,218.1,0.6,3.94,13.22,29.8,0
9659.6,837.7,589.6,233.8,2.43,3.14,20.72,53.5,0
8076.4,545.9,984.7,121.5,0.5,0.2,24.59,43.0,0
6845.9,992.6,1114.7,144.5,0.98,3.33,24.06,52.3,0
6892.1,778.4,1109.7,181.5,1.59,5.51,22.91,49.1,0
7280.1,777.4,575.4,83.3,2.37,6.37,18.91,58.6,0
7138.4,978.9,960.0,62.2,3.04,5.23,25.27,45.9,0
6421.8,866.9,1165.4,231.9,1.37,1.61,20.54,57.8,0
6156.3,562.8,962.1,109.5,2.67,2.75,14.61,51.1,0
5906.1,735.1,955.3,10.4,4.9,0.2,17.82,34.7,0
4869.1,932.2,746.2,202.7,3.85,5.7,21.6,54.5,0
5579.0,902.1,898.4,147.9,3.98,1.77,15.62,47.1,0
3460.6,852.4,1122.0,48.8,1.58,4.93,17.77,42.5,0
5852.5,986.7,922.2,16.9,3.11,5.12,16.33,46.6,0
4517.1,727.7,575.4,77.0,2.31,1.78,21.48,38.5,0
4344.6,835.7,749.7,223.4,3.28,4.68,17.36,69.9,0
6269.8,150.0,1116.0,224.7,3.91,8.53,22.54,43.5,0
8088.0,710.1,921.4,81.5,2.09,3.12,20.14,36.9,0
7377.5,952.8,876.2,202.3,2.39,6.71,11.62,26.6,0
3644.2,721.9,728.1,111.6,0.39,4.67,19.81,53.3,0
4515.6,706.8,1111.5,160.5,4.65,4.76,16.22,47.9,0
7411.2,591.7,1215.7,86.9,1.42,3.77,22.23,45.5,0
4526.3,1000.7,1127.9,128.7,4.01,6.33,18.18,50.5,0
5663.1,909.7,1167.4,77.6,1.63,3.61,23.82,51.4,0
6825.1,965.1,771.1,24.1,1.86,5.5,25.01,52.6,0
4547.5,454.8,740.0,42.1,2.05,6.34,17.16,42.8,0
6158.1,767.9,815.6,76.9,2.37,6.54,23.87,30.4,0
3999.0,744.0,858.5,234.5,1.73,5.41,16.59,38.0,0
5097.9,743.9,1164.8,232.1,3.44,5.9,19.62,48.5,0
6479.7,676.8,1106.5,200.4,2.42,4.07,19.2,42.9,0
3610.5,730.8,968.5,63.5,1.62,2.94,17.99,53.4,0
6660.7,969.9,535.1,111.6,0.73,4.82,21.45,54.7,0
5970.5,417.4,478.6,111.2,1.34,4.85,24.81,43.8,0
6828.7,1155.5,902.9,99.0,2.54,4.84,21.86,38.2,0
6335.9,896.8,1043.7,20.3,3.6,6.79,19.7,40.8,0
8046.2,791.5,832.5,132.9,1.33,4.09,14.6,45.3,0
6187.8,981.4,1271.3,26.7,2.76,0.62,9.96,47.5,0
5355.9,509.6,611.9,194.4,1.73,0.2,18.75,57.5,0
6183.4,667.1,584.2,169.0,0.92,4.47,13.44,47.7,0
6814.9,775.8,703.9,91.1,3.22,6.57,15.49,46.4,0
6073.3,1073.1,695.5,158.8,2.0,3.48,20.91,29.8,0
6060.9,790.7,965.8,63.6,0.34,8.7,15.57,52.6,0
4947.0,890.0,757.2,71.0,0.88,4.41,17.29,43.9,0
5005.6,682.1,509.5,82.3,0.88,10.01,20.99,29.4,0
3896.1,897.4,1046.1,193.3,3.38,3.79,21.04,25.9,0
8624.4,1135.4,462.8,58.5,1.27,7.96,18.47,41.3,0
4134.2,999.1,614.3,139.4,1.26,2.98,13.87,51.3,0
4960.6,783.7,493.0,56.1,0.8,6.68,18.34,33.6,0
4922.4,935.1,895.6,75.6,1.16,5.5,20.56,44.7,0
7342.4,915.5,890.9,64.2,1.18,4.9,20.12,30.6,0
5557.6,901.3,1271.6,158.4,4.14,4.89,24.11,39.4,0
7871.6,1022.4,1051.0,131.1,2.4,7.57,17.93,37.3,0
4989.8,1020.9,1167.2,175.9,3.09,3.6,14.52,37.7,0
6418.5,774.6,913.5,60.6,4.11,4.32,18.73,52.0,0
4747.0,928.4,635.1,12.1,1.05,10.87,18.52,42.7,0
9217.7,723.4,878.2,166.5,0.86,5.4,20.46,50.6,0
4218.6,615.4,980.3,36.4,3.02,7.13,25.36,48.0,0
6464.7,746.1,1004.8,66.7,1.55,3.43,15.61,48.8,0
6950.7,784.7,746.1,80.3,5.95,2.71,21.34,41.7,0
6620.7,467.7,957.5,181.8,0.74,5.97,21.67,48.0,0
5722.1,972.1,644.7,154.0,0.59,4.6,19.11,44.6,0
5805.3,246.5,620.5,52.4,2.42,3.55,20.25,41.9,0
6065.7,1343.0,604.5,147.5,1.19,0.2,19.82,68.0,0
5779.5,1100.4,855.4,172.9,1.67,0.2,20.14,43.3,0
7445.8,747.8,590.9,99.4,1.24,0.2,28.46,51.1,0
9315.8,801.9,756.6,66.6,1.66,4.89,22.07,43.4,0
5163.8,860.6,1048.6,166.2,2.61,1.35,16.11,59.9,0
3945.3,682.2,623.6,150.5,1.45,0.2,20.31,36.8,0
5867.6,838.5,739.1,27.9,1.23,1.83,30.13,53.6,0
9869.6,771.2,865.8,163.3,1.55,0.2,19.32,29.4,0
4794.5,781.1,904.3,122.4,0.3,2.48,7.55,35.6,0
8458.7,836.3,740.2,183.3,3.03,2.36,17.17,51.9,0
8516.6,537.3,1023.1,53.9,3.14,5.27,19.15,50.1,0
5169.6,807.9,979.9,69.4,3.79,4.41,19.29,36.2,0
6853.5,832.7,1100.8,135.0,1.7,2.8,26.1,41.3,0
8442.6,825.8,832.0,120.8,1.62,5.65,21.9,54.4,0
5431.3,756.8,737.2,98.9,5.23,0.9,17.87,57.7,0
5694.6,1027.6,699.8,181.6,0.8,2.81,21.65,48.5,0
5127.5,729.3,917.5,139.9,4.22,2.03,18.94,43.0,0
4477.9,845.5,767.0,173.4,4.67,3.85,19.02,55.0,0
5026.1,1059.5,724.8,45.2,1.12,0.2,25.68,40.5,0
4164.1,784.1,751.4,177.7,1.15,9.71,26.64,41.5,0
6051.1,842.9,699.6,116.2,0.84,4.88,22.17,38.8,0
4845.0,780.7,893.8,17.8,0.95,4.97,17.57,32.6,0
6350.7,1047.5,539.2,63.9,1.6,0.2,26.64,50.5,0
3666.2,748.5,916.7,15.9,1.4,4.55,21.84,45.6,0
6496.3,1056.7,998.8,115.1,4.59,3.44,20.81,50.2,0
7250.3,779.3,722.2,85.0,1.35,6.79,17.25,49.0,0
3009.4,628.1,1272.8,237.1,5.08,3.28,19.4,59.9,0
6561.1,935.9,853.9,209.8,3.22,3.12,29.16,55.9,0
7841.5,739.1,506.5,199.9,0.74,3.86,12.34,41.8,0
4185.5,924.1,788.1,125.3,3.47,7.46,31.31,44.5,0
8508.9,254.1,863.8,195.6,2.03,0.2,26.71,41.7,0
6628.5,801.0,948.8,71.4,2.56,0.2,25.9,44.0,0
4942.5,708.1,793.4,138.9,1.16,0.2,21.68,49.1,0
5916.3,587.3,627.5,100.4,3.26,6.7,18.12,51.1,0
6837.5,689.4,609.1,49.4,2.73,6.41,17.98,57.2,0
6114.0,685.3,706.2,26.7,1.61,0.98,14.88,57.3,0
6808.1,790.4,727.3,138.4,0.3,0.44,18.85,44.7,0
4619.0,526.5,600.3,32.5,3.31,6.4,19.17,38.7,0
6254.0,863.3,688.8,175.1,0.7,0.39,22.0,47.3,0
3879.4,1073.2,995.1,221.9,1.21,3.28,14.84,40.5,0
5833.2,856.2,1212.7,47.3,0.7,2.63,16.11,51.8,0
4644.1,961.8,1016.2,118.3,1.66,12.13,14.92,56.4,0
4896.7,1018.9,1137.3,179.9,2.55,3.59,21.36,50.5,0
7854.1,1047.3,1064.3,76.0,4.92,7.18,22.68,46.9,0
7637.0,1174.0,1033.3,221.8,1.06,5.15,25.27,50.3,0
6913.7,700.2,775.7,214.3,0.77,2.82,16.72,43.2,0
4361.5,656.3,881.0,33.9,1.91,2.55,19.09,38.2,0
5525.4,956.7,757.5,16.3,3.37,4.2,16.26,48.8,0
7819.6,941.7,801.8,234.6,1.51,4.22,16.57,57.0,0
6212.6,955.1,865.0,230.0,1.76,2.74,21.87,40.8,0
9479.0,1177.9,1007.0,107.1,0.44,5.39,30.68,42.0,0
6590.0,802.3,943.1,21.6,1.37,4.09,17.88,52.8,0
6288.1,885.2,814.4,152.3,0.6,2.25,13.3,44.4,0
5536.3,603.9,862.2,77.5,1.59,3.1,27.74,44.5,0
6200.3,1227.1,945.4,225.4,2.31,5.27,13.3,39.1,0
5771.3,732.7,996.8,192.8,7.14,1.35,18.62,49.7,0
7062.2,738.4,515.8,159.4,2.12,1.35,20.17,43.9,0
7435.1,730.7,613.0,75.4,1.97,0.8,23.93,32.2,0
4821.0,671.0,1093.6,171.3,1.81,3.1,25.55,50.2,0
4003.2,654.1,836.6,76.5,1.06,3.38,19.01,51.8,0
3245.7,695.3,756.7,18.7,6.08,1.22,27.69,42.9,0
6762.0,526.8,792.0,126.9,3.0,4.0,19.12,53.3,0
4345.0,642.9,792.0,122.4,3.09,4.02,14.68,34.1,0
2770.7,1189.8,972.7,185.5,3.34,6.32,19.74,37.0,0
6582.9,947.1,606.2,209.1,1.01,6.24,18.95,41.1,0
9739.5,985.2,855.5,91.5,2.25,0.2,18.15,45.6,0
5990.9,1035.4,904.1,113.4,1.68,4.72,23.87,48.3,0
7257.7,1166.8,937.2,118.2,0.6,0.2,13.89,40.6,0
6122.7,445.7,899.0,84.6,0.3,5.42,22.35,51.0,0
5851.7,554.0,963.5,181.0,2.45,5.37,20.25,40.3,0
7378.6,639.3,724.0,130.1,2.27,1.49,15.55,23.3,0
5564.6,706.1,642.8,220.2,1.7,4.84,20.62,33.1,0
6401.1,739.9,1390.5,159.6,4.24,1.41,26.1,59.6,0
6482.5,710.6,783.7,58.7,1.42,3.67,22.51,38.4,0
4997.9,843.9,809.4,47.9,3.57,4.2,17.71,39.6,0
7488.1,807.1,999.1,95.6,0.3,3.34,23.38,31.9,0
5737.6,655.4,1201.1,89.8,1.57,5.85,14.81,50.2,0
4866.4,364.9,730.2,103.6,2.49,2.04,21.84,41.2,0
6804.8,601.4,630.3,52.2,7.51,5.25,26.61,44.1,1
4652.3,690.2,576.7,235.0,2.41,0.92,14.96,43.9,0
6042.3,750.6,1200.5,43.5,0.3,0.2,23.96,29.8,0
5986.3,574.1,621.6,160.1,1.89,0.2,15.8,40.3,0
7628.8,701.8,843.9,13.0,2.06,1.52,19.82,56.0,0
6712.0,573.8,635.0,103.6,1.72,5.64,13.87,46.3,0
5962.5,774.8,531.4,81.1,1.67,5.37,24.63,28.1,0
7226.6,585.4,785.7,97.9,1.41,3.45,15.49,43.7,0
8085.3,630.2,643.7,124.6,0.57,0.2,18.95,41.0,0
6836.7,538.3,697.8,148.1,1.03,8.56,25.01,41.4,0
6015.5,769.3,1291.3,144.2,3.62,0.2,22.19,39.7,0
4032.2,626.7,943.5,155.1,1.83,4.89,23.66,39.7,0
4402.3,981.4,1054.9,204.2,1.25,2.98,24.1,43.7,0
5542.2,881.2,1031.4,213.9,1.92,5.01,21.62,39.1,0
5085.7,786.0,827.8,179.6,2.5,7.3,27.75,52.8,0
5719.5,640.5,753.3,28.2,0.42,4.47,22.24,38.7,0
6085.0,876.1,904.8,231.1,2.99,5.77,19.39,34.2,0
6794.5,938.1,887.1,227.9,2.38,11.69,18.8,55.3,0
5894.3,828.5,724.9,173.7,0.3,6.54,18.7,40.6,0
6729.8,1120.7,878.6,129.0,3.75,0.2,19.75,42.0,0
6096.7,891.9,694.6,67.6,0.9,0.2,23.74,28.9,0
3036.8,982.7,812.3,184.0,2.76,5.33,14.65,27.5,0
4591.0,826.7,776.2,211.9,2.24,2.84,12.35,44.8,0
5783.9,935.1,570.8,163.0,3.22,5.99,12.77,50.0,0
4185.5,640.6,332.7,154.7,1.5,0.2,16.28,56.4,0
6899.9,708.3,643.4,54.4,3.98,6.91,20.14,43.8,0
8296.1,869.9,1246.9,92.3,3.14,3.75,25.51,45.6,0
7828.1,868.4,781.9,176.3,0.31,9.22,20.04,40.0,0
5679.8,901.5,1020.7,13.9,1.58,3.99,21.06,51.2,0
8236.1,1020.1,382.6,157.5,3.6,5.34,22.28,47.4,0
6223.0,515.0,628.2,186.3,0.74,3.06,22.96,39.0,0
5494.4,605.1,552.0,87.0,1.97,2.86,25.32,40.9,0
5079.9,845.9,805.5,27.5,1.11,4.73,18.18,32.7,0
5546.3,655.1,1382.8,198.4,2.02,3.23,18.4,39.7,0
5417.7,1475.6,951.3,42.6,1.68,2.52,18.14,47.8,0
6255.6,903.1,1223.0,95.3,0.59,4.92,25.93,48.3,0
6240.9,784.3,794.0,172.7,2.58,2.56,23.33,37.5,0
6004.6,696.9,1150.3,197.9,0.3,5.01,20.58,31.6,0
6655.4,704.0,1306.1,208.3,0.7,0.2,28.9,42.6,0
7786.0,806.0,825.9,132.0,1.56,4.02,18.64,66.3,0
7424.3,822.4,731.4,119.5,3.25,3.52,16.12,47.8,0
3772.7,708.7,560.1,205.1,1.91,0.2,14.54,34.3,0
2169.1,745.4,782.0,139.5,0.3,0.93,22.09,41.9,0
7401.5,1068.9,868.0,143.1,1.66,0.2,14.91,37.4,0
3949.7,1076.9,1296.8,109.8,0.3,4.25,22.64,48.0,0
5662.9,850.4,565.1,95.7,1.09,2.01,18.84,33.5,0
4244.8,531.7,863.1,120.5,1.28,3.19,17.35,52.7,0
3297.0,907.7,450.9,93.9,1.43,7.33,23.3,45.0,0
6812.2,1110.9,756.1,89.0,3.34,4.0,17.58,44.6,0
7138.7,1074.0,918.5,238.5,2.6,4.73,17.05,35.5,0
5135.2,946.9,962.8,87.3,3.5,2.79,19.89,38.3,0
2113.4,1084.5,979.6,69.0,3.27,2.16,17.66,26.0,0
5180.6,810.7,937.4,91.4,2.04,0.41,23.2,44.8,0
6587.7,925.6,977.7,145.9,0.38,5.8,25.66,54.0,0
3781.6,663.8,860.1,219.5,1.79,7.86,29.25,37.9,0
6275.0,858.5,619.5,191.2,3.27,6.93,18.24,43.3,0
5977.0,1065.9,442.6,203.7,0.86,1.03,17.42,38.2,0
6868.9,682.1,729.7,207.6,0.89,7.14,14.35,37.5,0
6179.4,627.7,820.4,221.7,0.86,3.6,21.53,36.2,0
4540.4,819.5,1125.9,64.1,1.77,7.68,25.04,52.1,0
7794.9,754.7,827.9,115.4,1.92,4.96,14.92,44.0,0
5762.2,929.8,806.8,98.6,2.57,4.78,14.14,35.3,0
5959.0,709.3,934.8,97.8,3.27,4.85,31.56,50.0,0
4600.1,1143.7,790.6,160.0,3.17,0.2,14.78,34.6,0
5335.1,542.1,1028.3,102.4,0.84,0.84,17.19,47.2,0
4672.8,1050.7,1285.5,151.8,2.08,2.43,10.96,43.3,0
5740.6,647.0,1332.0,97.9,0.82,3.09,9.07,53.7,0
8567.6,440.8,871.3,81.6,3.77,4.29,19.16,46.3,0
3942.1,847.6,924.1,91.2,2.09,2.84,25.18,48.6,0
3579.7,749.1,1197.3,194.9,1.84,2.74,19.94,41.5,0
8206.8,578.1,817.0,148.2,5.42,7.1,11.54,48.6,0
5686.0,463.7,999.4,234.0,0.3,7.38,19.73,42.1,0
4996.4,798.3,600.3,201.5,2.44,5.51,13.26,48.3,0
7559.9,995.2,781.6,121.7,1.73,2.19,15.8,49.3,0
5091.6,917.0,1104.3,65.7,1.47,5.05,20.33,62.2,0
8739.0,811.3,692.0,165.0,0.85,7.2,19.37,21.2,0
7016.9,895.8,821.8,177.1,1.73,3.39,20.95,37.9,0
5268.1,794.6,503.7,116.8,1.79,7.36,24.21,31.3,0
9236.0,514.1,1291.3,62.9,2.5,8.84,19.82,36.9,0
5091.4,515.8,1127.9,138.2,1.82,6.44,16.9,47.0,0
7113.1,759.4,891.4,68.4,3.32,5.55,22.26,45.4,0
6448.9,767.9,961.7,226.2,1.32,4.87,13.27,55.4,0
7952.6,970.2,937.1,154.6,5.45,5.58,20.21,51.9,0
8342.3,951.5,1154.5,77.1,1.56,5.05,25.17,47.0,0
6048.0,921.0,735.9,59.6,0.93,0.94,17.22,64.4,0
4869.9,743.9,1011.1,174.8,0.94,7.33,17.58,40.0,0
6690.0,523.9,1087.0,172.8,0.3,4.21,27.42,53.9,0
4983.4,882.4,1117.4,147.3,2.45,10.09,20.91,38.3,0
9020.1,905.0,352.9,151.3,1.93,10.92,20.41,31.8,0
6204.8,322.3,718.2,148.9,2.4,3.37,21.09,40.4,0
5452.0,633.1,625.8,92.8,0.38,4.51,16.26,52.8,0
6277.0,661.8,882.9,225.6,4.29,2.92,24.6,39.8,0
3979.3,823.7,406.5,120.2,2.58,1.62,26.23,46.2,0
4542.6,639.3,400.0,14.7,0.61,3.86,18.86,38.5,0
7800.6,792.4,1327.4,90.1,0.47,4.08,21.63,44.0,0
5014.7,757.9,985.9,40.0,1.14,0.74,23.86,56.2,0
4429.6,768.2,876.6,93.6,3.6,1.2,24.05,41.6,0
6805.0,656.7,930.0,149.9,4.07,0.2,24.59,56.0,0
7778.6,672.2,882.2,15.2,2.38,1.08,14.09,32.9,0
7078.4,583.9,1069.4,210.1,0.98,6.11,22.71,21.9,0
7494.1,876.0,710.9,150.4,0.76,7.61,26.13,33.9,0
4864.8,914.2,891.1,77.9,1.58,0.2,22.35,47.8,0
3867.3,645.9,900.0,81.6,0.95,0.65,26.17,42.7,0
8252.0,1104.1,619.7,117.1,3.52,7.07,19.97,39.9,0
5516.0,737.1,1130.9,67.1,2.5,1.87,21.53,29.9,0
5623.8,1106.0,752.0,11.0,1.08,2.85,19.86,33.5,0
7992.3,671.6,1073.8,16.1,0.3,2.28,22.15,37.5,0
6834.3,394.7,875.3,92.3,0.8,6.29,23.18,46.2,0
6683.8,880.4,1209.4,38.6,1.56,8.18,15.26,52.2,0
9247.5,849.7,620.9,15.1,1.36,4.18,20.3,38.5,0
5034.7,806.9,611.4,207.6,0.5,2.9,20.11,37.7,0
7391.8,671.6,650.7,73.1,2.87,3.45,17.82,36.1,0
6085.5,793.1,879.3,125.7,1.32,6.23,21.28,55.0,0
6402.9,697.7,1189.1,51.3,1.16,5.31,16.49,42.6,0
8292.7,739.5,1200.5,20.7,2.54,3.37,16.46,47.0,0
6761.8,968.3,341.8,181.3,1.63,3.89,17.43,41.5,0
6807.4,836.8,904.9,38.7,1.72,2.21,15.03,30.8,0
7608.8,922.0,150.0,15.9,2.18,2.33,17.15,41.7,0
5452.6,753.6,1024.9,145.1,3.62,0.5,27.27,50.8,0
4741.2,731.6,1096.0,13.1,2.62,6.86,15.55,41.9,0
4432.8,569.3,841.1,110.3,0.62,0.2,16.39,42.1,0
3050.5,726.0,868.5,76.4,7.24,4.7,20.52,31.5,1
9084.3,150.0,866.2,83.5,1.64,3.93,15.8,58.7,0
4345.2,682.0,677.4,10.9,0.3,3.77,16.39,44.6,0
5668.1,783.6,945.0,231.8,0.86,2.47,15.15,55.1,0
5584.8,912.7,799.1,128.9,0.85,3.27,20.06,40.6,0
6461.1,746.3,1054.7,141.7,3.75,8.4,19.07,50.7,0
7223.6,869.5,825.0,163.2,1.9,4.18,21.79,46.7,0
7290.7,364.0,660.6,193.4,1.81,4.4,20.82,50.5,0
5125.4,788.6,512.1,149.8,1.96,4.48,24.64,67.2,0
5749.3,464.1,439.9,185.3,2.42,2.25,17.87,46.2,0
6423.9,558.3,1138.8,113.2,2.3,2.58,15.32,42.8,0
5627.0,762.6,749.3,95.4,0.81,5.32,16.59,50.7,0
8411.0,1055.3,924.5,199.3,4.44,1.9,27.23,37.7,0
6736.5,874.2,1242.3,209.0,0.34,3.76,12.01,37.7,1
7102.3,803.6,726.2,41.7,3.88,6.9,24.45,44.9,0
6994.3,796.1,712.0,134.8,0.32,2.32,24.42,45.3,0
7760.2,657.3,820.9,167.2,0.9,3.73,21.06,62.7,0
6271.5,691.2,856.5,29.2,1.71,3.31,16.36,34.7,0
4054.8,885.5,1265.3,223.8,1.43,5.26,22.1,45.6,0
6599.5,522.9,1194.5,129.6,0.77,4.36,16.7,46.5,0
5023.0,918.6,986.6,158.5,2.41,2.29,18.05,35.2,0
5207.1,722.3,1168.9,51.0,1.28,2.67,20.9,49.6,0
6879.5,965.1,810.8,70.8,2.73,2.4,17.98,51.1,0
7857.4,992.2,915.8,37.8,1.02,2.2,15.61,46.7,0
6031.9,465.4,783.7,70.7,0.94,0.2,19.22,52.4,0
6463.2,683.7,566.1,123.3,1.92,4.45,22.0,31.0,0
8553.3,628.9,1114.9,201.7,3.06,2.33,24.58,53.6,0
6361.1,437.5,967.0,132.8,2.8,5.21,22.66,36.7,0
9902.5,593.5,854.0,66.2,0.51,4.21,26.19,29.5,0
6848.3,1288.3,849.5,20.3,1.58,3.06,21.0,46.0,0
3358.9,921.9,518.6,153.1,3.0,2.85,19.27,25.2,0
7130.0,1183.5,635.0,106.6,1.33,0.7,27.11,45.5,0
6571.7,965.8,924.0,236.4,3.19,4.32,18.48,50.0,0
7934.6,651.6,733.6,189.3,3.89,3.79,23.5,31.6,0
7009.8,723.6,802.1,195.9,3.52,2.44,25.03,36.4,0
5792.3,917.7,827.0,12.8,2.84,0.2,10.59,48.3,0
4163.6,887.5,699.9,188.9,1.44,3.49,20.18,36.9,0
5686.5,684.5,637.1,54.8,1.48,3.67,15.61,33.5,0
4724.2,498.0,495.3,144.7,1.02,6.76,15.37,41.4,0
5129.2,1457.6,817.8,112.9,1.97,4.09,16.65,54.0,0
6882.9,771.8,986.1,141.5,2.46,6.98,12.77,57.8,0
8504.9,734.9,488.4,40.7,2.82,2.43,23.26,35.8,0
6592.0,822.7,844.7,115.1,1.78,3.34,18.91,53.6,0
4206.2,751.5,911.9,18.5,1.47,1.48,24.32,54.3,0
6666.9,824.5,632.3,19.4,1.75,3.34,21.13,61.6,0
7794.9,1057.4,1162.9,161.3,0.75,6.07,19.8,42.5,0
5085.3,775.1,765.1,228.9,2.88,6.14,16.55,54.0,0
5799.0,567.5,827.7,188.8,2.8,4.55,18.52,46.8,0
6022.0,767.7,814.5,117.9,0.8,0.64,21.62,38.6,0
4822.7,707.1,460.4,22.9,2.26,0.49,18.84,49.1,0
6972.4,1084.8,1071.9,20.4,0.54,3.38,17.59,28.1,0
5818.6,1034.2,639.8,46.3,3.42,2.3,19.97,54.1,0
6629.3,821.5,798.0,234.4,5.38,5.66,24.69,59.0,0
4668.8,544.3,981.5,101.7,2.36,5.18,20.66,50.0,0
5343.8,554.8,1171.4,204.0,2.48,4.86,24.29,41.7,0
7083.6,803.0,612.4,172.2,1.3,2.57,11.31,42.0,0
5440.8,867.3,751.8,149.2,1.47,4.37,20.48,57.1,0
8590.4,725.1,1154.1,228.0,3.95,4.83,19.5,32.8,0
5400.5,704.0,952.0,63.0,1.49,3.14,16.31,54.0,0
6337.0,681.4,997.7,114.6,1.61,3.4,20.7,59.4,0
7398.9,795.3,618.8,208.9,1.9,4.76,23.25,49.2,0
3872.5,323.4,766.6,136.9,1.91,1.26,20.36,51.2,0
3358.8,579.7,813.1,66.7,4.45,2.55,15.03,20.0,0
3711.5,674.6,661.3,58.1,3.37,2.35,21.85,53.5,0
7893.9,1041.5,481.6,183.2,4.16,6.46,24.64,47.4,0
5172.2,637.2,737.7,12.9,5.44,2.67,20.61,46.9,0
9837.3,836.1,1147.9,220.3,2.86,4.07,19.76,44.9,0
5153.6,845.3,863.0,14.2,0.84,5.61,17.29,55.8,0
6276.8,1059.6,1152.3,155.1,1.05,2.1,21.53,57.5,0
8313.2,1052.5,889.4,149.1,2.1,6.19,18.54,48.5,0
9009.1,788.5,681.8,143.0,0.3,6.4,34.86,32.1,0
9092.3,704.9,1131.1,119.1,1.5,0.2,24.53,48.7,0
7812.5,667.2,896.7,206.1,2.89,4.89,21.04,44.8,0
7536.1,751.8,1061.6,161.6,2.01,6.59,21.91,54.1,0
6888.8,713.2,615.0,189.8,1.34,3.04,19.45,45.3,0
7167.5,910.7,1078.5,36.6,3.05,5.35,21.87,48.1,0
5173.2,884.1,1085.2,21.5,0.9,0.69,22.38,33.4,0
4772.7,918.4,913.7,16.6,3.47,0.2,16.84,40.4,0
5994.9,1051.9,672.5,43.9,2.41,2.94,19.01,34.5,0
5744.7,1172.6,839.9,163.4,2.55,1.56,21.28,39.2,0
5320.2,824.9,984.5,123.6,1.32,4.89,21.66,46.6,0
7044.6,1019.9,901.6,183.0,2.91,4.81,18.97,51.6,0
7433.0,729.7,982.2,54.1,2.13,8.41,18.38,40.4,0
6132.6,1037.0,1072.7,94.4,3.21,5.99,22.33,50.0,0
8216.3,1012.3,707.3,214.4,5.9,2.51,22.22,43.9,0
4287.5,1001.7,595.9,225.2,0.88,4.11,18.22,39.0,0
5709.5,818.8,841.7,222.0,5.48,4.54,11.67,49.6,0
4924.8,666.3,777.5,198.2,2.71,5.32,22.35,38.2,0
3200.2,521.1,1022.9,168.3,3.09,0.2,23.5,51.5,0
5876.0,792.0,613.6,220.1,4.18,2.87,22.42,37.2,0
5817.4,1106.6,1074.5,174.3,4.84,6.61,27.02,66.9,0
8270.2,738.0,1147.8,229.4,0.3,4.99,23.25,59.9,0
6946.2,957.0,850.1,15.7,1.47,4.1,21.05,35.2,0
4463.7,968.8,863.4,222.0,4.47,2.7,16.35,42.5,0
8781.1,743.3,681.1,137.8,1.01,3.67,19.72,39.6,0
7831.6,1063.3,730.6,35.7,2.05,4.1,19.18,40.1,0
6873.1,218.3,760.2,59.4,1.52,1.72,20.93,52.1,0
5660.3,555.4,1167.4,206.0,0.96,4.67,15.0,49.3,0
4560.8,616.9,834.2,126.4,0.94,4.18,22.23,39.1,0
5441.7,636.1,559.1,236.0,3.28,2.96,17.61,40.3,0
7633.1,867.3,906.2,37.0,2.08,2.95,21.33,51.1,0
8826.9,858.0,1031.8,104.9,0.65,0.89,18.05,35.8,0
8314.9,878.8,844.4,86.3,1.31,6.77,19.48,48.0,0
5266.7,919.2,1173.2,128.7,0.92,5.24,16.37,37.9,0
4320.6,610.0,1021.1,155.7,0.79,4.72,16.6,50.9,0
6211.3,556.4,619.2,162.2,2.97,5.34,21.99,40.6,0
3347.3,879.3,728.7,10.3,1.98,0.2,23.71,45.0,0
6484.8,674.0,899.8,30.5,1.75,8.24,19.79,41.1,0
5778.6,485.9,483.4,18.1,0.3,0.2,25.0,55.9,0
5300.9,994.3,924.0,208.9,4.01,6.22,24.06,52.3,0
3607.9,1079.0,462.5,82.1,0.51,4.23,20.95,47.3,0
6770.4,1111.4,1075.2,94.4,1.93,1.34,16.04,52.2,0
5200.9,837.4,1049.6,113.6,2.18,4.26,20.99,48.5,0
4245.1,925.2,961.1,205.3,1.33,5.22,21.4,39.2,0
1691.6,1074.0,701.3,13.3,2.23,2.74,22.14,36.6,0
5958.7,671.7,887.4,37.3,3.45,7.0,18.57,45.6,0
8658.4,1022.1,737.1,167.6,2.04,0.23,17.16,47.0,0
8491.9,855.1,623.2,231.7,1.06,1.34,13.43,42.8,0
5314.4,982.7,775.5,157.8,0.7,0.84,20.46,34.4,0
5096.7,837.2,1003.6,70.1,0.6,0.42,19.62,47.0,0
6703.2,1059.3,859.6,129.6,3.42,4.42,24.85,48.7,0
4502.4,844.7,1169.2,234.2,2.47,8.01,16.06,57.3,0
6452.7,503.2,1018.5,131.5,2.82,6.13,19.86,43.3,0
7149.1,1090.4,994.9,95.9,0.72,3.24,15.64,33.8,0
7840.4,610.5,496.0,98.2,1.61,7.47,26.53,45.7,0
5849.8,1050.6,787.3,232.4,0.3,6.58,18.56,46.2,0
5694.5,782.0,615.8,175.4,1.77,2.32,14.49,39.3,0
4683.0,1035.2,809.7,168.0,2.73,3.26,20.2,40.1,0
4759.7,1027.0,697.5,63.4,1.46,4.72,20.72,53.0,0
5660.3,886.0,766.9,138.7,3.59,2.05,17.45,42.4,0
6551.0,901.7,1083.5,92.1,0.49,1.52,19.91,43.6,0
7370.4,884.5,954.6,65.2,1.95,5.84,15.93,35.3,0
4795.2,397.2,1071.6,216.0,1.06,6.43,17.77,45.9,0
8239.0,823.7,497.8,98.1,1.47,1.45,17.77,38.4,0
5593.3,576.8,862.8,75.0,1.56,4.91,30.76,37.9,0
5967.9,834.2,1062.7,224.3,1.75,4.87,24.47,32.2,0
4879.2,571.4,1181.4,55.4,1.84,1.24,20.0,49.3,0
2363.6,563.0,509.4,181.5,1.03,4.81,19.33,39.0,0
7326.1,1121.0,772.7,160.1,0.32,5.29,24.88,37.0,0
7105.3,1013.9,1077.5,221.7,1.92,5.41,24.64,42.5,0
5578.0,799.2,807.7,201.4,1.47,3.26,18.62,51.2,0
6100.5,837.0,649.7,172.2,0.69,4.72,29.34,48.6,0
6773.9,750.4,509.0,82.4,1.43,4.43,18.62,46.1,0
3656.2,914.0,641.3,124.0,2.15,4.17,18.9,53.7,0
5206.4,664.8,478.4,227.2,0.59,6.17,22.25,52.9,0
7191.4,998.7,862.9,15.3,3.85,1.56,20.55,46.1,0
4118.6,749.4,1047.2,192.7,1.15,1.83,17.92,48.5,0
6440.3,716.0,572.6,67.9,1.01,1.29,18.85,51.0,0
3965.1,804.3,906.7,52.6,3.34,6.42,17.52,50.0,0
6699.6,681.8,1036.0,63.4,3.9,3.91,20.29,51.7,0
5946.5,865.7,849.4,23.7,2.26,2.4,19.33,38.5,0
3577.3,692.5,495.6,238.2,1.41,7.11,21.8,41.7,0
7747.1,893.7,935.0,210.1,2.02,3.36,21.04,49.6,0
4898.1,1043.2,838.0,129.8,2.88,0.2,16.5,47.4,0
4784.6,656.1,815.6,174.5,4.35,2.33,18.06,56.8,0
6300.9,773.9,729.7,138.0,1.03,4.18,24.4,58.8,0
7723.0,892.3,869.1,196.7,1.04,4.87,19.57,52.5,0
4476.3,712.8,962.2,204.3,1.98,2.25,15.97,26.2,0
6092.5,892.9,1375.9,63.5,1.5,2.88,18.92,52.1,0
6643.2,911.1,874.7,115.7,0.42,2.71,19.98,44.3,0
7039.7,1016.7,1182.5,156.0,1.07,5.51,28.66,36.9,0
6264.7,678.8,928.7,235.0,0.83,7.27,18.5,40.0,0
5449.5,611.4,828.1,167.0,6.0,2.09,18.68,34.2,0
4758.6,738.5,882.7,216.5,1.97,7.45,20.87,53.7,0
6129.2,606.4,581.2,204.6,0.99,4.37,22.64,49.9,0
4391.8,912.9,917.3,143.9,2.02,3.53,27.95,28.3,0
1618.0,567.6,411.7,215.5,2.29,3.18,19.03,46.1,0
6654.8,1266.6,660.2,96.8,2.02,1.49,19.21,33.9,0
7355.9,1059.2,874.2,97.2,1.56,1.77,15.27,53.0,0
2455.6,802.5,1112.7,189.6,1.62,1.4,14.94,34.7,0
4485.4,973.5,1164.7,40.9,2.62,1.15,20.12,23.8,0
6928.7,472.6,798.0,80.3,2.07,4.86,16.47,48.1,0
9086.2,1304.7,884.3,150.0,1.93,9.13,13.81,51.0,0
6031.2,682.0,1066.6,106.6,1.7,2.0,17.04,52.3,0
4908.0,775.9,557.5,226.4,1.41,3.18,15.09,43.1,0
5725.7,428.8,939.0,230.5,2.32,6.34,19.75,44.9,0
8062.3,897.3,667.9,125.6,1.88,1.36,14.95,49.9,0
5031.1,578.7,812.2,134.0,1.89,0.38,18.47,54.3,0
4801.2,820.3,749.0,176.7,5.13,0.2,21.89,43.2,0
5275.9,691.1,945.8,115.2,0.74,4.02,19.13,41.7,0
4570.0,584.5,971.1,53.7,1.13,2.29,19.65,23.9,0
6184.0,639.1,1046.0,181.8,7.94,0.58,15.28,45.6,1
8437.0,845.2,926.6,179.7,1.41,2.19,22.48,57.1,0
6484.6,543.7,887.8,66.3,1.76,6.03,20.95,51.5,0
5621.5,650.2,1257.9,201.6,1.52,2.79,19.5,54.2,0
5562.3,932.7,514.6,151.1,2.26,5.93,20.83,49.3,0
3655.2,1320.5,1223.0,64.3,1.23,4.93,19.34,47.7,0
7324.7,895.5,786.2,160.0,0.3,4.2,21.72,36.5,0
5883.2,616.5,975.6,63.7,3.47,3.78,22.85,39.4,0
5729.3,726.6,778.4,71.0,0.3,5.49,18.47,33.8,0
10789.7,806.3,695.4,205.0,5.95,4.54,18.17,51.1,0
6448.1,730.1,956.6,223.8,2.56,4.29,17.73,55.6,0
4872.3,980.6,1079.3,69.1,0.92,0.2,17.18,55.6,0
5360.5,843.5,954.1,223.5,0.95,3.02,16.44,35.4,0
7722.7,981.6,730.7,64.9,0.3,0.2,19.8,42.2,0
6169.9,737.1,1644.5,37.0,0.83,1.1,18.73,30.9,0
3842.6,1065.1,1113.7,23.4,0.92,6.32,19.82,34.8,0
7378.8,766.7,1055.3,65.7,2.9,3.4,21.64,34.7,0
4997.8,605.8,772.3,98.6,2.04,7.92,21.18,57.6,0
8809.9,1235.5,712.5,223.3,0.3,5.6,25.19,41.9,0
7620.1,435.0,788.4,65.7,0.3,2.07,20.17,33.3,0
5329.0,652.3,1087.9,94.1,0.72,2.76,19.04,38.1,0
7921.5,674.6,632.1,178.9,0.77,5.4,20.31,54.6,0
6101.8,1301.7,615.0,79.5,4.22,5.15,22.59,46.3,0
7279.2,1161.4,968.7,167.4,0.86,6.19,28.14,35.8,0
6727.1,1098.8,920.2,109.4,4.69,0.2,21.34,56.5,0
4730.5,733.9,680.5,55.2,2.18,0.2,20.73,48.8,0
5034.7,1285.2,609.9,178.8,2.62,2.27,24.2,38.0,0
7544.9,873.7,1166.3,16.2,1.64,5.45,18.13,44.5,0
5497.8,995.5,928.5,77.2,0.8,5.77,19.62,53.2,0
5394.5,835.9,550.0,91.9,1.04,0.2,21.22,38.6,0
4567.3,790.1,565.4,115.4,4.65,1.59,16.8,49.2,0
6635.4,749.6,770.5,166.4,2.57,5.19,14.57,47.5,0
9093.8,758.1,1011.2,115.7,2.49,1.23,22.47,37.4,0
4398.7,921.7,980.9,146.7,3.37,4.5,16.08,36.6,0
6036.3,873.4,1099.0,147.0,2.56,4.97,23.89,24.3,0
8118.3,793.7,522.1,95.9,0.73,2.58,18.52,41.1,0
5880.5,1101.9,899.2,224.8,0.96,4.02,19.34,28.1,0
6678.6,206.6,1163.7,229.8,1.88,3.5,12.91,28.9,0
4406.4,902.0,1143.2,143.8,5.47,5.11,21.68,25.9,0
6642.5,943.5,929.0,26.5,3.05,3.29,21.98,41.6,0
5719.3,1029.4,1366.6,123.0,1.13,0.2,22.1,52.4,0
7478.6,787.0,984.0,52.4,2.36,5.28,23.18,34.3,0
7781.1,841.6,1079.4,121.1,0.8,3.8,12.95,54.6,0
9884.3,997.2,859.8,53.4,1.44,5.26,14.97,55.0,0
6869.4,1098.2,678.2,171.9,2.65,1.77,14.71,35.8,0
6488.7,739.9,657.5,28.5,3.3,3.22,18.39,26.8,0
6291.6,853.4,890.0,229.3,0.99,2.62,16.48,53.9,0
5470.3,1135.7,803.5,54.9,1.23,6.15,21.36,56.0,0
6507.7,375.2,460.9,162.0,3.34,5.57,19.92,44.5,0
5556.9,662.0,624.3,220.9,1.44,7.66,21.75,45.5,0
6252.7,1093.2,780.0,67.0,0.97,3.61,22.02,45.3,0
7976.4,1018.5,1010.0,224.9,2.97,0.77,11.98,48.2,0
4490.2,904.5,846.5,99.4,2.08,1.29,23.43,52.2,0
7709.8,710.3,834.1,230.9,2.12,6.18,18.42,40.4,0
7975.7,623.6,632.9,233.4,0.39,7.21,23.7,34.8,0
5822.9,681.8,855.1,53.3,0.78,0.59,13.96,40.5,0
2817.2,1109.6,1140.2,201.2,1.78,2.65,22.31,45.5,0
5088.3,674.3,884.2,54.5,1.47,1.12,20.32,49.7,0
7945.5,820.3,518.4,62.1,2.85,8.9,26.14,53.3,0
5965.7,649.3,574.7,29.3,1.84,4.87,20.64,51.1,0
4501.0,968.6,979.5,46.0,0.69,1.71,23.7,47.7,0
5242.8,692.3,800.7,155.4,1.23,1.57,13.33,40.3,0
7260.9,780.5,833.6,113.3,0.69,7.53,20.05,28.3,0
6820.1,463.3,715.2,191.9,3.31,5.51,16.86,52.6,0
5641.6,477.3,960.8,86.4,1.37,3.99,18.59,61.7,0
5449.8,801.5,783.8,232.8,1.44,2.83,19.64,41.4,0
5412.4,535.0,808.9,21.5,0.88,2.89,16.89,54.2,0
4616.4,1221.0,662.7,24.5,0.57,0.44,22.47,31.4,0
8423.1,387.7,1052.8,171.3,1.25,2.14,23.6,40.4,0
5516.5,640.0,801.4,214.1,0.79,2.76,16.12,33.6,0
7825.7,803.3,983.7,193.0,0.3,3.56,20.94,59.4,0
8282.0,727.0,587.4,122.7,1.3,3.7,12.52,38.7,0
7497.5,579.2,1231.5,72.0,1.41,6.3,23.82,45.7,0
5352.6,608.4,1131.0,13.1,1.12,2.08,20.3,47.7,0
6605.6,601.9,429.8,127.2,0.64,7.41,19.61,61.7,0
5963.7,742.7,673.6,119.4,1.4,3.61,26.56,37.2,0
4644.4,1190.4,955.1,89.2,1.51,4.81,21.25,52.5,0
6486.5,815.6,559.7,143.0,0.77,6.53,31.02,37.1,0
4231.4,1036.6,821.0,177.6,1.62,5.27,15.63,43.8,0
7781.5,901.4,943.9,171.2,0.67,5.79,16.05,64.9,0
5303.1,1022.8,809.4,70.5,4.55,2.45,23.31,46.0,0
6301.7,240.0,968.5,144.6,0.61,3.53,18.96,52.8,0
6424.9,739.1,697.5,44.2,0.3,5.77,24.55,46.9,0
5611.6,1061.4,356.3,38.0,1.09,5.83,16.0,46.9,0
6880.0,685.7,1066.1,190.7,1.65,4.39,24.8,51.4,0
5287.6,1152.5,1064.7,169.6,4.06,5.75,19.74,36.9,0
7306.9,1096.8,1400.8,186.6,1.37,1.91,20.12,48.1,1
3981.0,706.2,364.4,45.1,0.82,5.64,15.01,30.4,0
6189.6,699.4,1015.2,220.4,2.2,6.28,24.67,35.9,0
8908.4,597.3,416.9,40.6,1.33,3.98,21.84,56.5,0
4499.5,674.1,1236.4,210.1,1.23,4.42,22.36,37.2,1
4983.4,553.5,957.3,91.0,2.1,0.2,14.46,52.2,0
6770.9,885.8,640.6,34.2,1.99,7.44,19.14,20.0,0
6269.4,508.8,1021.6,76.0,1.37,4.85,19.81,38.9,0
6525.9,920.7,728.3,51.7,1.45,5.44,14.75,40.4,0
6733.8,925.6,916.1,122.9,3.08,4.82,22.82,39.4,0
6952.1,467.8,895.3,228.4,1.16,5.14,23.73,43.8,0
7664.5,1110.0,1233.7,85.4,3.24,4.96,14.2,48.3,0
6614.7,902.7,1249.3,150.8,0.73,7.68,19.87,41.5,0
5638.1,949.9,718.6,215.1,1.24,10.19,23.5,48.6,0
7008.9,648.3,1082.8,154.9,2.11,6.71,26.92,44.5,0
8849.8,924.5,928.1,93.3,2.43,7.11,23.29,55.9,0
5801.0,1025.3,539.2,237.9,1.45,2.87,15.98,58.6,0
4538.2,780.3,696.8,53.1,1.89,3.45,16.32,48.6,0
7660.6,1200.4,1364.0,130.3,1.72,4.91,21.11,54.5,0
5819.4,808.8,928.7,193.2,1.2,5.34,22.84,45.5,0
2741.0,1028.2,1070.0,10.1,3.64,4.94,19.99,54.7,0
7271.1,858.6,803.4,171.5,0.91,1.59,18.15,46.4,0
5197.0,917.1,731.2,71.3,4.29,2.95,23.21,43.4,0
5864.2,465.7,856.0,49.0,0.42,3.08,24.24,26.9,0
6498.0,874.2,791.5,73.1,1.68,5.16,18.75,48.1,0
6285.7,653.0,521.5,232.4,1.46,3.2,20.0,48.1,0
7064.2,630.7,629.3,215.1,0.69,3.49,22.65,34.7,0
5346.8,1148.8,1005.7,59.2,4.13,3.34,18.47,39.7,0
6769.7,757.2,766.2,36.9,4.31,5.57,23.62,30.9,0
5610.7,599.3,855.7,93.8,0.46,7.0,18.2,51.8,0
7108.2,728.2,901.7,146.2,0.46,2.0,23.98,38.7,0
6923.1,539.9,918.9,209.4,1.94,5.9,17.27,51.7,0
4596.8,1086.8,1102.2,232.2,5.01,1.74,29.37,40.6,0
7629.0,660.9,608.3,182.8,1.5,5.63,19.78,36.9,0
5196.1,905.9,975.5,147.8,3.15,0.83,22.58,54.4,0
7212.1,1071.2,1016.1,42.7,1.28,7.45,25.18,39.4,0
6550.9,700.0,1066.9,27.0,5.25,3.32,19.71,54.2,0
8757.3,906.4,539.2,147.1,2.84,4.54,21.39,38.3,0
5664.8,594.0,906.1,134.0,0.47,4.29,20.51,43.5,0
5476.0,1289.2,1227.5,204.6,2.37,7.4,28.63,56.6,0
5970.9,987.3,828.2,84.2,1.39,2.35,26.86,47.5,0
5545.2,761.5,956.4,19.1,0.58,3.86,17.36,53.0,0
7199.9,645.4,1021.7,107.5,2.82,4.39,16.01,64.1,0
3575.5,777.2,624.4,232.9,1.4,6.44,22.31,43.8,0
4419.5,732.0,1253.4,193.0,1.49,2.1,20.66,53.3,0
4398.3,1190.6,959.9,17.8,1.16,0.2,26.59,44.9,0
7425.5,554.9,964.3,211.2,1.0,1.13,21.79,46.3,0
8565.9,827.0,484.4,118.5,4.54,5.81,20.2,41.2,0
5843.3,796.3,1024.8,93.9,4.59,4.19,16.37,46.2,0
5746.8,776.5,961.4,89.8,2.37,3.83,18.2,35.4,0
6105.1,778.3,1207.3,146.9,1.46,1.88,17.35,55.5,0
7742.8,776.8,781.5,132.0,5.47,4.17,18.65,68.5,0
4609.0,974.6,632.7,161.0,2.36,5.27,18.65,47.2,0
6357.6,921.8,699.9,141.9,1.51,3.7,18.59,40.7,0
7462.8,883.8,738.9,43.1,0.89,7.24,20.19,61.2,0
6751.6,193.2,603.9,69.2,4.73,6.11,22.37,42.2,0
6284.4,860.0,1133.8,203.4,1.84,3.67,24.03,41.1,0
7501.6,468.9,1142.1,162.5,4.14,5.73,23.21,47.3,0
1945.2,929.3,806.9,113.1,3.35,4.17,14.37,41.5,0
7016.8,1094.9,763.6,52.0,4.12,4.77,15.15,56.2,0
5018.9,614.8,450.6,11.8,0.37,3.42,18.64,30.2,0
3254.1,747.6,1003.1,81.7,3.87,4.45,15.59,47.5,0
6766.8,680.1,1213.8,22.6,0.69,0.28,21.79,58.9,0
8060.5,1047.1,709.8,120.9,0.88,2.01,19.93,23.3,0
5793.8,819.0,824.3,199.0,2.56,6.95,20.53,59.6,0
7429.3,1145.7,945.5,75.6,2.33,3.2,25.19,47.6,0
8418.4,882.8,1229.4,205.0,2.15,1.37,18.67,62.1,0
7972.4,848.5,894.0,172.0,0.81,8.14,15.56,60.2,0
8459.9,813.6,893.0,38.8,0.54,3.26,19.24,32.6,0
7113.2,963.6,889.5,158.2,4.12,5.34,11.55,64.3,0
6113.2,452.5,536.5,44.9,2.46,2.72,19.41,35.5,0
3597.1,817.1,531.7,160.6,1.75,6.31,10.12,49.0,0
5630.9,786.0,672.2,42.8,4.75,4.01,20.17,23.3,0
4735.1,945.1,1072.8,100.3,3.45,0.2,24.51,51.6,0
9256.4,762.5,776.2,140.3,3.69,9.18,22.19,49.5,0
5736.2,592.3,733.5,21.6,2.15,2.54,21.29,60.2,0
6184.8,801.5,729.6,45.3,0.44,3.21,22.07,51.0,0
6827.2,583.4,819.7,83.7,0.66,0.98,17.09,34.1,0
6065.4,414.9,1224.5,116.3,0.49,0.2,11.82,52.0,0
8542.6,945.4,816.7,207.5,0.3,6.74,15.13,40.4,0
5066.0,915.8,677.0,53.1,1.16,4.52,22.46,63.7,0
6291.9,893.4,855.6,89.9,2.96,0.2,23.96,49.2,0
4886.3,1060.6,1236.1,119.4,1.24,3.06,25.33,42.2,0
4020.0,667.0,739.4,78.0,2.32,4.95,14.84,55.1,0
5082.3,513.8,590.2,153.9,1.06,5.51,24.84,45.8,0
5944.4,786.0,739.8,69.0,1.68,1.79,14.91,61.5,0
5356.0,730.5,878.3,187.6,1.03,2.72,21.71,34.8,0
4961.4,631.5,1001.4,126.2,1.83,2.31,22.33,40.1,0
3890.5,784.0,1071.5,29.9,1.21,3.06,17.31,54.1,0
5875.3,677.7,619.9,154.2,1.08,4.56,23.24,41.5,0
3742.9,432.8,640.8,140.9,2.19,6.03,11.25,53.4,0
7140.1,711.8,778.9,87.9,0.3,4.59,16.03,50.8,0
6123.7,572.7,1000.6,12.6,2.58,4.66,16.88,37.8,0
3813.7,846.3,572.8,56.2,2.08,3.52,22.64,48.2,0
5536.2,668.8,716.4,103.3,3.23,1.07,22.52,43.8,0
4871.8,1022.3,719.6,56.0,2.03,3.64,20.88,39.6,0
6478.8,1120.8,1057.2,142.8,3.24,2.94,20.84,51.1,0
8010.7,935.9,966.2,173.8,1.74,2.28,25.11,38.1,0
3187.2,489.8,1048.8,206.9,0.7,4.04,18.53,45.9,0
6172.5,1101.0,1144.5,158.8,1.22,0.2,18.23,62.5,0
5759.8,1115.1,782.8,168.5,2.56,2.84,19.39,47.0,0
7007.0,803.8,588.8,149.9,2.13,2.28,16.05,40.0,0
6319.8,1064.6,590.2,236.7,0.9,1.9,22.49,31.6,0
4872.0,689.7,445.6,70.0,1.41,5.45,15.08,31.1,0
5521.4,426.8,749.1,71.2,2.61,4.31,19.29,35.5,0
4806.0,647.9,765.5,39.1,1.23,5.17,23.64,42.7,0
7614.0,1145.9,1023.3,121.7,2.69,5.07,18.97,23.1,0
6032.0,501.8,853.7,32.1,1.11,1.53,15.81,43.5,0
8851.8,799.9,742.1,72.1,0.83,6.73,21.35,32.4,0
5909.0,806.8,824.5,121.0,0.58,2.81,22.91,44.0,0
4937.4,697.4,621.4,230.2,2.45,6.82,21.88,44.4,0
3729.4,711.3,1075.6,231.7,1.0,3.04,22.06,48.4,0
3295.3,814.4,677.1,181.1,2.08,0.82,17.18,45.0,0
3623.8,687.6,599.2,99.5,0.57,1.38,28.77,38.4,0
6400.7,515.6,1029.9,209.0,1.12,6.37,24.13,36.2,0
6763.1,843.0,976.3,211.4,1.56,5.36,17.31,32.7,0
3628.2,1014.7,470.8,219.3,2.8,2.13,20.89,56.9,0
7342.6,973.9,1038.1,157.2,0.44,4.55,20.89,54.1,0
5275.4,638.1,686.8,56.4,1.07,6.43,20.65,41.3,0
6220.2,549.8,767.7,30.9,2.03,8.07,21.74,45.2,0
8418.3,743.2,891.1,220.4,2.45,4.38,20.0,44.4,0
7345.3,1113.6,979.1,22.8,0.91,4.81,22.38,56.3,0
5597.2,929.1,948.0,78.1,3.16,3.59,23.5,41.5,0
4663.2,940.8,839.0,122.0,1.17,4.03,21.61,25.6,0
2772.3,978.0,756.6,15.1,0.79,5.44,17.53,49.8,0
4921.3,884.2,940.7,218.6,0.51,1.29,24.69,31.6,0
5683.3,824.1,824.0,76.0,2.68,5.63,19.8,54.6,0
4519.2,932.5,1247.2,16.6,3.79,3.03,20.82,36.0,0
5803.1,690.8,979.0,238.5,2.1,2.15,18.34,48.2,0
6115.3,517.1,646.8,81.6,5.15,2.16,25.19,42.7,0
5662.7,944.6,744.9,211.7,1.15,8.76,17.69,43.0,0
5025.0,1047.5,860.6,114.3,1.81,7.24,19.57,50.4,0
6253.0,576.4,1135.9,162.5,1.53,1.84,30.06,46.2,0
6662.9,964.4,1160.4,65.5,0.3,4.68,12.8,41.3,0
4364.4,1136.2,762.9,125.7,0.39,4.57,16.58,42.2,0
8116.4,799.6,644.6,69.3,0.94,8.33,24.35,33.1,0
5852.1,636.4,616.5,228.7,3.52,2.9,20.47,46.3,0
6028.3,824.6,905.5,24.0,1.27,0.2,22.31,48.0,0
7062.3,689.9,1356.8,73.2,4.36,3.7,14.73,73.2,0
6349.8,676.7,968.6,215.4,0.94,3.32,19.25,46.4,0
7429.7,886.6,499.3,120.4,4.81,5.14,19.52,43.9,0
6430.7,479.3,690.3,148.0,0.7,6.15,20.06,35.3,0
5081.3,511.2,712.7,159.9,0.6,6.86,20.34,41.7,0
6542.3,803.9,669.2,26.3,2.52,6.78,11.52,45.2,0
4284.4,795.5,764.7,14.1,0.3,5.62,19.45,36.2,0
6162.8,868.7,931.3,225.7,0.42,6.63,25.98,51.1,0
5950.2,1175.0,1000.0,72.4,2.41,0.58,18.9,43.0,0
5687.8,820.9,1090.2,97.5,5.01,3.36,16.31,50.8,0
5807.2,919.6,965.3,166.9,3.54,4.02,17.62,37.2,0
3177.2,604.9,420.1,64.3,1.98,5.14,24.77,47.3,0
5176.9,953.6,617.4,178.6,2.21,2.43,9.91,43.1,0
6139.3,694.7,815.2,115.4,1.44,2.32,22.55,56.5,0
6239.8,814.3,882.4,207.0,0.59,3.11,21.5,45.4,0
4458.5,778.2,1039.5,74.1,1.71,5.09,16.78,33.6,0
7898.6,1006.6,859.5,56.9,0.9,0.2,32.07,42.8,0
4700.7,538.0,861.2,201.3,2.46,3.95,23.8,29.4,0
7454.2,343.4,902.3,85.1,4.01,2.19,20.74,47.7,0
6640.8,757.3,793.9,104.7,0.6,1.85,24.69,57.5,0
5030.7,893.7,869.1,192.6,0.3,4.83,22.42,47.1,0
8663.0,830.5,1097.7,156.2,6.08,4.36,21.54,47.5,0
4209.5,1046.4,831.5,111.6,3.72,4.51,20.8,48.5,0
7378.7,887.5,843.4,67.5,0.3,4.42,17.9,37.0,0
7500.9,687.2,842.6,185.8,2.96,7.5,24.19,38.2,0
4994.1,334.9,1135.5,51.5,1.53,6.95,19.57,49.7,0
8088.7,752.5,606.2,223.5,4.1,0.52,24.65,42.9,0
5624.9,1005.6,1240.7,44.6,2.42,2.78,24.55,64.0,0
6433.0,721.6,591.2,195.1,2.71,3.08,23.85,58.0,0
6390.5,805.7,706.1,107.6,2.97,0.2,18.33,38.2,0
5798.5,884.3,1013.8,52.8,0.3,10.81,16.6,38.5,0
7216.2,596.9,1076.7,102.5,2.63,4.26,19.85,32.7,0
7190.2,924.6,541.2,61.0,4.01,1.04,20.02,38.2,0
3377.2,1127.4,609.6,41.3,1.83,6.67,18.46,42.7,0
7956.5,765.4,911.1,65.0,0.62,4.33,24.09,47.6,0
3506.3,574.2,1365.8,209.5,1.42,2.1,23.68,43.9,0
7548.8,786.7,1124.2,34.4,1.3,5.74,23.05,63.4,0
7690.1,355.1,795.4,233.7,1.89,6.29,25.75,53.4,0
4363.6,867.4,317.8,11.1,4.6,5.73,20.95,49.4,0
5383.8,890.5,868.0,161.4,1.34,5.37,15.71,49.7,0
4341.4,1135.1,929.7,207.0,0.9,2.23,25.59,26.6,0
5677.6,761.2,765.8,224.8,3.5,0.2,21.93,23.9,0
5537.9,881.7,662.8,43.1,0.94,0.99,24.49,44.8,0
7169.5,627.7,885.0,170.6,1.64,2.81,21.86,53.1,0
7965.5,728.7,642.7,34.7,3.54,0.2,17.69,40.4,0
8093.5,495.0,1261.9,91.1,1.08,8.51,15.26,48.5,0
5156.7,761.0,1183.7,178.3,2.97,1.51,23.88,51.7,0
5686.2,738.9,994.7,89.6,1.4,3.53,18.44,54.3,0
3474.8,859.8,869.7,82.1,0.48,4.34,24.22,40.4,0
4791.2,675.3,704.8,36.7,2.38,6.75,12.03,43.1,0
7447.3,816.7,845.4,25.3,2.01,5.22,22.68,41.6,0
8423.4,733.3,1210.6,36.5,2.05,4.49,22.34,38.6,0
4148.5,733.7,1041.1,211.4,0.49,9.84,26.47,46.4,0
5111.3,816.1,894.8,12.6,2.22,8.02,18.41,34.9,0
5960.4,808.1,1053.3,169.4,2.27,4.99,19.9,57.0,0
6420.2,952.2,970.0,186.8,4.26,4.72,26.38,44.1,0
4785.6,775.9,937.2,140.6,2.15,3.67,25.59,43.1,0
6636.1,730.0,1065.7,178.1,0.94,5.82,17.87,30.0,0
5289.2,763.8,963.7,160.0,3.25,3.07,15.95,33.7,0
5978.3,657.1,1038.9,114.8,4.81,2.15,20.53,54.4,0
6819.4,728.0,885.5,98.0,2.62,7.48,24.12,79.1,0
6009.6,1206.2,794.1,226.5,1.58,2.09,22.81,51.9,0
5345.4,617.5,729.4,233.5,0.51,3.91,19.58,42.6,0
5835.6,744.3,703.2,159.8,1.47,3.03,28.81,39.1,0
5867.5,722.5,496.9,55.4,3.28,3.83,18.86,34.6,0
5445.0,750.6,649.4,113.0,1.32,4.5,21.72,30.8,0
5611.8,733.8,643.0,124.2,0.45,4.02,15.42,48.0,0
8398.0,855.8,738.4,184.3,2.49,1.81,17.39,45.8,0
6841.4,458.0,1193.7,163.6,1.66,2.98,20.15,38.0,0
5556.8,1007.4,815.3,128.4,1.13,5.64,22.22,44.4,0
7045.4,926.5,903.2,166.5,0.86,4.56,11.4,46.9,0
5499.3,551.4,910.1,15.5,1.26,4.99,16.92,29.4,0
7759.7,346.2,1199.3,188.6,0.67,6.26,11.34,54.0,0
6554.5,604.6,723.4,58.7,2.04,5.35,13.44,58.1,0
5839.0,751.5,801.0,161.0,0.86,2.5,26.21,45.2,0
6671.6,1316.1,826.6,36.2,0.3,4.81,17.39,62.7,0
3643.7,908.7,1100.0,36.3,2.83,4.75,29.03,50.5,0
4309.8,438.5,1145.7,18.2,2.26,0.2,15.0,59.9,0
4209.1,662.1,954.4,219.4,1.42,0.2,23.31,43.3,0
6214.4,789.4,1121.2,149.0,0.61,5.11,21.03,54.1,0
8598.8,850.7,889.1,93.3,4.29,2.59,20.22,47.5,0
9347.0,537.1,812.0,191.2,3.0,2.85,14.46,37.9,0
6957.1,773.0,1109.3,154.0,0.45,4.68,18.46,51.8,0
6751.3,656.5,957.3,152.6,2.05,4.04,20.03,54.6,0
3298.4,579.2,688.2,122.0,1.07,3.86,18.7,45.6,0
5186.0,851.9,1069.4,11.8,0.82,7.74,21.79,44.3,0
4818.3,954.8,804.1,69.4,3.65,3.37,18.11,55.3,0
5068.7,968.2,777.2,35.1,3.24,4.65,18.13,35.7,0
5747.8,914.9,1046.5,162.4,0.81,2.53,20.0,39.0,0
5291.9,700.5,830.5,67.2,1.48,6.59,23.8,41.6,0
3031.1,942.9,935.6,113.5,1.18,4.84,28.22,42.1,0
7121.9,861.8,995.6,91.3,0.96,8.4,17.17,34.7,0
4390.9,826.8,677.8,42.9,1.88,4.36,11.06,35.8,0
6358.9,677.7,934.7,230.4,0.67,4.77,23.31,51.7,0
9111.1,700.6,1146.9,224.7,0.55,3.9,25.27,41.5,0
4620.9,814.8,639.6,29.5,1.39,7.93,15.1,29.1,0
2204.6,1288.0,949.0,200.3,1.26,4.92,25.2,45.9,0
5571.0,860.2,667.5,122.3,0.37,3.8,22.5,50.8,0
7651.4,677.8,1074.7,188.0,3.21,1.77,15.3,51.9,0
8937.5,633.5,1072.6,44.8,6.1,0.2,9.39,62.4,1
4155.7,701.6,772.0,40.4,3.81,4.23,17.28,42.0,0
6745.0,1235.5,1336.1,214.9,0.5,3.24,24.38,41.6,1
5302.0,720.1,1093.5,216.5,3.55,0.2,17.86,51.0,0
5841.1,981.4,1005.5,117.2,0.63,2.97,20.36,45.4,0
9966.5,724.8,993.1,210.1,2.29,1.4,13.25,43.4,0
3745.5,852.2,1066.5,163.5,1.19,8.17,23.37,45.6,0
6380.6,958.3,631.0,52.6,2.6,3.84,18.61,49.5,0
6701.5,685.6,892.8,85.7,1.57,7.09,23.89,50.9,0
7628.7,671.8,934.3,41.3,3.01,5.13,15.47,46.6,0
6147.0,1131.8,762.0,188.0,3.88,6.54,13.07,31.2,0
6462.1,996.9,952.3,236.6,1.8,9.75,23.58,48.9,0
5412.5,958.1,1121.0,135.7,0.93,6.04,23.1,26.2,0
6403.7,957.5,757.2,160.8,2.24,12.02,17.5,40.0,0
5485.2,891.9,838.0,181.6,6.63,5.56,29.74,40.8,1
6932.4,1203.6,669.5,61.6,0.72,7.05,20.92,40.1,0
5445.6,808.8,456.9,87.3,0.71,3.16,19.6,52.8,0
6565.7,915.5,1021.4,104.8,1.3,0.43,21.83,37.8,0
5956.1,509.8,844.3,146.8,1.37,0.2,21.98,57.9,0
7689.1,635.0,860.5,205.6,1.47,6.21,24.48,36.0,0
5922.9,559.8,632.9,68.5,3.83,2.78,17.6,53.8,0
3340.5,1054.8,809.2,118.3,2.52,3.15,20.5,64.2,0
7892.9,289.5,1091.3,182.9,2.28,3.11,19.5,34.0,0
4641.4,719.5,850.2,30.1,1.72,2.33,20.76,41.4,0
5019.4,201.3,856.4,128.0,0.95,8.14,26.56,44.8,0
5106.5,633.7,895.7,43.2,1.33,1.79,19.3,48.8,0
8061.7,701.8,578.0,134.0,1.15,5.22,19.3,44.4,0
2796.5,1077.0,987.5,186.6,1.72,5.22,20.03,46.1,0
10706.6,879.3,573.9,64.5,0.54,0.29,19.52,47.6,0
7584.1,633.4,643.3,205.4,0.67,5.44,19.29,37.7,0
6334.9,1013.2,619.2,87.0,0.63,1.13,21.52,48.8,0
5917.7,803.6,811.5,53.9,0.36,3.77,20.32,53.3,0
6428.3,807.5,772.5,117.0,3.09,3.04,20.89,50.8,0
6781.7,559.5,849.7,211.5,2.92,4.13,22.47,58.1,0
6967.8,602.0,650.8,25.9,1.48,5.51,23.51,37.9,0
6833.4,635.0,1071.2,85.3,1.64,1.8,24.0,56.2,0
6134.4,809.3,1033.5,160.2,0.56,2.54,23.87,56.9,0
5704.0,815.6,811.8,92.2,7.07,0.2,22.31,40.3,1
5773.1,1108.8,744.8,26.3,1.77,1.28,15.39,45.4,0
5707.6,877.0,722.5,86.4,1.89,5.9,17.35,32.3,0
7700.7,258.5,781.8,198.8,2.24,3.07,18.33,40.2,0
6890.3,852.5,541.9,232.6,3.3,6.28,19.44,40.5,0
1589.4,510.0,638.9,19.1,2.35,1.62,17.24,46.8,0
6983.9,606.8,1039.2,140.9,1.76,2.07,16.76,35.3,0
6292.1,637.6,916.4,34.2,1.61,6.76,14.5,36.8,0
5971.9,667.3,1209.5,166.5,0.64,4.57,18.61,39.8,0
5417.2,525.0,784.2,11.8,3.33,0.27,20.4,33.7,0
7686.2,840.7,770.5,13.4,2.34,2.59,18.92,37.8,0
7421.3,517.8,760.3,188.7,1.8,6.15,18.75,61.2,0
4840.7,871.3,779.8,27.1,1.31,3.58,20.89,39.3,0
6610.6,1247.4,704.8,80.2,1.45,7.04,22.27,56.4,0
4542.5,534.1,909.6,230.3,1.55,0.77,20.9,47.6,0
3930.6,743.1,856.4,236.6,0.99,7.03,21.45,49.5,0
5059.9,295.3,737.8,47.1,2.78,1.04,22.91,42.3,0
7293.6,739.8,1125.3,139.0,0.89,4.61,17.97,33.7,0
7429.7,928.5,1267.2,138.6,3.02,6.37,24.42,60.5,0
6769.6,944.1,1106.6,114.0,2.53,4.32,17.95,36.2,0
7087.6,815.5,972.8,222.7,1.62,5.43,18.61,47.4,0
6774.3,977.9,1017.6,183.4,0.52,6.56,10.97,48.6,0
5037.8,1309.2,1258.4,185.8,1.9,5.19,17.86,27.7,0
6647.9,1142.5,1017.3,72.0,1.29,3.22,14.71,34.1,0
7200.6,695.5,721.3,109.9,2.82,3.43,24.68,50.4,0
7131.4,509.8,936.3,122.1,1.73,1.89,23.43,48.6,0
7783.4,718.8,987.8,78.7,2.71,0.96,17.56,45.6,0
7062.5,610.6,631.2,31.8,0.6,7.29,18.2,51.0,0
6527.2,890.3,787.3,39.1,1.55,5.53,14.12,45.2,0
7605.2,563.8,1092.1,51.6,0.63,7.62,16.64,37.9,0
5960.2,785.4,448.8,56.8,0.84,5.52,22.08,51.3,0
4677.2,967.6,574.9,65.7,2.06,3.11,24.9,31.3,0
5755.4,779.9,811.2,68.8,0.65,1.08,19.54,39.5,0
4882.6,610.7,927.8,114.8,0.66,2.71,20.28,53.4,0
4987.2,1035.0,551.3,127.2,1.85,5.69,20.39,52.0,0
5783.2,424.2,822.1,81.0,0.67,2.22,17.87,49.3,0
4811.4,734.4,1103.8,218.7,3.43,7.29,21.03,62.2,0
5538.1,791.7,865.1,137.2,0.31,3.1,18.79,46.9,0
3159.6,803.2,1056.6,191.1,3.63,0.99,22.47,44.6,0
6319.9,836.1,719.7,222.6,2.55,3.21,19.74,58.0,0
6001.8,922.1,671.8,47.5,0.46,4.58,14.08,50.0,0
4774.4,792.9,1036.8,108.4,1.05,8.25,21.94,44.9,0
6988.9,726.4,931.2,109.6,4.66,4.28,20.49,50.4,0
7406.4,718.5,589.2,91.5,1.88,2.45,18.11,50.8,0
3588.7,677.7,673.8,12.0,1.53,7.54,19.81,41.3,0
4855.9,957.5,1194.2,197.7,5.1,6.87,16.21,35.5,0
4846.3,670.7,646.6,35.7,2.73,3.73,15.71,43.5,0
4590.1,969.4,1055.6,239.0,1.41,0.2,18.42,67.4,0
7244.2,803.8,744.8,187.8,2.26,2.54,21.19,64.3,0
5709.3,695.7,849.3,143.4,1.08,5.82,21.62,40.3,0
5603.2,923.7,914.8,45.6,1.82,7.12,15.4,41.4,0
2994.2,654.5,387.8,128.5,3.62,4.36,19.95,47.3,0
6953.1,927.6,528.2,70.1,1.49,3.79,15.6,42.4,0
4141.1,842.5,869.0,68.0,1.77,2.72,20.28,60.6,0
6089.9,680.7,690.7,200.8,0.87,5.87,19.22,45.1,0
6416.1,905.7,1069.2,97.5,3.58,1.46,20.62,42.6,0
8041.0,909.3,496.7,113.7,1.51,2.63,17.1,34.6,0
4036.8,1031.5,974.4,203.9,1.06,7.43,25.07,62.2,0
1470.7,993.2,547.2,30.2,1.03,6.43,27.72,44.7,0
6275.8,898.3,772.5,146.8,3.41,7.71,18.98,48.5,0
8700.8,574.5,615.8,143.0,1.66,2.37,17.06,51.7,0
7858.4,1289.7,1268.5,107.8,2.94,0.87,15.56,45.7,0
6314.5,519.3,555.3,200.8,1.07,7.7,14.83,41.9,0
5262.5,989.9,823.1,226.9,2.1,5.84,23.99,44.0,0
7210.7,886.3,470.1,117.0,3.35,6.57,17.95,51.5,0
4539.7,565.2,1201.9,114.9,3.98,5.88,14.57,52.5,0
6714.5,775.1,938.3,125.5,1.72,8.64,15.32,22.5,0
6758.2,784.2,880.1,176.3,1.75,5.77,14.97,45.7,0
7590.3,1061.1,1174.3,163.7,2.9,4.52,25.07,49.0,0
10139.5,657.3,882.4,61.3,1.47,4.81,25.68,55.7,0
6588.6,747.6,898.3,24.7,2.34,4.58,19.07,54.0,0
5236.6,332.8,879.0,228.3,2.53,7.95,18.55,51.8,0
5961.6,1147.0,974.0,70.0,0.4,7.14,11.54,50.7,0
3346.4,585.9,741.7,156.9,2.92,7.97,14.22,60.9,0
4957.9,865.4,802.9,200.5,3.58,0.2,16.35,66.3,0
5386.1,779.7,1028.3,79.1,1.38,3.42,22.32,40.5,0
5213.9,780.4,911.0,156.1,3.21,1.77,29.5,52.9,0
6228.5,962.0,824.9,34.8,1.7,8.7,22.93,33.3,0
4766.4,1134.3,541.9,233.1,2.93,2.2,19.31,55.0,0
7681.5,850.3,1179.6,23.4,1.23,5.56,20.56,41.5,0
6000.3,931.0,704.5,110.8,1.34,9.03,20.4,58.7,0
5986.0,865.8,1067.2,133.5,0.68,4.89,18.62,43.5,0
5508.2,1003.5,888.7,191.8,1.88,3.15,19.3,39.5,0
6232.8,707.4,565.4,37.9,1.39,4.58,13.04,38.5,0
7237.6,1015.1,1125.5,111.4,0.37,0.68,16.98,53.1,0
4699.3,1022.1,906.0,78.9,3.46,0.32,18.31,45.8,0
5012.8,1016.5,1143.8,81.8,4.84,5.45,15.49,49.2,0
5544.4,668.0,809.9,189.1,2.27,0.2,20.76,37.3,0
3981.2,766.3,1004.9,11.3,3.33,3.89,22.09,46.8,0
4771.1,847.9,462.2,182.3,0.88,3.71,25.13,50.6,0
5285.7,525.8,740.0,196.4,1.32,8.95,18.26,66.2,0
7311.6,1119.0,569.9,217.3,2.35,5.37,12.36,32.7,0
6393.8,797.5,767.5,154.2,1.85,3.34,26.34,46.6,0
6290.4,856.8,953.8,86.7,1.32,6.4,16.0,38.0,0
7276.3,684.6,717.0,108.3,6.67,4.5,28.15,45.7,1
5793.9,534.6,1040.0,233.0,0.78,1.31,26.08,48.9,0
6585.7,679.2,661.5,212.7,6.36,4.78,18.58,56.4,0
5845.2,843.8,1044.8,116.6,2.36,4.43,18.72,42.8,0
6398.0,934.7,1138.1,226.9,1.85,4.25,15.02,52.7,0
5125.9,832.4,1073.0,199.3,1.46,5.17,10.72,57.0,0
2341.8,869.3,774.3,217.3,0.84,6.71,22.05,36.0,0
5798.6,732.6,382.4,167.1,0.94,4.96,19.28,29.5,0
8134.1,899.2,978.1,207.3,4.22,0.84,24.45,32.9,0
7389.3,1096.6,822.4,215.1,5.96,0.25,25.03,35.9,0
7448.1,941.0,634.8,31.2,1.23,3.09,12.77,44.2,0
7854.2,961.9,727.6,232.0,1.47,2.91,20.16,49.0,0
6133.0,858.8,1165.6,86.7,3.87,4.93,28.49,33.4,0
6296.0,499.4,599.8,111.2,1.12,7.35,15.9,57.9,0
5073.5,591.1,953.0,192.1,0.3,7.95,24.56,60.6,0
5525.9,891.0,898.0,162.9,0.71,2.42,21.35,42.4,0
6923.7,797.8,771.4,215.4,1.18,0.2,21.12,32.7,0
7805.8,888.0,991.8,102.1,1.48,4.17,19.67,53.2,0
5790.8,1135.3,1209.1,95.9,1.15,6.77,14.86,46.2,0
5324.7,945.2,784.9,17.3,1.77,2.93,13.47,37.2,0
6000.8,1051.8,796.5,116.4,1.0,4.16,17.35,60.6,0
6901.8,818.9,986.9,176.5,2.56,3.6,15.4,38.5,0
3834.2,638.6,1052.0,79.3,3.75,7.97,21.96,54.1,0
2555.7,788.4,821.9,116.4,0.8,9.77,28.3,41.2,0
5174.2,639.0,782.8,60.5,1.5,5.68,25.97,52.9,0
4168.9,1111.7,362.1,187.7,1.02,5.73,17.93,39.0,0
5237.8,958.1,678.8,23.9,2.84,0.52,24.6,53.0,0
5778.3,904.1,599.4,172.2,0.76,2.95,23.33,39.0,0
5320.1,1047.2,1000.6,97.2,2.73,6.21,20.84,59.3,0
8178.7,396.0,796.3,19.6,1.42,5.02,26.73,47.3,0
6490.1,917.6,787.7,206.3,5.26,5.28,12.66,32.5,0
6450.7,537.9,848.0,122.2,2.75,0.2,17.26,42.8,0
6933.3,798.5,658.6,147.8,4.06,0.2,23.14,43.8,0
4291.8,737.7,1191.7,178.4,4.1,8.89,21.23,31.9,0
7558.7,932.3,1135.6,160.7,1.13,3.63,17.32,54.6,0
5886.4,845.6,1206.0,178.1,2.24,0.2,14.48,51.2,0
7005.7,1069.0,1000.4,185.3,3.62,3.69,13.96,30.8,0
4392.2,679.6,843.5,145.5,2.64,0.42,19.4,49.9,0
3669.4,941.8,1205.2,94.1,0.3,1.12,22.8,34.9,0
7226.8,832.4,700.2,65.9,0.52,2.14,25.18,42.6,0
6564.6,472.9,658.3,217.7,1.06,0.41,15.78,39.4,0
4646.9,616.3,717.7,233.1,0.43,0.2,18.85,41.9,0
4695.5,770.0,965.0,92.3,5.47,5.9,16.2,39.1,0
7688.2,1022.5,682.3,35.8,5.3,2.54,21.73,54.8,0
4215.9,892.7,815.8,61.2,0.83,6.38,22.33,51.8,0
8464.0,566.5,497.6,164.3,1.85,4.09,16.45,48.9,0
4649.1,771.9,955.8,49.8,0.82,0.2,14.61,39.3,0
6957.6,1203.6,516.2,189.4,2.41,3.93,27.02,49.4,0
5507.1,822.2,644.9,222.3,1.12,7.54,20.15,45.0,0
6904.8,734.5,1117.8,231.6,1.26,3.75,20.38,44.8,0
5183.8,898.3,1109.7,12.1,5.86,2.19,15.22,49.2,0
5755.8,952.7,932.3,230.4,2.31,0.39,19.33,47.1,0
6061.4,708.8,910.6,180.2,3.56,2.56,17.19,57.3,0
4496.7,900.5,733.2,29.3,3.01,1.09,17.62,51.8,0
7111.2,734.2,680.0,105.5,2.16,2.81,16.15,56.2,0
5230.2,943.9,770.3,171.0,0.8,0.2,24.56,40.0,0
5657.1,833.9,517.0,230.0,0.3,0.96,17.16,61.2,0
4508.5,896.4,905.5,47.8,1.53,5.49,23.42,43.2,0
2156.5,648.2,860.7,39.4,1.18,4.36,15.1,56.1,0
5713.5,635.7,644.6,118.6,0.44,3.17,25.57,51.4,0
9618.9,989.1,1195.1,232.7,1.9,0.83,20.61,48.6,0
7176.9,784.1,983.5,233.4,0.84,8.11,22.64,46.2,0
5971.1,857.0,1002.2,62.4,5.49,9.44,13.23,64.4,0
5605.7,738.7,742.8,83.4,1.71,0.9,22.52,61.6,0
6033.7,979.7,849.7,218.8,0.3,6.16,28.73,47.2,0
6820.7,678.4,988.0,179.0,2.45,1.04,20.66,47.2,0
4228.8,772.9,883.6,233.6,2.56,5.33,30.21,38.4,0
7671.5,957.2,1202.4,215.4,1.92,0.2,12.78,36.3,1
7073.1,1034.6,805.2,59.5,2.9,2.46,16.11,42.0,0
7077.3,695.2,739.0,184.7,1.73,4.48,21.68,45.0,0
6657.7,1191.9,989.5,21.2,1.05,4.97,16.12,52.9,0
6029.4,862.6,571.8,198.1,3.36,1.45,28.62,63.4,0
7009.3,591.4,1053.3,148.4,0.58,5.48,15.73,26.4,0
6887.7,873.8,563.8,229.9,2.94,3.79,22.98,34.2,0
5468.9,723.4,990.5,230.8,0.76,0.33,17.19,49.3,0
5139.6,886.8,707.4,21.7,4.25,1.17,12.15,31.6,0
6152.8,791.4,954.8,46.9,1.11,8.11,19.41,56.4,0
8323.5,814.9,1049.6,121.4,1.23,4.46,18.59,53.6,0
4141.3,617.7,883.8,212.3,0.51,2.91,21.6,51.8,0
3798.7,998.0,586.1,197.3,1.72,0.2,23.36,32.9,0
6247.1,568.8,652.7,231.8,1.74,2.57,17.08,35.9,0
6076.3,578.2,689.7,152.2,6.45,4.49,23.44,55.2,0
6260.0,873.5,433.1,69.0,3.59,4.97,20.18,27.9,0
6365.9,1120.6,1098.0,15.8,0.97,4.31,16.6,48.1,0
5665.2,729.5,874.2,61.3,2.1,2.29,17.23,39.0,0
8234.8,940.2,600.2,165.3,1.41,0.2,20.09,34.2,0
3598.6,1014.7,1170.2,223.0,0.91,3.76,21.79,43.3,0
4757.3,962.9,695.7,83.8,1.05,3.9,19.52,69.6,0
5845.1,737.8,905.1,211.4,1.23,1.81,19.05,48.1,0
3535.2,581.8,668.4,100.8,1.75,3.47,16.89,51.6,0
5736.2,358.5,406.0,80.9,1.23,4.25,20.24,42.5,0
8492.2,747.4,549.8,127.0,0.3,4.82,20.9,54.4,0
6031.3,1035.6,751.3,111.7,1.5,6.04,27.73,56.4,0
6346.1,575.2,1047.6,220.2,1.71,0.2,16.13,45.0,0
4109.8,940.0,926.2,117.7,3.11,5.15,25.12,39.0,0
5075.5,610.0,880.8,73.8,0.77,0.2,22.92,48.9,0
5437.2,821.2,407.8,203.8,2.38,1.37,19.45,53.1,0
5523.4,941.6,1129.4,239.7,5.99,6.71,27.53,49.7,0
7922.5,668.1,899.2,159.1,1.06,0.9,19.55,41.5,0
6836.5,834.1,823.7,67.6,1.74,6.2,21.01,51.4,0
4332.8,717.0,1099.1,64.9,5.11,2.51,18.49,43.0,0
6369.8,941.0,1124.4,23.3,1.67,7.76,22.65,58.4,0
6747.3,847.1,1104.0,27.8,0.55,0.57,19.98,45.6,0
7710.2,811.3,795.6,220.4,1.55,3.77,16.38,31.3,0
8370.8,1111.7,629.2,32.2,4.91,0.2,21.58,52.4,0
4477.4,932.5,1067.6,121.4,5.27,4.23,26.34,47.7,0
4783.7,661.9,549.7,170.6,3.26,0.2,17.57,43.0,0
4113.6,782.8,1278.4,205.6,2.57,3.36,23.47,44.7,1
5649.0,784.8,856.2,49.4,1.3,1.8,17.58,33.5,0
6699.5,816.1,616.6,110.7,1.42,8.51,21.57,36.9,0
7481.0,1304.9,579.0,67.8,0.8,2.86,22.16,39.5,0
5886.1,874.2,568.9,68.8,0.69,8.18,24.96,51.6,0
5520.2,392.8,880.9,79.9,2.74,1.48,16.75,50.5,0
6227.6,691.4,848.6,145.0,1.4,0.2,19.15,33.5,0
4747.3,413.5,578.1,13.8,2.7,5.9,17.8,43.2,0
9134.3,734.0,771.6,104.0,0.45,0.94,22.86,46.5,0
3588.5,402.5,549.1,53.0,1.13,6.79,22.57,52.7,0
6277.1,625.7,979.6,232.4,0.37,3.64,20.77,22.5,0
9035.4,495.9,838.0,144.0,4.4,5.5,19.7,32.3,0
6010.2,876.8,766.8,209.7,2.85,6.23,23.54,39.0,0
5714.9,800.1,566.6,55.0,1.69,9.55,14.98,22.9,0
5463.8,860.6,784.0,196.3,4.04,6.66,20.56,56.6,0
5729.4,779.1,758.8,105.4,0.79,4.48,24.1,47.4,0
8059.3,521.1,919.9,50.9,4.05,6.17,14.56,51.4,0
2682.2,902.7,886.7,185.1,0.3,5.9,18.35,39.5,0
8300.2,1184.4,1024.3,185.3,2.2,5.25,18.2,47.5,0
3864.1,881.8,743.4,239.1,0.44,9.07,18.4,47.3,0
5600.0,714.8,440.7,189.6,1.94,3.43,27.11,41.6,0
5356.1,514.4,1068.0,43.4,1.23,4.38,11.55,54.5,0
6882.8,618.4,644.1,84.2,1.5,2.55,18.19,49.2,0
3602.8,890.6,606.5,113.9,4.33,10.91,22.17,46.9,0
6693.3,1014.6,840.5,39.1,3.96,3.22,23.23,42.7,0
9036.5,852.2,916.5,191.2,3.88,4.88,24.24,38.6,0
3955.2,960.0,733.2,131.1,4.92,1.61,14.28,45.4,0
6284.6,941.5,731.5,227.2,1.56,2.96,24.79,48.9,0
5007.0,901.3,764.0,145.5,1.68,6.54,24.43,44.4,0
6638.8,668.3,1161.6,130.3,1.39,3.68,16.89,58.1,0
6028.7,834.8,849.4,26.4,1.77,6.95,16.36,41.6,0
5037.8,630.3,637.0,44.3,6.75,6.06,15.18,51.6,1
6731.8,803.5,639.3,205.4,2.65,3.74,11.07,34.1,0
8706.5,866.2,794.8,237.9,0.86,1.78,27.96,39.6,0
5713.6,1135.8,902.3,105.5,0.41,4.75,20.23,32.3,0
7079.6,538.1,956.5,196.3,0.32,4.75,12.84,40.4,0
4060.1,896.3,877.3,154.3,0.5,4.04,10.93,56.5,0
4565.3,1096.2,664.8,230.6,1.91,4.75,16.01,35.3,0
6708.6,951.8,756.7,64.8,0.78,2.25,18.15,58.4,0
8226.2,966.6,1011.5,135.3,1.99,5.66,22.83,41.5,0
6533.4,917.5,597.9,104.0,0.54,5.06,24.11,34.8,0
5530.4,1059.7,747.5,134.6,1.82,2.09,21.1,44.4,0
5998.9,582.5,981.4,71.8,0.66,2.81,20.24,43.8,0
4124.4,522.8,1042.6,124.5,0.79,3.86,21.12,45.7,0
6906.8,798.7,807.6,153.7,1.68,2.84,24.94,32.5,0
7323.5,367.8,759.5,28.7,1.08,2.06,20.29,44.2,0
5321.9,1046.1,559.1,180.9,2.88,6.6,21.93,31.4,0
5294.9,1044.1,965.6,172.5,2.84,6.23,15.37,40.9,0
6398.8,713.3,1140.1,212.5,1.85,5.52,20.75,38.3,0
5344.9,725.8,1414.3,107.9,3.85,1.07,17.96,37.2,0
5900.8,785.5,935.0,24.2,0.77,8.63,21.5,51.8,0
9149.6,810.4,838.8,116.1,0.64,4.8,18.55,57.3,0
5629.5,825.4,647.6,41.7,0.37,3.69,21.46,47.6,0
5462.5,911.6,436.7,158.9,1.96,6.08,16.84,35.9,0
5028.7,765.5,888.9,20.8,0.49,3.71,15.93,43.5,0
7116.3,988.6,1367.1,96.0,1.17,0.2,16.68,55.7,0
5728.2,889.2,1129.6,29.1,0.88,4.66,16.9,51.0,0
5025.9,678.6,1095.6,10.8,0.42,6.73,21.18,65.9,0
7982.0,1067.0,904.0,230.9,1.21,4.96,23.04,32.8,0
8129.4,528.3,929.1,239.1,0.96,0.2,20.53,36.3,0
5099.4,781.6,316.8,137.8,1.36,6.13,20.46,52.3,0
3200.2,993.4,1017.8,65.0,1.92,4.68,20.46,47.0,0
7511.3,655.4,722.5,219.6,0.92,4.85,24.33,35.9,0
4973.1,861.9,695.6,222.3,2.4,0.2,15.76,38.5,0
7185.9,908.7,778.9,206.5,0.63,2.61,20.96,46.7,0
3044.8,627.9,771.5,135.2,4.66,1.25,20.67,47.5,0
7338.9,785.5,692.1,27.2,1.41,6.26,23.52,49.5,0
4183.2,768.7,853.1,30.3,3.84,5.18,16.82,61.1,0
7096.1,689.7,727.2,216.2,2.06,2.42,26.33,62.1,0
6021.4,1260.3,872.1,211.4,2.35,2.13,19.57,35.8,0
4569.1,647.4,522.8,109.9,0.3,3.21,15.13,50.4,0
5389.4,1001.0,802.9,85.5,4.16,4.72,17.93,40.2,0
7029.5,721.4,608.8,158.1,2.76,6.22,22.83,58.5,0
6158.8,582.7,708.9,195.6,7.06,1.72,19.21,40.6,0
6876.6,820.6,881.5,178.3,1.77,4.9,17.14,34.3,0
8964.7,929.8,497.1,151.6,3.37,3.08,25.49,54.6,0
3653.6,984.1,669.1,63.2,3.06,0.2,22.24,57.0,0
8425.8,1112.5,975.2,70.4,2.91,2.67,19.07,37.7,0
6156.5,1389.0,539.1,176.5,2.76,5.0,20.96,54.3,0
4651.8,850.1,1241.1,194.6,0.77,1.96,23.6,35.7,0
4004.5,667.4,1115.0,36.7,1.69,4.87,24.72,39.0,0
5716.3,890.6,741.2,53.1,0.75,5.74,17.7,27.9,0
7382.5,746.8,676.8,166.5,1.99,6.88,23.0,53.2,0
5808.7,985.2,894.4,99.5,2.21,1.34,27.6,48.3,0
8266.7,540.6,531.6,139.6,0.55,6.94,17.53,41.0,0
3823.2,1273.7,409.5,151.4,0.83,4.08,21.61,42.0,0
5981.9,971.2,748.9,188.5,1.29,0.2,21.9,46.6,0
4121.4,463.2,820.5,195.3,0.75,3.4,19.38,46.4,0
6545.4,658.2,870.8,74.4,0.89,3.26,16.48,49.1,0
7330.3,963.2,714.8,134.5,2.17,2.65,16.47,35.4,0
5368.9,1035.3,1130.3,38.4,1.35,0.9,19.17,50.7,0
2093.7,545.6,521.1,203.7,2.89,4.6,16.73,45.5,0
6298.4,942.6,599.6,204.5,1.32,3.85,14.38,31.5,0
6655.1,410.5,957.1,78.9,2.36,2.62,15.05,62.2,0
6606.4,782.1,594.4,46.9,0.89,1.61,17.91,36.1,0
7853.7,1022.4,585.9,26.1,1.29,0.2,19.28,36.2,0
4393.4,689.7,877.1,142.2,1.98,7.87,17.66,37.5,0
7020.3,498.6,618.2,31.0,1.67,3.33,16.39,38.9,0
7788.8,829.2,820.7,166.5,0.38,5.98,23.97,37.1,0
3332.1,679.1,696.0,166.0,1.5,6.79,15.61,40.8,0
6479.5,925.9,660.4,151.2,2.71,6.6,20.08,50.9,0
5243.7,622.9,387.5,211.6,1.69,5.68,24.76,46.4,0
5877.7,645.5,880.7,97.0,0.54,4.56,20.55,36.2,0
6521.5,395.8,575.6,217.5,3.09,0.2,29.0,50.4,0
5269.2,834.0,813.0,18.5,0.3,7.94,21.98,56.0,0
4986.4,767.8,737.3,35.9,2.33,1.15,19.03,42.1,0
6051.2,562.3,804.6,104.8,0.79,7.73,18.1,43.7,0
4369.1,838.8,817.1,146.6,1.86,3.26,22.79,41.4,0
4371.3,1005.4,892.6,17.4,0.41,6.47,22.42,36.7,0
7019.1,756.9,689.9,140.5,1.8,6.13,22.02,25.3,0
4276.8,853.6,1123.4,80.7,4.56,4.9,17.31,42.2,0
6999.5,854.7,443.6,214.0,1.31,4.89,18.83,71.2,0
6693.9,559.1,800.1,132.7,1.62,3.55,14.41,42.4,0
3411.3,1211.3,1034.0,145.2,2.17,4.11,19.61,34.5,0
4983.7,705.8,954.9,227.5,1.4,4.1,21.41,50.7,0
7791.2,931.2,635.5,185.8,4.16,4.41,17.31,43.3,0
4528.3,953.8,672.2,110.8,0.43,3.67,18.47,50.4,0
5303.4,772.1,628.5,119.7,1.69,0.67,18.78,48.6,0
6693.1,921.4,981.8,159.0,2.32,2.95,21.35,42.7,0
7175.1,849.2,687.2,56.0,2.2,5.07,15.33,46.1,0
5622.7,516.5,906.1,30.4,1.04,3.67,17.71,58.7,0
5103.7,733.5,908.1,81.6,3.75,4.02,14.83,43.7,0
8133.6,677.5,1371.0,189.0,3.01,2.48,18.82,58.2,0
8608.3,707.7,918.9,69.2,0.71,5.43,21.27,49.7,0
7468.3,539.2,671.5,40.1,3.82,5.56,22.05,53.2,0
6128.0,1025.3,528.8,60.4,0.52,0.2,22.43,51.4,0
4787.6,1120.4,789.3,166.2,1.47,0.2,18.12,42.6,0
4754.3,995.6,823.8,151.2,2.78,3.55,24.08,56.9,0
6783.8,1054.1,363.6,168.3,0.67,5.26,27.41,49.1,0
6627.6,731.1,693.0,84.1,3.18,4.75,19.01,40.4,0
8102.4,672.7,915.4,217.2,1.34,3.65,20.37,33.3,0
6975.7,644.3,732.9,113.9,2.56,6.08,18.97,52.0,0
3745.4,928.8,1063.1,128.2,3.52,5.51,18.55,31.0,0
7577.9,845.4,507.2,228.2,1.28,3.5,17.39,37.5,0
4502.9,784.6,998.9,235.2,3.78,3.65,22.0,33.8,0
5424.0,1059.0,1051.1,162.2,1.38,0.73,24.59,52.7,0
6375.3,881.0,1060.4,227.3,4.9,4.25,14.76,49.2,0
8993.5,632.3,505.5,134.5,0.36,5.4,22.34,47.7,0
10664.9,663.8,919.2,80.7,1.76,2.2,16.65,47.2,0
6910.1,936.4,702.9,82.5,3.06,4.1,21.53,46.4,0
5725.2,1008.3,540.6,138.6,2.37,4.84,21.37,59.9,0
6801.8,910.3,758.9,149.2,0.94,6.18,21.94,32.9,0
7331.5,1179.4,650.9,111.1,5.16,3.23,21.17,56.5,0
5519.0,1127.0,1052.6,213.3,0.98,1.85,18.78,44.1,0
8692.8,888.2,962.9,108.1,2.91,3.16,19.32,60.7,0
6345.1,632.3,596.5,72.9,1.46,4.73,25.44,49.7,0
6746.6,538.0,690.7,11.8,1.48,4.59,20.45,53.7,0
6998.9,722.5,766.2,233.2,3.92,0.2,22.44,48.1,0
6632.4,950.6,834.1,199.6,1.23,3.15,18.88,36.2,0
7258.4,1165.3,1071.4,151.6,1.41,1.44,19.87,45.6,0
5074.1,883.5,1002.0,201.0,0.72,4.08,24.18,45.7,0
5162.5,1033.7,861.3,196.4,3.2,4.89,16.29,50.7,0
4349.8,750.9,792.7,224.3,0.82,6.55,20.06,51.1,0
6659.3,924.6,459.9,98.8,4.97,7.15,19.33,54.6,0
7168.4,964.7,1134.2,137.6,3.99,5.24,24.82,50.4,0
6686.7,404.1,751.6,32.7,2.43,2.97,26.63,44.2,0
8511.7,717.3,1192.1,232.0,0.41,2.72,22.89,37.1,0
5991.6,989.9,893.1,236.6,0.9,5.16,25.73,51.9,0
7003.1,854.9,1295.6,191.5,4.46,5.91,16.0,34.4,0
4362.4,560.7,983.4,114.4,0.92,0.96,9.15,49.0,0
5419.4,314.0,535.0,124.2,1.11,9.96,21.69,54.4,0
7043.3,726.8,714.8,110.1,1.8,5.07,23.18,48.8,0
7273.7,785.7,812.8,77.5,2.26,6.1,18.55,37.5,0
5559.0,623.2,657.8,131.4,1.62,5.16,17.68,43.6,0
5892.6,828.6,767.0,22.3,4.15,1.38,21.34,45.4,0
3723.2,901.3,549.3,238.1,3.64,2.9,25.57,44.8,0
5464.5,934.1,851.3,107.5,1.04,2.06,21.29,48.0,0
7335.6,328.8,902.2,223.3,1.31,0.2,23.77,52.1,0
6862.8,537.1,629.1,176.6,1.8,0.94,23.53,42.3,0
6751.0,739.1,1276.9,76.7,2.94,8.4,22.15,50.9,0
6074.7,914.4,864.0,61.1,1.04,3.46,24.76,49.7,0
6010.6,897.8,670.3,239.0,2.15,6.17,17.56,53.3,0
5009.5,894.4,491.5,187.6,3.11,2.59,17.65,41.5,0
7048.2,723.3,863.2,67.4,1.25,2.21,17.74,47.0,0
6631.5,734.5,792.7,25.5,3.72,7.73,21.08,41.2,0
6738.0,654.3,1022.3,170.3,1.69,3.54,25.28,43.7,0
5210.9,953.6,818.5,79.7,2.44,3.44,22.76,40.8,0
2770.0,615.9,587.4,60.9,3.01,4.66,9.87,38.6,0
7645.7,970.0,1217.6,179.0,0.59,5.58,32.1,58.3,0
5281.7,841.6,945.8,166.2,2.45,2.66,21.94,49.4,0
4705.8,791.0,794.1,120.7,1.49,0.2,25.11,36.1,0
7040.2,668.7,886.2,226.8,1.16,6.89,22.01,43.8,0
5412.0,528.9,954.3,166.3,3.96,5.07,14.85,36.3,0
7589.9,670.5,535.7,215.5,4.87,1.79,22.42,45.8,0
6925.5,734.0,884.7,53.8,3.2,3.6,15.53,42.9,0
7025.4,326.2,751.0,78.2,0.87,7.31,21.66,46.3,0
3951.1,760.5,961.6,34.0,0.3,7.95,22.24,28.1,0
7817.9,984.9,687.2,80.1,2.55,3.17,24.28,30.2,0
6391.9,913.4,717.0,233.5,4.45,7.74,18.72,43.8,0
5446.1,700.8,1215.8,231.5,1.57,4.0,10.65,52.1,1
6215.1,809.4,1120.8,184.9,1.99,2.16,19.37,45.7,0
3335.6,688.8,150.0,129.8,5.12,2.68,22.91,38.1,0
6613.0,829.8,1104.5,189.6,4.68,8.44,20.47,36.9,0
4455.9,1108.0,833.8,137.3,1.97,5.45,20.13,56.2,0
3971.0,993.7,694.2,10.8,2.62,1.63,18.77,36.5,0
3716.5,904.2,628.4,125.4,1.85,6.58,23.42,47.4,0
7669.0,701.4,641.2,147.8,0.79,6.67,26.26,34.2,0
5056.1,950.0,700.4,71.1,1.39,2.96,19.64,42.6,0
8300.6,462.6,602.0,56.8,1.71,5.17,23.46,52.5,0
5196.3,749.5,552.0,73.0,1.59,7.54,24.12,32.9,0
3439.0,916.7,621.1,153.4,0.8,1.1,17.12,37.7,0
4325.2,948.1,921.1,43.6,0.96,0.2,16.79,54.8,0
7853.7,934.0,861.0,175.7,0.69,2.32,24.66,57.1,0
5766.2,859.0,972.3,107.2,3.47,0.2,17.31,55.1,0
5177.6,760.9,835.4,91.3,4.53,0.89,19.21,48.5,0
6240.0,907.6,562.5,195.7,2.07,6.86,21.82,29.1,0
6752.7,609.4,958.8,126.4,0.3,1.88,16.57,38.0,0
7676.1,631.1,629.0,97.0,0.37,3.83,19.62,49.0,0
8172.7,812.3,992.3,212.0,2.43,5.81,21.64,35.1,0
5460.3,834.6,593.5,94.7,1.55,6.96,12.74,35.1,0
4010.9,434.9,698.8,207.6,0.3,4.87,20.61,55.8,0
5379.8,891.0,770.5,126.0,3.88,0.2,14.73,36.5,0
6390.4,954.5,998.4,57.8,1.56,3.87,18.34,59.4,0
4554.4,784.5,888.7,150.9,1.13,5.92,19.55,51.2,0
4564.3,1274.9,854.4,75.6,1.95,4.42,11.76,50.5,0
6515.7,663.4,1264.8,43.8,1.48,5.37,18.66,45.1,0
5927.0,727.8,445.9,29.9,0.71,2.32,14.35,67.0,0
6049.2,721.0,621.6,65.6,2.17,4.24,14.32,49.4,0
4862.3,784.8,612.1,179.4,1.37,5.65,19.98,42.2,0
5654.4,734.3,460.5,202.7,0.3,7.56,24.17,43.7,0
4613.7,518.6,691.7,208.2,2.14,2.4,23.16,48.0,0
7335.3,690.7,1001.3,72.1,0.83,2.35,17.33,47.6,0
7552.9,780.5,719.8,162.0,2.94,7.96,15.46,48.3,0
3230.7,1045.7,776.7,63.0,1.67,3.16,19.28,48.8,0
4605.7,1240.4,471.0,153.2,1.67,4.56,23.13,49.7,0
3755.2,1067.1,674.8,214.1,0.59,4.66,21.89,30.5,0
5025.0,644.9,748.4,19.4,2.52,3.99,16.01,49.2,0
5874.8,660.8,991.3,236.6,1.75,8.86,18.3,55.4,0
3825.5,768.1,481.5,200.2,2.48,3.43,16.97,45.8,0
4617.2,1156.9,749.9,185.2,1.42,5.98,9.02,47.2,0
4494.1,766.9,1089.1,169.0,0.54,2.96,24.39,45.8,0
6310.9,534.5,752.1,187.2,3.46,8.66,22.25,45.1,0
6104.0,699.8,384.6,238.8,3.2,1.95,26.06,49.6,0
4917.4,951.4,1131.4,187.1,1.0,5.55,25.5,45.3,0
6265.2,938.0,1011.7,90.9,1.23,0.2,20.71,45.3,0
5180.0,760.0,1041.3,151.2,0.53,3.27,24.11,42.5,0
5592.5,936.7,466.4,87.5,0.54,5.39,19.0,38.1,0
8510.2,345.4,1182.7,233.1,1.91,0.37,21.31,31.0,0
8010.7,820.8,679.9,217.0,2.37,3.07,17.9,43.0,0
4050.6,972.1,737.9,140.6,2.23,12.0,20.07,41.4,0
7244.6,633.4,695.4,189.7,2.47,1.33,22.39,60.0,0
7217.1,632.7,1058.3,219.2,4.45,4.68,22.61,49.7,0
4277.6,426.7,810.4,66.0,1.44,0.33,10.82,43.6,0
7228.2,1118.0,956.0,143.3,3.59,1.29,23.44,47.1,0
8306.9,656.0,866.7,120.8,5.43,5.07,15.2,46.9,0
4316.2,848.2,829.1,187.5,0.51,3.44,17.91,53.0,0
4623.7,920.8,641.7,97.2,2.16,1.97,12.99,40.8,0
7526.5,1102.4,1248.7,173.1,1.61,2.83,17.42,51.0,0
6407.2,769.2,528.1,102.7,0.99,6.77,25.58,38.0,0
6827.2,692.1,940.7,35.5,1.23,3.43,21.51,42.8,0
6510.9,834.6,932.9,34.6,0.3,5.44,20.56,36.2,0
6586.0,1056.8,1104.0,37.4,0.59,0.2,27.75,32.9,0
4010.3,766.0,1155.4,17.5,2.45,2.64,17.18,63.2,0
7571.0,609.0,819.8,132.6,2.58,2.93,20.96,48.3,0
7754.4,491.8,966.7,164.5,1.66,2.15,24.77,45.8,0
5655.9,555.7,1238.3,39.1,2.78,3.68,23.66,39.8,0
5934.8,972.9,835.7,150.7,1.33,3.23,22.62,54.5,0
3703.3,735.9,615.4,147.5,1.38,5.82,24.52,48.0,0
6771.4,678.5,765.4,43.8,1.32,6.77,23.61,43.5,0
6858.1,656.8,563.0,102.9,1.24,2.45,22.59,34.3,0
5906.7,817.0,931.8,183.7,0.84,7.0,15.18,55.8,0
7686.5,752.1,1084.2,13.9,1.22,2.18,20.29,44.2,0
5498.9,745.4,823.4,43.8,2.98,4.3,24.3,38.9,0
6846.9,1069.9,493.4,239.0,3.38,0.67,17.27,43.0,0
4470.5,1107.6,1074.8,178.7,0.35,3.29,17.26,60.0,0
5964.7,478.0,459.2,116.7,3.52,7.82,20.27,54.4,0
5738.5,865.5,509.9,154.9,0.86,4.36,24.3,42.1,0
6338.0,644.6,810.8,204.6,1.31,3.36,16.74,68.9,0
5445.7,750.3,905.4,203.7,2.02,0.2,17.13,46.8,0
5802.8,861.9,942.9,84.7,5.97,3.84,12.6,31.8,0
7239.1,757.5,835.4,123.0,1.14,4.24,16.82,45.7,0
5344.9,846.1,1237.2,156.8,3.83,2.81,23.15,40.5,0
3590.1,934.6,864.3,26.5,0.81,3.17,16.79,50.7,0
8624.4,858.9,1077.6,227.5,0.41,3.74,15.79,44.9,0
8072.2,670.6,1023.1,109.5,3.21,4.08,18.57,39.2,0
4061.6,674.2,565.6,95.3,1.43,3.55,18.49,49.6,0
7034.6,512.1,812.7,218.6,3.78,6.93,23.22,31.8,0
5245.5,629.2,1317.1,37.2,4.22,1.41,15.09,47.1,0
6395.2,1192.4,739.0,19.0,0.82,7.86,13.66,66.2,0
6441.3,641.6,701.6,167.6,0.8,3.34,24.48,55.3,0
5648.4,561.3,887.5,98.6,1.68,5.34,21.97,34.5,0
4824.4,864.0,746.9,185.8,3.73,6.66,15.19,58.3,0
4964.2,777.9,675.4,25.8,3.25,4.48,24.58,46.3,0
4625.7,760.9,743.7,98.3,0.64,3.92,12.07,39.3,0
4752.3,1081.8,1165.0,64.1,0.99,4.37,23.68,45.7,0
5899.2,909.8,819.9,180.1,1.98,0.2,24.49,55.1,0
4926.4,694.0,557.8,62.2,0.3,0.2,26.08,40.3,0
7023.1,715.1,517.4,115.3,0.32,5.89,15.23,31.4,0
8230.9,699.5,1335.5,198.3,3.89,3.18,19.87,37.2,0
5129.9,974.9,800.9,220.5,0.92,1.87,14.07,45.8,0
6359.1,738.4,945.6,176.2,1.8,4.55,25.68,36.5,0
6749.5,441.4,680.3,108.7,0.68,3.61,22.68,46.5,0
6708.0,790.3,920.6,141.6,4.43,0.77,20.34,41.5,0
6113.9,492.6,1171.1,168.6,1.34,6.37,16.88,34.4,0
7114.0,1236.8,706.5,211.2,1.64,6.83,19.13,49.7,0
6723.4,606.9,950.9,214.4,1.64,4.53,20.12,49.3,0
4143.5,767.6,540.7,224.1,0.85,4.41,24.81,47.8,0
7303.7,851.6,1295.0,196.5,2.22,3.97,22.86,29.0,0
7330.9,742.3,909.1,43.8,4.07,4.3,18.66,34.3,0
4855.1,742.0,759.2,182.0,6.07,4.87,16.85,50.9,0
6056.9,884.4,784.5,197.4,0.64,2.83,21.81,42.5,0
7025.0,1105.2,737.8,211.9,1.53,6.01,23.39,51.7,0
5686.0,953.5,749.0,222.7,0.3,4.43,24.29,36.5,0
7609.5,1095.7,311.6,127.1,0.48,5.93,16.54,35.5,0
9545.8,590.7,828.4,160.7,1.97,7.15,18.65,40.3,0
4821.0,863.5,819.2,12.2,1.99,4.09,22.75,44.9,0
3928.4,831.0,957.5,141.7,1.07,4.83,17.55,49.0,0
6455.7,870.2,734.9,118.8,1.22,5.61,21.11,46.4,0
7082.3,1075.2,680.4,231.3,0.43,4.18,20.5,49.4,0
5653.7,755.8,848.3,217.4,2.37,3.14,17.44,49.5,0
8179.9,718.9,495.3,193.4,0.75,4.46,25.53,39.2,0
3992.1,906.8,881.6,23.1,6.09,7.25,19.86,56.1,1
7039.4,444.4,440.4,102.5,4.42,0.2,17.13,39.7,0
5091.2,752.6,1096.6,170.1,1.01,5.87,23.77,36.2,0
8579.1,773.2,1000.5,16.8,0.81,4.39,26.54,47.7,0
8988.8,615.9,646.2,64.2,2.93,2.7,20.31,42.5,0
4850.0,1011.4,995.5,214.1,1.03,6.17,16.73,56.6,0
5175.7,587.6,874.5,39.8,0.3,0.99,14.58,42.1,0
7289.4,772.8,628.0,21.8,2.84,3.0,19.71,38.2,0
5419.3,858.6,405.0,143.5,1.71,7.28,29.83,41.0,0
5931.9,1070.7,919.6,227.7,1.91,0.2,22.09,47.5,0
6038.1,797.9,675.3,202.0,0.86,5.25,17.24,48.1,0
3120.5,987.2,1090.9,234.2,7.66,7.6,19.21,35.7,1
5979.2,940.1,853.1,183.3,5.39,6.76,16.7,46.4,0
4965.4,824.7,696.1,110.6,0.3,5.0,21.18,40.9,0
5260.3,582.1,1245.5,227.7,1.11,1.6,13.75,43.5,0
8165.4,513.1,976.8,108.1,0.65,6.23,21.48,42.8,0
4115.2,821.3,150.0,90.5,2.05,2.43,20.04,48.4,0
7219.8,691.5,743.0,113.1,2.57,3.61,26.32,51.3,0
5581.6,983.9,545.5,197.2,7.58,3.87,22.07,45.3,0
5580.4,949.2,674.0,221.1,4.27,0.92,23.95,58.1,0
7185.6,763.1,818.2,92.3,1.28,7.23,22.96,58.1,0
6510.1,568.5,927.9,116.3,4.52,3.77,20.85,49.6,0
6855.9,902.1,907.5,216.6,1.3,3.82,22.34,53.0,0
7452.3,596.4,1087.1,20.8,2.23,2.47,20.9,35.5,0
5503.0,648.3,990.1,190.3,0.65,2.23,15.33,44.6,0
5081.6,604.1,976.4,114.5,0.96,5.54,22.23,32.9,0
4372.3,772.3,894.3,96.6,0.81,5.61,19.19,44.9,0
4761.9,1034.0,1133.1,112.8,1.72,11.43,26.62,41.2,0
10423.6,799.0,780.4,106.3,2.66,3.22,16.81,44.9,0
7867.0,711.4,786.1,184.0,1.59,2.94,14.56,40.6,0
3973.4,494.9,430.8,223.4,3.5,6.77,23.26,43.6,0
4016.3,910.4,1082.4,123.0,2.02,6.1,10.46,49.0,0
6722.8,643.9,833.1,201.5,3.26,3.28,23.76,37.7,0
6820.9,823.5,1495.4,178.3,1.3,4.88,23.87,45.5,0
6823.3,729.2,760.8,86.1,0.51,7.9,18.67,48.5,0
5617.6,967.6,869.5,145.1,1.18,1.02,18.95,41.3,0
5811.8,768.6,970.2,163.4,1.35,2.14,15.76,35.0,0
6491.8,788.2,607.6,15.4,1.69,5.07,17.02,45.8,0
6128.8,897.1,928.9,101.1,3.77,2.31,20.88,52.7,0
2671.0,1221.4,857.6,238.3,2.46,2.43,22.37,49.1,0
5655.3,977.7,783.2,156.6,1.65,7.07,18.58,39.2,0
4722.9,782.3,1108.0,86.9,1.14,5.03,18.2,40.7,0
6262.8,800.6,651.2,67.5,0.63,3.86,20.8,40.2,0
10477.9,695.0,910.5,58.2,1.32,2.06,23.03,32.6,0
6551.2,610.0,1170.0,102.4,5.87,4.92,20.35,62.1,0
5529.7,689.4,694.5,54.5,0.47,6.93,21.69,47.0,0
7382.7,645.6,784.7,41.1,1.4,0.77,19.17,53.0,0
6724.0,930.7,1366.0,93.7,1.53,0.95,12.56,44.0,0
6630.1,585.8,954.4,149.6,1.18,5.7,23.45,33.0,0
6910.3,1066.6,738.6,43.7,1.55,2.6,10.72,51.1,0
9084.8,950.4,1026.6,20.2,0.91,1.98,16.05,58.8,0
4303.7,804.1,725.0,18.0,4.15,2.3,20.68,36.1,0
6710.4,800.1,505.7,71.5,0.65,5.89,17.34,30.9,0
4610.4,688.5,1151.9,53.7,0.85,5.81,20.26,47.1,0
6833.3,854.0,607.3,134.0,0.93,4.99,25.43,63.7,0
4622.0,1017.6,1389.4,114.8,0.65,2.93,13.62,45.8,0
5373.9,659.4,742.3,84.7,1.22,1.96,20.85,38.0,0
5557.4,493.3,1319.3,201.7,3.49,2.49,13.37,57.0,0
7463.7,940.6,548.9,126.1,0.48,1.78,18.89,43.3,0
7377.7,864.9,1075.6,31.1,2.26,3.02,17.12,40.4,0
4131.4,576.0,959.9,78.0,1.66,4.09,14.01,50.1,0
6082.4,653.3,1034.3,233.9,2.76,5.85,25.21,53.7,0
4935.6,628.2,1063.0,234.7,1.52,4.09,21.14,30.8,0
4112.2,655.1,740.5,68.6,3.24,3.58,25.46,49.4,0
5674.5,735.3,562.1,48.5,1.49,8.25,16.76,35.3,0
5537.3,746.7,838.8,124.0,0.37,0.2,24.29,36.1,0
9640.1,669.8,899.1,120.7,1.78,5.61,21.89,51.8,0
6649.4,648.4,746.2,104.3,2.81,5.31,14.72,43.2,0
3933.6,754.2,911.1,131.8,0.32,5.34,15.74,37.5,0
5152.8,833.5,922.5,63.4,2.37,6.32,15.62,53.3,0
7532.1,736.7,649.8,36.4,1.31,1.03,21.06,50.3,0
9132.7,1031.7,936.9,141.2,1.35,6.39,20.93,45.4,0
3621.0,901.6,791.2,224.5,1.2,4.96,25.99,40.1,0
3180.1,481.8,696.0,41.7,1.82,3.01,16.2,40.2,0
8806.4,904.7,1023.2,172.1,3.11,5.57,21.91,31.1,0
6584.4,921.1,679.1,110.7,0.96,4.45,20.86,60.4,0
4697.6,713.1,749.5,77.6,2.51,1.64,16.9,46.9,0
6801.9,501.0,865.9,206.2,0.72,0.2,23.01,35.5,0
2046.4,801.6,1152.3,115.0,2.44,0.72,18.69,63.6,0
6005.1,798.5,892.4,144.2,2.5,2.21,20.57,42.9,0
6491.7,575.7,966.2,111.9,2.86,4.99,20.51,51.3,0
7386.4,509.8,784.5,28.7,1.89,0.4,17.52,39.9,0
4479.2,782.5,832.7,146.8,2.83,5.03,21.58,44.0,0
6128.5,753.4,839.2,106.3,0.61,4.78,22.29,44.1,0
4611.9,716.5,914.5,30.0,3.63,9.14,24.4,49.4,0
6383.1,783.3,784.9,147.0,1.72,4.9,18.66,55.2,0
4657.0,579.4,1144.8,12.3,4.26,0.2,19.18,41.5,0
5387.8,713.0,767.9,58.0,1.46,6.86,15.28,43.9,0
4506.3,906.7,474.4,189.6,1.31,1.72,17.89,58.1,0
6976.7,730.0,1453.4,18.7,0.88,1.59,16.9,49.3,0
7287.7,465.6,778.0,158.7,1.85,3.51,20.98,44.5,0
5648.1,705.5,1138.9,228.4,2.15,5.38,22.95,54.4,0
6057.4,586.0,1159.1,49.4,0.76,3.31,24.09,42.6,0
3827.1,853.4,1057.9,105.9,0.88,4.02,24.65,40.8,0
5550.5,863.8,806.4,142.4,0.6,1.72,22.42,47.6,0
5924.7,468.2,913.1,113.6,1.59,1.08,19.85,45.9,0
9931.2,951.8,569.6,152.7,4.04,4.5,13.94,41.1,0
4332.0,577.6,1287.8,102.9,1.27,0.2,21.82,48.0,0
8196.3,1111.8,662.6,44.2,0.81,2.22,16.28,30.8,0
7495.3,790.2,794.1,30.5,0.88,3.17,18.99,40.2,0
6421.0,550.7,871.8,181.2,0.89,4.59,19.49,32.6,0
8637.9,571.6,826.4,64.9,3.12,3.35,16.36,34.5,0
6558.2,869.6,705.5,204.9,3.08,3.21,16.79,30.1,0
6583.7,721.7,1156.8,180.9,1.3,0.92,20.21,43.7,0
5920.3,780.7,1059.1,21.4,3.45,2.96,19.25,39.9,0
7835.4,1122.6,920.9,56.3,1.56,3.38,19.08,48.3,0
7644.7,660.2,762.1,77.2,1.21,5.04,17.05,48.9,0
5061.5,812.0,1084.1,146.7,2.12,2.0,23.88,56.5,0
4021.1,1084.0,747.8,196.3,4.47,1.76,13.74,38.3,0
5695.5,854.1,1195.5,23.9,0.7,0.97,28.12,46.9,0
4799.9,478.7,874.5,67.4,2.48,4.38,19.96,42.5,0
5904.7,901.1,1120.6,96.5,3.05,3.12,17.31,48.4,0
7856.2,567.4,825.0,52.2,3.69,3.66,13.77,47.2,0
5314.0,1081.4,865.7,135.4,2.97,2.82,15.28,42.1,0
5935.8,635.4,1119.6,119.9,0.51,2.91,20.74,44.4,0
6087.0,1393.9,1332.7,82.8,2.39,2.48,18.21,32.3,0
7272.6,1093.5,1193.3,128.9,1.58,5.25,14.59,49.7,0
2629.7,640.7,1043.0,91.8,7.37,4.1,14.82,27.7,0
5089.9,804.0,979.6,88.9,5.35,7.67,17.34,49.2,0
6316.9,950.7,738.5,71.0,1.69,3.24,18.15,32.4,0
7800.1,956.7,915.0,134.3,1.46,7.94,22.95,51.4,0
5262.1,888.5,649.1,112.1,3.78,3.29,17.75,49.0,0
3185.2,1050.4,932.7,55.2,0.55,5.28,30.06,39.4,0
6929.6,775.4,946.8,13.0,1.4,2.47,20.81,27.5,0
5047.0,726.7,418.6,44.7,2.67,5.21,22.67,48.7,0
4215.5,730.6,858.5,19.9,0.76,0.2,24.64,32.1,0
5063.5,971.7,941.3,109.3,0.35,0.88,14.38,52.8,0
5723.2,873.0,831.6,61.8,2.43,1.55,17.56,32.8,0
5092.9,858.3,928.8,106.7,1.98,9.13,18.92,31.7,0
2691.7,959.0,554.8,85.8,3.62,6.63,24.57,42.1,0
7345.6,389.8,679.3,133.7,0.7,4.65,19.81,31.6,0
7912.3,862.0,1077.7,176.5,1.24,2.96,20.38,42.8,0
6977.3,843.7,850.1,120.2,0.71,2.55,23.51,29.0,0
4293.5,1133.8,924.8,24.3,2.46,2.48,23.44,47.0,0
5697.8,494.3,729.8,14.0,0.3,5.69,26.2,37.4,0
5990.2,1111.4,854.3,59.0,2.02,4.23,14.1,63.2,0
6898.2,815.1,343.6,107.7,4.45,6.25,17.64,46.1,0
7002.5,897.8,1036.1,20.3,4.97,5.4,18.41,47.3,0
4898.7,1135.2,1247.7,85.4,2.58,5.03,16.72,45.5,0
6123.0,912.2,615.7,214.0,1.97,2.04,21.62,28.8,0
6685.9,880.1,643.1,30.7,4.16,2.03,22.69,46.9,0
8183.7,848.5,947.0,228.2,1.5,4.33,12.82,25.0,0
7056.8,703.3,1174.3,207.0,2.0,4.95,22.56,64.3,0
7183.6,794.3,849.5,201.3,2.21,3.52,17.25,27.8,0
6125.7,656.9,579.6,208.6,1.55,0.89,20.1,32.4,0
8115.7,791.1,804.1,28.4,1.09,4.56,16.35,50.4,0
6614.6,332.8,623.4,44.8,2.46,5.89,23.16,52.0,0
4708.4,885.8,702.9,40.9,2.01,1.24,16.36,57.1,0
8105.1,775.7,783.1,35.6,2.58,3.27,19.81,57.0,0
7046.9,732.8,645.5,85.4,1.15,1.63,22.33,36.1,0
5335.4,844.0,678.9,200.9,1.75,6.39,21.24,26.8,0
5280.8,513.3,866.4,68.0,1.98,8.99,16.66,47.3,0
6444.9,1185.9,897.3,66.2,2.76,7.29,19.65,34.8,0
6694.8,779.4,536.7,165.5,1.05,0.2,19.69,40.2,0
6295.9,770.8,937.2,32.3,2.18,4.87,22.63,44.1,0
6467.0,606.9,766.0,92.9,2.43,5.38,19.15,57.2,0
8549.9,804.8,1008.5,77.9,0.55,8.34,18.94,50.0,0
7607.3,1077.4,1021.7,204.9,1.52,2.55,18.87,40.5,0
6286.0,1007.2,730.2,128.3,2.25,3.69,14.33,36.5,0
7412.0,970.9,985.1,158.7,0.82,1.05,23.6,34.1,0
4451.2,909.3,665.9,39.7,3.76,0.63,24.68,65.7,0
6596.9,728.3,1141.2,223.7,2.06,4.17,26.19,41.6,0
8714.0,510.0,674.2,84.2,2.18,7.67,21.74,49.4,0
5672.9,759.8,927.6,172.6,4.25,4.07,15.16,55.1,0
4728.5,752.8,808.7,229.6,1.32,4.12,12.2,46.0,0
5021.9,1009.8,626.3,127.0,3.39,0.84,21.23,53.1,0
4365.6,861.9,1048.2,126.7,2.16,4.36,17.2,41.5,0
4822.9,1122.5,714.9,37.0,1.98,2.61,18.53,55.3,0
5444.2,1039.5,476.0,99.8,3.51,2.86,19.2,55.8,0
3891.6,708.7,216.0,206.1,2.48,8.27,21.13,36.5,0
6023.4,441.0,657.5,41.1,3.63,2.9,17.96,43.5,0
7353.4,1077.1,1152.7,221.0,0.65,3.15,22.92,49.5,0
4638.4,1071.9,1126.7,163.5,3.52,4.55,17.07,48.3,0
8278.9,526.8,691.9,106.8,0.86,0.2,18.92,45.1,0
6766.2,1101.8,767.6,135.7,0.34,2.05,22.76,52.0,0
7545.9,876.4,747.7,44.6,0.3,0.2,18.66,58.8,0
5013.2,832.1,556.6,60.0,4.33,2.62,25.51,29.1,0
7281.8,1123.0,641.3,75.9,3.75,8.76,17.06,37.6,0
4362.1,1068.9,1065.9,98.5,3.53,0.2,24.15,31.0,0
7335.4,930.3,960.9,220.6,0.3,0.2,15.03,56.7,0
6257.8,894.6,910.1,94.5,0.79,7.38,18.12,46.4,0
6829.9,923.3,556.3,130.5,2.69,3.6,23.12,42.8,0
4236.6,720.0,872.2,47.3,2.61,5.1,26.92,42.5,0
4657.4,789.0,343.2,179.3,2.47,4.24,22.06,33.3,0
6895.8,619.5,1035.4,138.9,1.33,4.32,23.05,48.8,0
4577.5,733.4,906.9,111.2,1.88,3.14,22.17,58.3,0
6694.8,726.7,554.0,227.9,1.39,0.2,19.26,51.7,0
3949.3,672.9,1205.6,214.8,1.87,3.95,10.58,38.9,0
7272.3,827.3,454.8,161.7,4.21,6.74,16.78,35.7,0
4151.2,735.2,966.7,222.0,1.39,6.5,17.56,50.0,0
6828.4,900.4,972.1,139.9,1.83,5.45,16.19,36.3,0
6938.4,475.5,577.3,200.2,0.33,3.74,13.95,40.7,0
4954.8,777.3,841.7,104.2,4.52,4.38,26.58,36.3,0
6873.0,826.3,489.9,30.0,4.13,6.14,17.44,47.2,0
6390.7,737.9,223.8,238.7,0.88,0.2,14.57,32.2,0
5191.7,765.5,615.1,48.1,1.14,8.51,31.56,66.5,0
4487.2,483.0,714.3,67.8,1.15,6.52,24.03,37.2,0
3056.1,871.3,991.7,47.5,0.6,8.62,16.25,32.8,0
6524.5,929.5,864.8,87.6,3.52,4.78,16.64,64.8,0
3652.8,898.7,870.6,76.5,1.07,2.69,14.73,38.1,0
6143.0,1007.7,626.8,148.3,0.3,5.16,14.12,46.1,0
5604.8,840.3,733.4,239.2,1.52,5.89,16.89,58.5,0
7018.7,895.7,645.4,22.1,0.73,8.82,22.03,37.6,0
5546.9,831.2,580.5,189.0,0.95,3.27,25.5,33.0,0
5505.8,937.5,719.4,39.4,0.73,2.97,24.74,38.5,0
7097.8,484.6,866.4,14.6,0.8,6.65,25.0,36.4,0
6502.6,621.3,724.0,156.9,0.5,3.42,19.5,68.8,0
6474.2,1117.4,778.8,210.9,0.3,2.5,22.43,50.2,0
6703.9,307.9,1002.9,50.5,1.6,2.66,21.51,45.4,0
3696.6,772.0,739.8,88.6,4.34,0.2,20.16,48.1,0
7135.2,1034.5,556.5,48.8,2.09,2.22,24.75,35.6,0
6918.7,781.3,974.0,218.5,2.6,5.05,22.79,45.7,0
4475.0,719.0,908.5,72.2,2.08,3.99,20.81,42.8,0
5633.9,825.9,922.3,112.3,0.3,5.17,16.9,49.9,0
5941.0,729.4,987.7,215.8,0.3,7.32,25.25,40.1,0
5798.3,806.2,950.5,137.2,0.81,9.97,14.91,39.1,0
6500.8,663.3,856.3,224.6,1.81,3.32,14.29,31.3,0
8147.1,1021.7,1376.1,223.1,2.94,1.15,10.92,66.9,0
7622.7,1084.7,567.3,116.2,4.34,2.9,19.68,48.1,0
4031.7,773.3,721.0,143.9,1.01,5.93,21.52,37.6,0
6933.1,522.7,1062.8,63.0,1.42,10.17,15.0,40.7,0
7993.4,695.2,881.4,237.8,2.47,4.4,19.91,37.1,0
6580.2,763.2,1016.7,74.0,2.09,5.2,24.4,63.3,0
7636.5,901.1,887.3,190.2,2.01,3.43,22.48,45.5,0
9018.4,598.4,1152.3,82.0,0.74,4.38,17.78,38.8,0
7535.6,646.2,628.3,82.0,0.84,7.1,23.24,55.3,0
6374.0,902.1,1145.3,33.9,0.4,6.02,24.14,20.0,0
7567.6,987.8,1107.6,138.8,0.38,3.86,24.35,44.4,0
6217.3,675.7,583.7,66.3,0.98,4.63,22.69,36.2,0
6035.9,533.4,988.7,44.1,0.35,3.08,13.95,39.7,0
5472.9,1456.8,840.5,62.1,2.37,6.97,26.26,48.5,0
8345.1,956.7,716.6,67.8,3.23,8.64,21.0,34.8,0
4772.4,746.6,434.5,125.9,1.26,1.83,18.15,48.9,0
8298.6,973.8,627.6,98.8,1.48,2.02,23.91,35.9,0
6749.8,775.1,1005.8,27.4,2.25,3.1,19.02,32.3,0
3901.0,973.4,1029.0,133.3,3.41,6.14,8.72,38.2,0
6551.5,831.9,803.6,191.2,2.91,2.93,24.48,51.5,0
2850.0,818.3,1029.7,142.1,5.34,6.35,17.78,50.5,0
6938.3,777.3,1058.0,234.1,2.5,0.2,19.31,41.5,0
7327.8,510.5,884.0,32.8,2.56,3.82,20.02,45.4,0
5111.5,1187.6,691.1,198.9,2.14,4.33,18.78,60.3,0
6185.3,611.7,947.0,126.3,2.15,1.67,20.75,54.3,0
8931.2,528.0,957.1,130.0,1.07,3.65,23.48,39.1,0
5241.4,757.4,998.3,129.4,1.56,6.77,22.05,28.0,0
4411.6,607.7,1040.4,84.8,1.16,3.65,15.87,51.3,0
8222.5,789.7,550.3,84.6,0.52,5.04,14.55,41.0,0
8943.9,937.6,737.8,155.3,4.18,7.55,18.45,27.7,0
6005.5,999.1,432.3,20.3,5.74,1.72,16.83,46.3,0
7517.2,962.9,1014.3,145.4,2.13,4.65,16.79,49.2,0
8012.2,738.9,803.3,176.7,1.4,0.2,16.66,36.1,0
4886.3,809.9,944.8,92.0,1.14,0.52,25.28,59.1,0
5272.0,881.6,525.4,60.0,1.12,5.87,22.03,44.4,0
7846.3,448.4,1158.2,59.1,3.63,2.67,18.71,48.0,0
8527.5,914.1,587.2,28.8,0.9,4.72,20.45,34.3,0
6844.3,508.5,1020.4,30.6,1.98,0.22,21.66,45.4,0
4680.3,1208.1,875.9,48.3,1.22,0.2,17.19,40.6,0
8980.6,719.1,808.3,14.4,4.72,2.24,20.31,64.2,0
5203.5,763.0,790.6,71.2,1.02,2.56,10.94,40.1,0
5497.3,646.1,709.6,80.5,1.33,3.12,20.19,43.1,0
6513.5,674.0,1134.9,238.9,0.52,7.67,22.53,33.3,0
8331.2,1254.8,852.8,238.1,0.8,0.2,22.26,57.9,0
7281.0,988.1,570.8,53.0,1.59,2.17,20.34,40.0,0
6622.3,490.2,765.5,59.0,1.31,3.08,14.91,31.9,0
6694.9,1100.8,878.2,123.1,1.13,3.64,21.36,50.6,0
6065.3,1038.6,1047.5,44.2,2.04,6.48,23.94,51.0,0
6837.2,743.8,717.0,125.9,1.44,3.85,23.81,38.7,0
2205.7,861.3,731.7,101.9,2.54,5.99,19.82,33.4,0
5555.1,797.0,855.2,84.7,1.64,6.97,21.11,43.6,0
6362.0,1194.5,1042.2,199.2,1.49,0.52,19.04,39.8,0
4273.5,640.7,548.9,200.5,1.6,6.82,22.45,40.9,0
6579.5,829.2,961.2,237.2,0.3,3.51,18.19,48.7,0
5693.3,714.4,747.9,61.3,2.05,4.12,17.91,50.3,0
8633.2,513.4,778.6,214.3,3.38,4.37,19.65,44.9,0
8359.5,1238.3,1290.3,133.7,0.36,5.04,19.59,33.7,0
5301.3,563.7,806.8,146.0,2.16,0.31,14.16,25.5,0
5773.7,844.0,1016.0,216.1,1.33,0.2,19.48,44.1,0
5889.1,451.9,1008.2,226.8,2.01,2.72,15.19,25.7,0
5322.5,720.2,590.4,177.2,3.62,5.52,19.77,37.7,0
6292.5,884.4,444.0,90.0,1.15,7.21,29.5,46.7,0
4862.6,635.1,1030.6,122.6,2.71,2.3,22.81,46.5,0
4304.1,917.4,611.6,151.5,1.03,6.14,15.77,42.7,0
6934.1,746.2,483.9,200.6,4.72,3.47,20.26,44.9,0
6944.3,1032.0,1075.8,161.3,2.33,4.83,22.11,48.4,0
4793.5,1072.4,625.7,94.1,3.84,2.5,15.21,31.9,0
7343.0,682.7,680.0,106.1,2.89,4.35,21.52,35.0,0
5052.6,815.3,1284.4,21.6,1.21,1.69,19.78,48.9,0
6379.7,836.7,484.9,222.6,2.52,4.24,19.61,47.2,0
7230.5,923.9,573.6,30.3,2.17,6.17,17.33,41.1,0
5949.6,802.9,748.9,143.4,1.95,2.99,19.96,52.7,0
6682.1,838.0,797.1,210.5,1.89,4.63,25.18,56.8,0
5225.4,751.3,653.4,106.8,3.65,4.92,18.35,37.8,0
5705.3,823.0,595.1,194.0,2.15,6.78,23.85,52.7,0
5691.2,1059.6,1182.2,194.9,0.3,0.2,20.01,41.0,0
4880.1,929.2,907.9,23.8,3.16,5.76,21.08,28.1,0
5734.8,940.3,978.7,104.8,0.4,1.28,25.68,45.8,0
3677.1,944.6,819.8,168.9,4.11,1.05,19.64,53.4,0
5263.3,769.2,913.7,107.1,0.3,2.39,20.26,38.7,0
5572.7,863.8,1055.2,135.4,2.75,1.66,22.56,55.2,0
5615.7,583.0,630.8,146.7,3.14,4.51,16.19,42.4,0
5637.8,1053.8,908.3,44.8,1.91,1.59,23.87,50.7,0
5907.4,243.4,1003.1,104.8,1.19,5.44,18.74,51.0,0
6719.2,782.6,1189.9,16.5,3.64,0.2,18.33,44.9,0
7311.8,1028.2,1278.5,44.4,0.85,6.66,14.8,63.5,0
5025.4,527.2,865.4,127.8,0.3,0.2,15.86,57.1,0
4195.2,880.0,1100.5,141.9,1.33,5.01,21.47,28.5,0
4436.9,663.8,262.6,43.6,2.54,1.99,24.36,25.6,0
5269.2,726.2,1191.5,183.8,2.03,2.94,16.82,48.5,0
5472.1,989.2,690.3,95.8,3.24,1.81,22.35,24.4,0
4845.0,839.6,797.0,221.7,0.33,0.2,19.14,44.0,0
4055.8,393.1,947.0,99.2,2.41,2.84,14.49,53.9,0
5315.8,604.7,816.2,44.5,3.05,0.94,18.17,49.2,0
6272.1,995.1,893.2,184.3,1.93,0.44,22.64,39.3,0
6892.5,889.8,1199.3,140.6,5.3,2.94,15.91,55.2,0
5163.9,1149.6,765.5,98.9,1.08,3.3,14.79,42.4,0
5380.5,1136.5,610.9,91.9,1.88,4.21,17.39,45.1,0
4610.0,731.6,1249.0,44.7,1.49,5.24,17.19,41.7,0
5952.8,1300.6,965.9,88.4,3.55,0.98,26.92,49.8,0
4727.4,804.9,1272.9,16.7,4.1,0.52,20.67,34.5,0
6859.7,607.5,1040.0,125.6,0.95,5.89,24.74,43.2,0
3321.2,673.3,558.8,216.2,0.76,3.19,19.69,49.4,0
5460.6,348.7,992.0,192.9,2.28,8.91,21.18,62.5,0
6451.7,1121.4,633.5,16.6,1.7,0.2,23.56,50.1,0
6275.8,1119.0,851.6,212.7,2.56,4.84,14.63,25.3,0
10039.6,596.9,833.3,114.0,2.54,1.96,15.97,49.4,0
6524.7,754.4,494.1,53.9,1.3,2.06,22.14,39.7,0
4493.9,819.1,671.2,183.1,0.36,2.63,20.35,51.4,0
5856.8,607.9,1335.1,84.3,1.29,7.35,22.12,32.0,0
3335.6,449.0,902.4,68.3,1.01,0.2,16.65,36.1,0
5879.1,757.9,811.4,47.1,1.05,0.2,19.46,42.3,0
4750.4,735.8,1248.8,121.9,3.65,5.54,25.56,42.8,0
7373.1,722.3,762.8,31.5,0.8,8.26,17.65,51.5,0
5175.7,844.5,829.9,190.7,0.61,2.17,23.47,50.9,0
5824.9,1085.9,1068.0,118.3,1.81,6.71,21.53,35.4,0
5046.7,739.4,761.8,112.8,1.19,6.18,16.83,56.9,0
8608.3,834.1,685.8,10.4,2.73,4.7,24.69,46.6,0
5518.1,945.4,354.2,198.1,2.18,4.46,24.98,35.3,0
8748.8,910.8,644.0,123.4,2.4,3.06,14.65,24.6,0
7221.2,677.1,641.9,111.2,2.26,6.26,23.09,56.4,0
6723.1,819.3,884.9,185.1,2.13,5.66,18.4,39.6,0
6553.1,909.5,715.7,24.5,1.33,2.57,19.47,38.5,0
6590.7,574.3,1324.8,94.3,1.91,0.2,11.77,51.3,0
3108.5,1052.7,617.3,142.4,6.56,2.04,18.52,33.5,1
5581.7,1086.3,1158.1,115.9,1.55,1.34,16.52,40.3,0
7267.7,655.4,898.3,51.8,0.61,3.86,19.55,38.8,0
5926.7,838.7,1027.5,78.8,2.12,5.2,15.95,43.9,0
3892.2,928.5,1014.1,79.0,0.68,4.97,16.3,49.3,0
5921.4,690.9,362.0,238.2,2.83,5.15,16.25,52.0,0
8556.2,896.3,847.5,85.0,0.77,4.48,24.57,49.8,0
7870.3,832.7,792.3,57.2,1.06,3.95,19.3,56.6,0
5907.0,506.4,600.7,199.2,0.88,3.84,21.79,38.1,0
7427.2,891.8,951.1,106.9,3.04,7.09,21.22,47.9,0
5450.2,580.0,1227.6,112.1,2.71,2.78,17.15,40.4,0
3444.2,987.8,261.9,136.2,2.35,3.45,21.44,43.7,0
4613.3,665.8,732.4,147.0,1.16,0.2,20.25,43.5,0
8344.3,767.7,575.9,145.8,2.27,2.64,16.87,32.0,0
5589.0,1074.5,865.8,17.9,2.94,3.25,19.38,46.7,0
5634.9,899.3,778.4,198.3,1.63,6.99,27.0,45.6,0
5550.2,584.1,716.8,54.8,0.91,0.66,14.93,44.9,0
8856.2,597.0,1001.7,77.2,2.4,3.68,18.03,42.0,0
8438.9,680.1,1210.0,49.9,3.13,3.63,21.84,25.4,0
9328.2,878.9,1435.5,186.4,2.8,5.6,14.11,46.0,0
5761.4,871.7,687.3,144.2,3.0,2.83,18.85,50.0,0
6443.4,631.4,449.4,183.7,2.05,5.52,24.27,60.2,0
3725.0,566.6,973.0,160.3,3.09,4.64,18.04,48.3,0
8215.4,856.3,1204.3,34.0,3.48,2.1,24.0,69.0,0
4248.3,763.6,1029.0,79.3,1.54,1.22,16.07,45.2,0
6325.2,1231.4,1203.4,126.7,1.47,9.23,25.44,47.0,0
4354.0,807.3,800.4,80.1,1.27,2.65,28.71,43.1,0
5116.7,1162.9,715.9,57.7,0.61,0.2,12.76,40.4,0
4744.1,565.9,875.4,210.1,0.5,2.86,25.79,50.2,0
5088.2,485.4,777.3,182.0,5.64,2.32,19.25,56.4,0
5191.3,576.0,995.9,89.4,0.3,1.08,18.43,49.8,0
5177.6,1037.8,1063.3,186.0,1.5,3.9,15.99,47.1,0
7250.0,1151.2,1080.6,154.3,3.75,4.47,15.5,41.8,0
4342.7,643.6,962.3,10.9,1.1,0.2,22.87,44.6,0
6330.8,707.9,904.1,97.5,0.99,4.31,18.31,44.8,0
7826.9,566.2,1024.8,76.8,0.6,5.84,12.12,47.2,0
5230.2,437.7,418.1,60.1,1.58,1.59,23.44,46.0,0
4923.1,943.7,896.3,67.9,3.03,0.65,20.77,36.8,0
5654.2,844.6,861.5,226.7,1.36,1.42,17.88,57.8,0
7769.6,802.1,896.9,121.9,1.75,2.7,24.59,63.0,0
6291.2,520.0,830.7,205.0,2.51,3.84,22.47,44.7,0
5203.2,1128.0,945.0,59.3,0.86,1.09,21.99,45.9,0
6725.8,699.3,723.6,50.1,0.65,2.89,12.49,50.4,0
4346.6,906.7,1098.5,214.4,2.86,3.37,20.82,38.3,0
7022.0,509.1,954.2,124.0,1.53,4.27,22.77,49.7,0
6612.9,761.9,883.2,215.9,0.63,0.25,17.32,40.8,0
5538.3,858.3,696.5,24.5,4.71,1.88,17.87,41.9,0
4742.1,865.4,1029.4,220.8,0.47,2.03,11.56,33.8,0
4670.0,830.9,895.5,105.6,1.36,7.77,11.33,41.3,0
6802.2,898.9,683.8,45.7,6.32,6.4,23.3,47.0,0
7843.5,573.9,837.5,167.2,1.94,3.57,18.56,60.6,0
5044.0,839.5,988.4,193.3,3.45,0.2,16.56,42.8,0
6687.6,822.8,971.3,20.9,0.86,5.91,17.93,40.4,0
2869.5,846.3,957.1,237.1,2.32,6.66,24.06,49.0,0
5123.1,814.5,870.4,170.3,1.45,3.51,26.76,55.6,0
5953.4,545.4,1075.7,83.9,1.9,2.5,23.45,57.4,0
4635.5,536.4,1122.3,44.8,0.97,1.96,19.64,32.1,0
4595.2,357.1,1012.2,100.3,1.65,5.42,26.99,45.9,0
4998.3,963.5,720.8,60.7,4.9,5.26,16.69,61.4,0
6438.3,965.5,617.2,123.7,2.12,1.05,15.08,33.8,0
5719.0,968.7,730.3,189.8,3.71,1.59,22.91,47.0,0
2642.7,861.4,1279.8,161.8,2.86,1.04,23.02,47.5,0
2818.9,373.4,912.0,110.3,4.28,8.13,21.11,32.7,0
5089.7,594.7,1317.8,37.4,3.53,4.38,21.43,49.9,0
6686.5,834.1,823.6,230.1,4.72,6.45,15.07,50.5,0
1878.7,827.1,793.1,72.2,1.65,3.99,20.36,40.1,0
5250.4,755.5,833.7,73.9,1.91,4.69,14.52,34.3,0
5210.6,873.8,829.7,158.5,1.29,2.93,20.81,57.4,0
8082.5,802.3,679.8,187.2,0.6,7.31,24.97,35.0,0
5422.5,824.2,597.3,236.4,4.22,4.46,21.53,58.1,0
6574.5,672.2,960.3,232.9,0.83,3.52,17.17,48.4,0
6211.9,996.4,1082.1,220.2,0.4,0.2,20.21,43.5,0
2804.2,713.8,1387.9,110.1,1.2,4.99,19.03,57.4,0
7152.3,533.9,754.6,48.3,2.91,4.96,18.45,42.7,0
6323.1,645.8,772.4,144.4,4.03,6.84,18.67,44.9,0
6762.4,730.3,680.3,14.0,2.86,2.91,15.18,51.4,0
11889.4,998.8,1097.7,55.1,2.65,1.89,21.09,39.0,0
2873.8,791.5,1029.3,10.6,6.47,8.24,19.42,47.2,1
8587.0,762.8,657.1,51.5,0.58,0.2,25.05,34.5,0
5568.8,550.3,651.5,119.2,1.89,1.69,21.83,50.6,0
6431.0,957.1,1059.6,100.5,1.12,7.57,26.46,38.8,0
5931.7,669.6,934.3,94.9,2.46,6.11,25.87,47.7,0
5363.6,780.0,1016.8,201.1,1.2,3.1,14.55,76.1,0
5145.3,1096.0,655.8,165.2,0.3,3.19,17.55,37.9,0
6494.3,901.8,436.9,225.4,2.46,3.35,14.72,59.6,0
3724.2,474.3,657.5,112.4,2.28,5.93,16.1,44.1,0
7125.9,446.1,1001.3,72.6,1.11,5.97,17.17,52.4,0
5375.7,787.1,1314.4,38.2,1.27,5.36,26.98,54.1,0
4304.9,557.5,755.5,164.6,0.73,5.79,26.07,51.9,0
5325.0,929.7,1350.7,203.6,1.62,5.29,21.12,47.2,1
7885.7,808.5,1032.6,52.3,9.23,0.2,17.9,28.2,0
5197.0,833.1,543.5,212.1,5.15,4.81,13.59,53.4,0
6537.7,658.7,897.1,131.0,1.32,3.04,17.31,45.5,0
4903.6,1148.3,1040.1,43.1,1.86,9.35,20.12,38.7,0
7136.9,1368.5,316.4,157.9,0.95,0.29,16.7,40.0,0
7028.3,744.3,991.8,129.6,3.54,0.92,24.16,32.9,0
8772.9,870.6,1108.0,16.5,0.44,4.26,27.2,46.3,0
5736.7,819.5,937.8,101.8,0.71,0.95,16.77,40.8,0
7003.0,748.1,836.4,190.5,0.3,10.34,19.4,42.0,0
6147.1,633.6,812.0,137.7,0.94,5.39,18.64,51.6,0
7943.8,583.0,799.1,74.9,0.85,2.52,18.49,42.4,0
4921.8,572.9,591.3,223.6,0.56,4.97,16.85,47.2,0
7117.5,881.0,698.7,64.7,1.06,4.55,17.3,41.5,0
5708.0,696.1,758.3,68.1,1.85,2.37,15.1,46.9,0
5903.7,284.3,875.0,91.6,0.94,0.78,21.97,38.1,0
6137.6,889.0,727.5,215.7,0.58,1.18,22.13,33.1,0
6378.4,792.3,658.8,126.8,1.2,2.88,25.32,41.8,0
5825.7,1069.3,1017.1,166.9,1.89,6.46,15.03,41.5,0
6322.1,874.6,931.5,234.5,0.55,5.54,14.47,39.8,0
8367.2,504.3,731.4,190.2,2.29,9.47,13.83,47.6,0
7478.2,354.1,961.4,49.7,0.39,1.87,15.91,56.8,0
7303.7,656.1,750.3,191.3,1.19,1.0,26.22,31.9,0
5316.7,675.0,863.9,182.1,1.12,3.59,16.0,51.1,0
4666.1,988.6,1064.5,63.5,0.3,5.08,20.51,59.2,0
7433.0,798.2,717.2,84.8,5.51,5.14,26.67,51.6,0
7314.1,1026.7,592.1,173.3,1.65,4.9,21.07,46.9,0
8209.0,535.0,818.1,64.8,1.0,4.52,18.4,48.1,0
5094.0,993.1,550.0,57.9,0.3,2.63,9.66,51.4,0
5655.7,944.2,789.0,171.8,2.53,2.96,19.01,20.0,0
3540.8,396.4,788.3,212.5,1.13,7.93,21.65,26.6,0
5411.3,1064.5,308.0,27.3,2.52,1.02,19.18,46.3,0
7494.9,818.7,966.7,112.6,0.92,4.61,19.23,45.4,0
5300.3,878.4,809.8,149.7,2.61,6.9,15.07,57.2,0
6960.7,627.0,1110.0,165.5,0.51,1.46,27.45,44.4,0
5714.2,1055.0,897.4,239.1,4.15,1.45,18.37,38.7,0
6486.1,562.8,1011.8,167.0,1.47,4.72,22.95,31.7,0
4278.5,966.4,1111.8,152.6,1.89,5.07,19.88,41.1,0
6127.8,964.1,821.0,237.6,2.73,3.21,18.42,38.3,0
1513.3,605.2,849.8,24.0,1.67,5.13,18.66,47.6,0
5719.7,1196.7,503.8,27.1,2.55,0.2,24.43,50.8,0
3554.3,846.3,1122.7,139.0,0.5,2.4,17.73,34.6,0
7809.0,930.8,817.9,92.5,1.65,6.9,21.58,52.2,0
7166.1,494.6,628.7,32.2,3.53,0.2,21.16,22.2,0
6700.0,1223.5,1012.7,80.5,1.56,9.13,16.79,56.4,0
8281.5,555.1,370.4,165.1,3.99,3.67,16.33,37.0,0
4576.6,1005.0,755.6,212.5,1.55,8.02,21.68,54.6,0
8621.0,601.0,1049.8,31.7,1.73,6.91,27.21,38.5,0
7398.3,676.2,753.7,134.2,0.65,4.56,14.42,46.9,0
5645.2,957.8,692.1,78.1,0.56,4.66,17.83,40.1,0
7703.4,1005.5,758.4,163.5,1.81,8.73,20.05,51.0,0
4340.6,545.7,407.8,136.4,1.48,1.34,20.4,36.1,0
4763.2,1018.1,1007.4,223.1,0.3,3.72,19.41,31.4,0
5087.1,1009.0,823.0,18.7,3.22,2.52,29.75,50.2,0
5206.5,612.4,790.1,118.1,0.51,1.92,18.97,40.0,0
4415.2,1119.7,790.9,54.3,1.67,6.87,13.86,60.3,0
7834.6,508.6,853.1,133.5,1.74,4.97,25.76,49.3,0
5611.7,675.0,993.8,206.3,3.04,4.89,15.48,55.4,0
6528.8,895.8,838.5,219.6,4.36,4.9,19.6,56.1,0
5144.5,629.3,550.4,101.6,4.34,5.95,16.98,40.9,0
3269.1,852.8,976.6,196.7,1.64,3.53,16.79,45.0,0
6405.1,848.2,959.7,74.5,3.48,6.7,14.75,47.9,0
3131.6,762.6,895.2,11.5,2.08,3.76,22.69,37.9,0
5897.0,966.5,1086.6,206.7,1.66,4.01,23.91,39.5,0
3947.5,754.3,856.7,37.5,1.11,3.05,22.11,45.4,0
8980.9,846.3,1094.5,14.1,0.85,3.57,25.94,55.8,0
7367.0,1029.3,1159.6,91.4,2.96,4.75,16.86,45.5,0
6158.6,958.1,978.1,97.3,0.77,3.89,18.78,48.0,0
7895.6,957.2,685.5,27.8,1.77,1.94,17.19,50.9,0
4730.5,570.2,821.2,197.3,3.16,3.42,21.87,55.5,0
6815.2,905.0,1122.5,103.3,0.82,3.17,20.79,51.3,0
6299.7,624.3,520.5,122.7,1.74,3.57,13.81,42.7,0
6396.0,543.7,763.8,70.9,1.28,0.2,25.25,42.2,0
7908.5,785.7,774.5,127.6,1.52,5.79,16.31,20.0,0
7098.7,619.1,659.7,186.3,1.94,3.54,13.66,37.4,0
6433.1,958.1,1042.0,218.4,1.33,4.79,14.73,50.0,0
3517.7,962.9,932.9,233.2,3.56,5.23,24.66,36.1,0
4559.9,419.5,693.6,108.1,0.39,1.22,26.41,37.1,0
5815.9,634.3,983.2,237.7,2.7,5.5,19.26,53.3,0
6140.1,508.0,815.1,77.8,1.39,1.33,23.16,35.0,0
4304.7,707.5,654.2,11.6,0.5,4.77,16.17,37.3,0
9617.5,891.0,693.2,186.6,1.34,0.2,22.15,37.4,0
8274.6,751.5,945.9,51.0,5.72,0.2,21.55,32.6,0
6903.2,682.0,1056.6,22.1,0.91,6.22,14.91,38.2,0
6108.1,1060.0,742.9,222.5,0.9,5.26,19.81,20.0,0
5681.7,339.0,969.8,192.1,1.89,3.43,20.04,66.4,0
4572.1,1047.4,1198.0,33.6,2.66,3.78,16.53,42.2,0
6116.2,691.1,573.0,188.7,3.14,0.2,22.93,45.4,0
6386.6,784.4,928.2,204.1,3.39,3.78,15.26,25.6,0
4137.4,694.5,1032.7,218.2,1.29,4.08,23.2,36.7,0
6501.3,1108.6,829.1,135.0,2.14,2.73,26.87,45.1,0
5767.1,553.8,1122.4,171.8,0.3,3.39,22.04,32.3,0
3138.3,802.3,1333.7,185.3,1.4,1.35,23.46,52.4,1
4709.4,905.5,925.5,168.4,2.75,0.2,23.39,46.2,0
5379.6,477.8,798.6,158.8,0.43,4.23,23.5,41.2,0
8831.5,616.0,1064.9,135.9,2.32,0.69,18.5,44.3,0
6834.8,770.4,1035.3,120.2,0.72,4.94,21.77,39.5,0
3996.8,622.7,295.9,239.1,0.42,4.65,21.59,27.0,0
6729.1,636.9,849.4,87.6,0.9,6.38,14.26,46.5,0
3679.0,730.0,763.2,30.3,2.18,4.61,18.08,32.3,0
7624.0,929.9,937.3,186.0,2.57,11.35,16.75,44.7,0
5293.3,731.5,807.4,59.2,0.8,3.0,17.79,54.4,0
5859.5,1015.7,831.3,132.5,7.61,4.73,24.16,43.4,0
7988.7,600.4,660.1,32.0,2.28,2.21,18.05,45.8,0
4069.3,549.6,1011.6,152.4,1.11,6.35,17.95,34.9,0
3904.3,1185.3,1214.1,227.1,1.21,4.16,20.18,31.4,1
5124.6,668.4,663.5,176.2,4.25,0.2,18.86,53.8,0
7557.6,537.8,542.6,59.3,3.04,1.69,16.44,52.6,0
3721.0,451.6,854.4,233.4,1.43,3.35,20.55,56.0,0
1751.8,1015.0,843.7,80.6,1.52,0.61,19.95,64.4,0
5323.3,731.7,1107.6,110.4,0.3,5.1,17.39,40.0,0
6827.6,749.3,579.6,124.6,4.29,0.21,20.83,48.0,0
7800.4,768.2,731.6,237.9,0.74,3.22,18.31,55.1,0
5305.3,1002.6,377.5,25.8,1.13,2.99,23.29,62.7,0
5382.9,764.1,1152.5,170.2,1.2,6.24,12.64,55.0,0
7730.9,1268.8,905.1,93.2,5.49,3.17,17.81,36.7,0
3195.4,826.8,748.0,28.0,1.71,5.84,20.49,60.1,0
5417.2,1012.4,559.1,225.1,3.23,4.75,18.63,52.9,0
6285.6,961.0,579.3,145.7,0.3,0.86,14.27,47.5,0
6673.8,792.7,941.1,183.3,1.11,9.25,27.78,40.6,0
5235.3,682.6,606.4,65.3,2.4,6.43,20.05,59.0,0
6051.7,866.4,872.9,185.2,1.62,1.34,15.07,70.2,0
2267.5,902.0,1299.4,200.5,6.82,1.08,23.11,43.6,1
5012.6,685.5,773.5,109.1,2.82,6.77,18.5,46.6,0
6680.3,833.3,638.5,141.5,2.47,5.98,24.26,49.7,0
4526.6,1047.2,934.0,233.5,0.79,5.42,18.4,35.4,0
6088.5,1214.0,580.3,204.7,3.03,1.32,23.31,45.2,0
6670.3,970.9,1228.4,112.3,4.39,2.2,20.09,50.7,0
5486.2,1172.6,1158.8,162.9,1.53,7.0,20.08,62.5,0
6255.7,674.1,813.9,190.4,1.88,5.21,17.37,43.4,0
4555.9,940.4,652.6,15.6,5.42,1.9,18.27,49.4,0
5690.1,1067.7,756.3,145.3,3.32,7.22,21.34,39.1,0
6915.3,620.7,785.0,236.4,1.06,8.74,18.9,53.1,0
6235.5,702.9,934.4,227.9,5.32,2.56,16.16,43.8,0
5120.2,1147.6,1078.7,201.5,2.56,2.07,16.95,53.5,0
6336.3,605.0,622.0,34.4,2.06,7.51,22.07,38.7,0
7071.9,531.8,1072.4,238.6,3.76,7.85,22.79,30.9,0
2925.1,1105.6,985.9,150.2,2.7,7.8,23.88,38.0,0
7738.6,1039.4,738.3,61.3,1.26,4.78,18.65,58.9,0
5495.6,886.4,610.9,165.1,2.71,2.53,27.05,43.5,0
6638.2,790.9,875.6,207.0,1.02,6.07,23.95,44.0,0
7795.9,712.3,616.9,35.8,3.76,2.98,19.83,47.7,0
3942.5,856.4,1075.2,220.8,1.65,2.84,20.17,45.7,0
4935.8,1116.0,602.7,221.6,0.54,4.26,22.61,49.5,0
5567.2,847.7,970.5,13.1,1.39,3.87,16.89,46.4,0
4824.4,1233.4,832.3,217.1,3.28,2.55,14.26,73.7,0
8602.4,620.4,726.7,227.8,1.37,1.16,20.63,57.2,0
4714.8,796.1,827.4,18.7,2.0,3.32,20.43,53.3,0
5166.7,725.4,1087.6,77.7,0.3,2.25,16.79,52.4,0
6306.6,583.0,587.7,95.8,1.28,0.44,17.33,48.9,0
4196.8,769.4,759.3,90.2,0.4,4.28,23.74,42.3,0
5406.5,883.5,684.6,184.6,1.37,4.35,20.44,51.3,0
6476.2,904.8,841.5,92.4,3.02,5.73,13.54,33.6,0
5500.7,1234.1,699.4,230.0,1.56,4.26,9.74,34.5,0
5859.9,892.9,461.0,238.8,1.18,3.74,11.0,42.0,0
5206.0,1030.0,617.9,82.9,0.33,5.71,26.22,48.5,0
3728.3,813.2,1210.3,127.0,0.78,4.26,17.41,38.5,0
6482.4,1135.6,904.3,138.3,0.72,4.61,18.98,49.6,0
8632.4,1279.7,896.7,143.3,2.42,5.28,29.63,32.5,0
6027.6,906.2,787.8,96.1,1.5,2.47,16.14,42.5,0
6337.9,601.5,838.6,48.2,2.76,6.3,23.57,30.9,0
7039.1,690.2,755.4,22.5,2.98,3.99,18.98,46.8,0
4096.0,856.4,965.9,34.5,1.7,3.63,23.45,60.1,0
8553.8,891.3,872.2,217.3,1.46,6.27,21.94,45.7,0
6303.5,939.7,592.3,74.5,2.46,2.7,12.09,54.7,0
8447.8,892.0,905.8,27.7,1.14,2.9,16.29,54.4,0
4900.5,801.4,309.1,153.4,0.37,5.14,16.31,42.9,0
8727.1,672.8,941.0,27.3,2.8,4.45,20.89,50.8,0
7162.7,880.2,539.9,26.1,1.48,12.23,17.52,33.5,0
6829.6,1171.0,828.9,153.0,2.68,6.51,21.04,43.2,0
6351.0,1004.0,587.2,146.0,0.92,0.2,22.31,45.3,0
5627.2,906.9,850.6,19.5,0.97,4.7,26.86,36.7,0
7800.8,1005.9,977.2,115.9,3.24,0.2,22.19,46.1,0
6210.5,725.8,1180.6,110.2,0.54,2.96,19.72,38.8,0
3049.4,698.3,510.9,135.7,0.71,4.44,20.81,53.6,0
4324.2,650.4,1064.6,179.7,0.63,2.85,13.19,33.8,0
5721.2,774.9,878.9,75.0,2.5,0.2,17.79,38.0,0
6465.0,715.6,750.9,109.5,2.6,4.15,16.05,45.0,0
5915.1,1041.7,1017.2,192.3,0.89,2.59,24.35,35.8,0
7828.5,704.9,798.1,222.2,2.33,5.6,22.99,60.4,0
3073.3,639.5,1007.9,215.0,0.57,0.2,12.62,24.5,0
6215.4,1188.5,631.7,119.9,3.8,2.18,22.6,38.3,0
3273.0,709.7,710.7,129.8,1.14,6.04,23.54,47.0,0
7139.6,830.7,1057.6,131.7,1.59,0.2,16.99,60.4,0
5858.3,890.3,1176.8,209.8,1.2,5.19,23.28,30.6,0
6629.4,572.7,842.3,203.2,2.09,2.05,20.69,35.9,0
4704.2,1047.1,236.8,81.7,1.65,3.42,14.87,39.8,0
7919.2,927.4,806.2,47.5,2.8,1.14,14.37,58.8,0
7562.6,1111.7,857.1,97.2,1.4,3.21,30.19,51.7,0
6875.3,664.2,798.8,76.3,1.26,1.38,19.08,37.8,0
5805.7,819.8,924.0,228.7,0.46,0.94,21.44,55.4,0
6869.8,807.9,745.1,71.2,2.95,6.02,13.98,47.8,0
4939.7,852.8,1034.6,51.7,0.98,3.66,26.85,46.2,0
7283.3,509.1,593.3,216.9,0.75,4.6,23.3,48.7,0
8474.2,822.2,1122.1,29.9,0.3,4.17,20.62,36.7,0
7605.9,514.7,1191.0,69.9,3.84,7.22,26.8,48.1,0
4905.6,871.7,649.1,111.0,3.3,4.95,14.02,42.4,0
6542.1,374.3,649.0,146.9,0.79,5.29,17.27,69.8,0
4060.3,429.7,940.4,85.4,4.49,5.8,20.14,59.8,0
6858.6,963.7,588.8,124.1,5.7,1.85,17.6,43.3,0
6675.9,690.6,741.6,55.7,1.37,8.44,23.19,48.8,0
3195.3,602.4,1092.6,142.1,4.31,0.66,22.06,35.8,0
4257.3,1054.2,1012.3,103.8,0.48,4.73,24.82,48.1,0
5575.3,865.5,1285.6,205.3,2.89,4.72,20.69,34.6,1
5548.7,974.4,887.6,105.6,1.63,9.95,16.0,40.3,0
4185.8,766.8,715.6,112.1,1.82,5.0,18.77,50.3,0
6583.5,1335.9,861.3,146.2,2.69,2.07,22.32,35.1,0
6377.2,679.1,816.9,38.3,1.61,2.41,18.69,36.1,0
5708.6,1148.9,820.0,46.1,1.74,2.88,20.45,37.4,0
4866.3,787.7,844.8,191.8,1.16,4.27,18.2,43.9,0
7573.1,469.1,645.0,72.9,2.75,4.47,22.05,57.4,0
8483.1,896.6,912.1,167.5,2.55,5.0,22.13,55.6,0
5274.7,863.0,540.1,32.4,1.71,4.07,29.57,41.0,0
5081.7,589.7,692.3,199.0,4.99,5.32,13.48,57.2,0
6736.8,615.6,823.8,237.3,0.79,1.15,21.27,44.6,0
5463.0,795.1,352.9,95.9,1.14,0.2,28.32,46.4,0
5790.9,869.9,1019.2,126.3,1.18,6.76,24.79,44.4,0
7109.5,305.9,398.3,111.8,0.89,0.2,27.6,51.2,0
3136.0,1010.6,997.3,215.7,1.24,3.78,15.75,37.1,0
7977.5,701.1,565.6,12.3,1.07,1.97,20.23,40.7,0
6109.0,533.7,760.9,160.3,0.37,8.4,14.45,55.0,0
5382.8,988.2,964.2,160.0,1.0,8.71,16.57,41.1,0
5866.1,795.3,1333.6,97.9,3.8,4.03,25.63,39.0,0
5943.6,1043.2,875.6,60.4,1.27,3.22,15.33,31.3,0
3403.2,887.6,413.8,65.1,4.84,3.37,18.76,49.7,0
8242.4,799.7,1059.8,194.1,1.18,4.48,16.27,35.3,0
6062.0,769.5,799.0,25.2,2.08,6.14,21.15,59.5,0
6664.5,896.5,865.4,139.7,2.63,12.42,14.09,50.0,0
7427.3,717.3,972.7,80.6,0.97,1.35,20.02,33.0,0
4468.3,629.5,360.4,71.0,2.29,4.6,23.64,46.7,0
6710.2,922.0,851.4,126.3,1.9,3.61,18.59,39.1,0
5598.5,771.1,759.9,216.5,0.74,2.7,25.38,51.1,0
7270.2,806.7,1118.8,152.2,1.73,2.91,22.02,42.4,0
2809.2,1017.9,1010.0,191.4,4.11,3.72,18.63,65.4,0
5851.4,777.2,492.1,148.2,1.31,4.49,17.17,65.1,0
5095.8,803.0,1127.8,170.5,4.89,4.94,24.06,40.3,0
6648.4,680.1,948.9,109.5,1.22,5.25,18.74,43.7,0
6705.1,886.1,509.6,223.0,2.22,0.49,19.51,52.2,0
4938.6,870.0,862.3,125.4,1.31,2.32,28.42,39.8,0
4931.7,980.2,1077.7,136.9,1.92,5.36,24.13,39.9,0
5834.0,684.2,582.9,130.7,1.46,7.6,16.83,31.2,0
4655.0,708.4,1153.1,82.7,4.77,5.19,20.38,32.4,0
7263.0,958.4,517.2,63.2,2.63,3.25,23.97,52.7,0
5446.2,850.4,675.9,27.0,3.69,5.18,17.39,46.0,0
1639.5,618.8,642.6,175.2,3.26,4.64,25.71,38.9,0
5437.8,1061.3,1152.9,76.5,0.31,1.38,21.78,51.5,0
4442.2,460.3,742.0,99.5,2.12,3.56,29.16,26.9,0
3553.1,956.9,594.2,221.6,3.11,4.43,18.9,42.8,0
4143.9,547.0,947.9,140.3,0.97,5.8,22.32,45.2,0
6164.1,1177.2,995.5,32.3,1.57,7.55,17.13,34.4,0
7993.0,491.1,996.9,193.9,0.58,8.47,19.64,50.6,0
6469.8,1030.5,790.3,68.9,4.99,0.2,17.64,53.4,0
5090.2,783.7,906.0,137.1,2.39,3.53,24.13,46.3,0
6683.9,726.7,706.9,127.3,1.88,7.74,13.45,39.5,0
5311.4,837.1,1218.5,64.8,0.87,5.93,8.69,37.6,0
4958.1,926.4,1101.7,36.6,0.74,6.06,21.15,44.9,0
4268.5,619.1,1088.3,58.6,0.8,2.18,20.28,38.4,0
3372.3,636.8,1024.7,32.4,0.61,2.28,16.93,46.2,0
5415.1,929.9,964.3,73.4,1.39,5.65,20.42,54.7,0
6237.1,458.5,576.2,239.4,3.04,2.8,12.19,51.5,0
5855.1,683.2,989.3,102.5,2.21,1.16,26.29,42.6,0
5376.0,1408.1,875.1,208.7,1.61,4.25,16.86,49.1,0
4581.4,606.4,1127.9,136.3,1.73,3.52,24.17,45.3,0
6912.4,1029.6,1027.6,163.3,0.98,6.17,15.4,48.0,0
4024.3,682.8,971.1,46.0,0.59,5.03,14.61,46.8,0
7164.0,901.8,479.5,73.2,2.41,8.84,16.24,64.8,0
4496.7,930.9,830.4,127.4,1.77,1.53,20.17,48.6,0
4871.3,1025.8,727.3,212.7,0.48,4.11,23.62,56.1,0
3799.8,759.9,905.5,19.9,4.93,5.41,26.3,33.9,0
5247.9,1197.8,758.6,126.6,0.3,5.32,24.3,52.6,0
7463.0,682.1,789.3,21.7,4.17,4.64,14.36,42.3,0
6773.4,846.8,951.0,115.1,0.44,0.2,19.22,49.0,0
7467.6,849.1,754.9,154.6,1.05,0.2,18.01,46.1,0
6783.2,575.6,876.8,181.3,4.16,1.31,19.67,20.0,0
4344.5,742.8,515.7,41.9,1.77,5.24,21.52,62.3,0
5503.8,832.3,666.9,48.3,1.31,0.2,16.91,32.5,0
4829.7,713.6,994.3,118.1,1.45,5.65,27.89,34.7,0
7995.9,1288.2,579.4,239.5,0.79,3.24,18.29,41.7,0
4204.8,632.3,1124.1,91.9,1.13,3.16,22.99,37.9,0
7340.5,1035.9,1064.4,108.3,1.82,8.86,14.16,38.2,0
7339.4,971.3,791.0,109.5,1.09,8.47,27.91,46.8,0
8744.4,797.2,1509.7,28.6,1.1,2.32,22.69,47.9,0
5385.5,627.0,1123.5,188.1,2.79,5.94,18.81,42.5,0
7068.5,646.3,641.2,68.2,1.69,4.1,21.42,43.2,0
9422.5,696.4,1014.2,171.8,3.83,6.14,21.73,42.2,0
5073.5,442.9,864.5,119.3,1.54,3.02,20.77,43.1,0
3697.4,599.3,679.1,150.7,0.47,0.66,18.9,52.7,0
3180.0,503.5,614.6,22.4,1.32,3.9,14.96,61.9,0
7069.1,1069.2,1068.9,214.7,1.28,6.03,26.31,50.7,0
3175.3,923.7,718.5,66.1,5.05,3.65,20.75,67.5,0
5441.5,957.2,827.6,164.1,4.54,6.06,16.94,20.0,0
6656.0,917.8,647.4,193.5,1.24,7.18,18.91,41.2,0
6277.8,833.4,685.4,134.2,0.47,6.95,24.67,37.0,0
6638.2,1092.1,822.1,87.6,0.77,5.18,24.93,58.9,0
6333.4,677.8,935.4,234.9,0.8,0.7,18.86,51.9,0
7918.3,821.3,280.6,74.0,2.46,0.2,17.8,46.2,0
4571.5,949.4,853.7,228.2,1.32,5.47,18.06,53.7,0
4984.5,535.8,685.9,45.9,2.47,5.95,24.16,59.3,0
4841.0,1419.3,1158.5,99.5,3.21,4.03,25.19,37.1,0
7245.3,805.7,1497.4,41.9,4.2,4.66,18.97,37.1,0
7350.6,828.4,771.0,10.5,1.61,3.76,22.55,42.8,0
6676.8,1051.4,471.1,69.9,0.75,4.17,18.7,47.7,0
7775.2,983.0,875.7,30.1,3.05,4.95,14.55,51.0,0
4232.9,807.6,804.8,236.9,4.17,6.26,22.42,45.9,0
8500.8,826.0,1283.7,185.2,1.76,4.28,19.36,46.9,1
8284.9,499.2,1216.6,10.9,1.87,4.05,19.45,52.2,0
7103.4,688.7,1040.4,61.4,0.64,3.64,23.21,50.6,0
8672.7,903.4,720.9,164.1,1.42,4.58,14.65,43.9,0
3515.1,888.8,999.1,101.7,0.3,0.2,11.5,52.6,0
5213.3,1044.2,908.3,201.3,2.83,6.28,21.47,41.6,0
4897.0,775.9,903.1,126.1,1.82,3.52,26.77,44.5,0
7082.2,522.5,507.2,160.3,1.44,2.04,23.87,64.8,0
4424.8,1011.3,1083.6,147.3,1.1,7.44,16.95,35.2,0
7136.2,1087.2,873.7,156.8,0.41,3.31,21.11,48.1,0
8055.8,979.6,827.8,62.9,0.4,1.38,22.06,46.2,0
7042.8,767.3,718.0,95.9,1.74,5.86,22.27,55.6,0
6425.6,1008.9,675.4,21.6,1.95,2.81,17.62,67.0,0
4518.2,1485.8,919.8,145.2,2.07,3.06,17.59,56.5,0
4729.7,823.0,465.2,115.6,5.69,6.14,10.71,47.6,0
7874.4,537.7,1023.7,185.0,0.3,6.46,20.89,49.7,0
7169.0,682.7,618.1,57.5,0.62,0.63,23.06,39.3,0
5941.5,925.1,397.1,110.5,4.94,3.8,23.89,49.6,0
5373.1,479.0,1250.8,51.6,1.05,0.38,15.57,55.9,0
2961.3,833.9,661.2,151.2,4.43,2.92,19.74,59.9,0
4393.7,876.1,691.1,205.0,1.23,2.02,19.63,41.1,0
8867.1,1107.0,1099.6,186.1,0.99,6.63,16.56,51.4,0
4079.3,1062.0,1258.0,227.2,2.26,1.27,24.15,34.4,1
6284.2,972.9,512.7,233.5,0.49,5.36,19.99,42.8,0
7511.2,367.5,639.6,187.6,0.31,3.26,17.97,42.5,0
4117.6,984.2,655.8,76.0,0.64,0.2,24.53,59.0,0
6277.1,941.1,1055.7,60.4,2.41,1.94,22.48,22.4,0
7406.9,851.2,1210.6,112.9,3.13,0.75,17.29,61.3,0
6018.7,454.0,612.3,238.6,3.93,1.95,13.02,32.7,0
10302.6,644.6,1161.2,104.9,1.92,1.48,16.9,43.5,0
3497.1,566.6,694.0,55.8,6.48,3.17,20.41,62.6,0
7588.1,397.0,923.9,227.2,1.5,6.4,17.95,23.7,0
5740.8,799.4,570.3,98.8,1.05,1.87,15.26,33.9,0
7157.9,640.4,823.2,168.9,0.6,1.17,18.99,53.5,0
6662.0,1325.1,825.6,191.3,4.78,2.49,13.13,29.3,0
4900.3,766.2,780.7,203.9,1.53,3.24,22.2,66.1,0
6343.5,1058.8,934.7,198.9,3.78,2.05,28.35,43.3,0
3213.1,486.2,628.5,202.3,2.16,0.76,22.38,47.2,0
6904.9,694.0,655.6,163.6,2.63,5.88,25.16,47.4,0
6447.2,819.4,946.3,102.9,2.31,5.44,17.34,41.7,0
6958.0,618.4,1145.2,163.5,0.64,3.75,18.55,56.6,0
7587.2,715.6,845.0,202.4,2.76,7.77,15.19,33.5,0
6551.4,756.4,960.8,90.6,1.21,10.18,22.33,40.7,0
6222.1,753.2,1016.8,78.2,1.13,7.32,24.13,45.1,0
4678.4,1171.0,1032.7,89.1,9.58,0.2,17.46,40.4,0
4931.7,875.6,640.2,136.8,4.1,4.78,20.81,28.6,0
7780.1,895.9,679.1,22.1,2.04,2.04,14.01,48.9,0
8154.5,907.9,698.2,189.2,4.66,3.11,19.3,41.8,0
5642.8,922.5,1274.3,41.9,1.95,0.2,16.59,39.8,0
6069.0,783.4,961.8,40.6,1.82,4.66,20.5,65.2,0
4643.1,735.9,951.9,55.5,1.85,8.33,22.36,50.6,0
7759.1,833.4,930.6,142.7,0.3,3.84,16.17,37.7,0
6998.1,1031.4,559.4,75.7,0.91,6.54,14.58,42.5,0
8911.8,1025.2,1276.4,94.7,1.27,4.86,19.63,37.0,0
4682.5,751.9,955.4,224.3,2.68,5.91,19.73,37.2,0
5433.0,953.6,1009.1,204.9,2.54,0.2,19.5,36.4,0
6347.2,761.1,461.6,206.0,2.39,5.08,14.92,45.8,0
6969.7,806.8,1021.5,142.9,1.1,6.12,14.97,36.4,0
5676.5,705.3,771.6,209.3,6.7,8.26,20.95,33.4,0
4690.6,763.7,559.0,189.1,2.34,0.4,12.72,28.1,0
7322.1,1068.3,640.2,229.2,0.91,8.1,15.07,47.3,0
7081.7,818.5,571.7,24.8,5.52,3.17,26.83,48.6,0
4625.6,827.1,568.0,16.6,1.95,4.47,17.73,41.4,0
8033.2,510.6,863.3,50.3,1.07,6.36,14.13,49.9,0
7755.3,738.2,764.9,223.7,1.12,6.31,14.78,26.1,0
6201.4,751.7,923.5,149.3,0.43,0.2,24.78,28.9,0
6119.4,634.2,1218.7,108.0,3.62,4.29,17.09,44.3,0
6831.1,804.3,821.5,127.9,0.71,1.35,19.17,50.5,0
4707.4,714.2,356.1,200.8,0.3,4.14,18.04,39.9,0
6045.0,816.0,796.8,223.7,0.94,2.48,13.99,50.8,0
2771.4,824.3,1112.5,177.8,2.44,0.2,13.73,49.4,0
7314.7,608.8,831.1,184.8,1.86,1.47,21.62,60.2,0
3657.8,720.3,1186.5,83.7,2.74,5.4,15.08,37.6,0
8255.1,815.5,949.6,117.4,2.84,4.87,28.87,41.7,0
5504.8,1036.9,445.6,213.6,1.63,1.25,13.91,46.8,0
5682.5,851.3,874.1,190.8,1.9,2.56,15.16,49.2,0
5058.4,667.6,915.3,167.4,1.26,4.62,21.8,26.8,0
5567.9,879.8,1087.7,25.0,2.9,4.73,20.49,44.8,0
8127.8,1141.5,1250.3,19.1,0.6,5.69,25.13,46.9,0
2268.3,983.3,1049.7,40.0,0.88,4.58,21.81,39.9,0
7915.4,909.5,946.9,143.7,2.85,5.48,24.54,62.9,0
6507.0,945.1,998.8,133.4,3.18,3.84,26.4,45.2,0
4189.5,1088.0,813.0,226.8,4.63,5.25,18.75,37.7,0
4387.0,1015.1,528.2,169.8,1.69,8.01,12.36,56.5,0
8514.6,913.4,859.1,77.6,2.52,7.93,25.82,42.9,0
4581.7,1013.7,930.4,47.1,2.11,4.09,23.74,45.6,0
4270.0,583.7,585.2,205.4,1.48,1.07,22.08,44.8,0
7706.0,499.5,1141.9,115.7,1.48,7.36,25.86,56.6,0
6507.8,831.4,1071.2,160.3,3.89,0.2,19.68,40.2,0
4593.1,813.7,548.2,140.0,1.57,5.3,17.6,38.0,0
6324.9,691.2,1150.5,34.7,2.25,5.21,24.36,34.4,0
4461.4,965.2,782.2,23.1,1.13,4.12,21.05,43.4,0
7651.2,427.4,678.7,96.7,1.21,4.99,19.1,45.8,0
7592.1,693.0,1087.4,93.2,0.48,0.7,26.09,42.7,0
6798.0,703.0,838.8,165.0,0.72,1.37,25.35,41.0,0
6542.5,472.7,1267.8,155.4,2.3,0.8,17.75,38.4,0
8641.8,1098.9,662.4,232.9,1.25,1.11,14.16,58.6,0
5999.5,528.2,469.0,207.4,1.06,2.24,16.12,35.4,0
4227.2,682.3,788.3,124.2,2.97,3.56,17.64,27.3,0
6674.2,981.6,1023.6,125.0,2.26,6.49,18.04,44.7,0
9129.1,929.2,646.0,165.0,1.66,8.89,21.09,61.4,0
4477.9,578.4,557.4,36.2,0.59,1.93,32.19,50.9,0
5457.8,936.5,900.4,240.0,1.97,3.81,24.05,49.3,0
6624.7,858.0,528.0,129.3,1.66,4.25,24.89,53.1,0
5919.1,1266.6,917.5,219.3,2.08,1.78,19.88,39.4,0
4526.5,880.8,775.1,232.5,2.0,2.84,20.91,37.7,0
7682.8,771.8,958.8,143.8,2.68,8.23,22.05,44.9,0
9480.1,628.7,545.6,33.8,0.63,6.99,24.83,53.4,0
6294.2,651.2,1135.6,141.9,1.61,7.3,23.89,39.4,0
4643.9,634.8,809.7,147.5,1.39,5.38,22.82,37.8,0
3676.6,1074.2,1018.0,191.5,1.26,6.12,17.43,43.0,0
6387.0,803.6,1061.2,21.1,4.17,4.91,13.19,53.9,0
7655.8,913.0,595.4,117.3,0.91,8.0,24.78,48.5,0
6712.8,1102.8,1044.1,222.2,2.02,0.2,22.93,46.2,0
5996.4,328.3,536.5,238.0,0.77,1.26,17.48,35.2,0
5116.1,1055.8,548.6,54.0,0.45,0.3,28.96,39.5,0
4361.8,811.1,1282.1,210.2,1.66,2.29,16.62,35.0,1
7252.1,887.0,1094.6,43.6,2.41,4.13,19.86,32.7,0
7370.7,634.3,1306.2,203.5,0.3,3.64,19.02,35.7,0
3681.4,649.0,768.6,73.8,1.4,1.87,17.27,52.1,0
8384.8,897.8,872.5,230.7,1.98,4.42,17.95,48.1,0
6861.1,1276.9,966.0,170.0,1.85,4.86,17.51,44.6,0
8099.4,1000.7,847.3,101.8,2.02,5.32,17.11,36.3,0
3986.8,1053.1,685.9,74.6,2.85,5.9,22.23,41.6,0
3951.3,761.6,652.9,64.1,0.3,2.44,23.43,47.5,0
5776.5,680.0,897.0,166.6,0.75,6.5,17.47,37.4,0
6754.2,643.8,615.3,216.0,1.69,3.82,18.0,42.4,0
8694.5,702.3,609.1,183.6,1.29,5.88,21.52,44.4,0
7059.1,389.4,936.6,202.0,1.79,2.42,20.97,58.4,0
5636.0,655.0,829.1,189.7,0.67,8.29,20.53,53.6,0
4460.4,687.9,1056.2,235.2,1.94,5.26,20.8,61.9,0
7845.0,764.9,756.5,184.3,3.62,4.28,22.43,39.7,0
4552.9,826.4,722.1,58.4,4.14,0.97,24.41,50.0,0
8442.7,872.5,943.2,192.1,4.32,6.72,17.8,47.6,0
5573.4,797.0,671.4,84.1,1.09,1.29,21.35,54.8,0
8385.9,683.7,705.2,239.0,1.38,9.54,18.05,60.0,0
7018.4,407.3,713.9,96.6,3.05,5.83,12.06,35.4,0
5794.5,684.9,803.9,77.3,0.61,0.74,16.42,39.8,0
5220.9,605.5,1239.9,65.0,3.77,4.53,27.16,30.5,0
5488.6,893.2,547.1,161.5,1.72,8.92,24.09,52.0,0
6642.5,981.9,1135.0,35.1,1.39,3.97,11.96,37.3,0
6115.7,987.7,1012.3,229.3,1.77,3.1,17.23,37.9,0
5109.3,951.4,1194.7,77.7,0.89,4.78,19.32,49.6,0
5751.6,773.3,1540.1,77.9,1.47,2.11,20.14,31.8,0
6117.9,695.6,1164.9,20.6,2.92,7.34,17.75,33.7,0
2806.9,650.6,1053.6,66.6,1.89,1.86,23.15,40.1,0
6687.3,498.5,561.3,106.4,4.24,5.08,26.1,45.2,0
4530.4,998.4,589.0,95.0,3.32,7.13,24.53,41.9,0
4270.0,765.1,929.2,72.8,1.49,4.14,17.81,46.5,0
3469.0,550.7,476.4,19.4,3.8,7.23,14.51,55.0,0
3309.2,634.7,985.4,79.1,0.77,3.53,22.41,50.1,0
3966.8,626.6,380.3,189.0,0.94,1.18,14.05,39.3,0
4936.5,808.6,1103.5,110.9,1.36,5.86,22.94,39.5,0
8929.9,1013.5,779.2,76.9,0.63,4.84,25.71,49.8,0
5211.2,730.4,877.9,80.1,1.05,1.6,22.07,43.0,0
6266.6,349.5,685.4,137.5,1.21,3.78,15.68,54.6,0
6600.7,762.2,432.3,79.5,2.87,1.56,16.08,44.9,0
6196.6,768.8,1121.6,155.1,4.1,3.98,20.26,32.5,0
5883.8,755.0,1143.9,237.6,2.96,9.71,27.11,46.4,0
4207.1,674.5,772.7,19.5,2.41,6.4,20.57,44.2,0
8176.4,843.5,995.6,48.8,0.92,5.57,15.53,46.9,0
8710.8,813.2,764.0,51.2,0.3,4.42,19.55,33.3,0
3476.0,795.0,913.5,112.8,0.92,6.62,28.45,32.8,0
4464.0,882.5,1017.0,19.5,0.61,4.19,14.1,59.0,0
5580.3,714.0,972.1,119.8,2.44,0.2,25.42,37.9,0
4553.2,702.7,1145.0,223.7,0.3,0.65,18.67,41.7,0
6758.9,1076.0,964.2,12.7,3.47,2.63,21.94,27.5,0
4907.6,911.9,856.2,93.9,2.25,2.95,23.73,45.5,0
9247.6,965.4,682.5,185.0,2.88,4.06,17.02,29.4,0
7785.8,1045.2,744.7,45.5,5.08,6.97,24.7,44.2,0
6318.9,905.2,1028.2,27.8,2.86,4.97,21.97,46.7,0
7540.5,985.7,519.6,155.1,0.43,4.45,25.52,40.1,0
7658.9,484.1,1093.3,12.3,1.6,1.24,21.62,50.5,0
5154.1,840.8,788.1,194.4,0.42,3.62,27.68,45.5,0
4775.7,763.5,669.9,25.4,0.48,2.45,13.42,48.1,0
6117.2,1135.5,608.3,130.6,1.21,1.44,22.81,42.9,0
7292.5,985.5,998.4,180.2,4.17,0.2,21.13,45.1,0
6208.6,673.9,846.8,65.7,1.25,1.04,15.74,63.9,0
3634.5,874.6,1199.5,33.8,0.48,8.36,25.22,43.2,0
4795.8,833.5,572.1,50.4,1.97,6.91,15.61,35.9,0
5889.0,890.9,722.8,206.6,3.45,1.87,22.87,42.8,0
5886.5,596.2,829.7,172.3,1.97,2.79,18.44,53.3,0
8958.8,872.0,684.6,55.6,0.73,10.29,29.15,36.0,0
3921.0,754.4,851.3,174.7,2.12,9.95,22.54,25.8,0
6758.4,856.5,920.3,173.0,0.47,4.54,22.64,22.2,0
8233.7,655.1,956.6,239.5,1.1,5.87,26.64,45.3,0
9407.2,683.0,1181.4,100.1,2.23,4.75,20.12,40.0,0
5393.4,1034.8,563.2,208.9,0.96,3.21,22.11,53.9,0
6737.1,589.7,924.3,112.7,0.79,4.69,14.8,43.2,0
6854.6,604.4,707.7,216.5,0.3,5.58,20.23,57.9,0
6293.2,789.7,944.6,31.1,0.92,6.63,20.39,30.9,0
5851.7,645.6,944.9,50.3,2.25,4.82,12.49,46.0,0
6654.0,623.0,632.9,205.5,0.3,4.78,21.88,51.3,0
2201.6,821.0,651.7,198.4,2.32,0.84,25.55,45.5,0
7023.1,499.0,962.6,80.2,3.45,1.94,23.53,49.5,0
6189.3,598.4,855.1,147.3,3.15,0.2,25.19,47.6,0
5666.3,1210.8,801.7,98.0,1.06,5.18,22.8,33.2,0
9070.3,891.9,994.8,12.4,1.28,2.57,20.26,34.9,0
4987.6,650.7,1011.0,16.0,0.67,3.5,12.77,45.8,0
5395.4,883.6,733.5,22.5,0.79,4.22,16.53,63.0,0
8987.3,913.5,662.5,146.6,1.21,4.75,20.41,38.8,0
4751.9,998.9,572.4,74.2,2.06,0.2,17.82,49.9,0
5174.8,774.6,857.4,43.1,3.1,4.96,16.35,44.6,0
5779.5,995.3,536.9,226.5,0.91,3.01,30.85,49.3,0
7261.1,392.3,871.9,37.9,1.2,6.2,25.76,45.8,0
6311.7,588.7,1117.7,165.0,1.15,3.2,28.75,37.9,0
4061.1,832.8,772.2,215.7,0.96,2.47,17.91,50.4,0
5201.7,865.9,732.0,47.7,3.15,6.85,19.66,47.1,0
5089.0,617.6,1289.5,59.4,2.44,1.59,18.43,59.4,0
5884.2,851.9,1182.1,142.0,3.64,2.72,12.37,49.7,0
6638.8,675.2,681.8,126.9,1.92,1.68,21.71,33.3,0
6627.3,744.6,880.6,129.8,1.02,2.83,18.15,51.3,0
3336.0,1005.0,922.3,137.6,0.81,8.21,17.96,52.2,0
7595.9,981.8,894.8,228.5,0.3,0.97,16.91,48.7,0
6378.9,600.6,1249.2,22.4,0.86,3.36,19.76,57.2,0
8076.8,588.5,869.2,184.9,0.63,5.97,23.11,28.0,0
6666.3,717.8,902.2,63.5,2.75,3.44,16.24,58.4,0
7652.0,794.7,1001.5,95.9,2.93,4.98,18.63,47.5,0
6699.8,668.4,1111.8,30.5,0.68,2.67,18.98,53.8,0
8019.3,1008.1,1056.1,112.5,1.57,3.73,19.46,37.8,0
6783.4,869.5,968.4,195.0,0.83,3.36,16.67,29.0,0
5853.1,881.2,507.1,32.7,3.59,3.53,22.16,43.8,0
9408.7,546.7,742.6,73.4,0.97,6.93,20.05,46.2,0
7333.6,1033.5,1030.3,95.8,1.82,2.48,18.91,33.1,0
6860.6,236.0,905.1,33.9,4.33,4.77,21.63,50.4,0
4085.5,966.8,1031.7,185.3,2.61,6.4,19.51,48.2,0
4067.5,986.9,1265.2,191.0,1.78,5.38,16.69,58.7,1
6439.1,713.5,591.1,202.3,1.6,3.32,21.12,45.6,0
6218.3,1054.6,1100.3,144.3,0.59,7.37,20.51,56.7,0
5078.8,787.4,777.3,126.7,1.28,4.4,12.24,45.3,0
6211.5,812.5,1055.8,70.4,1.81,6.18,23.98,46.6,0
8382.9,867.9,840.9,160.7,2.64,2.68,15.02,51.4,0
7043.1,1437.3,1317.9,112.2,1.22,5.46,20.01,46.8,0
4288.5,1068.9,878.6,233.3,2.24,5.68,18.42,38.2,0
5832.7,940.2,709.1,232.7,1.1,2.08,20.69,33.0,0
4792.6,617.4,942.4,218.2,3.13,7.39,17.95,37.1,0
5418.5,828.7,921.3,92.8,2.35,6.82,21.16,48.7,0
5379.6,637.4,1100.4,94.6,2.71,2.65,25.23,48.4,0
5283.5,964.4,948.6,206.1,4.45,0.46,18.0,56.4,0
4117.3,828.1,1394.5,177.7,3.53,3.56,18.44,44.6,0
5808.5,575.1,825.5,172.0,0.74,3.75,17.2,48.6,0
5159.1,816.2,828.1,74.3,1.79,2.5,21.27,52.7,0
1605.8,630.1,717.1,201.7,3.63,2.83,18.96,32.5,0
9079.5,830.2,868.8,143.3,2.63,6.08,20.48,35.9,0
7633.2,628.2,900.8,112.8,0.54,8.0,15.32,54.4,0
5435.5,805.5,911.9,209.0,0.86,5.95,20.23,36.8,0
6028.2,950.1,864.8,100.7,2.06,7.13,12.85,38.7,0
4242.5,789.4,715.8,160.4,2.08,4.01,22.04,51.0,0
8543.6,721.8,656.0,117.2,0.55,0.2,17.37,32.8,0
8845.9,840.7,767.5,146.3,1.09,2.62,18.4,35.6,0
6235.0,939.4,1101.1,19.3,2.77,2.19,20.5,44.2,0
7535.3,578.6,1148.5,116.1,1.26,6.46,15.77,38.6,0
6262.9,852.1,833.1,138.0,3.1,0.2,15.89,30.4,0
3994.9,1063.5,642.9,123.3,1.43,4.38,29.58,44.0,0
5382.3,914.7,832.1,204.9,2.31,3.62,19.93,49.3,0
6197.9,811.6,1310.2,81.6,1.0,4.9,23.71,35.1,0
5318.2,927.9,1069.8,213.3,2.94,1.61,17.37,43.2,0
5672.0,890.5,971.2,102.8,3.52,6.91,19.29,56.0,0
5862.9,950.7,1061.8,169.7,0.9,4.44,17.07,49.0,0
5878.7,395.2,1188.9,29.9,2.64,1.19,25.53,35.9,0
6078.4,489.3,596.4,56.0,2.75,1.55,21.03,55.1,0
4409.1,1001.0,763.8,185.1,1.51,2.93,18.55,49.1,0
4924.5,498.9,733.7,12.8,3.58,5.34,22.11,42.2,0
4073.1,880.3,979.2,232.8,0.34,2.1,17.33,50.5,0
7466.7,729.6,885.2,53.8,0.63,5.51,14.75,38.5,0
2841.5,600.8,1016.4,217.3,4.22,3.89,24.57,44.5,0
7730.4,869.9,738.5,128.7,3.22,7.72,19.05,41.8,0
8079.5,840.2,1151.8,139.9,1.03,2.53,21.49,55.1,0
5546.7,1222.1,834.7,29.4,3.6,3.86,18.91,35.4,0
2095.3,675.0,1002.8,94.0,3.98,6.19,21.6,49.8,0
5458.0,1088.0,1113.0,45.9,3.1,1.9,12.22,43.4,0
5903.7,870.5,1095.3,131.0,2.14,1.7,16.82,38.3,0
4484.1,667.8,929.4,136.7,1.65,1.1,12.72,35.1,0
5227.2,959.8,1030.3,173.2,3.02,5.47,26.66,54.0,0
8295.3,913.1,1233.2,212.0,1.52,0.39,20.6,50.8,1
6997.4,807.2,963.0,117.7,1.96,4.72,18.68,29.8,0
4613.2,853.3,689.5,63.7,0.92,2.25,16.62,50.5,0
3603.6,680.6,978.3,86.7,0.76,2.27,24.51,32.2,0
5509.5,634.8,841.8,204.8,1.9,0.2,27.1,48.3,0
5679.8,951.9,333.4,43.5,1.7,3.75,21.32,22.8,0
6744.3,755.2,951.6,154.3,4.37,2.13,20.95,23.8,0
5197.0,784.0,875.7,13.0,3.94,3.46,21.09,48.5,0
6767.2,856.0,1104.4,66.5,0.68,3.49,17.92,59.5,0
8902.7,853.1,685.0,146.0,2.69,8.32,19.37,57.8,0
7223.3,514.1,518.7,115.0,3.02,1.71,12.71,43.0,0
5927.9,1057.3,887.1,123.5,1.49,5.26,15.91,52.8,0
5725.3,824.2,933.6,161.9,2.44,3.14,21.49,44.5,0
5465.0,759.5,870.6,64.0,7.14,5.46,19.01,47.8,0
7771.0,886.2,854.6,74.6,1.52,3.54,24.79,41.9,0
5059.0,847.3,614.9,167.4,0.3,8.44,15.21,52.2,0
6067.8,953.4,819.4,133.8,4.27,3.85,24.31,52.1,0
6076.8,907.6,773.4,13.4,2.18,4.25,17.64,48.6,0
5247.3,943.6,1086.0,164.2,2.36,6.97,17.53,32.5,0
3941.3,1070.2,933.5,152.6,4.48,3.1,17.53,51.4,0
6484.5,976.7,788.8,28.1,0.67,6.58,17.03,47.5,0
5908.5,767.9,1229.3,181.9,3.75,6.98,22.5,48.0,1
6750.4,575.4,790.8,130.1,1.47,2.61,17.78,20.0,0
5199.6,1133.6,972.7,57.1,0.3,6.01,12.57,27.2,0
7831.2,752.5,813.3,138.7,3.81,1.6,21.22,51.8,0
4684.8,705.4,1208.9,147.0,1.77,4.53,21.4,62.0,0
8568.1,452.7,869.1,221.6,3.26,2.36,19.53,37.0,0
3378.5,867.7,875.6,180.7,3.95,3.83,20.19,43.7,0
6652.2,829.8,819.2,79.4,2.83,5.71,19.84,20.7,0
6713.1,497.0,893.2,37.2,0.92,6.81,22.77,41.4,0
4806.7,890.7,1113.9,206.2,1.59,0.2,25.79,43.1,0
6636.6,700.4,1036.1,204.6,1.68,1.82,15.32,39.2,0
7919.3,1338.1,856.2,50.3,1.17,7.39,27.54,57.3,0
2674.8,686.1,1224.3,24.3,1.22,4.0,25.56,47.4,0
6754.1,713.0,1042.1,173.7,2.81,3.92,18.85,39.7,0
2260.1,625.0,753.6,176.2,0.7,6.48,21.2,49.4,0
4551.5,1055.6,546.3,50.7,0.98,0.2,25.23,54.7,0
8443.7,725.4,758.7,163.7,2.58,1.51,22.69,34.1,0
5127.3,655.0,940.9,74.2,3.26,6.47,22.33,36.3,0
4239.2,941.4,981.4,69.9,3.5,0.2,24.43,29.9,0
5703.1,523.9,1149.0,84.6,3.89,4.09,13.97,42.6,0
9101.9,925.0,609.2,129.7,1.24,0.2,16.42,47.2,0
3252.5,1156.3,753.4,195.0,0.71,2.65,19.43,36.9,0
4423.0,913.3,590.9,124.7,1.24,6.82,24.19,56.2,0
8246.1,927.6,555.5,78.5,0.64,0.2,27.11,52.5,0
8786.6,974.0,711.9,213.3,2.26,3.2,22.73,36.4,0
5844.9,1141.9,930.7,22.7,2.77,6.22,17.95,35.6,0
4141.4,1042.0,1019.7,193.3,2.66,1.84,19.74,31.9,0
9143.8,887.9,641.4,190.4,1.31,4.82,17.1,40.8,0
8391.7,980.8,672.0,68.3,2.7,8.54,17.76,58.4,0
7018.4,622.8,458.4,55.6,2.23,5.82,17.08,36.7,0
4781.4,955.3,897.2,211.2,3.3,4.53,22.22,49.7,0
5926.5,598.9,688.9,138.5,3.2,8.01,21.71,45.0,0
5759.5,726.6,1215.9,20.6,2.55,4.37,24.25,28.9,0
6496.3,183.5,940.2,214.9,5.39,3.67,20.94,52.5,0
8176.5,880.3,812.3,90.3,2.17,1.36,18.45,40.2,0
7319.1,671.2,709.0,88.7,0.86,6.12,21.99,39.5,0
4383.9,1022.2,521.2,158.0,3.72,9.11,24.84,44.7,0
8064.7,878.0,549.1,162.1,0.85,0.2,22.52,42.1,0
6469.7,1024.8,713.1,91.3,1.91,1.9,25.39,53.6,0
7030.6,583.3,696.2,43.0,1.83,3.79,21.08,39.3,0
8199.8,1007.7,630.2,137.0,1.74,1.81,14.3,46.8,0
4332.6,1221.2,933.0,153.8,0.48,6.0,23.41,49.5,0
5946.3,952.8,963.1,207.9,1.57,5.55,23.23,34.9,0
5202.8,958.1,749.1,121.4,4.61,5.01,26.82,45.3,0
3648.2,833.9,1275.7,158.5,1.54,8.59,16.89,36.6,0
6520.1,695.1,465.7,22.5,0.3,4.81,20.96,49.0,0
9767.3,952.2,862.8,215.7,1.76,2.66,20.77,22.8,0
3239.9,498.8,801.9,85.3,2.66,1.13,19.08,56.6,0
5951.6,716.4,728.8,155.4,1.9,5.19,14.31,40.4,0
6960.8,445.8,696.5,220.7,1.3,1.19,18.63,46.3,0
6184.6,659.3,848.5,196.4,0.79,5.85,19.02,47.1,0
5830.3,928.4,800.4,156.7,1.23,2.8,18.32,40.3,0
4051.2,901.1,763.8,171.8,2.54,0.2,21.63,39.1,0
6349.2,810.2,564.3,221.8,2.97,6.54,26.33,46.7,0
4864.9,834.1,494.0,196.8,0.98,5.42,22.99,56.1,0
2715.1,422.8,786.5,150.3,3.25,6.0,16.7,49.2,0
7791.9,725.5,761.5,161.5,2.0,0.2,24.09,41.2,0
7437.6,663.7,806.7,43.9,2.18,7.33,24.54,56.6,0
6077.5,668.2,826.1,118.1,2.33,8.64,22.38,60.2,0
6343.6,919.9,735.0,79.2,1.18,1.56,26.55,42.4,0
7611.5,627.9,803.3,109.4,4.31,4.98,19.36,47.5,0
6336.5,679.1,662.2,162.3,4.81,3.02,28.75,48.2,0
7356.0,382.6,1185.3,44.3,0.71,2.97,21.13,59.0,0
5553.8,741.2,674.1,14.0,0.52,4.68,10.78,51.0,0
7968.0,582.4,768.4,101.3,2.09,2.53,28.91,53.4,0
6481.2,815.8,690.8,84.1,0.89,3.57,15.38,61.6,0
6291.1,609.8,687.1,106.7,2.59,8.95,19.61,47.0,0
4094.9,820.9,855.4,224.2,2.11,0.78,18.28,50.8,0
6430.4,771.1,827.5,172.6,1.23,4.85,18.9,47.6,0
4752.1,1134.4,748.9,85.3,0.5,9.74,19.99,44.3,0
5042.6,899.4,787.6,51.2,1.89,4.13,23.87,32.8,0
4776.9,432.1,691.6,152.3,0.32,5.8,21.84,35.2,0
4400.6,547.0,938.4,161.2,2.94,2.1,19.97,31.0,0
9187.2,811.0,1302.1,121.2,0.75,1.82,18.2,48.5,0
7997.0,614.0,657.5,58.9,1.87,0.65,19.3,50.3,0
8880.6,206.3,936.7,16.6,0.73,4.23,24.49,35.4,0
4165.7,1069.9,859.9,71.1,1.58,8.58,21.06,39.2,0
6106.9,944.0,997.1,115.1,0.49,5.59,17.1,44.3,0
4059.7,904.2,1003.3,191.2,4.87,4.43,22.31,59.0,0
4956.5,678.5,895.2,206.4,1.89,2.97,26.94,41.9,0
4622.8,885.5,841.2,105.0,0.54,2.77,16.72,59.1,0
7859.4,659.1,754.4,193.1,0.89,1.91,12.71,20.0,0
5405.7,841.0,681.7,238.5,0.94,2.21,20.18,53.9,0
7602.6,615.9,828.7,174.8,2.61,5.27,22.42,32.9,0
6906.2,1103.3,567.4,177.6,2.21,10.08,26.28,43.9,0
9455.5,486.0,719.4,219.2,0.97,6.16,16.9,36.8,0
3780.8,1046.5,1093.5,87.8,1.13,2.72,19.16,42.7,0
7888.8,807.8,871.7,12.6,1.4,2.09,18.31,42.6,0
7719.7,702.1,1046.4,237.0,0.91,1.91,22.86,38.4,0
4539.9,833.4,1173.3,122.8,0.9,9.72,15.65,44.5,0
7510.7,946.7,811.1,190.7,1.82,6.28,25.66,46.3,0
6504.2,1073.3,895.6,196.9,2.84,5.03,22.27,34.5,0
5658.8,862.6,783.6,101.4,1.32,6.87,15.05,36.0,0
4764.1,621.9,671.2,134.5,1.13,5.76,18.89,57.5,0
4921.3,811.1,640.3,134.2,1.86,0.2,20.64,44.4,0
9074.7,1163.4,1035.5,60.6,0.3,1.41,17.09,45.6,0
6001.0,1069.5,895.9,37.1,2.26,6.89,17.12,37.3,0
7173.2,981.8,1256.3,135.0,4.08,9.44,17.3,46.1,0
4813.7,959.1,1063.9,37.6,1.72,7.35,17.2,39.9,0
4830.2,939.9,689.1,89.6,1.18,3.9,11.47,50.1,0
7623.0,1031.8,1034.9,52.8,1.26,5.31,23.62,40.6,0
3975.6,708.7,782.9,172.6,0.82,1.64,25.11,42.7,0
5377.2,529.0,1117.7,210.6,1.62,5.1,13.06,63.3,0
6051.0,813.8,743.0,142.9,3.54,4.66,20.52,49.6,0
6167.1,636.5,618.5,104.3,1.82,4.03,18.68,43.2,0
5731.4,589.0,674.9,239.2,1.72,5.7,18.6,45.3,0
6593.7,655.9,686.2,14.9,2.01,4.42,16.41,55.5,0
7039.3,1297.1,665.1,80.0,1.63,0.2,18.48,35.1,0
7102.0,827.2,724.0,74.1,1.21,2.5,28.99,44.8,0
4521.3,872.4,1038.5,91.9,4.45,2.32,23.01,45.2,0
5573.8,555.5,1245.1,63.0,2.8,3.63,19.66,46.5,0
7792.1,431.2,557.4,70.8,1.0,4.78,14.38,40.0,0
7342.0,636.2,1128.0,69.3,2.24,5.06,18.05,42.8,0
3940.7,1087.6,744.9,126.3,0.97,3.47,19.89,27.8,0
6527.2,866.9,926.5,99.9,0.96,3.71,16.58,50.4,0
3032.7,919.7,486.1,157.0,0.3,0.2,20.85,37.6,0
6070.4,947.7,965.3,128.3,1.18,6.67,19.44,62.0,0
8846.7,681.7,408.8,52.2,1.13,4.44,23.23,45.2,0
4578.2,1077.6,919.1,196.3,1.76,3.58,16.87,35.8,0
4748.5,673.4,906.6,118.6,2.37,3.25,21.93,31.5,0
7146.0,1081.2,892.0,45.2,2.68,0.29,22.31,42.5,0
3685.8,888.5,688.3,48.4,2.04,8.94,21.11,49.0,0
5050.9,442.2,970.9,193.3,1.75,2.38,19.03,49.1,0
6894.7,650.4,936.0,171.7,3.1,0.2,22.64,36.4,0
5048.6,443.0,803.8,126.5,1.48,3.56,17.6,74.1,0
5646.0,1032.7,997.8,80.4,0.3,4.09,12.51,53.8,0
7116.3,795.1,829.0,115.9,1.13,6.82,18.45,57.4,0
6632.3,354.3,966.3,156.4,1.53,3.64,20.11,48.1,0
6400.2,875.1,822.3,212.2,1.21,3.36,16.7,35.9,0
5491.3,692.6,897.7,137.8,0.31,2.09,19.61,46.2,0
6555.1,503.2,976.4,73.6,2.82,0.26,12.66,43.7,0
5814.4,1135.6,762.5,19.8,0.98,0.69,22.46,52.1,0
6686.7,821.5,578.6,50.4,1.14,5.38,22.36,41.5,0
5254.6,741.3,910.7,159.5,1.9,5.14,19.89,42.4,0
5726.1,720.1,1111.7,46.9,2.04,6.41,25.07,29.0,0
4515.1,497.3,915.8,120.8,0.77,3.57,16.32,46.8,0
5947.5,539.1,920.0,170.8,0.65,7.78,23.15,37.0,0
4783.5,1057.0,840.7,80.9,0.38,1.69,21.57,43.5,0
4328.9,705.2,1012.6,163.9,2.61,2.91,18.26,42.5,0
6388.0,804.4,809.1,143.6,2.0,3.74,19.35,32.7,0
6319.1,391.1,750.1,111.0,1.35,3.71,19.69,40.2,0
7174.3,536.4,1093.2,216.4,0.37,1.94,21.07,39.4,0
5353.3,922.0,733.3,169.2,1.59,1.52,20.51,47.9,0
6612.1,875.5,1045.7,92.9,5.04,0.2,14.51,37.8,0
6826.2,1150.7,1093.3,195.0,1.39,7.92,23.28,50.3,0
6667.2,1068.6,974.7,179.8,1.49,4.04,23.62,49.8,0
4761.5,753.9,575.2,192.1,1.41,3.1,20.53,40.5,0
6224.0,894.6,856.0,157.4,0.7,2.02,23.91,43.5,0
6546.2,736.7,805.6,97.3,0.3,4.23,16.56,47.0,0
6010.8,1211.0,740.9,90.2,2.58,3.6,26.58,40.5,0
2870.3,1029.8,881.4,160.5,1.07,8.33,16.56,48.4,0
6240.7,833.9,1019.2,40.1,0.52,2.79,24.0,53.1,0
9318.8,840.1,749.1,198.6,1.49,3.21,20.77,55.7,0
5459.9,1089.0,812.3,95.2,3.15,5.91,21.53,54.6,0
4907.9,915.9,797.0,155.0,0.95,5.66,25.05,46.3,0
6560.0,1111.7,1106.1,124.8,0.41,0.99,22.51,39.3,0
6468.6,361.3,793.4,129.4,4.77,5.33,16.96,56.3,0
7789.1,892.2,578.4,179.7,1.57,7.03,22.16,44.4,0
4113.2,696.9,503.8,154.1,2.6,7.61,28.48,48.3,0
7097.1,1151.3,929.8,67.6,3.14,0.92,27.52,20.2,0
6885.6,1109.3,682.7,27.1,0.48,3.92,24.08,60.8,0
5786.8,806.6,997.1,203.3,0.89,1.28,21.89,59.7,0
6508.0,1107.1,557.1,213.5,1.69,6.15,16.88,34.6,0
7544.2,1156.6,731.4,47.8,1.23,4.39,21.73,41.9,0
7308.5,814.9,557.3,81.2,0.85,7.0,19.7,40.2,0
4285.5,1294.4,945.6,74.9,2.22,5.34,17.83,31.4,0
7230.2,793.7,992.7,225.6,2.13,1.73,19.27,37.5,0
5903.0,757.1,924.5,57.1,2.06,4.2,17.03,64.6,0
6109.3,973.2,611.1,48.3,1.82,2.13,29.36,48.2,0
6109.8,729.2,685.9,51.8,2.13,1.32,18.47,57.4,0
5774.6,817.1,901.5,177.9,3.01,2.72,23.24,44.6,0
7787.6,1081.9,478.7,214.2,1.11,4.48,20.05,25.6,0
5874.4,803.8,797.0,100.5,4.03,1.58,14.91,42.6,0
4320.7,461.0,1183.7,41.3,1.13,4.31,19.67,44.3,0
5409.7,873.5,810.4,144.7,0.3,0.63,20.3,41.5,0
6268.0,660.7,522.5,58.3,1.72,0.2,26.08,29.3,0
7843.8,973.1,716.4,24.8,1.47,8.46,19.59,52.8,0
6904.6,939.2,711.2,213.8,0.66,2.98,15.93,36.3,0
4724.2,1094.3,1320.9,210.3,4.92,3.49,15.47,41.2,0
9727.8,981.5,1216.4,234.5,1.91,3.09,24.16,51.8,0
6397.2,1018.0,1010.8,119.0,1.81,5.27,17.45,36.7,0
7913.1,666.2,774.5,77.6,2.46,4.41,20.39,45.0,0
5772.4,960.8,1114.1,187.1,3.88,6.23,13.17,48.5,0
6800.0,1193.7,600.6,51.5,1.58,4.7,26.74,63.0,0
7259.2,662.3,1086.8,66.0,1.08,3.94,16.19,43.2,0
7827.3,1159.9,1054.2,68.8,1.29,6.53,23.66,52.0,0
7586.1,690.1,816.7,228.9,3.9,3.07,24.39,41.5,0
7308.3,629.6,1100.6,177.9,3.38,3.87,28.52,59.1,0
5527.4,859.2,751.6,40.7,5.07,3.37,15.92,29.1,0
5142.4,943.2,571.7,31.4,0.88,7.42,20.29,32.0,0
6498.9,982.4,1065.2,203.8,1.56,4.84,31.82,46.2,0
7399.7,607.6,831.2,194.5,1.45,4.16,17.64,40.0,0
5665.9,886.9,982.4,164.3,7.35,0.2,19.72,50.8,1
7597.8,662.9,1250.6,55.1,3.3,4.89,23.11,52.1,0
8178.9,502.2,691.1,120.5,1.58,5.75,23.83,28.6,0
4625.5,614.3,818.5,148.6,3.75,6.29,27.74,54.5,0
4744.6,649.8,1195.3,224.4,1.48,3.5,17.92,47.5,0
5789.4,904.3,997.1,49.0,0.63,5.63,17.99,62.2,0
6461.4,1030.4,696.0,128.6,2.01,5.14,20.66,40.5,0
5213.1,505.4,639.9,46.3,1.07,0.2,26.81,51.7,0
8028.3,870.4,733.8,112.1,0.73,6.8,17.62,50.5,0
6636.1,564.7,687.5,56.0,0.8,3.59,18.79,58.4,0
6059.2,925.8,902.2,202.3,3.51,4.59,17.83,20.9,0
3846.1,675.5,867.3,68.6,7.06,2.44,19.22,30.8,1
4026.3,589.7,911.4,105.9,1.1,5.75,18.01,54.4,0
6421.5,959.9,665.0,103.8,3.03,4.91,21.58,57.9,0
2801.1,682.6,834.4,209.2,2.02,0.2,19.04,51.3,0
7519.0,736.8,397.7,184.3,0.46,2.29,24.16,33.7,0
5762.8,356.0,881.9,23.2,5.65,7.54,20.05,42.2,0
10864.6,989.3,1108.6,25.4,4.38,5.99,12.78,54.3,0
9461.9,964.2,536.6,136.8,1.76,3.18,26.29,42.4,0
5727.8,801.1,956.4,108.4,1.9,3.21,23.29,43.8,0
5840.5,494.5,715.6,73.4,2.88,1.78,24.78,57.8,0
7493.4,1041.9,1026.6,192.3,10.21,1.92,18.89,50.3,0
8554.8,666.7,884.9,39.6,2.34,4.5,28.27,45.8,0
3543.0,709.3,939.0,234.0,3.17,8.1,23.04,48.5,0
3320.4,1262.4,864.3,15.5,0.5,3.21,23.05,51.5,0
5066.9,659.3,1142.2,37.2,4.2,4.08,11.36,44.2,0
6874.1,948.4,926.4,81.6,1.58,2.18,19.32,50.1,0
6745.3,912.4,694.8,127.1,3.74,3.76,22.59,37.2,0
7604.7,878.0,871.7,59.7,3.3,4.86,21.24,52.6,0
4200.5,856.4,768.8,179.3,0.97,8.74,17.77,41.3,0
2525.8,875.3,885.7,92.2,1.58,6.93,9.02,37.7,0
7287.0,854.4,757.7,18.9,1.38,6.93,20.76,55.8,0
4757.7,789.6,701.1,211.9,1.07,2.87,21.31,48.2,0
2972.3,1102.3,893.8,227.1,0.83,1.71,25.86,47.2,0
6217.6,537.5,862.3,152.3,2.59,4.0,22.59,49.1,0
7189.8,1004.3,1084.1,195.5,0.91,2.48,20.8,30.9,0
5816.9,964.5,758.7,37.9,0.77,2.9,20.51,51.7,0
5313.2,939.7,414.2,71.8,1.76,4.69,20.69,43.7,0
5761.0,1023.4,769.9,84.8,1.11,5.6,18.2,59.1,0
5444.1,781.5,492.2,231.0,1.52,7.01,18.3,67.3,0
3977.9,426.2,941.4,127.8,1.74,5.29,20.83,48.0,0
4928.0,785.5,481.7,11.7,3.92,4.37,25.1,49.0,0
6781.9,601.8,632.6,97.4,1.35,1.96,23.2,46.7,0
6482.5,653.6,770.3,11.8,4.09,7.03,22.07,28.5,0
6252.1,551.5,1189.7,64.7,2.78,5.95,14.21,31.4,0
4507.3,704.5,614.0,114.6,3.36,2.94,23.87,33.7,0
5727.7,680.7,852.7,84.4,0.3,6.12,21.6,50.9,0
2734.4,324.5,977.6,17.5,1.74,4.28,30.0,58.7,0
6267.7,940.0,1176.5,36.8,1.44,6.84,20.38,49.4,0
8143.3,1244.1,1021.1,136.7,1.22,3.41,22.95,34.0,0
3788.8,921.2,1090.7,170.0,2.29,3.5,22.05,26.4,0
5121.1,759.4,1040.1,103.0,1.9,0.2,19.94,40.8,0
6493.7,789.1,584.0,178.2,4.96,2.85,20.12,41.2,0
7879.3,715.8,929.1,47.6,3.36,8.16,18.2,52.0,0
5327.7,818.0,1036.7,38.1,1.36,10.67,22.55,54.8,0
4961.6,792.6,639.6,203.1,1.1,5.12,15.04,46.5,0
3046.6,631.8,722.5,88.0,0.72,2.77,31.37,34.6,0
6155.2,1136.6,673.3,109.4,3.19,3.32,19.69,45.6,0
9063.1,502.6,1020.0,227.9,2.91,3.88,18.1,27.3,0
6416.0,943.7,834.8,107.5,4.19,3.17,19.4,42.6,0
5966.6,779.8,779.4,10.8,1.73,5.98,24.01,55.6,0
6483.1,1180.2,568.0,225.7,3.36,0.56,23.02,43.7,0
5983.4,868.2,835.2,13.2,2.85,4.08,20.07,56.8,0
4780.5,728.0,725.1,162.3,1.66,8.58,18.52,41.4,0
7234.9,750.5,903.5,84.3,1.97,6.61,16.0,49.5,0
6338.6,808.0,598.5,118.2,0.61,9.12,20.01,32.2,0
6026.4,571.4,889.1,135.9,5.75,3.67,21.67,48.7,0
4537.0,646.6,753.4,103.9,1.84,2.4,11.54,44.4,0
7955.3,443.0,575.2,188.1,0.3,4.8,24.05,41.2,0
6997.1,615.4,558.0,224.1,1.24,2.09,22.3,55.9,0
5170.6,818.8,591.1,29.9,0.58,2.72,18.96,49.4,0
7502.7,860.0,804.6,194.1,4.82,3.48,20.31,41.4,0
5253.6,404.1,876.6,39.6,1.38,7.07,16.75,56.7,0
4827.0,772.6,909.4,28.5,0.74,6.35,20.68,64.0,0
4860.4,912.7,917.7,229.8,1.89,5.29,12.0,34.9,0
3343.4,767.4,683.1,122.5,2.38,4.26,24.19,42.1,0
6707.3,673.2,1082.8,45.1,3.45,8.42,19.37,46.7,0
3253.3,717.6,752.7,141.1,0.36,5.1,12.67,69.7,0
4157.3,691.8,949.0,70.5,1.01,1.71,24.48,38.4,0
2886.6,672.7,813.9,116.8,1.83,4.44,18.39,43.5,0
5870.9,834.8,932.6,153.7,2.24,1.65,18.03,56.3,0
5774.5,1261.5,802.8,209.9,2.42,2.71,18.52,58.0,0
5510.0,651.3,936.6,10.7,1.22,7.46,18.03,35.4,0
4436.1,736.4,848.4,59.3,0.94,4.78,22.59,46.5,0
4241.6,789.7,1029.0,32.1,0.48,4.29,19.63,42.4,0
6696.6,662.5,669.9,32.3,2.1,4.67,18.48,27.9,0
5174.2,1019.6,460.6,227.5,0.63,3.82,18.91,37.2,0
6474.5,325.8,635.9,225.3,1.43,0.2,25.11,51.6,0
4672.1,693.8,1085.2,182.3,0.75,5.86,17.51,39.5,0
6271.6,963.7,816.0,157.9,1.48,5.69,19.84,54.2,0
7954.9,741.2,870.3,205.0,1.64,4.46,16.18,49.4,0
6879.2,635.8,618.2,23.4,2.37,2.28,25.16,46.7,0
5381.4,888.2,864.4,37.5,0.51,8.46,17.55,41.8,0
6385.8,981.3,625.0,82.9,2.59,2.81,26.29,46.6,0
5639.0,842.1,657.3,201.5,2.68,2.02,29.92,55.7,0
6011.8,639.8,761.5,118.6,0.8,4.26,22.98,28.1,0
5511.6,891.2,947.9,125.8,0.75,5.78,17.49,34.5,0
5753.5,719.6,971.4,62.7,1.11,5.25,16.31,56.7,0
6318.1,949.0,977.4,159.1,4.1,5.44,24.91,27.5,0
4510.0,1096.7,500.6,214.2,0.45,6.98,21.3,35.0,0
4476.2,278.9,848.5,85.8,2.54,4.74,20.12,49.8,0
3917.2,822.2,806.7,152.4,2.07,7.37,22.24,47.3,0
3599.6,452.9,512.9,86.3,4.42,5.26,16.41,38.5,0
4174.1,1288.4,853.5,192.3,2.82,3.81,19.28,52.7,0
6239.2,706.4,794.9,119.2,0.3,2.9,16.33,31.7,0
4660.8,949.3,962.5,88.1,3.27,7.48,21.62,69.4,0
6770.4,792.9,867.9,106.6,1.07,5.65,22.84,51.2,0
6052.1,639.4,729.1,31.0,1.29,3.19,24.64,44.5,0
3047.2,615.6,1053.7,209.2,0.63,2.92,17.64,56.3,0
6982.5,1117.1,361.3,230.4,2.8,1.45,24.27,53.9,0
7216.2,991.2,835.9,119.8,0.38,8.25,13.25,54.9,0
4509.2,1188.7,462.1,60.9,1.56,5.21,15.81,43.0,0
6630.3,811.1,649.3,162.9,4.52,7.68,22.73,31.0,0
4715.3,857.6,965.5,114.0,2.9,9.27,22.35,54.7,0
6146.5,746.6,569.7,68.0,2.23,8.69,21.8,52.9,0
4103.3,742.6,536.8,18.8,1.18,3.0,13.81,52.7,0
3310.3,591.6,1374.0,214.6,3.16,11.27,24.41,38.4,1
5425.8,816.8,551.0,193.2,1.0,5.94,21.43,53.8,0
5814.4,642.2,1213.1,200.7,2.47,1.11,20.92,41.1,1
5403.5,888.4,812.1,111.2,3.37,4.65,23.11,56.7,0
4224.0,834.0,734.5,183.2,0.94,4.29,18.43,43.9,0
5400.2,857.5,974.7,143.7,1.8,5.1,25.05,33.7,0
6403.9,1135.0,1144.1,96.2,1.76,4.77,21.27,36.4,0
5932.7,792.5,597.9,203.8,2.64,5.59,21.74,39.5,0
6273.8,951.3,737.7,239.7,0.82,2.27,23.33,56.6,0
4994.8,1210.3,1036.3,216.8,2.06,4.82,13.44,44.5,0
7757.6,1061.3,913.4,188.5,1.47,2.96,18.4,41.3,0
4235.7,1030.6,1092.4,181.9,3.52,4.52,18.68,68.9,0
6731.3,738.7,963.3,159.6,2.29,3.61,17.48,42.9,0
7772.8,845.9,1247.8,206.3,2.41,3.0,21.27,35.7,1
6721.4,536.3,889.3,123.4,2.18,5.91,18.65,65.7,0
5696.2,899.8,898.8,51.8,1.07,5.29,23.56,38.4,0
5207.6,854.9,920.8,186.7,0.88,5.09,21.19,34.7,0
7554.1,804.7,818.7,221.5,2.57,2.92,17.33,55.8,0
3865.5,1005.4,1036.6,88.5,0.3,5.47,21.08,37.8,0
4544.8,558.4,902.1,190.1,1.02,3.94,16.02,42.6,0
5403.7,1127.0,1023.4,73.0,1.72,2.99,15.32,46.7,0
7856.5,980.4,1057.8,226.8,2.33,6.53,19.05,42.3,0
6569.7,785.9,944.3,167.2,0.6,6.07,22.29,43.0,0
4547.9,770.3,960.4,140.9,1.54,0.2,22.5,50.4,0
5534.5,896.1,627.7,189.4,1.8,0.2,22.63,43.8,0
5078.5,1104.2,728.9,197.0,1.58,7.93,17.9,37.3,0
4935.3,820.3,1035.5,215.2,1.85,0.88,17.77,43.5,0
7468.3,828.8,1163.2,217.3,1.15,0.72,10.33,55.6,0
3942.4,803.6,423.1,22.1,3.06,3.64,14.34,40.9,0
8413.2,1156.4,725.1,38.3,2.22,4.66,26.89,53.7,0
7242.3,726.2,855.2,200.0,1.49,2.79,20.39,46.9,0
7636.3,794.1,656.6,227.6,0.33,0.2,18.27,41.1,0
5305.6,1092.7,669.0,80.8,2.03,4.39,23.48,39.0,0
5775.1,829.4,954.5,12.0,0.58,8.51,21.94,45.3,0
3850.3,1027.4,1197.9,84.2,0.35,0.56,21.37,58.1,0
5213.0,617.7,403.0,98.1,0.8,8.12,18.43,43.1,0
6740.5,758.9,812.5,185.0,2.24,3.3,19.73,35.7,0
7944.1,1096.9,951.9,20.9,2.25,8.46,22.65,38.2,0
4339.3,664.7,1021.6,58.9,0.3,5.56,24.16,52.1,0
5451.7,769.7,920.2,215.6,2.22,2.64,19.59,39.0,0
5773.1,851.3,1237.5,45.6,0.39,5.58,22.63,58.3,0
3906.3,602.2,856.4,184.6,3.11,7.28,13.38,54.7,0
6887.0,717.2,1138.6,93.1,2.68,0.35,16.94,37.7,0
4914.0,822.5,707.8,162.4,0.32,4.28,18.69,44.1,0
5706.9,809.3,862.8,27.0,2.01,6.59,15.72,55.7,0
5322.1,1056.1,583.2,75.9,1.15,3.14,18.15,41.5,0
4816.0,1108.3,1048.2,107.7,3.07,0.71,30.59,45.2,0
5989.4,628.8,823.5,207.2,0.99,9.12,27.45,53.6,0
5676.6,822.3,928.7,139.6,3.94,0.2,14.98,58.6,0
5442.2,934.8,781.1,20.4,2.79,3.21,19.03,50.9,0
4907.3,1103.3,979.0,194.4,0.63,3.82,18.65,46.3,0
6479.3,943.7,937.4,22.5,4.29,9.24,17.44,41.6,0
8480.4,858.2,631.2,224.9,2.0,0.2,14.65,33.6,0
6209.8,933.3,643.9,58.7,1.57,3.96,19.5,42.2,0
7494.2,934.8,843.9,122.2,0.88,2.41,16.77,42.3,0
3914.7,614.5,995.1,26.6,1.87,2.39,14.8,51.3,0
6236.6,838.6,1259.8,139.2,3.12,7.91,17.33,43.5,0
4353.9,1091.8,916.7,124.4,2.23,1.57,24.65,45.2,0
3784.6,758.5,1071.7,104.4,2.31,0.86,17.94,57.4,0
4890.9,825.9,495.2,18.2,1.77,1.06,17.86,45.5,0
7787.8,751.5,1292.9,212.2,3.53,4.41,20.08,40.1,1
7425.0,337.2,983.3,194.6,2.01,3.94,24.3,34.4,0
6364.5,804.1,839.1,155.6,0.92,3.33,14.34,41.0,0
3700.9,860.4,813.8,141.6,1.07,2.67,22.42,36.5,0
5705.6,697.5,606.4,169.8,1.67,7.55,20.77,39.8,0
6452.6,569.1,669.3,43.1,1.45,0.2,23.52,70.4,0
6263.3,623.9,1270.3,224.5,3.26,7.03,22.45,42.6,0
3234.3,952.8,632.4,75.5,2.35,0.5,27.6,48.1,0
4664.5,1194.5,628.2,161.0,1.69,6.68,17.68,62.8,0
5903.9,1076.5,695.5,149.6,1.01,6.03,16.48,36.1,0
6804.4,531.1,586.4,156.4,1.36,5.58,17.37,48.5,0
2705.8,970.9,853.4,212.2,1.23,3.77,21.09,55.0,0
5756.8,667.4,1089.6,78.1,2.73,2.93,24.62,48.0,0
6214.6,683.5,715.7,182.3,0.3,4.47,25.72,41.1,0
7274.4,707.6,547.9,147.6,0.99,6.81,17.62,49.9,0
7039.3,941.2,914.2,27.5,0.59,3.2,27.08,37.0,0
6873.9,991.9,837.7,105.3,0.97,2.72,20.99,43.2,0
4800.1,780.4,1070.6,202.7,2.29,3.89,19.76,30.6,0
3138.0,783.8,750.0,82.5,2.34,3.35,19.75,50.3,0
5410.4,892.9,792.8,120.9,2.18,3.59,25.39,56.1,0
7502.4,913.6,817.1,122.4,0.56,8.14,16.37,52.1,0
8090.2,1035.2,869.6,152.1,1.8,2.07,21.48,50.7,0
7065.8,543.1,763.6,213.3,3.69,7.15,20.68,44.8,0
6644.0,804.0,728.0,49.9,1.35,6.31,14.69,40.2,0
6569.5,586.4,442.9,126.1,1.51,0.4,9.56,32.4,0
5165.8,789.8,725.6,107.6,1.06,2.22,20.42,37.1,0
5804.9,754.8,1007.3,78.1,1.65,3.87,15.07,38.3,0
8503.6,790.7,1037.1,221.5,1.76,3.85,18.9,48.8,0
4586.2,640.1,746.4,11.9,1.68,2.67,19.8,55.5,0
8422.2,502.5,1135.9,38.1,1.57,6.53,13.24,46.8,0
5517.0,381.1,843.7,178.7,0.3,4.51,19.27,43.9,0
7988.1,773.8,555.7,70.6,5.32,4.18,17.83,61.3,0
3889.8,713.8,486.5,176.3,3.9,7.24,17.78,49.6,0
6878.9,664.8,1118.0,201.4,2.54,2.18,18.02,32.5,0
4894.8,1064.5,767.9,68.6,1.49,2.56,18.42,44.3,0
3877.1,628.1,582.9,54.1,3.08,3.03,15.74,41.0,0
6327.8,1083.4,353.0,43.4,2.47,0.51,35.0,29.2,0
7514.2,1124.8,762.9,56.0,3.52,3.94,13.16,55.1,0
4732.6,409.8,939.0,71.5,1.32,5.56,21.64,46.7,0
3751.5,818.5,696.5,209.8,1.31,0.83,18.71,61.3,0
5862.2,720.1,618.3,187.1,4.86,1.38,16.82,55.2,0
5868.8,217.6,729.1,10.4,3.23,4.1,22.34,39.7,0
6822.5,511.1,1123.5,211.0,2.79,4.86,24.25,49.6,0
7424.4,955.0,543.5,28.1,0.73,3.38,20.64,49.1,0
5910.9,1203.8,708.8,160.7,0.98,3.02,20.58,44.4,0
8783.3,980.5,1116.4,44.8,0.41,7.37,20.86,28.5,0
6336.4,864.7,958.7,24.3,0.58,2.55,19.08,52.5,0
5480.4,795.7,889.4,184.7,1.48,7.78,22.84,29.5,0
3582.6,1136.5,707.3,117.5,1.13,2.59,15.25,32.8,0
5606.0,1229.6,856.7,147.8,1.64,5.29,14.94,47.9,0
5495.4,682.6,731.7,107.8,2.05,2.53,24.41,35.8,0
7440.5,400.0,660.9,25.4,0.83,2.93,12.91,38.3,0
6693.7,380.4,612.4,180.1,2.16,2.41,18.93,46.4,0
4230.9,1064.4,1022.5,198.7,1.92,5.82,14.86,51.8,0
6258.4,790.6,836.7,19.5,1.02,8.07,19.23,42.3,0
7007.3,836.6,919.2,96.4,3.1,4.26,17.66,59.8,0
8292.0,441.9,883.4,138.2,1.54,1.38,23.73,36.0,0
7331.3,649.4,947.0,149.2,0.53,5.57,26.95,56.2,0
7141.3,740.9,794.0,143.0,0.62,7.69,15.5,37.7,0
6090.1,841.6,744.0,169.4,2.72,6.18,16.6,62.0,0
6582.5,720.3,670.6,232.4,1.84,0.54,17.97,58.2,0
7874.3,592.5,538.9,99.8,1.51,2.47,19.18,48.4,0
4000.8,643.1,603.2,138.0,1.55,1.96,23.49,52.8,0
5475.8,1041.7,769.6,170.8,0.8,4.15,15.94,54.2,0
4841.1,849.0,497.3,146.3,1.55,5.44,18.91,42.5,0
6568.7,922.4,545.9,99.0,0.8,6.79,19.04,46.5,0
7845.3,620.2,1079.3,153.5,1.64,5.0,18.19,32.8,0
5104.5,209.2,899.3,159.5,1.87,7.79,22.38,33.7,0
2414.5,695.4,750.6,144.5,0.7,8.62,19.03,55.4,0
5381.7,626.7,1349.7,57.2,0.98,7.59,13.44,45.4,0
7370.2,869.8,487.4,126.4,2.36,2.31,14.58,55.1,0
6806.4,1457.1,1064.6,213.4,2.94,5.74,19.52,51.4,0
6642.3,939.0,825.5,209.8,2.89,5.37,27.29,47.1,0
5580.0,1347.2,1022.7,182.7,1.51,8.74,22.09,57.8,0
4081.5,913.8,874.0,170.4,3.44,11.84,23.87,56.1,0
6772.9,674.0,438.1,45.3,0.98,3.06,19.85,38.7,0
4748.6,869.6,871.0,115.7,0.42,4.59,20.06,33.0,0
9276.1,1156.1,923.8,35.5,1.18,4.37,20.99,36.4,0
6855.8,1165.9,367.8,198.0,1.1,7.12,20.24,57.0,0
5129.0,684.9,1277.7,76.9,0.94,3.82,20.78,52.7,0
5082.9,850.6,918.5,186.4,2.67,5.87,24.35,31.6,0
5860.6,514.1,997.8,197.4,1.72,4.24,20.34,44.0,0
5640.7,964.9,593.6,215.3,3.46,0.37,19.63,55.3,0
7675.3,1110.7,1001.9,183.4,1.15,4.1,26.47,37.6,0
6279.6,808.0,1089.7,139.9,1.41,4.69,22.03,45.2,0
4902.6,666.5,905.8,147.6,2.34,4.85,12.87,54.3,0
8835.7,872.0,847.9,83.7,3.01,6.78,16.71,52.1,0
6074.0,883.5,653.4,50.7,4.63,3.17,14.74,34.3,0
7153.3,816.2,802.4,40.0,1.44,1.58,22.13,51.5,0
5087.7,835.7,737.4,51.9,0.3,7.78,25.26,47.2,0
6544.7,765.2,975.8,224.8,0.3,3.08,23.16,52.7,0
6466.7,999.2,663.0,47.8,5.83,4.72,19.44,39.8,0
3165.5,947.2,974.2,176.5,1.36,4.4,27.01,53.4,0
9022.9,603.4,665.4,52.5,4.64,0.43,21.19,49.2,0
7936.0,597.9,792.3,234.3,1.8,7.91,23.64,58.8,0
5404.2,749.1,985.5,94.3,3.68,4.99,21.58,43.8,0
4346.6,947.4,695.2,104.8,2.94,5.8,15.62,38.4,0
6521.3,829.6,993.1,103.0,0.67,7.42,18.42,33.9,0
6130.0,671.4,971.7,197.8,4.37,3.93,22.0,56.6,0
6533.5,852.3,790.4,60.2,0.81,5.77,21.38,25.3,0
6287.4,733.8,1105.6,201.1,3.12,4.71,19.38,30.6,0
6759.4,976.1,867.1,161.1,2.66,6.27,18.34,45.6,0
8171.0,866.6,1092.5,60.7,3.38,3.37,22.37,39.8,0
6852.2,736.9,1244.6,25.0,1.69,8.24,23.97,32.5,0
4425.5,846.3,796.9,188.2,3.06,1.46,21.08,50.3,0
8043.8,1063.0,991.9,60.4,0.87,7.75,26.4,50.7,0
8460.9,686.1,709.7,214.5,1.59,7.96,24.77,47.1,0
10728.1,880.5,622.8,39.9,2.98,5.08,18.19,54.0,0
4314.8,785.9,807.0,151.8,3.53,4.13,23.13,47.6,0
6364.3,885.4,550.2,169.2,0.86,7.73,31.39,26.2,0
2876.9,669.1,643.7,161.3,3.0,6.65,16.8,42.0,0
6829.7,822.1,980.1,82.7,2.86,2.22,22.43,47.1,0
5177.7,1021.6,737.0,211.4,2.64,5.68,13.25,50.5,0
8885.2,612.6,1006.3,187.1,1.4,3.67,22.97,47.8,0
4838.1,534.1,915.9,127.3,0.3,5.37,23.69,50.3,0
3466.2,541.7,1257.3,148.8,2.83,5.8,19.77,40.1,0
5293.1,565.9,965.4,140.3,3.56,2.29,18.85,45.0,0
3036.8,919.1,1095.1,227.7,3.92,0.77,20.0,50.3,0
7126.6,518.8,938.4,216.2,0.55,2.84,15.24,65.4,0
2902.4,740.4,918.5,64.2,0.3,7.41,18.68,36.6,0
6042.7,923.7,1106.2,70.4,1.22,4.61,19.59,50.8,0
2883.3,883.3,997.1,235.7,2.4,7.48,23.21,34.9,0
5519.6,722.9,896.2,64.4,2.74,8.7,10.87,39.8,0
8465.1,838.2,895.2,229.3,1.29,4.63,20.73,54.1,0
6541.0,821.4,968.4,159.4,1.48,5.52,16.61,48.0,0
4704.8,755.2,702.3,21.5,1.6,6.4,20.18,43.2,0
5953.2,757.8,693.0,87.2,0.66,0.2,28.09,65.1,0
6027.0,1247.1,1163.6,119.5,2.35,2.68,17.96,39.9,0
6708.9,961.9,1260.2,201.6,5.18,4.18,14.61,49.0,1
3949.7,1296.1,645.6,85.6,2.19,7.03,13.58,51.6,0
6888.9,700.6,702.8,81.4,3.19,0.65,20.54,30.3,0
1943.4,783.0,1101.4,221.7,1.18,6.17,24.95,43.2,0
5055.2,533.6,967.4,28.2,1.26,2.98,13.37,34.2,0
5267.6,638.1,998.8,136.8,1.69,5.65,22.86,24.1,0
6950.0,1180.4,1047.3,126.0,1.29,3.34,17.31,48.3,0
6033.9,695.6,797.0,23.2,0.8,3.63,19.9,49.6,0
3891.7,1183.9,922.6,30.2,2.26,3.07,25.38,39.6,0
4522.5,551.3,905.5,97.9,0.87,3.36,18.76,36.0,0
6298.0,589.3,661.1,40.9,1.04,7.33,21.92,58.8,0
5881.4,731.8,919.3,120.0,2.91,1.7,17.54,62.6,0
5131.3,787.3,1122.3,150.0,2.79,0.81,18.87,50.5,0
5278.7,984.6,776.5,169.0,1.33,1.31,19.7,45.6,0
7044.3,890.2,883.6,135.7,2.14,2.96,19.03,39.5,0
5223.5,716.7,895.5,97.3,6.89,3.97,11.66,47.6,1
5867.9,773.3,787.4,39.8,0.3,4.71,20.43,44.5,0
9254.9,736.2,998.9,66.9,1.14,3.99,22.37,51.3,0
3864.5,617.1,700.4,106.5,2.86,2.7,20.56,56.3,0
3222.2,622.4,1143.2,222.5,1.01,9.18,23.51,47.8,0
7175.4,1005.6,987.8,56.6,1.06,5.79,21.21,45.6,0
4982.0,434.4,643.9,105.1,0.46,2.36,14.44,31.6,0
5522.6,1123.5,1223.6,178.4,1.39,4.25,18.36,48.8,0
4828.3,731.4,887.0,172.2,0.95,6.97,16.11,50.8,0
5610.3,645.5,691.0,232.1,1.48,2.9,9.56,54.5,0
8397.8,948.0,1093.0,53.9,1.31,3.72,24.12,29.1,0
7203.2,1097.0,958.8,13.8,1.7,3.2,31.51,48.1,0
7293.3,1023.5,460.2,84.1,1.68,7.13,17.3,38.9,0
3875.7,900.4,734.4,44.4,2.88,5.33,20.79,51.6,0
4273.3,1017.4,911.4,136.1,1.73,2.64,16.33,46.9,0
1741.4,456.7,374.9,216.7,1.03,9.63,20.89,39.2,0
4785.9,695.6,868.7,168.3,3.33,1.79,24.89,60.1,0
7435.1,617.8,884.8,41.2,0.89,4.23,22.01,41.5,0
6775.4,1044.9,589.6,36.7,2.97,7.29,24.03,39.4,0
5667.7,723.3,909.5,219.6,0.9,3.98,25.93,41.1,0
5966.5,969.1,851.6,122.2,7.02,3.46,26.92,28.2,1
4966.7,907.2,587.9,222.4,1.05,5.37,21.27,30.6,0
6307.1,627.5,1052.3,179.3,3.42,4.69,16.59,55.8,0
7148.8,682.6,1034.3,238.5,0.54,2.21,17.43,45.4,0
3576.2,1058.8,786.3,210.4,8.14,6.05,19.4,49.5,0
6449.5,644.9,806.3,105.3,1.32,2.22,18.91,47.1,0
7398.7,825.0,1009.8,184.4,0.78,0.82,14.39,47.6,0
5377.3,643.5,805.9,118.4,2.24,4.81,19.93,44.6,0
7051.1,737.2,425.2,63.6,2.36,2.15,20.52,39.3,0
10222.0,790.8,957.1,65.4,1.82,4.42,16.4,50.5,0
5843.5,643.4,671.1,101.4,1.14,5.31,19.77,46.7,0
6590.0,607.9,764.2,35.6,1.22,4.82,15.32,35.0,0
4892.9,857.3,1170.7,50.9,1.01,12.18,20.98,50.6,0
6271.9,631.1,820.5,125.1,2.14,8.03,16.71,59.1,0
6690.4,637.9,850.4,229.4,1.16,5.77,21.3,48.2,0
6292.3,612.2,962.1,142.9,3.26,5.63,22.42,39.5,0
4470.5,784.4,961.2,104.0,2.71,6.42,23.21,47.2,0
6309.5,988.7,647.8,65.8,2.53,4.4,27.08,51.9,0
8193.3,1101.3,836.7,55.1,0.95,4.18,21.88,35.3,0
6673.0,654.8,858.0,161.4,0.72,4.28,19.83,40.5,0
7443.0,1230.1,909.8,205.1,2.5,3.23,23.71,45.3,0
5644.5,599.1,913.6,101.7,2.05,9.48,13.68,42.1,0
7124.9,1016.7,1419.2,136.7,2.34,1.9,18.29,46.6,0
6418.9,655.7,591.3,172.5,1.32,6.84,18.07,57.7,0
4573.6,625.8,1065.6,23.4,1.09,6.46,16.88,31.7,0
6477.8,651.0,1110.3,90.7,2.64,6.17,19.15,32.6,0
4512.5,789.5,958.4,177.8,0.98,4.59,28.37,41.3,0
5050.7,916.0,706.9,167.5,2.9,2.22,19.1,47.2,0
6284.0,934.0,1216.2,22.3,2.21,5.59,22.05,33.6,0
6445.9,611.2,367.8,64.7,1.06,5.59,16.69,61.3,0
4216.2,602.1,699.7,166.4,2.2,10.37,16.97,53.0,0
7581.0,616.7,1107.8,72.4,2.55,6.11,16.31,33.2,0
6858.0,777.7,768.6,197.3,3.28,5.21,17.03,45.5,0
4942.9,758.0,1201.2,16.8,1.04,4.53,25.99,48.7,0
3693.6,610.0,517.4,53.8,1.3,3.5,18.43,37.3,0
5782.6,853.9,605.3,74.7,3.66,5.14,16.95,29.8,0
5331.1,1252.5,733.0,222.8,2.2,6.04,21.84,37.8,0
6169.7,699.1,941.8,193.2,1.09,2.59,20.42,53.8,0
5455.3,713.3,801.2,213.4,3.06,3.31,26.81,33.7,0
2988.8,911.9,742.1,111.3,3.73,2.28,21.44,56.9,0
5417.5,688.2,1162.5,199.2,1.88,5.69,25.66,36.4,0
5541.6,933.8,1183.0,206.3,3.07,7.29,15.35,21.7,0
6950.5,656.3,758.8,102.0,1.47,0.2,19.59,55.7,0
4952.7,1166.4,473.9,238.7,2.07,3.66,22.91,40.7,0
8518.0,869.0,375.4,205.8,2.21,8.96,17.29,42.9,0
3132.5,676.0,902.6,234.0,0.9,6.34,20.37,47.6,0
7966.8,682.3,994.3,209.3,1.12,5.45,15.28,33.0,0
5663.5,697.2,863.9,188.5,2.22,1.49,19.79,35.1,0
7289.4,1074.5,834.4,227.1,4.87,6.67,14.15,41.4,0
6119.7,546.2,673.0,106.6,1.03,4.3,16.91,54.1,0
7709.3,666.4,994.1,190.2,1.58,6.38,14.9,47.6,0
5419.0,687.7,1219.2,59.0,2.84,10.09,19.11,47.4,0
4352.1,796.9,362.3,178.5,2.31,1.19,22.09,53.8,0
8130.8,745.8,832.9,190.6,1.11,8.09,14.5,52.3,0
5829.8,501.8,636.5,174.8,4.99,3.73,21.9,37.4,0
6332.3,720.0,522.1,205.5,2.03,7.57,17.57,38.0,0
7852.1,780.1,601.4,105.1,1.91,2.98,11.49,49.7,0
4452.1,674.4,933.5,135.3,1.94,2.0,23.02,43.7,0
6893.2,937.4,939.1,12.5,1.45,6.33,21.53,44.0,0
5115.2,983.9,1171.3,43.6,5.01,0.29,18.47,26.7,0
5801.7,784.3,851.9,158.2,0.41,2.53,23.44,44.9,0
6108.4,846.1,463.2,139.3,1.46,2.53,28.37,52.0,0
3749.7,367.8,797.6,55.4,0.78,2.75,20.44,41.7,0
4831.7,715.8,545.0,66.0,1.42,5.99,24.7,43.1,0
8026.6,1001.0,584.5,89.1,3.8,5.75,13.46,58.8,0
7329.3,715.3,977.7,174.8,5.42,4.16,21.6,39.1,0
5906.0,652.5,892.7,150.2,0.96,2.49,21.87,61.0,0
6364.7,1255.5,979.3,26.0,1.96,4.0,21.8,30.6,0
5558.6,1163.8,771.4,184.8,2.06,1.19,14.36,49.2,0
8034.9,893.5,1023.9,70.4,1.09,1.18,17.79,29.7,0
5699.5,1027.8,759.1,164.5,2.05,2.56,21.26,50.4,0
6347.8,354.8,1095.7,38.4,4.68,0.71,19.71,36.5,0
7719.0,642.5,925.8,239.5,0.62,4.67,18.6,34.2,0
4833.9,706.0,804.5,28.5,2.13,5.81,22.62,39.5,0
8338.2,752.8,896.7,180.6,2.47,4.35,17.24,39.0,0
3704.3,702.0,846.1,134.5,4.12,1.55,18.41,44.3,0
8444.5,290.0,1201.1,29.8,1.09,3.17,22.29,51.7,0
5441.0,877.2,904.0,16.2,0.69,6.62,24.53,56.0,0
5636.0,908.7,849.6,93.4,1.06,7.25,21.19,62.4,0
3165.0,1120.4,797.5,194.5,1.51,1.3,26.44,43.3,0
5317.8,642.3,1035.5,19.5,2.34,5.43,26.3,42.8,0
4440.3,626.0,1005.7,172.0,3.66,2.26,27.1,46.4,0
5088.5,264.0,789.8,160.7,2.49,7.28,15.96,40.7,0
5794.0,741.3,595.8,71.1,0.93,7.42,19.63,24.6,0
7436.7,980.2,651.6,27.8,1.7,0.2,20.54,47.4,0
6311.4,677.6,809.5,220.5,1.79,1.96,15.97,34.2,0
6461.5,1228.7,1146.8,79.1,2.1,5.36,19.21,44.9,0
4356.7,748.7,795.0,35.6,1.63,0.2,17.24,40.7,0
4678.9,829.4,719.3,166.7,2.33,7.99,11.4,34.7,0
8698.1,527.4,462.6,59.8,1.24,5.3,15.76,39.0,0
4897.2,857.4,1183.0,119.4,4.0,0.41,20.11,35.7,0
8484.3,404.1,975.2,21.6,2.94,6.78,26.8,46.0,0
5635.4,938.7,1025.1,238.4,2.36,6.8,14.76,41.0,0
6003.4,944.9,1061.6,113.0,1.4,5.73,24.94,46.5,0
7605.5,1071.9,813.8,239.8,1.85,5.36,20.0,33.4,0
7907.8,596.0,868.6,98.7,1.14,6.39,19.46,48.4,0
5833.8,832.1,1177.5,90.0,3.19,1.48,16.65,59.4,0
5417.6,912.8,889.5,220.4,4.1,4.67,18.22,47.5,0
5916.1,888.5,979.3,85.8,3.48,2.18,18.98,54.5,0
6506.9,626.9,1041.5,109.4,0.54,6.98,22.93,42.6,0
7337.0,321.6,991.4,28.0,1.92,4.09,19.38,42.2,0
6006.3,869.4,821.8,229.8,0.46,0.2,27.16,50.9,0
6928.3,769.5,842.5,29.6,3.42,0.32,15.37,43.0,0
8457.5,686.7,1021.1,187.4,1.59,3.96,25.86,54.5,0
6572.0,952.8,1020.7,133.9,0.3,2.64,17.14,44.0,0
6467.5,791.0,1107.0,24.1,1.66,2.75,17.54,47.0,0
3721.6,536.2,971.2,10.4,4.3,2.12,21.65,40.5,0
2053.9,413.7,981.3,225.2,4.69,1.92,15.32,33.4,0
6582.6,574.2,751.8,180.7,1.41,4.93,26.31,43.8,0
5857.8,1278.6,722.1,167.9,2.34,5.88,19.54,42.8,0
5227.8,944.6,1021.7,110.9,1.55,4.66,20.49,40.1,0
6365.3,837.7,723.7,64.9,3.86,5.66,20.11,49.3,0
5909.4,763.7,845.4,166.4,2.07,4.16,23.83,54.8,0
7691.7,750.5,1153.4,149.9,1.18,0.2,16.75,55.8,0
6129.2,1033.4,1118.5,177.1,2.44,7.74,15.19,43.8,0
4879.6,701.9,916.4,94.1,2.45,7.58,20.76,39.8,0
7485.2,915.4,784.8,237.0,1.7,5.56,19.49,37.6,0
5674.3,730.3,822.9,25.4,1.62,0.92,18.38,64.3,0
6789.8,1188.0,1040.9,28.3,3.93,0.32,23.78,56.6,0
5283.9,948.5,842.0,220.9,1.95,2.16,18.59,45.4,0
5025.3,1049.1,727.2,159.0,0.62,9.38,14.43,26.8,0
6126.3,683.1,1117.5,85.1,0.87,4.93,31.94,43.8,0
6019.2,1011.6,890.0,185.2,2.03,4.05,17.02,53.0,0
6719.7,737.5,723.0,114.1,1.65,4.31,22.43,38.5,0
5597.0,822.0,955.4,14.9,1.62,3.03,19.5,34.8,0
3245.5,1127.0,1063.7,159.8,0.66,3.85,9.97,51.0,0
5350.8,591.4,628.3,65.9,2.68,4.24,16.87,45.2,0
7190.7,840.6,805.9,36.5,2.19,2.56,19.19,45.4,0
5553.9,887.6,795.7,61.8,1.82,0.97,9.82,45.2,0
5630.4,904.0,949.5,119.5,0.53,4.27,15.6,33.3,0
7479.6,709.8,989.0,21.5,0.97,2.08,17.49,38.7,0
4932.0,1217.3,728.7,213.1,0.62,6.7,18.71,44.6,0
3685.8,541.0,521.6,138.8,0.72,5.23,25.11,33.4,0
5759.1,1091.8,1077.0,77.4,0.8,3.74,19.01,36.7,0
5273.7,1043.0,603.6,168.0,0.76,2.21,17.65,58.5,0
4550.6,1180.2,909.7,195.0,0.96,5.7,23.59,47.1,0
5736.9,482.4,821.0,151.2,5.08,5.8,16.57,47.1,0
6737.3,626.2,885.7,56.6,1.92,2.86,27.19,51.5,0
5986.1,1098.4,1213.3,35.4,1.48,4.89,17.02,50.5,0
6460.5,424.6,1518.4,207.8,2.44,1.85,18.42,46.4,0
8720.1,478.7,490.6,64.0,0.32,4.41,19.05,38.4,0
5485.7,702.3,1066.5,14.6,1.67,1.96,22.44,36.1,0
6417.5,838.4,815.6,157.9,2.58,2.78,23.48,48.2,0
5236.2,1118.4,1080.5,45.2,4.76,6.16,21.27,58.6,0
4730.5,762.9,1060.6,237.9,1.72,6.95,17.85,23.7,0
5122.6,678.4,1160.1,210.0,1.15,0.52,15.29,52.3,0
5281.9,862.3,912.7,149.9,0.67,3.62,21.4,33.7,0
6539.2,893.9,654.3,201.8,1.73,5.69,22.17,48.7,0
9523.6,888.2,1054.1,118.2,1.16,1.39,23.55,42.9,0
4925.9,764.4,876.0,191.4,1.28,3.01,14.68,41.2,0
5375.1,409.0,798.6,158.7,1.82,5.37,20.11,45.8,0
5905.3,616.5,745.2,16.6,1.06,2.65,15.06,49.8,0
6593.7,1084.1,1071.4,228.2,0.52,0.68,20.59,55.3,0
6395.3,837.4,1202.7,208.0,2.07,3.16,17.72,38.8,1
7926.1,735.5,587.0,229.3,0.97,3.47,17.22,49.5,0
2360.4,1023.6,986.8,178.2,2.83,7.89,25.24,47.8,0
2419.6,574.0,768.1,104.8,0.77,9.89,24.51,48.7,0
5256.2,754.9,527.2,57.6,3.48,4.84,20.84,44.1,0
7646.0,827.6,882.5,51.4,1.13,4.24,17.63,49.7,0
3651.5,711.7,666.7,43.3,4.38,1.22,22.9,62.0,0
1488.6,820.2,502.9,60.7,0.5,0.51,23.6,46.6,0
6856.8,762.5,678.0,136.6,3.24,6.9,19.92,43.5,0
6365.5,520.1,623.9,167.3,1.03,0.32,23.24,43.0,0
4364.7,836.3,707.7,82.2,0.42,5.65,20.05,46.9,0
4521.7,534.3,558.3,136.2,0.85,9.97,17.86,44.1,0
4545.4,833.1,763.1,88.5,4.47,1.45,21.2,59.8,0
6165.8,1074.8,693.1,170.2,1.26,0.2,15.54,34.6,0
5060.5,743.8,932.6,237.4,2.19,5.2,16.15,57.4,0
6741.1,565.7,980.6,168.5,1.27,7.21,13.54,41.1,0
1718.1,774.6,907.2,23.6,1.72,1.52,26.11,44.4,0
4714.7,633.6,798.2,119.8,1.26,6.4,17.87,50.6,0
4310.9,918.9,792.3,187.2,0.94,7.12,25.26,40.2,0
5615.5,770.4,665.8,134.7,2.25,4.96,12.24,39.5,0
5192.9,1142.0,671.1,228.7,0.41,3.01,29.95,37.2,0
7196.8,1032.6,1004.8,22.6,0.68,6.02,19.12,38.5,0
3211.0,769.4,462.9,77.0,2.47,2.7,21.16,46.6,0
6068.2,943.1,832.2,60.8,1.59,3.89,15.13,63.0,0
6837.5,721.4,778.8,186.6,3.01,3.09,19.35,50.3,0
8785.0,806.8,981.8,130.5,0.45,4.7,17.39,52.4,0
5277.4,727.7,536.5,41.8,4.87,4.44,16.31,35.0,0
6486.7,953.3,852.7,75.7,2.49,3.94,18.76,35.3,0
3294.2,1086.6,925.5,130.2,4.87,3.39,13.22,52.3,0
2412.1,959.7,431.0,239.1,3.16,5.49,27.77,27.7,0
7267.2,984.4,613.6,93.8,1.27,2.18,18.92,44.3,0
5991.7,984.6,829.8,46.1,2.79,1.97,24.74,55.3,0
7767.8,910.3,963.1,124.3,4.21,6.84,31.62,43.2,0
3939.9,572.1,890.1,81.3,2.2,6.32,17.21,43.2,0
6779.9,1140.2,973.3,140.2,2.45,2.27,21.42,51.8,0
8803.2,1160.9,612.5,117.3,0.87,2.11,21.9,43.4,0
6629.6,753.2,500.5,168.6,2.51,2.25,14.98,53.9,0
6414.9,725.9,868.6,220.3,1.75,0.2,23.4,39.3,0
6012.8,922.5,579.5,56.1,1.26,6.36,25.44,55.8,0
3643.7,910.2,659.6,198.9,3.36,4.9,18.3,44.9,0
8033.4,759.6,1055.1,228.3,0.48,1.76,21.78,32.9,0
5083.7,550.0,891.6,95.9,2.26,5.77,20.5,47.4,0
6756.7,861.1,725.0,36.1,2.81,6.21,19.2,32.3,0
3655.4,910.3,696.4,199.0,1.53,3.87,24.11,45.2,0
4230.8,945.2,986.6,171.3,4.6,5.13,17.25,36.2,0
8152.6,869.9,896.6,58.9,1.7,5.08,18.49,29.4,0
5479.0,745.8,582.8,112.4,0.85,3.96,14.38,27.1,0
8179.9,998.8,421.5,142.9,0.83,4.07,18.1,52.4,0
5882.7,813.2,1264.0,49.1,1.76,4.91,23.85,35.0,0
3237.2,707.0,581.1,174.4,0.74,4.52,19.54,49.6,0
7338.1,763.9,966.1,168.7,5.44,2.9,17.53,49.2,0
5115.2,450.8,1182.4,214.0,1.21,2.62,12.49,56.8,0
7048.0,763.6,882.5,140.5,4.04,7.99,13.86,49.1,0
6037.8,937.7,717.9,142.1,3.6,3.06,14.57,25.8,0
3685.3,868.0,536.3,152.5,2.14,0.8,20.19,53.8,0
6246.4,1104.1,533.2,73.0,1.5,6.95,27.19,42.7,0
9294.3,747.4,932.9,184.5,1.75,3.89,22.47,58.0,0
6739.5,897.5,1169.2,162.4,3.13,3.81,19.49,47.1,0
5913.7,958.5,763.0,203.0,1.99,3.86,23.12,51.0,0
7613.0,1268.6,727.7,186.8,3.38,7.14,17.9,52.5,0
6316.0,829.0,1003.4,156.9,0.94,1.57,8.73,37.8,0
6314.3,591.2,699.1,47.0,2.19,6.74,22.9,51.6,0
4362.6,969.6,910.4,221.4,1.22,4.83,23.62,48.5,0
6350.8,1173.1,859.2,94.5,1.11,6.3,15.37,51.3,0
7553.2,735.5,759.9,231.8,1.27,2.86,20.41,46.4,0
4745.9,968.2,846.6,102.4,2.63,10.71,24.25,40.7,0
8136.7,1045.7,1237.9,43.6,2.37,3.72,14.45,34.6,0
5862.4,1003.4,983.0,213.5,0.3,3.85,24.88,44.5,0
4668.3,825.1,1090.4,192.9,4.52,1.72,23.51,52.3,0
7496.4,660.3,647.9,190.8,2.17,3.68,25.08,44.5,0
5569.8,783.7,1091.1,30.6,1.03,1.85,28.22,49.1,0
7139.3,891.7,990.6,212.2,2.89,9.41,16.63,20.0,0
5562.4,981.6,520.1,147.2,3.53,0.2,23.32,54.5,0
5910.3,866.8,968.8,118.2,1.91,0.2,15.01,51.8,0
6740.3,724.0,737.1,220.0,1.65,2.6,17.55,48.1,0
6436.3,911.1,509.9,163.2,1.29,4.92,27.68,55.6,0
3006.7,972.0,878.6,40.6,2.63,7.39,23.02,46.3,0
4318.1,875.9,968.6,129.5,2.5,4.34,17.5,54.0,0
7394.1,632.8,883.4,156.4,3.18,3.17,16.39,44.7,0
5801.8,763.7,826.0,216.7,2.79,4.02,19.95,41.3,0
5214.4,989.6,777.3,74.4,2.33,5.93,16.94,47.3,0
3962.1,523.4,1392.6,192.7,1.99,1.08,12.9,34.4,1
4380.4,381.4,589.8,194.0,2.13,6.46,19.5,55.4,0
2967.3,1101.6,1042.0,39.5,3.06,0.2,14.77,55.4,0
5848.1,902.3,853.4,14.0,2.91,3.39,17.86,61.4,0
5102.3,921.3,662.0,143.7,1.65,3.75,27.02,44.3,0
4550.1,584.6,839.4,191.6,1.46,0.43,18.14,46.4,0
5897.8,947.5,543.6,137.5,4.96,4.09,14.18,46.4,0
6546.0,855.0,719.0,197.1,0.55,2.9,22.64,41.5,0
9139.8,483.1,839.7,153.1,1.11,4.61,20.56,47.1,0
3732.2,1084.9,508.8,160.3,2.07,4.72,24.03,47.8,0
7739.1,831.7,961.4,16.5,3.86,4.93,19.99,22.2,0
7459.7,720.8,638.0,30.4,3.46,2.73,20.15,36.0,0
4831.4,724.4,530.6,176.8,1.89,4.38,21.23,54.3,0
6304.9,397.0,612.3,185.5,0.57,7.03,24.97,47.5,0
5313.6,918.7,1328.7,134.7,1.19,5.99,15.58,28.5,0
6278.5,852.4,414.8,145.7,2.19,4.76,24.25,36.0,0
8263.7,761.2,945.9,151.3,2.7,1.58,20.74,45.6,0
6908.4,1055.7,684.6,34.1,3.69,0.2,23.18,37.3,0
6762.9,523.2,773.0,163.6,1.73,0.2,15.07,50.1,0
5354.5,680.6,982.9,120.0,0.71,5.6,16.82,48.8,0
3773.9,630.0,972.1,148.6,0.56,1.99,13.36,49.9,0
5687.3,744.2,700.2,139.5,1.49,0.8,17.28,45.7,0
7809.9,813.5,551.3,185.5,2.91,2.36,19.25,44.4,0
3709.2,886.0,986.9,83.3,1.74,3.66,14.8,60.6,0
4417.4,730.6,971.5,95.9,0.5,4.21,17.21,36.9,0
6189.4,624.5,787.3,100.1,1.38,2.17,21.19,20.0,0
4523.0,1137.2,947.2,185.4,3.6,6.29,24.01,29.4,0
4811.2,1282.3,751.9,109.2,0.3,3.45,19.63,37.4,0
5364.6,828.7,668.1,50.7,1.42,3.37,20.49,62.5,0
3951.6,648.6,850.9,236.1,3.45,1.69,19.08,53.2,0
4538.8,1095.1,964.2,123.5,1.01,8.87,17.37,34.2,0
7055.1,510.6,918.0,35.1,1.89,3.59,18.65,36.8,0
4038.9,733.0,962.0,164.2,2.83,5.36,18.82,48.7,0
3603.2,660.8,682.7,180.0,5.77,4.43,22.75,43.3,0
5055.0,568.1,1198.0,125.1,2.96,7.11,23.73,33.9,0
7097.9,744.0,774.7,158.7,0.73,1.88,20.06,33.6,0
5704.6,627.2,823.8,49.7,4.04,5.31,17.22,37.1,0
5303.1,802.5,559.9,94.6,2.02,3.21,11.4,35.2,0
6066.5,805.4,807.4,47.2,0.65,4.47,16.11,37.4,0
3381.4,675.7,967.1,99.1,0.3,3.14,21.19,46.3,0
6742.1,725.9,1017.8,139.4,0.55,8.79,18.45,46.6,0
6575.2,753.8,1193.6,111.8,1.17,3.72,18.98,26.8,0
5386.0,962.0,964.5,146.4,1.66,0.2,13.68,44.4,0
7508.9,770.3,910.9,125.4,2.07,3.68,18.58,38.8,0
4308.8,964.9,751.8,83.1,2.83,4.33,22.97,47.9,0
7691.9,917.2,704.4,43.0,0.57,4.33,12.81,53.3,0
6231.7,914.3,1063.5,68.1,1.02,0.82,5.05,50.0,0
5495.2,1077.6,1059.2,56.2,1.81,1.04,14.8,33.6,0
5970.2,576.1,613.1,172.7,1.71,8.65,20.84,46.2,0
5839.1,705.4,1009.1,198.6,2.12,3.44,16.18,54.1,0
7830.4,1152.7,993.1,175.7,1.43,3.7,23.06,40.4,0
4385.0,748.5,605.0,158.1,3.21,9.22,23.79,20.0,0
4856.2,237.0,968.9,80.8,2.43,6.01,14.25,51.8,0
7554.5,759.4,619.1,173.5,2.4,3.91,23.37,33.9,0
5106.7,827.0,315.6,149.2,0.61,4.59,23.65,57.2,0
7350.8,276.6,814.8,20.8,3.52,8.99,20.64,41.7,0
8549.2,1066.8,906.7,218.8,3.81,2.42,18.96,54.2,0
5397.3,657.3,824.7,28.4,0.59,6.09,24.23,35.9,0
7022.0,865.7,1480.8,125.6,5.42,5.7,26.54,41.9,0
4269.5,754.8,933.3,128.0,1.93,4.15,19.67,49.2,0
7132.1,542.3,882.4,202.5,1.14,2.63,21.0,55.8,0
6299.1,585.9,944.5,220.0,1.1,5.01,22.87,48.9,0
6709.6,613.0,752.9,226.1,0.49,3.99,27.16,47.7,0
5031.6,1017.1,1054.5,141.0,4.12,5.8,25.17,48.1,0
3508.4,770.5,929.4,166.2,1.19,0.2,17.99,34.2,0
6754.9,695.6,919.3,30.4,1.33,11.96,25.04,53.1,0
2904.9,613.1,712.7,122.2,0.57,5.49,11.66,23.9,0
5524.0,1039.2,505.8,216.5,2.23,5.21,22.13,49.2,0
7411.8,1092.8,739.7,114.8,1.82,9.14,31.38,27.8,0
6287.8,1036.9,912.2,26.0,4.22,2.44,14.98,45.2,0
8922.5,898.5,752.2,56.1,0.45,2.26,19.36,41.5,0
7537.7,858.0,914.2,108.8,2.14,3.18,18.03,41.2,0
5019.2,556.8,798.9,64.6,0.63,9.43,18.64,48.2,0
6041.0,750.8,944.7,100.2,0.98,3.77,23.79,44.2,0
5928.9,663.2,635.1,86.6,1.81,10.89,23.47,49.5,0
3626.7,434.9,892.4,83.4,4.9,2.67,22.71,51.0,0
4589.4,1011.4,709.0,31.0,0.3,0.2,20.9,20.0,0
5158.9,660.8,511.6,213.0,0.3,0.2,23.09,59.7,0
2945.7,1039.2,813.7,169.3,0.64,5.47,17.74,34.7,0
6071.2,976.3,1188.0,153.4,1.79,5.62,22.41,48.2,0
5626.4,911.3,529.1,149.5,0.53,4.91,22.08,53.1,0
3490.7,922.6,876.3,101.2,0.3,1.43,17.2,51.1,0
6606.3,676.9,1025.5,199.4,2.25,1.02,19.81,53.5,0
7073.8,1171.6,1356.0,223.9,1.28,0.39,20.37,34.1,1
6340.6,808.6,741.6,11.3,3.51,3.21,19.47,44.2,0
5513.9,860.4,711.0,28.2,2.27,4.87,17.96,51.7,0
6887.2,670.2,593.3,165.2,2.3,7.21,16.92,41.9,0
7020.3,613.8,1100.9,64.3,0.99,6.36,16.07,52.7,0
6461.1,895.5,659.2,219.7,3.78,4.45,19.01,48.5,0
4763.1,843.5,768.5,163.5,0.72,10.71,20.6,45.7,0
6414.9,642.1,443.2,94.7,1.36,4.13,26.19,54.5,0
7793.2,512.3,1044.5,105.5,1.89,0.2,13.22,27.7,0
5105.1,546.0,1104.8,168.9,3.45,0.67,23.3,29.5,0
9146.9,1039.2,1036.1,42.4,0.54,4.28,27.88,50.8,0
5211.6,677.3,496.8,213.2,2.35,0.66,12.02,44.3,0
6048.6,732.2,983.6,11.1,0.9,7.3,27.35,43.5,0
4991.3,1090.1,482.0,235.2,1.4,4.58,26.53,43.5,0
6334.9,575.6,862.8,48.6,3.39,7.37,20.48,56.2,0
3386.7,654.6,895.1,180.7,1.42,4.7,19.15,40.8,0
5180.9,646.2,918.2,19.2,1.39,0.2,17.42,47.5,0
4361.8,1123.6,967.6,109.2,0.73,7.79,18.62,47.7,0
6203.0,1198.7,848.2,155.0,0.71,3.86,19.04,54.8,0
7491.7,950.3,418.3,26.2,2.45,3.99,18.55,47.2,0
6969.0,956.7,967.7,112.0,1.9,5.19,18.03,48.6,0
2442.5,683.9,871.5,79.7,2.25,3.66,29.03,33.7,0
9063.1,1189.5,651.4,124.6,1.42,5.42,19.75,34.2,0
6442.9,853.5,504.7,126.1,1.47,4.6,18.48,36.8,0
4835.3,970.6,1188.8,190.6,2.49,3.89,21.43,42.6,0
6235.7,778.9,1120.9,38.4,1.91,0.43,25.59,38.0,0
6264.3,746.4,1005.3,29.0,0.3,4.11,17.68,44.2,0
4999.7,1132.6,701.2,102.4,4.4,3.71,23.99,42.3,0
6296.9,907.9,296.3,214.1,1.07,5.75,21.28,25.2,0
5088.8,1090.3,1018.2,206.7,3.23,6.0,18.49,41.5,0
5393.5,851.1,930.7,138.8,3.3,3.53,22.46,38.2,0
4970.6,630.3,767.6,214.4,2.57,3.24,26.3,53.4,0
3851.0,683.3,1097.5,195.2,2.86,7.04,21.14,49.2,0
6218.8,820.6,1036.6,73.9,5.62,5.83,23.39,55.0,0
6877.9,674.7,888.7,49.1,0.3,2.38,21.23,55.6,0
6772.3,578.5,857.7,79.3,2.39,0.2,33.71,66.3,0
7229.9,1040.3,861.2,62.2,3.26,8.53,21.35,38.2,0
6486.5,691.0,999.6,153.2,0.46,6.05,29.5,50.6,0
5200.9,827.6,661.4,144.5,2.83,6.36,25.85,41.5,0
7259.5,859.2,943.7,147.6,0.7,1.19,20.62,42.2,0
3963.7,682.4,647.5,53.5,1.26,6.03,18.15,33.7,0
4649.0,1090.2,1144.0,192.1,1.49,1.58,20.18,37.0,0
4553.7,576.6,967.1,109.7,0.99,6.67,23.05,60.7,0
7620.1,852.3,698.6,118.7,1.62,3.69,22.24,43.2,0
7414.2,849.2,867.7,239.3,2.02,0.68,16.54,30.6,0
6731.0,789.1,662.2,74.9,0.56,4.47,21.66,38.3,0
7607.9,540.6,1180.9,100.7,3.61,5.31,16.9,42.8,0
4681.1,974.2,1207.0,165.6,2.12,5.52,26.32,34.8,0
6522.9,948.7,1003.2,212.5,3.24,4.13,15.49,50.9,0
5812.2,664.9,1192.5,39.2,1.91,0.2,14.84,43.2,0
7270.3,941.5,883.4,179.1,5.29,7.68,21.15,48.2,0
5827.2,875.0,1018.0,221.2,3.38,5.55,18.11,29.4,0
5422.6,543.9,1119.4,107.3,1.52,4.15,21.7,34.1,0
6811.4,629.2,848.7,75.9,0.95,7.22,25.66,35.0,0
7314.3,1027.7,865.6,165.9,0.98,0.73,27.26,53.8,0
4997.5,861.9,1055.4,66.6,1.03,3.09,14.43,42.6,0
5908.4,687.1,992.2,98.4,3.04,6.52,18.9,48.1,0
4412.3,628.3,683.8,216.3,1.91,9.44,23.08,63.7,0
2252.9,696.9,368.9,145.8,5.0,2.86,24.48,38.7,0
6300.7,711.1,811.4,31.8,1.62,0.2,13.95,43.6,0
6913.4,630.8,388.7,85.8,1.56,5.83,18.23,43.1,0
6393.1,451.6,632.0,154.3,1.15,7.45,27.7,33.0,0
3075.7,1028.0,657.7,120.7,1.09,0.2,18.47,48.3,0
5473.7,994.1,724.9,161.9,0.41,3.65,23.71,36.5,0
2672.5,545.3,1030.5,185.1,3.72,6.81,25.56,31.3,0
8054.6,827.3,1078.3,120.5,0.6,7.7,24.67,20.0,0
4370.9,619.6,961.9,237.0,0.97,0.2,19.72,45.4,0
7883.1,747.7,989.2,220.4,1.47,3.37,25.2,46.0,0
7418.8,731.0,994.3,23.8,0.43,2.74,19.06,51.3,0
4649.1,714.4,300.7,71.3,1.23,1.46,12.51,58.3,0
4300.8,1200.6,852.2,79.1,0.73,4.52,10.79,44.2,0
6525.6,711.9,454.8,52.4,1.62,4.83,18.86,44.6,0
4733.5,638.3,962.0,81.8,6.67,8.49,21.87,29.0,0
6153.7,647.5,389.5,107.7,1.38,0.2,16.81,63.2,0
5275.8,1008.8,810.3,21.9,2.2,5.33,22.41,20.0,0
3328.3,469.6,970.5,39.3,3.02,2.01,15.98,43.1,0
2654.3,647.5,604.1,32.1,1.05,1.06,23.22,59.1,0
6340.0,1089.4,1061.6,20.7,0.3,3.32,25.4,40.1,0
5157.7,848.8,961.5,120.7,0.6,4.71,21.91,32.5,0
5170.4,838.4,933.8,86.8,1.91,2.53,15.15,50.4,0
7043.8,1226.4,1003.6,225.2,0.47,3.34,16.78,61.6,0
7760.2,849.3,771.0,33.6,1.74,3.98,19.39,66.6,0
5591.2,658.4,883.4,223.0,1.98,5.05,21.85,35.8,0
5489.1,743.6,852.2,29.9,0.69,6.85,20.09,49.4,0
6750.2,572.9,847.2,152.4,1.84,3.5,14.64,55.9,0
3964.6,1051.2,702.2,67.0,1.2,4.25,24.71,50.5,0
6334.7,914.9,576.6,200.2,2.29,4.09,26.51,49.5,0
6827.8,1024.9,775.9,24.1,2.65,8.33,21.74,40.0,0
7020.3,1042.6,763.8,229.1,1.03,5.21,20.41,41.8,0
3094.9,717.2,687.9,20.9,5.43,4.97,15.14,39.9,0
4858.0,611.0,1037.5,65.5,0.44,3.9,10.56,32.3,0
4682.6,789.7,592.1,116.8,0.77,4.06,20.53,35.7,0
6149.8,625.4,812.3,183.9,1.01,0.2,21.67,36.8,0
6721.1,833.0,1106.6,228.8,2.28,2.94,26.34,53.3,0
8245.1,1026.4,1050.0,108.4,0.46,5.33,23.14,50.3,0
5257.6,766.4,1117.6,184.2,4.07,4.02,26.51,42.7,0
5253.6,830.0,720.0,177.2,1.11,3.59,22.37,39.6,0
7724.5,781.2,1022.5,141.4,1.32,7.57,24.97,24.1,0
6444.9,960.5,616.1,168.9,0.74,4.99,15.62,41.7,0
7901.5,666.4,789.3,18.8,2.1,1.05,22.83,46.5,0
6433.1,360.7,810.0,111.6,2.74,0.2,19.13,64.3,0
4264.3,894.2,723.3,190.7,1.32,6.37,20.87,54.1,0
4000.3,997.6,770.4,119.1,3.87,1.75,23.07,45.4,0
3672.7,889.3,741.5,210.9,1.28,4.69,18.74,44.6,0
6993.1,672.0,633.9,201.7,1.44,5.99,14.62,34.5,0
7782.9,573.0,1038.4,208.6,1.17,4.67,19.58,47.1,0
8774.0,898.9,809.9,39.9,2.35,7.95,16.41,47.1,0
7264.7,828.3,894.3,66.2,1.77,3.58,23.94,47.3,0
7744.3,774.8,886.0,16.8,1.09,4.76,24.22,36.5,0
5130.0,1164.5,862.0,236.0,1.83,2.95,22.58,60.3,0
4265.4,610.6,870.4,64.3,2.43,3.3,25.66,62.1,0
7275.1,1155.0,782.8,94.4,2.06,6.01,21.37,44.5,0
6626.5,806.4,1162.0,73.2,1.05,6.31,20.34,52.0,0
6161.2,432.9,1017.4,19.2,1.97,0.2,22.89,30.3,0
6581.1,764.2,854.0,70.1,0.86,2.07,21.89,33.4,0
6484.8,991.9,751.6,32.6,1.32,4.53,16.87,50.1,0
7925.7,727.0,823.9,100.7,0.91,5.47,23.39,49.8,0
7942.5,505.0,941.9,232.4,1.63,0.94,10.27,50.0,0
6816.3,767.1,1180.0,170.6,2.52,2.62,25.72,45.0,0
7268.7,628.6,547.9,172.6,5.03,5.35,23.34,52.0,0
6771.1,898.4,995.2,114.2,3.79,5.81,14.96,35.7,0
5308.2,954.7,1097.9,196.6,5.42,4.99,22.64,42.2,0
7134.8,588.7,522.9,218.9,3.06,3.6,23.02,63.0,0
3908.3,658.8,810.1,231.2,4.11,1.5,22.44,43.3,0
7580.8,951.3,615.8,32.8,0.3,3.07,21.43,54.7,0
4208.2,628.2,944.7,212.3,6.51,6.53,15.05,42.5,0
6428.7,583.6,771.2,61.8,1.55,6.29,24.97,47.4,0
4732.3,564.3,821.4,101.4,6.56,1.85,14.88,54.8,1
6830.1,870.4,759.6,89.5,4.84,7.98,18.01,34.0,0
5949.1,861.8,1008.4,165.3,1.88,2.08,13.62,57.0,0
3607.9,663.2,900.4,147.5,0.3,4.38,20.82,42.2,0
6631.0,801.0,900.8,35.1,3.1,1.38,18.59,49.5,0
5133.1,1105.4,885.3,190.0,0.3,8.23,14.69,38.4,0
7321.7,605.2,975.9,111.1,2.73,6.12,28.49,39.4,0
6002.0,409.7,792.4,10.5,0.41,4.47,14.44,32.0,0
6593.1,891.0,1224.2,105.3,1.78,2.94,19.81,36.7,0
4563.6,777.9,578.3,128.8,3.0,9.44,19.54,45.1,0
5116.0,658.0,470.3,25.8,2.56,5.3,16.7,45.5,0
5312.0,930.4,452.1,44.8,2.74,9.1,20.12,51.5,0
7285.1,967.8,392.5,238.5,2.74,4.38,20.24,42.8,0
8516.1,358.3,998.1,210.4,3.17,4.45,19.12,54.3,0
4792.2,669.5,971.3,40.7,1.09,6.09,13.75,54.5,0
7615.3,1263.5,1115.7,143.5,3.72,4.48,17.7,39.6,0
2745.5,916.7,617.5,97.2,0.8,4.67,22.24,20.0,0
4208.7,935.2,1014.0,135.1,3.69,4.95,17.82,48.1,0
4561.8,1034.6,862.5,118.2,2.57,6.19,17.97,44.6,0
3971.2,803.4,886.6,21.1,1.92,2.07,18.56,34.2,0
3624.6,959.3,987.6,82.5,1.04,4.08,20.33,58.7,0
6619.5,943.6,683.6,38.9,0.54,2.75,24.85,40.9,0
5678.9,907.8,1419.2,122.5,1.0,5.62,21.31,35.5,0
6569.1,735.6,1143.0,218.7,1.04,4.06,22.64,65.5,0
7035.7,834.4,733.0,239.0,3.08,2.63,24.47,41.8,0
6398.4,682.3,610.0,227.2,0.59,7.61,22.45,45.0,0
6986.6,802.6,830.7,236.7,2.1,6.96,17.83,48.3,0
5895.7,566.3,890.1,13.5,2.35,6.97,19.07,33.1,0
4219.5,641.9,1084.4,177.8,0.63,7.27,19.86,38.4,0
7586.7,743.5,592.9,72.8,3.01,5.47,26.0,43.1,0
5116.3,611.3,912.8,209.1,2.18,5.68,14.35,59.1,0
4596.6,699.0,513.6,197.2,3.81,3.57,19.62,36.4,0
5733.1,767.2,946.0,107.4,3.32,7.37,19.83,53.9,0
4630.8,880.5,826.3,118.8,2.13,4.45,16.09,49.0,0
5373.9,989.9,1276.1,71.0,0.94,2.61,18.64,43.9,0
6516.1,707.2,509.9,76.4,0.95,5.1,17.55,38.3,0
6522.5,1067.0,1151.5,235.7,0.63,3.12,24.35,35.1,0
4653.3,987.7,475.2,214.4,0.77,6.33,19.51,74.1,0
5268.4,900.8,558.0,54.1,2.4,5.94,15.96,54.9,0
7611.5,830.7,481.0,73.4,1.85,6.19,13.1,42.4,0
6744.6,863.8,905.1,35.0,0.46,0.48,18.52,43.9,0
9112.6,1037.4,591.8,237.4,2.47,0.2,24.5,39.6,0
7770.2,1044.7,553.4,218.7,3.4,4.53,17.1,31.7,0
7716.4,1067.0,894.6,137.0,3.53,4.53,15.15,39.8,0
3918.2,808.3,949.4,169.4,0.4,7.34,22.36,40.9,0
7145.8,911.0,858.8,182.0,3.36,2.51,19.52,58.0,0
5920.3,1068.7,814.3,56.9,2.44,1.63,21.1,45.3,0
5173.5,675.3,1252.4,225.0,1.26,2.18,29.85,39.4,0
6252.0,736.3,882.1,131.2,4.62,1.36,24.63,60.4,0
7417.8,803.2,1027.3,31.3,0.98,2.8,17.23,38.5,0
6751.2,979.9,881.4,101.3,0.3,1.1,16.21,42.3,0
4682.3,983.0,608.5,148.4,1.3,4.25,13.25,56.3,0
7113.7,753.8,971.0,91.1,1.1,4.1,19.47,35.6,0
5043.6,498.3,705.7,170.8,2.3,2.31,23.6,38.4,0
6325.0,849.2,830.0,212.9,2.61,1.56,13.82,39.8,0
5545.0,616.3,917.2,187.5,2.7,1.22,23.29,48.3,0
5671.7,502.0,422.9,157.8,1.82,0.2,22.56,30.0,0
7149.4,547.2,495.9,127.8,1.89,2.27,21.43,43.0,0
4439.7,865.3,1050.1,68.5,4.47,2.84,17.72,35.0,0
8917.8,1072.2,704.0,114.6,0.31,0.2,20.5,42.6,0
3268.4,807.8,714.4,77.4,2.78,7.5,22.72,49.6,0
5103.5,842.3,886.6,224.8,2.0,6.3,22.03,34.6,0
6555.3,1036.6,765.2,218.7,1.3,3.57,20.47,33.6,0
6876.5,491.1,941.9,45.8,1.61,0.2,20.67,40.3,0
5849.3,904.0,838.8,199.2,2.03,6.82,24.26,39.9,0
5913.9,797.7,893.7,171.7,0.84,2.86,17.35,51.4,0
6615.8,913.2,695.6,234.3,2.41,0.2,22.21,27.7,0
5653.4,703.3,892.6,116.6,2.58,0.88,26.5,43.3,0
8089.8,636.4,1093.1,176.1,2.74,2.68,17.38,36.3,0
7259.0,828.1,725.1,129.1,3.89,1.62,18.44,32.8,0
7309.2,1129.8,1051.4,26.0,0.77,2.37,12.85,35.0,0
4550.8,972.2,838.7,20.8,1.05,0.2,19.79,37.1,0
5880.9,698.5,1011.6,38.1,0.57,7.57,23.85,33.8,0
5549.3,531.8,878.3,78.1,2.06,6.41,22.34,36.3,0
4491.6,463.6,842.6,69.6,1.43,2.08,15.98,42.5,0
6540.2,1063.2,926.9,177.5,3.36,6.15,17.32,34.9,0
5193.5,609.0,1117.0,174.7,4.68,2.83,17.17,44.4,0
6983.1,734.9,901.9,233.4,4.26,4.07,23.81,48.8,0
4394.7,1064.2,955.3,81.4,2.07,1.01,11.61,46.6,0
8578.6,477.2,768.9,225.8,6.24,5.32,15.99,41.0,0
4655.5,1098.5,1195.6,151.0,2.38,6.02,20.44,46.0,0
6329.0,749.3,990.9,123.9,0.86,4.56,19.93,30.8,0
7187.8,570.3,867.1,163.6,0.83,2.68,13.32,32.4,0
5144.0,750.5,823.0,171.6,2.24,0.2,25.24,47.3,0
7278.7,655.5,1065.1,49.5,2.76,6.15,16.21,41.2,0
4156.2,888.2,716.6,182.9,0.88,3.49,16.0,42.1,0
8178.2,670.4,457.8,176.8,1.53,2.05,17.29,40.0,0
6021.2,417.7,865.9,239.4,0.3,2.45,18.96,51.8,0
5105.4,755.9,1111.8,219.7,0.31,4.69,23.63,58.1,0
5551.2,528.7,1200.1,167.5,0.72,0.95,23.96,39.3,0
7213.4,840.9,826.4,173.8,1.5,5.06,24.78,44.7,0
5123.3,562.6,859.6,227.6,2.06,3.37,13.86,50.9,0
4876.0,702.4,964.3,232.5,1.32,2.22,19.7,49.8,0
5667.7,836.5,791.8,200.2,1.05,2.01,18.03,36.7,0
4234.6,757.5,963.6,186.5,2.39,4.88,21.34,28.3,0
8730.8,850.1,831.2,35.6,1.86,0.2,23.62,61.2,0
5150.4,936.1,1072.5,201.0,1.61,2.4,17.71,34.5,0
7247.4,568.4,1009.1,68.2,0.65,5.61,20.55,59.8,0
6314.2,787.1,1028.3,139.7,1.67,3.74,18.38,62.8,0
4523.2,150.0,804.8,103.2,1.15,7.03,14.7,50.1,0
5991.1,849.5,1273.7,89.5,0.39,4.34,14.61,52.4,0
7176.0,739.8,956.5,81.4,2.41,2.35,25.21,42.6,0
5717.6,603.3,904.4,206.7,3.29,3.4,28.01,45.8,0
7789.7,863.1,682.6,186.9,1.09,4.36,16.3,36.8,0
7532.3,1034.5,828.6,130.4,1.67,1.98,22.13,56.2,0
7378.4,704.8,875.2,162.8,0.76,5.52,19.44,65.7,0
5310.5,611.0,676.7,236.4,0.88,8.55,14.03,56.2,0
4380.2,833.0,785.7,101.4,1.6,1.08,23.31,41.9,0
5079.6,532.9,813.5,136.8,3.1,5.56,19.91,34.8,0
6294.4,667.9,862.3,132.7,2.45,2.06,12.49,62.3,0
6818.7,1044.5,462.2,225.3,1.65,2.28,21.98,33.9,0
2742.6,812.4,820.2,90.9,1.08,3.06,26.33,47.3,0
5987.8,424.1,767.0,236.8,0.81,2.51,14.53,52.9,0
6237.1,440.6,845.4,80.1,0.86,5.6,15.24,55.1,0
5583.7,832.4,1077.8,35.0,0.7,4.12,21.2,56.3,0
7936.9,972.5,1301.5,54.0,3.78,3.52,24.41,42.8,0
6632.7,476.5,999.2,108.0,0.61,4.89,17.71,40.4,0
7965.3,889.9,578.4,159.4,1.77,5.04,21.49,34.2,0
5676.1,1066.1,774.0,128.9,4.69,3.95,21.76,25.9,0
7406.2,1177.6,981.1,96.5,1.24,6.5,25.92,45.8,0
8452.6,866.2,956.3,139.3,4.26,4.24,15.65,56.0,0
7967.5,901.4,1067.2,202.9,2.08,9.28,21.75,38.9,0
4361.8,373.4,828.6,203.0,2.93,1.72,25.92,48.1,0
5619.5,1220.0,770.0,177.0,0.76,0.25,22.28,49.6,0
5482.3,684.9,1235.5,229.1,1.79,4.48,27.6,40.8,1
6733.9,613.3,862.9,145.7,1.32,6.28,19.88,51.2,0
7029.5,749.0,626.3,11.8,0.8,3.15,19.77,69.9,0
4741.7,1102.3,1174.5,76.9,1.49,1.95,15.92,44.2,0
6101.8,1241.6,520.9,85.5,2.87,4.01,23.2,47.8,0
2970.1,825.1,150.0,135.9,1.97,3.37,27.25,46.0,0
8162.9,999.6,1019.3,218.1,0.33,3.53,10.67,28.5,0
5231.4,808.6,1050.4,202.8,0.85,2.05,15.27,25.8,0
6083.8,592.4,941.1,63.4,0.37,2.71,23.36,46.4,0
5535.5,1095.3,563.5,129.5,2.33,6.39,26.51,44.5,0
7719.0,675.6,837.0,161.6,4.65,7.18,26.42,38.4,0
1743.7,1107.1,788.8,237.1,1.77,3.59,20.72,45.9,0
5975.1,1059.7,731.8,17.2,0.62,1.28,24.74,51.7,0
5841.3,922.8,1160.7,116.7,0.38,1.49,20.83,33.7,0
5319.5,1165.8,619.7,237.3,4.56,0.85,12.52,38.7,0
8589.3,1246.5,919.5,234.8,0.74,6.24,20.96,20.0,0
4669.0,765.0,1112.7,86.1,0.97,4.43,16.51,51.3,0
7157.7,638.2,933.9,10.0,1.8,3.51,20.24,54.5,0
6534.4,427.1,1123.0,144.9,0.82,6.22,23.4,47.5,0
7892.3,1248.9,974.0,209.4,1.32,5.03,17.07,30.6,0
4999.2,712.1,944.5,84.6,2.39,0.2,13.55,54.0,0
4900.5,1027.0,930.7,224.9,2.0,2.2,21.14,49.2,0
7644.1,651.7,985.0,86.5,1.91,3.89,25.41,38.9,0
6638.0,1107.7,765.2,150.3,1.54,8.43,16.0,52.3,0
3682.6,660.0,563.6,176.1,1.87,8.12,18.87,49.2,0
5191.0,561.7,1059.9,89.4,3.27,0.2,23.31,37.5,0
6579.6,758.3,1105.6,91.0,0.65,0.82,16.89,33.7,0
7256.6,693.6,905.4,118.1,2.41,4.36,24.06,39.1,0
4981.2,919.3,729.4,202.1,2.45,5.58,12.78,45.5,0
1628.6,789.7,507.3,33.2,0.62,2.35,21.33,52.9,0
6784.8,925.5,868.9,155.2,3.23,5.29,26.18,39.0,0
4169.5,741.8,553.2,165.8,1.12,2.34,17.39,39.8,0
2974.0,667.0,522.4,138.3,1.12,2.52,19.95,36.6,0
1751.5,683.3,845.4,225.2,1.1,1.21,8.12,53.5,0
7221.0,1209.0,682.0,148.5,4.87,0.58,16.74,52.0,0
6192.9,845.0,926.0,156.0,1.57,2.74,19.44,41.1,0
5661.5,403.2,815.0,147.9,1.33,6.83,24.07,32.9,0
8083.5,696.0,716.5,176.1,1.65,5.2,25.11,45.8,0
6956.0,819.4,474.9,41.1,1.49,4.68,22.43,30.4,0
8424.5,1169.1,662.4,215.7,1.41,3.29,13.23,33.4,0
3910.9,1005.7,670.4,19.8,1.19,5.06,19.09,52.7,0
5948.2,615.7,580.4,157.4,4.21,2.82,18.86,63.6,0
3574.9,1283.7,777.6,151.6,1.45,2.0,22.01,25.3,0
5655.9,793.8,597.6,57.9,0.93,5.33,22.18,49.1,0
5627.1,1049.3,814.0,19.4,3.81,2.58,19.04,21.2,0
6939.9,569.0,902.9,41.9,2.5,1.33,21.41,43.4,0
6068.3,320.4,668.2,72.5,3.15,5.08,16.62,38.8,0
6935.1,518.3,943.6,212.9,0.92,0.61,24.12,49.2,0
7055.2,150.0,550.5,206.8,1.67,4.97,16.13,48.5,0
9232.4,1222.4,605.3,24.7,3.16,5.02,18.71,52.3,0
5527.1,842.9,825.1,76.5,4.28,0.78,24.68,32.9,0
4588.5,615.1,1001.1,214.5,1.83,0.95,21.86,48.8,0
6369.1,890.5,1040.8,64.4,1.88,7.26,17.2,47.0,0
4796.6,837.9,1204.7,239.1,2.36,5.55,20.63,43.6,0
8222.9,924.2,767.2,69.1,3.97,5.21,20.75,53.6,0
5575.2,1041.9,821.9,180.0,2.2,4.54,27.16,57.6,0
5151.6,742.0,622.8,105.9,4.87,5.79,23.55,46.7,0
5293.0,624.0,574.2,41.3,2.33,5.79,22.83,29.8,0
7077.6,965.6,900.3,68.7,1.96,1.99,16.5,55.4,0
5763.4,960.5,679.3,165.3,1.71,3.52,16.67,43.2,0
5037.5,820.1,1121.1,87.5,1.73,2.9,17.32,49.9,0
8498.0,1235.5,528.3,148.9,3.55,5.43,26.81,44.6,0
4715.7,712.4,957.0,57.3,1.38,4.42,18.24,30.4,0
6053.3,620.0,628.7,113.2,0.8,7.16,18.64,38.7,0
6978.5,883.6,669.5,127.8,1.17,4.7,14.41,52.8,0
3553.0,665.0,968.6,104.9,3.35,4.09,14.82,35.1,0
6720.4,899.1,701.3,55.5,0.92,6.04,20.3,42.3,0
4417.3,633.4,736.5,116.2,2.86,6.06,24.45,54.4,0
7234.2,720.0,671.3,169.4,1.17,7.06,19.72,53.0,0
4556.0,1178.2,1242.7,231.9,0.73,4.51,20.09,60.5,1
7039.2,718.9,714.2,191.6,1.31,9.14,26.74,44.7,0
7658.7,640.2,861.3,47.1,3.27,6.31,20.06,50.4,0
7292.2,1034.1,805.6,72.7,4.64,9.24,19.9,46.8,0
6377.0,589.8,898.7,28.1,1.35,4.21,24.11,28.9,0
5653.0,661.4,714.8,41.2,3.01,9.67,23.42,54.7,0
5135.4,915.3,805.8,67.7,1.09,5.79,17.73,44.4,0
8206.6,987.7,936.7,55.9,0.3,1.44,18.93,45.3,0
4950.8,1044.1,660.1,59.1,1.27,1.62,21.66,49.7,0
4444.4,650.6,1089.7,63.1,3.59,3.26,20.84,44.8,0
6998.1,919.2,1110.8,79.2,0.52,3.23,26.21,31.1,0
4805.8,706.8,983.4,38.9,0.94,4.85,18.88,31.1,0
4574.9,678.9,865.4,73.9,3.49,8.4,22.79,43.5,0
3834.6,1040.6,192.1,168.3,2.16,4.81,21.8,40.2,0
5275.6,690.1,943.3,64.4,1.94,1.48,21.62,42.3,0
5875.9,855.6,763.9,49.5,0.64,5.1,17.51,35.7,0
6364.6,831.1,795.8,25.6,1.05,2.99,19.68,37.8,0
7427.0,585.8,432.6,125.0,1.72,3.12,19.95,36.8,0
6790.3,993.2,958.6,203.7,2.45,3.53,25.52,39.7,0
5713.7,912.1,531.3,23.6,6.33,3.08,18.8,42.5,0
5702.7,402.7,876.1,134.7,2.27,0.76,19.9,52.9,0
6765.2,855.5,1049.0,159.6,1.99,4.24,20.03,54.7,0
7908.9,645.4,746.7,146.3,2.27,8.35,27.39,57.0,0
6189.5,1019.4,1117.5,211.9,0.47,6.0,23.02,43.7,0
5296.3,510.9,685.7,209.3,2.7,1.03,22.4,39.7,0
4510.7,728.7,982.1,23.2,0.44,0.2,20.47,32.6,0
3832.2,872.4,562.9,93.0,4.1,4.83,18.25,47.9,0
6999.4,810.9,1076.8,164.3,0.83,5.45,24.29,43.9,0
6867.0,952.6,1042.7,229.1,0.67,5.44,18.5,45.8,0
6866.0,496.3,953.0,195.1,0.61,4.28,27.54,46.9,0
5807.0,1130.4,763.5,50.6,1.95,1.41,20.73,55.0,0
8110.4,905.0,541.6,74.2,1.62,8.16,22.65,49.3,0
5273.8,1071.9,764.1,185.6,2.44,3.69,20.09,47.8,0
7432.9,974.8,1094.3,118.4,1.59,2.7,30.75,37.1,0
5941.9,797.7,878.6,135.9,1.72,5.23,15.9,58.7,0
5087.5,543.2,508.3,150.1,0.49,2.74,18.58,44.6,0
6888.8,687.3,602.6,33.8,2.59,1.17,16.39,43.8,0
6614.5,1117.9,1125.7,206.9,2.47,2.78,15.13,48.9,0
6535.5,1077.1,957.3,208.5,2.92,4.61,21.42,38.1,0
6121.9,676.1,578.5,117.7,1.72,7.27,18.43,51.1,0
5943.2,236.3,461.5,154.2,2.02,0.2,18.72,59.7,0
9582.6,757.5,712.5,161.8,2.61,5.06,18.92,39.8,0
7776.4,742.5,442.7,53.6,2.68,6.1,20.21,45.6,0
7084.2,750.0,815.7,35.9,2.49,5.02,14.33,40.6,0
6167.7,905.7,1389.4,14.8,3.02,5.59,15.4,48.1,0
7510.7,975.2,498.7,220.0,3.47,7.53,14.98,50.2,0
6777.0,998.1,809.1,89.5,1.42,6.36,20.39,49.0,0
6039.3,889.1,1138.6,29.7,1.77,3.01,20.31,52.2,0
5544.7,439.8,1014.8,117.1,2.62,6.39,20.06,32.5,0
5878.6,731.8,817.3,27.4,0.97,4.41,21.99,50.8,0
1244.4,1260.8,817.8,29.6,0.82,5.96,21.37,46.5,0
6315.9,874.8,595.7,122.4,0.84,0.88,13.67,63.1,0
5267.3,873.6,791.1,127.0,1.05,3.56,19.51,43.0,0
8389.0,871.9,903.6,143.4,1.23,5.51,20.74,61.2,0
6029.0,883.1,1093.1,161.0,2.41,3.68,15.93,55.4,0
4216.6,323.4,713.6,163.7,1.72,5.33,14.32,53.9,0
5925.2,752.1,808.2,109.6,5.19,7.36,22.93,45.7,0
4430.8,792.4,641.2,158.0,0.92,3.32,16.49,59.2,0
6710.1,1056.3,899.6,80.1,6.49,6.21,23.45,36.7,0
6436.4,809.5,1022.4,111.5,2.76,1.43,20.19,51.2,0
7436.8,470.7,988.5,100.5,0.84,5.9,18.83,62.3,0
4813.7,886.0,592.6,85.7,0.36,0.2,22.53,42.2,0
6051.0,639.2,882.3,64.9,0.77,4.49,20.55,49.8,0
3952.5,556.6,701.0,28.0,0.36,4.41,19.6,36.4,0
7052.2,633.2,1072.4,126.4,1.73,8.3,16.63,62.6,0
6778.3,908.5,814.5,133.6,2.54,2.79,25.87,42.3,0
6743.7,1051.8,515.7,87.3,1.5,0.2,16.0,44.2,0
6002.4,896.6,801.6,234.4,1.1,5.31,24.41,39.7,0
6622.2,926.4,950.9,138.1,0.83,1.47,14.15,41.5,0
8406.5,894.6,903.7,214.5,3.84,4.15,21.78,42.7,0
5572.4,820.3,737.4,141.1,1.24,2.35,23.13,49.0,0
6208.0,939.4,721.2,53.7,3.49,3.48,20.46,43.2,0
4370.8,316.2,632.7,234.2,0.39,0.2,22.73,24.9,0
4697.6,822.2,763.2,213.6,4.7,0.2,24.74,49.7,0
6146.7,591.0,661.8,118.4,2.01,4.95,22.44,61.2,0
7655.9,1032.6,1063.4,65.9,1.11,3.64,26.74,31.8,0
5615.6,770.6,651.7,61.2,0.89,1.14,28.52,48.7,0
5646.1,806.2,876.9,195.4,2.1,2.62,26.17,71.1,0
5389.7,499.0,861.9,25.9,1.78,5.23,22.76,42.0,0
5197.9,1003.4,1058.0,156.8,1.22,3.31,18.54,45.0,0
6442.5,925.5,1089.7,157.2,0.39,5.09,21.29,39.5,0
3754.1,911.4,1003.1,52.0,1.67,1.81,22.36,55.6,0
7921.4,637.4,927.6,172.1,7.38,5.37,15.42,53.2,1
5001.9,645.3,619.3,172.2,1.72,3.4,19.61,37.5,0
7082.9,844.7,614.8,90.5,0.58,4.95,16.08,47.5,0
4095.0,661.1,663.9,121.2,0.54,4.73,17.99,38.6,0
7003.3,887.0,1015.4,201.5,0.43,2.99,21.41,38.9,0
7007.9,367.8,866.1,130.3,2.71,3.11,19.39,38.3,0
6576.3,702.5,1041.1,152.2,4.23,3.62,17.69,40.9,0
4508.4,1159.4,1070.6,104.9,0.68,5.71,21.62,39.1,0
6374.3,887.9,690.3,44.4,0.88,8.32,19.66,45.8,0
4225.4,833.4,857.1,239.6,3.76,2.03,20.12,59.5,0
5620.9,1197.0,847.1,132.3,2.46,6.42,20.09,38.7,0
7544.1,332.8,777.9,87.4,0.45,3.34,21.41,38.0,0
7195.1,636.9,732.3,174.2,2.58,3.74,13.53,49.2,0
6022.8,719.8,1110.6,152.8,2.53,4.71,20.13,40.5,0
4537.8,971.7,861.4,63.6,5.37,2.87,26.42,37.4,0
6968.4,975.1,852.9,211.7,1.47,3.1,9.68,47.0,0
6029.1,626.8,673.4,26.3,1.25,8.68,18.51,44.6,0
2519.5,999.6,998.5,149.3,0.51,4.21,20.52,41.4,0
7173.9,719.3,628.9,119.9,1.76,5.24,15.47,53.2,0
5963.7,1042.3,950.1,83.2,1.18,8.55,13.67,41.6,0
7803.7,593.5,956.1,200.1,2.38,8.47,18.25,55.1,0
4357.1,775.3,759.2,160.9,2.58,3.56,17.64,47.8,0
1234.9,702.0,919.9,184.7,1.84,2.06,22.77,31.8,0
6418.6,1011.2,890.8,105.4,4.38,1.31,17.65,48.4,0
6437.3,695.4,841.3,226.8,1.15,1.06,22.05,41.0,0
3464.0,791.5,852.8,89.3,1.07,2.93,20.91,33.6,0
4532.3,901.4,863.6,132.1,3.71,1.25,22.86,45.0,0
10132.8,909.1,878.6,224.7,2.2,3.84,18.58,40.6,0
5541.6,977.4,863.3,29.1,1.49,2.21,19.37,64.8,0
7096.4,842.2,607.1,35.0,3.97,3.16,24.39,41.4,0
5024.0,716.4,816.5,238.7,1.5,3.75,25.11,47.1,0
2864.5,730.1,908.3,233.4,1.08,3.2,26.77,37.4,0
5744.6,805.1,871.4,187.5,1.34,1.37,15.64,43.6,0
5601.6,849.9,1059.8,121.4,1.48,4.89,16.48,50.0,0
5400.2,770.6,986.4,126.4,0.83,7.08,21.35,67.6,0
5828.0,803.8,658.5,69.2,1.55,7.02,18.68,47.3,0
6396.4,496.5,813.3,109.5,1.77,6.14,11.75,31.2,0
5774.8,933.5,781.5,109.2,2.8,3.32,21.71,58.8,0
4104.0,836.2,849.0,18.3,3.67,2.42,16.65,53.4,0
6729.3,1000.4,849.3,114.2,3.71,5.76,20.08,20.0,0
3075.9,800.0,984.5,120.4,1.73,4.82,21.06,31.2,0
2924.5,452.3,889.0,163.1,0.99,5.76,18.39,40.9,0
7108.8,728.3,1120.7,128.8,0.79,8.62,18.83,36.5,0
6760.5,760.0,903.0,208.2,0.98,3.94,22.62,44.2,0
5913.9,948.6,667.3,94.5,0.48,2.11,12.98,40.1,0
3906.8,385.9,747.2,104.2,0.94,2.68,14.95,53.5,0
4938.1,808.2,982.8,141.4,7.89,4.35,9.77,54.6,0
5605.9,902.7,494.9,56.6,4.01,2.57,17.51,34.2,0
3606.2,667.7,553.9,100.5,1.93,5.87,26.3,63.3,0
4891.5,814.9,852.4,167.8,1.36,5.75,15.52,58.1,0
6978.5,674.6,1059.2,104.7,2.32,7.22,20.47,20.0,0
8141.0,654.1,1137.5,218.5,0.77,7.24,19.76,36.9,0
5370.8,718.3,802.2,151.5,1.45,0.2,15.93,34.7,0
7134.7,657.9,1083.4,45.4,0.36,2.04,17.27,36.3,0
3128.9,936.7,865.9,122.1,2.33,4.27,11.98,22.4,0
6989.2,653.0,513.1,185.9,3.78,1.2,21.72,46.5,0
4794.1,619.4,848.2,158.0,0.99,3.86,25.91,37.9,0
6461.0,1153.6,713.8,213.6,0.69,2.07,14.87,49.9,0
5628.4,992.1,1052.0,182.5,1.0,2.96,20.65,66.3,0
7980.6,427.7,844.4,24.2,0.3,8.18,24.42,60.0,0
4688.3,647.0,568.9,35.9,0.91,7.08,23.74,39.3,0
6941.4,848.5,520.1,159.4,1.09,4.07,22.8,44.6,0
5580.7,864.8,845.4,64.8,5.24,1.8,26.03,51.2,0
5762.5,501.9,317.6,145.2,1.97,4.86,14.45,61.7,0
5724.2,1031.7,736.0,192.2,0.88,0.2,17.14,45.7,0
4731.5,965.0,900.8,142.7,1.26,5.7,19.53,34.6,0
5978.9,896.4,617.5,105.6,1.06,5.46,22.77,51.0,0
5906.0,1071.3,1068.7,158.6,1.09,1.11,23.68,33.6,0
6361.9,890.5,1112.0,43.0,2.34,7.39,20.09,33.9,0
6126.8,889.7,626.3,176.3,0.78,2.56,22.0,54.2,0
7197.0,1111.5,784.4,170.3,0.66,1.76,21.53,56.3,0
7385.3,1020.2,1068.8,128.3,3.3,4.49,12.82,59.8,0
4424.1,631.7,849.7,74.1,2.04,0.75,17.27,59.1,0
7303.2,926.6,543.2,193.4,0.3,1.89,11.43,51.3,0
4220.5,667.1,818.5,127.4,1.86,4.93,18.51,40.6,0
6881.8,900.8,662.4,23.6,0.67,2.92,19.69,32.3,0
6929.6,895.3,1093.8,221.3,0.55,7.58,20.27,44.0,0
3133.0,523.3,983.3,186.6,3.62,0.2,18.02,42.3,0
6139.5,775.6,781.0,144.5,0.87,4.29,21.32,43.3,0
5297.3,853.1,881.3,110.5,1.35,6.55,20.01,44.3,0
4861.9,712.7,562.2,230.8,1.7,6.03,16.96,41.1,0
8026.3,862.9,684.2,188.3,3.71,2.31,14.52,47.7,0
5019.5,961.2,1191.7,133.0,0.65,8.61,16.92,35.6,0
4790.4,793.9,861.8,160.2,2.11,0.2,21.1,49.1,0
6113.5,844.9,1054.6,74.6,1.83,3.94,19.63,32.9,0
7028.4,1076.7,901.0,55.0,2.21,6.33,20.78,48.2,0
5787.5,894.6,1139.1,72.9,1.96,7.07,20.77,41.4,0
7749.6,840.2,410.3,77.4,1.37,1.77,24.68,48.8,0
6796.5,608.4,808.6,180.1,1.68,4.38,17.26,59.2,0
2732.7,934.2,1211.9,42.2,4.4,6.01,23.07,26.0,0
5205.8,866.0,1060.4,188.8,2.11,3.59,27.19,42.6,0
5157.2,1056.7,1141.6,130.4,1.98,1.03,14.02,48.3,0
6719.0,809.4,848.5,98.5,0.93,0.2,21.27,41.9,0
2062.8,436.7,731.8,79.1,5.08,2.37,17.88,45.8,0
9823.5,460.0,624.0,128.0,1.99,2.62,16.68,46.4,0
6796.5,947.1,608.7,83.0,2.8,2.11,28.61,58.8,0
6223.3,686.0,1027.6,108.8,0.66,8.66,22.2,31.5,0
7772.4,887.4,962.9,180.0,1.15,5.39,18.52,29.1,0
9515.5,822.8,835.4,154.0,0.87,3.29,24.08,47.7,0
7306.1,766.6,961.8,182.0,2.43,3.45,23.57,57.0,0
7423.2,780.7,881.3,174.0,0.48,3.6,20.24,55.8,0
6196.0,626.9,1061.7,197.5,2.47,5.49,20.52,40.6,0
5787.7,796.8,1059.6,56.4,2.39,1.31,19.46,34.0,0
5286.3,683.1,615.5,238.9,0.32,1.61,19.32,48.9,0
4760.8,725.5,910.2,119.4,2.32,3.94,16.67,50.2,0
4969.5,735.3,482.8,175.2,1.27,0.2,17.79,32.3,0
3974.2,754.7,879.3,165.9,5.2,1.98,19.88,38.4,0
5886.2,984.4,982.9,140.2,2.63,6.24,18.54,48.0,0
3473.0,774.0,561.0,239.0,1.24,5.97,17.07,45.1,0
6286.4,1004.7,758.4,60.0,1.79,0.2,26.99,56.2,0
5945.5,1107.6,852.1,107.0,2.99,3.72,21.75,47.7,0
6220.4,971.0,901.5,39.4,0.39,0.69,18.79,32.7,0
5216.8,906.9,788.7,51.8,1.62,2.09,24.41,48.0,0
10615.3,865.4,592.1,174.0,2.89,2.43,18.55,31.9,0
8040.2,973.1,838.1,11.1,1.37,5.64,17.91,49.0,0
4133.2,817.9,486.5,214.7,2.31,6.34,15.97,42.3,0
6349.3,996.9,798.8,155.6,1.55,2.72,19.28,65.3,0
5088.0,922.8,752.9,111.4,0.35,0.22,22.95,48.7,0
4478.3,728.0,820.5,86.2,2.48,0.2,22.54,55.9,0
3989.9,979.2,726.9,39.0,3.65,6.82,21.5,43.3,0
6648.3,818.3,518.3,222.0,0.62,3.28,20.84,40.5,0
4977.9,778.8,769.4,173.8,1.81,3.45,18.48,50.1,0
7451.7,704.8,1054.8,87.4,0.73,1.11,26.53,39.8,0
7490.7,833.2,1127.5,26.3,0.63,6.28,30.0,47.5,0
8060.9,999.3,1386.7,84.9,1.06,5.51,19.65,37.8,0
4721.4,977.8,1222.2,52.5,2.39,2.9,20.08,61.2,0
6713.0,870.7,586.7,190.8,1.0,1.65,12.62,45.5,0
6948.7,919.9,760.1,175.5,0.89,4.43,20.11,38.3,0
5288.7,1054.3,845.0,124.6,1.23,0.2,17.06,40.8,0
4842.3,770.0,831.2,213.7,1.36,5.2,24.96,53.8,0
8414.3,576.9,865.3,51.6,1.64,3.22,25.45,46.7,0
6341.2,1060.2,1379.7,114.0,4.86,4.44,14.93,37.2,0
6954.0,694.0,611.9,173.4,5.68,3.89,18.13,56.2,0
4766.9,661.9,693.0,25.6,1.69,6.11,20.68,45.7,0
4171.1,440.8,1211.6,95.7,2.46,6.27,25.95,47.5,0
5145.8,914.3,714.5,141.5,0.31,6.59,24.75,38.1,0
5814.0,475.7,936.6,94.4,3.58,4.24,25.1,42.2,0
4403.7,649.9,1077.6,120.4,1.89,3.79,19.34,44.0,0
5985.2,917.6,957.0,149.9,0.36,2.3,25.27,36.4,0
3467.2,944.4,892.2,94.7,3.07,2.53,13.18,23.5,0
4319.9,669.7,1056.5,34.4,2.38,4.87,22.23,57.7,0
7006.4,773.2,653.5,42.1,2.67,4.04,20.21,32.3,0
6905.7,625.5,740.8,131.2,6.55,7.04,26.56,37.9,0
5412.2,690.3,967.8,50.2,1.7,3.41,17.71,39.8,0
4473.4,853.2,394.7,214.7,2.2,0.4,23.1,60.4,0
4458.9,699.7,1161.6,201.9,1.87,4.37,28.29,41.8,0
5440.1,751.2,916.7,90.3,1.06,6.32,19.64,47.8,0
6966.8,507.1,883.7,201.1,3.38,5.28,21.74,51.7,0
7392.4,1026.6,491.3,132.6,1.77,5.18,19.85,57.4,0
5255.2,902.0,566.9,46.6,2.12,6.52,17.47,38.8,0
4269.8,958.6,762.3,151.3,4.06,4.52,18.08,50.3,0
6401.8,1058.1,1027.6,166.3,2.17,0.2,22.07,38.4,0
4764.7,635.0,393.1,29.3,3.35,6.11,17.92,29.2,0
5222.6,728.3,1023.4,82.3,0.44,4.7,20.75,43.7,0
7987.9,421.0,770.8,11.2,1.14,3.68,16.94,38.3,0
7240.7,1428.1,800.8,82.8,3.05,0.94,24.17,60.4,0
6237.0,770.1,905.8,87.2,1.51,2.0,22.91,58.8,0
4092.1,1007.7,909.2,154.9,6.61,0.2,15.58,55.1,1
6317.1,552.4,693.3,55.8,1.13,2.65,18.27,46.2,0
7594.0,999.3,987.5,16.9,6.13,2.49,17.48,44.7,1
5436.5,1171.5,339.7,82.6,0.62,3.69,19.08,48.0,0
8026.7,787.9,750.9,199.9,0.35,7.9,23.09,44.7,0
7939.1,597.8,883.8,101.8,0.61,6.39,17.29,39.3,0
8495.6,772.2,774.1,105.5,3.37,4.09,17.64,40.5,0
6457.9,354.6,448.1,117.9,0.44,2.11,18.8,51.9,0
6881.1,792.4,1016.8,182.9,0.72,1.12,21.71,64.2,0
8121.3,964.2,575.4,120.4,1.02,6.67,11.85,46.5,0
6671.1,792.8,835.1,31.0,4.61,0.79,21.49,45.1,0
5248.1,743.2,883.7,57.5,2.58,1.08,11.32,39.1,0
5327.2,905.5,854.4,53.2,1.55,10.41,19.94,29.1,0
6357.8,920.8,1107.2,126.8,0.3,3.5,17.6,50.8,0
4064.2,468.0,838.3,16.9,2.02,9.19,13.15,36.5,0
5785.1,817.8,944.0,75.2,0.49,3.11,23.79,28.8,0
7644.8,1287.2,837.7,149.7,2.18,7.12,18.14,59.0,0
2713.1,533.0,984.9,91.6,2.69,4.67,15.06,54.5,0
8301.7,782.9,1156.6,172.8,2.14,2.26,21.23,29.8,0
7683.6,1188.3,880.3,100.0,3.43,1.77,24.15,67.4,0
5310.4,1020.8,1022.0,235.2,1.02,0.2,15.1,31.1,0
6815.1,697.3,1170.2,232.0,3.56,1.5,23.95,31.1,0
6004.7,841.2,1148.6,194.0,1.13,5.72,13.72,28.2,0
7845.0,799.6,765.2,229.5,0.68,3.81,11.8,40.9,0
7474.0,650.4,1078.0,57.1,1.08,2.57,18.67,56.3,0
3899.9,785.1,904.7,182.7,1.69,3.7,19.66,30.0,0
6880.9,744.0,1095.8,84.0,0.61,6.37,24.09,38.7,0
5691.6,822.5,975.1,176.8,1.54,0.53,18.04,48.2,0
6124.2,650.3,910.6,96.0,2.21,4.86,19.81,40.1,0
4907.7,544.7,945.5,76.6,1.0,0.25,17.51,45.0,0
8622.2,791.7,906.2,230.5,3.28,0.2,28.54,53.6,0
7560.1,1143.0,914.8,58.3,1.5,2.45,18.29,39.6,0
4890.3,816.4,815.1,184.5,0.33,2.78,17.64,36.3,0
3998.1,733.7,794.6,165.2,1.47,3.17,18.76,48.7,0
5421.5,950.8,1237.9,79.8,0.45,3.73,19.03,45.2,0
6651.8,768.3,955.1,115.4,0.43,5.3,12.09,51.8,0
6360.3,1173.6,723.9,42.9,0.8,2.12,16.27,53.1,0
7879.7,799.2,789.0,221.9,2.98,0.64,14.78,27.4,0
7184.9,940.1,1082.4,232.7,2.04,6.67,17.06,37.8,0
7454.4,649.1,688.0,178.5,0.31,7.15,26.5,40.1,0
6490.3,900.6,524.0,205.4,3.12,4.49,11.31,41.2,0
3916.1,855.0,540.1,29.0,4.23,5.12,14.71,60.5,0
5706.5,788.7,469.6,98.3,1.9,6.47,22.1,20.0,0
7590.1,699.6,564.3,86.1,0.94,6.49,16.64,40.6,0
5922.7,672.4,590.2,139.9,1.27,0.96,23.88,35.5,0
6754.6,856.5,1154.8,52.2,2.32,3.39,24.59,54.2,0
5521.9,925.8,839.8,139.6,0.3,0.2,12.6,37.1,0
4455.3,774.6,770.1,160.5,1.26,4.66,14.69,58.8,0
5815.0,857.5,532.4,40.4,0.48,5.48,27.44,44.4,0
6463.6,792.4,818.5,40.3,1.96,0.54,21.82,42.5,0
5016.5,819.7,467.8,18.1,0.66,5.63,14.36,39.5,0
5646.4,759.9,768.7,185.0,4.96,6.36,16.37,41.6,0
4590.8,803.6,1304.2,86.1,2.24,7.73,22.83,28.4,0
7678.9,1339.6,996.0,61.8,2.1,3.6,19.64,31.4,0
5558.3,862.3,803.8,189.0,1.41,5.19,20.93,39.5,0
8179.1,929.1,1003.6,42.9,0.85,7.3,17.58,51.6,0
8293.1,887.6,735.3,108.3,0.51,1.04,18.17,54.0,0
5878.4,747.4,673.9,181.3,2.39,3.64,24.36,29.3,0
4487.3,1058.8,1224.9,142.0,0.53,0.77,23.2,53.5,0
2871.2,741.8,598.7,137.4,1.35,4.11,13.99,47.1,0
3791.9,1011.0,772.1,46.2,1.16,3.43,18.14,50.8,0
3939.2,733.2,917.3,51.6,3.18,2.4,23.63,43.9,0
8067.7,608.0,644.0,144.0,2.62,5.54,8.62,53.8,0
6173.7,873.1,993.1,15.4,3.9,2.1,11.14,38.3,0
6584.4,579.1,782.5,209.9,0.75,3.0,26.79,43.6,0
2669.4,907.1,996.1,90.6,1.28,6.79,19.97,35.1,0
4203.1,561.2,978.9,105.8,2.87,9.05,19.39,30.8,0
7330.6,736.2,796.5,69.4,2.16,7.58,22.94,20.0,0
6430.2,513.7,1226.3,211.6,1.08,4.66,12.05,38.0,1
5779.2,1364.8,703.6,157.8,6.94,5.84,20.7,45.1,1
6847.3,469.2,1146.8,113.5,3.95,4.73,24.11,52.6,0
8453.7,802.0,1108.5,144.6,2.24,0.2,18.29,56.3,0
5668.4,1028.7,1239.6,97.5,0.34,0.2,26.53,66.5,0
6104.1,1007.3,888.3,117.1,1.75,3.29,27.0,40.8,0
6288.9,970.3,676.5,92.3,1.36,8.8,25.37,39.3,0
9588.2,736.6,1306.9,104.5,2.89,1.02,21.4,77.0,0
2851.0,1070.2,776.4,82.4,0.75,5.82,19.56,45.5,0
7024.8,982.7,671.0,27.9,1.22,0.88,18.12,35.6,0
5827.8,842.5,808.2,18.6,3.04,6.28,19.73,37.9,0
6850.2,848.1,634.0,50.0,2.38,5.4,24.06,39.0,0
5013.9,739.2,965.8,67.9,0.56,0.84,14.68,51.0,0
5926.6,618.1,716.8,214.8,3.36,4.29,20.86,42.9,0
7067.1,1047.4,786.8,150.6,1.79,5.64,23.08,42.1,0
10669.4,1062.4,1062.9,230.4,1.22,4.58,16.67,53.8,0
7212.1,623.2,987.2,88.1,3.93,6.98,19.78,42.2,0
4727.9,769.2,853.4,102.4,1.26,5.79,23.31,41.9,0
5364.4,771.3,887.6,175.5,2.71,8.62,22.11,37.5,0
5319.9,793.5,852.7,142.9,4.69,7.96,18.05,54.5,0
3306.5,812.9,755.1,131.4,2.7,5.25,16.25,53.6,0
5504.9,989.4,849.4,142.4,1.85,6.06,15.38,48.0,0
7099.2,650.6,958.0,144.4,2.11,3.47,19.73,44.1,0
4088.7,630.7,822.2,186.1,0.3,5.04,21.81,55.9,0
7572.7,1047.3,942.3,163.7,2.28,5.68,19.68,30.8,0
6731.7,707.5,665.9,230.2,1.65,2.64,16.82,56.2,0
4898.7,547.4,717.1,228.0,2.12,7.83,22.09,49.3,0
5787.7,703.0,688.4,107.0,0.52,3.05,19.5,35.0,0
8397.5,734.0,725.7,18.2,4.45,4.77,16.36,29.1,0
7100.3,1111.0,1133.2,12.5,0.55,3.55,15.39,39.2,0
6013.2,985.0,1009.7,38.3,0.82,7.68,18.8,43.9,0
5643.5,1029.5,613.1,27.2,2.66,0.56,18.44,53.0,0
6114.9,964.0,946.2,95.9,1.2,0.8,18.52,51.9,0
5232.4,989.2,764.1,22.2,1.29,2.51,26.25,50.1,0
2842.9,662.4,699.9,153.7,1.2,3.06,21.6,52.6,0
9063.3,760.3,523.1,53.7,1.06,4.14,20.92,57.5,0
6233.0,602.0,1063.8,128.2,2.85,0.81,17.87,63.0,0
6597.2,757.9,550.0,33.7,5.76,4.63,21.8,40.1,0
5913.1,936.8,838.6,200.4,1.74,0.76,18.07,44.4,0
4897.3,826.9,641.8,189.4,1.59,4.34,27.59,34.3,0
5721.1,1062.3,1020.7,98.9,0.88,6.98,26.07,44.6,0
3600.9,571.7,776.4,219.4,2.18,6.14,14.82,37.4,0
9415.6,900.0,820.4,52.7,1.49,3.13,16.32,58.7,0
4148.2,550.3,827.8,197.2,3.29,2.48,26.4,44.6,0
4452.1,818.8,916.6,135.5,0.63,10.42,19.09,34.2,0
5339.6,948.1,852.9,85.8,1.4,5.73,21.63,39.2,0
7932.1,757.1,840.5,29.4,2.75,5.63,18.29,41.4,0
6021.8,910.2,736.0,49.4,2.54,6.53,8.9,32.3,0
4145.8,608.1,503.6,208.5,1.74,5.43,15.32,45.5,0
7881.5,467.3,603.9,149.6,1.05,5.41,21.33,56.2,0
7096.5,911.4,1008.1,64.5,1.04,4.89,19.81,30.4,0
6807.7,1148.8,782.7,124.0,2.58,4.81,18.78,48.7,0
7073.6,600.8,703.9,34.8,3.25,3.31,19.84,23.5,0
9591.5,1044.4,540.7,32.7,3.44,3.83,15.17,51.8,0
9277.6,808.7,471.7,218.8,1.43,7.83,14.58,35.7,0
4969.9,532.9,695.3,115.3,1.14,6.15,12.22,57.8,0
8435.8,573.7,1045.4,93.2,2.12,1.97,20.35,53.9,0
6574.8,803.2,727.4,228.3,1.49,6.35,23.92,49.3,0
6748.6,719.1,938.1,101.8,1.19,3.84,23.6,43.4,0
3461.6,537.4,717.3,87.3,1.37,2.17,24.34,36.6,0
5744.4,461.2,990.6,72.8,2.49,5.07,12.01,47.8,0
4780.8,630.7,772.6,140.0,1.18,1.89,18.15,45.5,0
7242.1,838.8,579.0,138.4,1.16,1.77,21.92,48.6,0
7606.6,798.7,790.8,13.7,1.55,7.23,20.13,36.6,0
2888.3,699.8,1253.5,160.4,0.81,0.97,18.44,58.1,0
5966.9,840.4,1243.8,191.3,2.36,4.53,23.35,60.0,1
7682.8,1008.0,957.0,151.7,0.86,6.23,27.34,41.3,0
5720.0,878.8,819.8,210.1,1.58,1.98,13.36,45.1,0
7093.6,775.7,916.9,73.6,1.87,6.78,25.97,45.7,0
6526.7,985.6,919.7,54.2,0.3,5.59,18.53,46.4,0
6512.5,608.0,841.2,170.4,1.34,12.64,20.49,37.6,0
5593.0,755.0,947.0,53.4,2.35,4.42,19.26,50.2,0
4175.1,759.8,895.8,31.0,0.59,8.74,15.34,34.7,0
4317.7,552.6,780.5,32.2,1.61,1.05,20.66,47.5,0
7064.0,716.0,587.0,186.7,1.3,2.09,22.02,26.3,0
6029.2,385.0,748.8,16.6,1.02,6.84,17.56,51.0,0
5792.2,1182.4,1025.9,76.6,0.92,2.68,11.59,47.4,0
5364.2,612.5,843.1,39.7,1.32,2.9,20.59,39.2,0
5542.2,1117.2,916.1,183.6,3.51,8.78,24.78,49.0,0
7570.4,807.6,787.7,125.8,2.16,5.77,19.58,59.9,0
5497.1,913.0,616.9,57.3,1.57,5.44,17.72,60.1,0
3988.4,702.2,797.5,182.6,2.78,4.8,23.32,50.8,0
7115.5,841.6,625.1,182.6,2.0,5.04,19.07,50.1,0
5692.7,930.1,611.0,130.3,2.96,0.2,18.41,55.8,0
6047.1,932.9,1115.2,73.4,1.06,4.49,19.29,53.8,0
8411.4,955.0,757.6,144.8,1.43,2.34,18.41,36.8,0
5969.2,726.3,686.9,224.7,3.92,6.62,19.49,48.9,0
6433.8,703.9,1206.0,21.9,0.45,2.31,21.28,42.2,0
4231.6,481.2,1029.3,71.4,2.67,2.68,24.72,62.6,0
5670.5,904.6,768.3,75.5,1.81,0.66,11.27,51.7,0
6914.3,1016.5,944.1,155.3,1.31,5.65,18.09,42.9,0
3666.9,1123.2,798.1,159.8,7.07,7.64,25.51,43.3,1
6301.3,861.0,697.6,57.5,0.61,1.82,18.42,31.0,0
6151.2,646.7,954.4,59.7,0.3,2.39,24.44,46.6,0
6061.9,460.6,778.7,223.5,2.51,6.55,20.76,39.7,0
7555.7,1008.3,866.6,183.9,0.55,3.9,25.55,47.0,0
6501.7,440.7,1074.7,224.9,2.14,4.59,21.17,71.3,0
8217.1,731.9,1050.5,200.8,1.79,5.36,24.72,44.7,0
4509.6,755.1,729.0,102.5,0.3,3.44,21.26,31.9,0
6203.9,786.1,956.9,38.0,4.21,3.12,24.46,41.4,0
6126.7,807.2,601.9,154.8,0.95,1.73,27.0,44.7,0
4396.1,827.6,949.1,91.0,1.79,1.48,22.74,41.9,0
7434.4,316.9,882.7,107.8,5.75,0.2,23.8,47.3,0
9487.0,802.9,933.4,108.0,4.99,4.41,17.57,44.7,0
5974.5,354.1,784.6,225.4,5.43,4.41,20.01,49.1,0
6757.5,946.4,1308.5,25.8,2.06,5.17,14.83,47.4,0
6126.8,689.0,651.7,54.4,2.32,6.22,22.04,59.6,0
4929.6,368.6,1063.7,149.8,0.91,4.57,23.32,51.5,0
3268.9,637.2,623.0,213.3,1.05,0.53,15.45,55.6,0
4941.3,686.0,961.0,221.1,3.37,2.29,27.05,38.4,0
3912.1,1038.1,976.7,138.5,3.59,1.53,18.47,51.3,0
8556.2,839.3,862.1,17.9,0.89,1.6,23.92,51.5,0
5827.3,868.9,741.0,93.5,1.16,5.42,18.86,35.5,0
5481.1,1036.2,881.0,221.3,2.75,4.17,19.06,40.3,0
7333.7,780.8,908.7,125.0,0.51,1.78,8.95,47.3,0
4317.4,950.8,1243.8,177.1,2.52,5.83,20.04,47.1,0
4849.7,936.8,658.1,71.9,0.95,3.48,15.68,48.5,0
6102.1,542.7,727.7,15.8,2.79,2.15,23.12,44.6,0
7543.2,1094.6,912.6,143.0,3.65,5.03,16.91,47.7,0
6752.5,515.9,793.7,202.0,1.16,7.44,17.53,42.9,0
6372.5,983.5,828.0,237.8,1.43,2.42,19.97,45.1,0
6117.2,496.6,1085.5,204.7,3.99,1.66,23.56,53.0,0
6600.4,920.2,229.5,137.4,4.64,5.12,20.61,41.8,0
6302.5,1172.4,718.5,150.0,1.41,4.45,18.48,53.0,0
4455.0,757.4,466.7,199.6,2.16,2.93,22.18,49.0,0
6069.1,748.7,586.9,14.6,0.95,2.49,21.4,58.4,0
4389.5,922.1,1379.0,228.9,0.64,4.37,18.27,47.8,0
6121.6,734.1,981.6,132.2,0.93,1.09,11.02,51.7,0
5279.0,1163.7,1059.3,229.0,1.79,2.97,25.45,20.0,0
9809.1,838.4,832.3,185.8,1.45,2.27,17.61,35.6,0
5940.2,736.0,1016.9,45.0,0.59,1.71,23.0,47.6,0
3893.6,691.9,461.4,48.0,0.3,4.63,22.17,53.6,0
5798.7,613.4,1078.4,91.3,0.69,8.64,14.66,48.5,0
6779.0,674.4,669.6,70.7,2.81,0.2,17.89,41.5,0
8510.0,729.9,733.1,111.0,2.94,6.16,13.46,35.4,0
5115.8,702.5,961.1,148.9,3.4,4.24,14.32,42.9,0
3626.4,668.4,919.6,110.4,2.07,0.2,19.13,49.7,0
7225.3,1219.8,868.6,23.0,5.53,3.09,21.87,48.0,0
3929.1,594.0,550.1,234.4,1.45,12.57,25.4,52.9,0
5345.8,829.3,872.0,107.8,1.63,0.2,19.68,43.8,0
5613.6,918.5,1061.3,205.7,1.56,6.97,15.28,46.2,0
5895.5,926.0,732.9,27.0,1.04,5.05,20.26,31.3,0
7033.7,788.3,1139.3,196.3,2.1,1.74,19.78,38.4,0
4974.5,751.9,658.0,49.9,0.35,5.24,19.68,56.4,0
5589.4,890.3,851.4,166.3,2.59,5.06,20.77,51.1,0
5978.6,853.3,1187.8,162.2,3.1,3.84,28.4,53.9,0
6224.4,748.2,700.1,219.3,3.2,3.22,22.29,40.9,0
6146.7,487.6,1081.9,83.8,0.78,3.02,14.06,59.3,0
6654.0,706.4,1284.4,35.1,0.96,4.75,20.42,47.9,0
7265.8,570.7,887.6,208.9,2.19,5.3,13.77,38.9,0
6589.0,666.6,734.1,86.3,1.27,6.45,22.1,48.8,0
6680.4,806.6,680.0,63.5,3.1,3.6,20.08,51.9,0
3626.7,871.7,1137.0,121.8,1.58,4.9,14.94,49.9,0
6075.3,1156.1,1130.9,43.6,1.11,0.78,18.88,38.7,0
6719.3,692.5,1168.8,78.3,1.34,0.2,19.7,45.3,0
7093.4,954.9,842.8,98.6,2.26,2.92,27.39,54.4,0
4961.5,861.2,1078.3,73.8,0.75,1.1,13.68,41.3,0
5011.4,1059.2,839.3,113.6,5.64,3.98,20.53,46.1,0
5138.8,915.2,655.7,98.5,3.1,5.03,20.75,35.8,0
6804.6,598.3,1097.3,188.2,1.16,4.21,18.75,53.3,0
7550.8,455.4,1209.5,221.2,1.03,2.71,18.72,39.8,1
5388.8,862.3,625.5,33.2,0.87,1.88,15.99,61.0,0
7361.9,694.3,621.3,199.4,1.62,5.77,21.54,52.7,0
6185.2,603.9,858.8,224.3,0.66,6.71,18.21,44.3,0
5813.6,546.5,1060.3,167.9,1.58,4.02,17.67,27.4,0
5682.9,832.2,600.6,239.2,1.37,2.08,23.29,44.6,0
7119.9,1101.5,899.9,87.1,0.55,5.88,22.96,24.1,0
6488.4,718.3,720.1,201.0,1.24,0.88,24.77,40.6,0
9413.7,918.1,1004.2,165.0,0.99,1.34,17.87,61.9,0
4721.7,779.5,674.5,84.4,1.79,5.61,26.6,43.4,0
6777.2,542.1,1019.8,172.1,0.53,0.2,16.0,39.5,0
5206.2,947.0,815.2,127.2,0.48,0.81,17.87,41.5,0
4696.1,581.1,643.8,53.5,1.24,7.02,12.3,48.7,0
5983.7,804.3,864.0,50.0,1.71,0.2,14.61,45.9,0
6206.0,731.7,423.6,174.1,1.44,3.19,25.13,63.9,0
10377.3,978.6,727.0,173.7,1.14,8.39,16.3,49.1,0
5723.8,588.4,924.2,132.1,1.88,5.49,21.64,46.8,0
4304.7,878.2,460.2,125.3,0.69,1.42,12.92,44.0,0
6409.5,632.0,284.3,51.4,0.54,4.88,19.49,43.9,0
2888.0,697.8,335.3,108.7,0.46,5.06,8.18,59.7,0
5862.1,150.0,1142.0,210.4,2.06,1.24,16.78,51.4,0
6024.0,1218.4,833.1,206.6,5.37,5.31,22.03,33.3,0
7191.9,910.1,732.9,162.0,0.83,7.31,23.56,51.8,0
7460.4,646.5,1057.9,239.4,0.58,7.94,22.01,54.1,0
5244.6,575.1,761.0,215.4,2.72,5.13,27.62,63.4,0
5774.1,700.9,909.1,43.4,3.09,6.04,18.88,45.6,0
4850.8,943.4,855.7,101.8,1.02,1.74,21.31,42.7,0
4307.9,421.6,746.4,40.3,1.39,8.32,20.26,55.4,0
6464.8,771.7,914.7,117.2,1.74,1.8,24.53,43.6,0
4089.6,1154.1,1020.1,188.6,5.04,2.31,21.64,50.5,0
5378.1,573.2,809.3,45.8,0.62,2.95,20.43,63.3,0
4507.2,816.1,748.7,212.5,0.79,2.69,27.29,47.7,0
6824.5,1240.7,774.6,140.9,1.29,1.09,16.72,51.6,0
8702.1,926.4,344.5,182.3,0.3,3.29,23.05,43.1,0
4047.6,825.2,912.3,20.4,2.15,7.82,20.16,30.2,0
3220.5,901.3,584.0,31.6,2.14,2.42,13.24,53.9,0
5812.7,719.8,988.5,152.8,0.74,2.54,19.66,49.8,0
6023.5,1059.9,830.1,202.8,1.68,7.53,23.4,53.9,0
6328.0,720.1,873.1,211.0,2.13,0.2,19.86,36.5,0
5330.5,408.2,1004.1,168.3,1.51,6.04,15.3,37.3,0
5699.0,721.7,646.2,56.2,0.47,3.46,20.01,49.0,0
6551.3,606.7,931.2,54.9,3.34,5.22,11.03,45.1,0
7560.6,743.8,908.9,212.7,1.01,4.76,23.32,34.1,0
3067.4,748.2,809.3,36.0,2.39,7.47,15.03,35.7,0
5446.6,1039.5,645.8,167.8,2.48,1.17,22.88,42.7,0
6320.7,939.1,981.0,132.7,2.01,0.65,20.75,40.5,0
4623.0,852.7,1004.8,106.9,0.85,4.9,11.92,34.6,0
8596.8,799.4,875.0,111.3,1.68,1.19,19.0,37.4,0
5046.9,588.2,614.5,227.4,1.0,6.03,18.68,44.4,0
5938.1,363.8,734.0,208.1,4.3,5.09,16.51,45.7,0
6834.0,822.6,836.7,208.9,0.3,4.85,23.07,34.8,0
5113.1,958.9,1001.5,103.5,1.44,2.32,11.64,52.4,0
3230.1,778.3,501.6,34.6,1.89,3.92,15.23,49.3,0
5357.0,693.0,726.0,239.5,0.93,3.41,19.25,46.2,0
7544.2,892.9,761.4,43.4,3.4,8.25,26.98,55.0,0
5494.7,783.3,831.7,128.6,2.48,3.31,24.47,50.6,0
4730.3,1137.1,563.7,70.9,3.17,2.34,18.01,30.0,0
7388.5,1046.5,802.1,127.5,2.6,6.55,17.19,31.9,0
5503.8,991.9,781.7,80.1,0.8,1.64,25.36,52.6,0
5234.8,951.5,621.7,216.3,0.65,8.56,23.67,36.1,0
6224.2,542.0,824.0,232.7,0.45,0.2,19.25,49.6,0
7156.1,932.6,730.9,104.3,0.77,8.48,23.61,48.6,0
9572.6,875.3,959.0,26.1,1.15,4.02,24.42,43.3,0
7240.9,921.3,655.2,162.6,2.59,2.98,17.72,34.2,0
7739.8,898.5,869.8,96.6,0.87,8.36,21.21,45.3,0
5241.1,890.6,672.2,236.8,2.04,3.35,13.03,34.7,0
4461.2,1340.2,718.1,30.6,1.33,1.42,22.12,51.4,0
6093.5,784.8,915.4,37.4,2.32,3.85,20.88,58.1,0
6160.8,987.3,901.6,170.9,2.95,5.58,18.42,41.9,0
4382.2,705.8,758.3,184.5,1.83,3.81,15.66,47.1,0
5737.1,958.1,790.7,118.4,0.56,3.27,15.53,55.0,0
6599.0,987.9,530.2,73.8,1.94,3.22,25.59,42.4,0
6540.6,872.9,1158.6,81.3,3.86,5.45,24.7,39.2,0
6756.4,1133.8,1001.2,87.7,0.74,1.09,30.5,50.5,0
6436.4,623.1,993.3,61.8,3.67,5.12,15.18,31.9,0
5239.5,702.6,499.1,205.6,0.95,7.81,20.76,30.1,0
5229.1,842.5,719.0,25.0,1.55,7.55,17.88,29.9,0
4201.6,976.2,776.4,103.7,0.81,7.69,15.12,43.0,0
8677.2,835.9,425.2,181.9,1.38,1.83,21.61,45.7,0
6020.2,1057.2,1045.8,10.9,4.11,8.19,26.7,39.4,0
5662.7,667.7,1169.9,211.9,0.46,3.63,20.6,34.9,0
4606.8,571.9,1303.6,172.4,3.54,5.03,22.54,47.7,0
10403.5,861.6,619.9,26.9,1.18,4.04,26.14,37.6,0
4390.0,784.6,875.8,215.8,1.3,2.39,18.42,49.9,0
5356.7,908.6,1141.0,122.1,0.44,4.4,17.01,56.7,0
6623.8,794.5,794.2,160.0,0.76,5.98,25.38,56.6,0
6900.3,732.0,725.3,212.9,2.44,5.42,18.24,48.7,0
7436.9,785.0,439.5,212.7,2.14,5.0,26.79,47.0,0
8711.4,805.8,1099.2,104.0,3.56,1.96,21.28,41.7,0
6759.2,739.0,845.8,64.7,0.68,3.62,20.79,47.6,0
4416.0,759.4,689.5,69.2,2.11,4.65,22.71,52.1,0
5614.6,719.3,912.4,186.2,1.38,0.2,17.82,54.7,0
6461.7,971.3,883.7,223.8,2.67,5.51,18.41,57.4,0
9102.3,838.8,887.0,26.6,0.3,5.05,16.3,41.6,0
3903.3,1251.4,802.2,13.5,1.5,7.59,16.3,55.7,0
7803.9,832.1,1206.9,199.3,1.77,2.91,16.36,41.1,0
6269.9,689.8,820.6,98.9,1.59,3.83,21.74,51.1,0
7256.7,1334.1,1206.3,73.6,0.84,3.99,19.7,44.1,0
5847.0,882.7,974.1,53.3,2.32,5.71,19.96,36.7,0
4736.4,998.0,927.3,89.7,1.69,2.89,16.26,60.5,0
7126.3,918.4,825.1,233.4,0.5,7.12,25.39,55.9,0
6981.6,924.6,1064.3,234.7,0.33,3.44,26.41,32.4,0
7458.1,907.1,874.9,86.2,1.77,4.57,19.51,47.8,0
5980.0,579.6,644.9,231.6,0.61,2.21,20.21,42.0,0
5100.3,873.5,637.6,79.0,1.65,1.12,24.52,48.7,0
3661.8,535.0,942.9,206.5,2.1,3.71,25.15,49.9,0
7229.1,765.1,650.4,58.8,0.3,1.86,23.27,52.5,0
6635.8,654.9,836.3,200.1,1.2,1.45,23.99,36.0,0
4551.3,871.5,1082.6,91.4,0.99,3.91,15.87,28.3,0
5192.1,866.8,916.9,55.0,1.08,0.65,17.06,52.2,0
5299.9,896.2,691.1,225.0,0.7,3.19,27.92,35.3,0
3775.5,857.5,1160.2,59.3,2.85,4.07,20.18,41.8,0
4773.5,678.6,970.5,238.1,3.19,6.68,19.94,44.7,0
4299.3,747.8,1073.9,35.0,0.86,3.66,25.59,43.1,0
5381.3,984.1,351.1,12.3,0.8,4.98,17.43,51.9,0
4892.0,1013.6,922.8,210.3,0.3,0.82,21.94,31.2,0
3559.5,570.6,1035.3,144.9,0.76,0.88,27.74,35.6,0
9033.9,493.8,1224.1,107.0,1.17,6.16,17.79,40.0,0
7878.8,654.6,528.0,28.9,0.69,2.24,14.48,42.5,0
4831.5,1009.0,1115.3,142.2,0.44,1.53,16.19,32.0,0
6408.6,1043.0,1211.8,100.6,3.46,1.47,18.27,50.7,0
6626.2,615.1,406.2,121.2,1.76,3.14,16.92,33.2,0
7786.6,861.5,955.3,155.0,2.72,5.6,21.56,34.0,0
4772.1,1166.9,985.9,157.2,1.21,0.2,20.17,52.3,0
7638.2,883.1,778.1,230.9,0.88,10.57,27.17,41.9,0
5178.1,1084.3,742.2,160.7,2.34,4.16,19.79,54.8,0
3996.2,999.7,996.9,88.1,2.17,1.83,21.49,20.0,0
7086.2,618.0,714.7,85.8,0.63,3.59,20.41,38.8,0
7936.1,762.0,802.2,119.7,0.3,1.57,22.83,54.2,0
9881.9,807.0,1028.7,69.6,2.19,4.44,16.94,38.9,0
4200.4,820.8,1235.9,96.6,1.75,1.98,18.48,50.0,0
7048.4,983.3,968.4,203.7,1.51,4.35,25.23,38.2,0
5385.3,881.7,879.4,207.7,1.08,2.78,22.99,49.0,0
7175.0,212.8,736.4,154.4,1.57,5.47,24.18,42.1,0
3794.3,537.4,627.7,144.1,1.72,8.3,18.64,62.4,0
4105.8,362.5,1094.1,108.2,2.17,2.22,26.1,46.4,0
4836.2,835.1,816.2,156.3,2.07,3.88,17.74,39.1,0
6118.4,848.1,1103.2,195.4,1.57,5.66,17.83,36.1,0
5038.4,856.6,777.5,179.7,0.93,7.05,19.77,50.7,0
6988.6,608.2,707.2,18.2,0.3,4.94,25.67,55.0,0
7540.3,934.8,942.6,178.2,2.18,2.12,17.52,37.0,0
6899.4,943.3,833.2,175.6,1.49,0.99,14.91,56.7,0
8428.2,549.0,584.8,32.8,1.46,4.68,25.32,51.6,0
6623.7,506.8,1249.8,44.6,0.36,5.68,17.32,45.6,0
4174.7,800.0,712.1,191.2,3.06,5.3,24.65,44.3,0
8045.1,1158.4,1054.1,138.6,1.01,5.62,17.33,58.4,0
5092.3,1139.9,1035.2,199.0,2.14,0.81,19.23,48.4,0
7365.6,912.7,572.9,52.5,0.3,2.57,26.58,46.6,0
8360.6,654.0,629.5,17.0,0.78,3.61,25.49,38.9,0
6685.0,977.4,783.7,47.2,0.45,4.61,26.08,44.5,0
3755.8,709.5,659.6,114.1,1.9,4.69,18.39,62.7,0
4622.7,646.5,1229.8,130.4,1.57,4.85,21.4,44.0,0
7984.1,371.2,806.0,207.3,1.14,0.2,22.1,58.9,0
5746.3,820.5,1045.7,174.7,0.48,0.69,22.9,24.8,0
6119.4,674.0,963.0,237.8,4.42,4.13,20.29,40.3,0
7138.2,819.3,908.1,28.1,0.65,4.38,26.19,52.1,0
7044.5,340.1,858.9,40.0,1.17,3.61,15.29,50.5,0
6418.2,834.0,1122.2,29.4,4.43,5.01,24.67,36.1,0
5687.0,313.8,668.5,133.8,1.12,5.64,21.03,58.6,0
5531.0,1017.6,1229.8,71.4,3.46,1.22,31.96,76.5,0
7286.8,904.4,566.8,167.2,1.74,0.2,19.91,62.7,0
6830.4,744.3,1021.9,40.5,3.13,3.01,15.5,56.9,0
5614.0,912.5,540.9,33.7,3.2,5.67,19.42,35.4,0
7623.2,604.4,780.5,115.8,0.59,4.64,16.04,50.8,0
5806.4,814.5,870.5,96.5,6.24,3.29,25.27,45.9,1
4722.5,959.0,742.9,200.7,3.45,7.08,18.72,51.0,0
4861.5,181.1,810.0,202.6,1.29,9.32,19.6,33.6,0
4531.9,710.6,544.9,37.0,2.98,5.82,20.11,49.5,0
5591.4,795.5,632.8,196.8,1.18,7.94,16.72,41.4,0
7850.6,760.7,959.6,139.8,3.02,0.25,17.23,41.8,0
4792.4,1091.4,856.5,125.8,1.19,4.32,14.55,45.0,0
6282.7,575.2,698.1,31.8,2.75,2.68,11.84,31.2,0
5015.0,675.8,1141.3,180.1,1.66,5.74,19.5,55.8,0
5609.5,416.8,581.6,23.7,2.95,0.92,17.97,50.7,0
3734.9,1102.1,770.5,73.9,1.33,3.91,16.06,45.0,0
5669.2,750.7,738.8,31.9,2.69,2.42,21.98,32.7,0
5709.4,712.3,985.3,132.1,1.62,6.02,23.56,33.9,0
6810.4,789.5,860.6,158.4,1.95,2.75,21.55,53.7,0
6334.9,927.2,826.2,214.9,0.72,0.2,20.56,39.2,0
4202.4,869.5,444.3,178.8,1.27,5.17,27.25,36.8,0
7626.3,1329.6,1040.3,231.1,3.29,6.15,18.42,31.5,0
6315.5,890.8,802.1,185.0,1.27,1.78,24.18,45.4,0
6297.6,707.0,875.4,78.6,1.67,5.68,30.94,37.2,0
5986.2,687.7,685.3,135.9,1.38,4.26,24.33,39.3,0
5223.4,721.4,650.7,115.3,1.85,4.24,16.36,53.7,0
6326.7,499.6,1179.8,140.2,0.55,0.2,16.52,44.9,0
6713.4,808.0,459.9,141.6,1.21,6.87,15.96,31.4,0
3379.7,956.7,618.1,171.5,1.53,4.88,22.28,40.7,0
5191.9,677.3,1175.7,29.1,0.36,4.69,16.6,47.5,0
5617.6,638.5,991.0,181.8,5.57,5.04,20.65,48.6,0
6384.3,1103.2,778.4,43.1,2.18,4.61,12.64,61.2,0
7790.0,514.7,1124.3,16.0,2.51,7.72,27.52,51.0,0
4842.4,386.4,948.3,129.3,2.75,6.76,19.07,46.7,0
5253.1,569.4,901.2,143.7,2.02,2.87,22.43,54.5,0
5231.2,491.9,899.6,18.0,5.06,10.85,18.09,52.0,0
4797.7,877.2,952.4,128.5,0.97,5.93,16.69,20.0,0
5479.2,727.9,961.3,133.0,0.4,8.88,25.0,38.6,0
7156.2,756.1,1333.1,22.1,1.16,4.56,20.05,43.8,0
4419.2,1030.6,807.1,173.7,3.24,4.3,15.8,30.8,0
6641.7,661.7,813.9,58.4,0.43,0.9,21.91,36.9,0
3447.1,955.0,577.9,192.7,1.53,0.2,23.3,52.7,0
5158.0,1102.3,838.6,81.5,0.9,4.05,19.6,41.3,0
5505.8,708.9,1259.8,119.9,3.22,3.15,14.63,49.5,0
8512.3,947.4,1066.6,215.1,2.96,5.0,25.84,47.3,0
5587.8,751.6,730.4,195.4,0.37,2.29,23.79,54.7,0
2698.1,984.8,856.6,189.8,0.3,5.8,16.89,42.4,0
3001.7,485.7,564.8,46.9,1.55,6.27,18.6,55.5,0
6051.0,470.9,636.8,21.1,1.58,8.34,20.04,55.6,0
6920.7,721.7,882.9,149.3,1.23,9.92,25.24,35.4,0
6563.2,622.2,741.2,104.5,0.54,5.88,21.86,49.1,0
6251.4,696.7,620.2,219.1,0.88,9.05,25.03,43.8,0
7743.4,756.1,957.8,90.4,2.52,5.1,18.7,40.8,0
5190.6,944.0,831.9,104.4,0.31,4.7,24.38,59.4,0
7342.4,718.5,505.1,131.0,3.37,1.54,24.18,47.0,0
3552.0,635.2,393.5,193.2,0.97,4.23,22.38,33.6,0
4642.6,729.7,724.6,71.7,6.14,3.2,13.41,48.7,1
3289.4,646.2,500.6,226.6,0.69,1.63,22.69,45.8,0
5587.7,613.2,438.8,134.2,2.27,0.2,20.89,37.3,0
5930.6,477.4,1098.4,203.4,8.01,3.95,31.55,52.7,0
6171.2,813.9,828.5,130.9,1.04,1.25,22.36,49.8,0
6092.8,686.3,791.6,187.6,1.48,3.64,17.23,30.8,0
4608.7,993.3,808.6,21.8,3.46,6.01,23.0,48.2,0
5714.6,510.5,599.7,193.8,2.78,1.78,17.9,38.7,0
3753.8,691.6,940.4,130.5,3.34,0.91,20.05,46.2,0
8044.8,1162.6,821.2,113.4,3.85,0.67,14.02,38.0,0
5544.6,612.1,683.4,35.7,0.43,2.32,23.24,49.2,0
5266.7,752.7,716.3,180.6,1.97,2.43,14.53,50.9,0
8383.4,556.8,580.0,40.2,3.79,0.68,21.31,40.7,0
4136.6,530.3,760.6,54.2,1.35,6.37,18.58,39.7,0
4311.6,1109.5,797.3,39.1,2.02,5.41,19.37,43.3,0
4355.7,834.2,754.9,11.5,1.99,0.2,21.95,48.2,0
5898.2,826.7,862.1,162.2,1.18,1.35,15.03,41.0,0
6647.4,460.7,832.7,72.3,1.37,6.11,24.49,43.9,0
7109.5,871.7,900.8,44.4,0.77,0.73,18.55,31.5,0
9858.0,1031.5,1057.5,83.6,1.58,1.61,25.23,46.4,0
2625.9,1029.9,980.5,124.8,3.99,3.48,15.68,39.2,0
6913.1,933.7,1060.0,125.8,3.89,2.09,20.65,47.3,0
5164.3,574.1,663.5,94.5,1.05,9.23,19.77,49.1,0
5120.4,862.6,738.1,123.8,0.3,5.13,24.75,52.5,0
5070.3,933.5,993.8,108.3,1.63,4.68,25.58,43.8,0
4636.8,441.1,997.7,199.2,0.33,3.88,24.63,39.4,0
8526.8,575.7,700.7,16.8,1.12,6.16,23.46,58.2,0
7263.4,977.6,984.5,209.6,3.27,4.7,17.35,54.4,0
6034.8,975.2,642.4,66.1,1.14,2.77,20.24,43.9,0
8026.5,490.3,955.8,176.0,2.48,0.2,25.09,54.4,0
3731.2,959.0,844.2,103.2,0.61,2.41,17.84,50.7,0
4003.9,819.1,545.4,77.7,3.51,3.16,19.59,60.2,0
2733.0,956.2,754.5,151.5,1.15,5.19,10.43,51.3,0
4950.9,673.1,1330.1,186.8,3.11,6.33,15.64,48.2,0
6242.5,929.0,894.6,113.5,3.53,4.0,18.89,41.6,0
6154.3,968.8,1356.1,117.3,1.21,4.21,20.46,47.7,0
6224.0,729.7,532.3,23.5,0.54,1.01,21.94,37.7,0
3883.4,803.6,1015.2,222.5,1.6,1.85,11.44,53.8,0
7204.7,670.3,292.4,204.8,0.61,0.2,28.89,38.3,0
6359.4,1130.3,849.9,101.5,1.23,2.46,19.01,50.5,0
7099.6,775.9,988.9,185.9,1.66,4.81,18.88,43.7,0
3160.9,615.6,1034.3,82.1,1.52,5.65,15.84,51.5,0
6467.2,656.8,674.2,178.0,0.48,2.32,14.3,52.4,0
4218.4,825.4,1078.6,128.8,3.12,6.66,23.84,50.0,0
5404.0,950.7,732.6,116.0,1.6,7.67,21.86,44.5,0
6801.5,532.8,813.9,23.0,3.5,6.17,20.46,50.5,0
6136.6,1169.5,754.7,232.0,3.27,6.98,20.63,34.8,0
4722.7,861.7,600.0,202.6,2.88,1.7,21.2,57.8,0
6009.4,893.3,1195.3,192.5,5.83,0.4,22.06,53.8,0
3702.7,780.6,860.6,80.1,1.15,6.29,17.67,34.8,0
7725.4,803.9,1089.2,76.6,1.07,7.45,22.44,58.0,0
5692.1,770.3,1079.8,141.8,2.89,8.16,19.71,27.9,0
7677.8,1003.6,637.1,204.6,0.78,0.2,14.74,50.7,0
5210.2,798.4,1117.5,225.0,1.51,4.13,22.07,37.0,0
5214.6,953.4,960.8,71.9,2.36,1.17,15.52,45.4,0
4853.7,713.2,621.0,149.7,3.38,3.56,15.35,49.4,0
7314.3,839.1,948.7,176.5,1.54,6.12,23.66,55.5,0
4935.9,639.2,624.9,62.1,0.3,4.93,16.99,45.6,0
6966.9,1043.3,1203.4,103.7,3.25,0.33,15.71,42.0,0
5426.3,633.3,1029.0,53.1,3.45,3.54,17.7,35.3,0
3036.1,735.0,834.3,170.7,1.2,2.69,16.53,46.6,0
5144.5,737.0,1128.3,208.7,2.48,6.3,29.46,33.5,0
4231.3,729.2,502.0,211.8,3.77,2.18,20.0,51.7,0
6050.9,944.5,685.1,164.1,3.39,4.4,22.57,46.9,0
4214.4,736.7,794.5,89.8,2.81,3.2,24.71,49.1,0
7389.0,1078.8,1341.9,162.0,2.1,8.44,20.79,54.4,0
5863.4,636.3,614.5,208.8,6.11,5.74,25.03,50.4,1
5733.6,833.9,474.4,153.9,1.83,3.69,23.21,56.5,0
6983.8,644.8,532.2,105.0,0.3,3.08,22.31,39.7,0
7445.9,884.2,1049.4,221.6,1.28,3.98,20.66,45.8,0
5969.9,796.8,719.3,202.1,1.6,9.47,24.34,36.9,0
4843.2,769.0,815.0,213.0,2.27,5.47,11.51,33.1,0
3339.0,1037.7,1017.8,217.7,1.11,4.78,19.69,39.9,0
4970.9,669.1,815.2,100.6,1.75,5.72,19.03,44.4,0
5074.2,917.3,894.9,207.7,3.23,5.44,20.03,50.4,0
6160.6,646.2,967.7,141.2,5.44,5.66,24.53,44.4,0
5482.3,822.5,755.3,18.8,0.57,5.71,19.53,51.0,0
7031.9,560.9,813.4,156.2,1.57,1.55,16.63,63.6,0
5080.5,667.5,903.2,118.2,0.54,0.76,10.82,35.9,0
5914.4,783.6,1041.0,73.3,1.32,5.74,19.49,50.0,0
7776.0,1162.9,675.7,233.2,0.89,4.92,23.88,37.3,0
6512.7,820.2,185.5,22.7,2.31,2.64,19.55,53.5,0
5909.9,1130.9,999.5,227.6,2.02,2.29,20.86,51.3,0
5097.1,844.1,1054.1,46.6,1.05,5.28,19.67,30.9,0
5050.2,722.6,894.0,96.7,1.64,5.27,22.63,39.9,0
4724.1,1107.9,909.0,106.0,0.86,0.25,21.24,66.6,0
5188.5,887.4,725.9,178.1,2.66,4.11,19.84,32.3,0
7133.5,671.5,960.0,59.6,1.98,3.68,14.12,33.2,0
5667.2,894.1,1037.7,236.8,1.92,3.34,16.7,50.4,0
3975.3,741.5,862.4,182.3,0.3,1.28,20.52,44.9,0
8652.3,402.2,1398.1,191.7,6.0,2.27,24.56,33.2,0
6479.9,987.2,506.0,34.5,0.55,3.21,19.92,51.6,0
3889.6,1019.0,885.9,119.6,0.75,0.2,20.6,52.9,0
5337.2,1167.6,591.6,227.5,5.34,6.64,18.1,30.2,0
6166.3,884.4,1043.6,72.1,1.05,3.82,20.07,63.8,0
8556.9,750.3,502.1,43.4,5.94,2.56,21.16,54.1,0
4337.8,967.0,556.5,121.6,2.27,1.46,22.92,48.0,0
7464.1,970.0,710.7,224.0,0.49,4.62,13.24,37.3,0
8099.2,1127.7,908.5,122.0,2.51,0.2,16.18,39.0,0
5057.0,791.1,719.0,103.1,0.77,5.81,20.4,35.5,0
5583.7,766.9,721.2,159.6,5.31,6.02,22.61,31.9,0
4445.5,656.9,810.2,225.5,1.1,2.35,15.6,47.1,0
5694.8,907.5,796.7,21.3,0.74,0.2,13.07,43.3,0
5945.1,490.3,1177.2,45.3,2.08,2.5,24.12,53.3,0
6989.5,955.2,1000.9,40.5,1.39,3.22,20.02,50.2,0
7635.3,917.6,778.6,29.6,2.93,3.68,20.08,49.5,0
4877.9,917.0,1311.3,79.5,3.13,8.46,19.33,45.7,0
3049.0,827.6,958.2,62.7,1.35,4.84,13.77,37.6,0
5968.1,1106.6,636.8,136.2,1.7,8.25,23.93,51.2,0
6440.3,974.4,906.4,85.3,3.05,5.98,24.83,47.3,0
6374.1,678.6,967.8,103.2,4.24,4.99,22.94,43.7,0
5510.0,682.2,698.7,226.6,2.14,4.32,14.96,41.3,0
6187.1,624.1,618.4,45.8,2.0,0.2,17.97,43.3,0
8273.2,910.3,869.0,99.3,2.22,0.2,12.0,36.1,0
6572.6,600.0,770.8,69.1,2.32,5.89,23.42,56.5,0
5439.9,1016.7,1175.4,136.3,1.65,3.81,27.15,29.6,0
5249.7,1064.6,1013.1,179.4,8.56,6.59,16.7,46.4,0
5745.2,624.2,709.0,197.9,2.06,0.2,25.93,45.5,0
8455.1,762.9,943.7,128.5,0.3,4.81,21.01,48.8,0
5725.0,803.3,1128.8,206.6,0.93,5.15,17.43,40.7,0
5970.3,976.8,543.4,190.6,1.24,2.41,14.48,47.0,0
5276.5,1121.9,625.0,46.1,0.65,1.34,15.36,55.5,0
7648.5,462.9,847.5,66.4,1.99,1.4,19.07,39.5,0
8939.8,736.4,857.8,164.5,0.58,2.23,18.82,55.5,0
6675.9,746.8,838.5,234.2,1.11,2.76,14.74,44.0,0
6124.2,519.9,781.6,96.5,0.96,2.46,24.76,49.5,0
6055.2,703.0,778.3,62.9,0.88,4.78,24.96,33.3,0
2423.5,885.6,934.5,209.9,1.5,3.63,14.6,54.3,0
7117.7,744.3,1099.5,55.9,1.26,0.87,22.32,63.9,0
6201.2,491.1,744.2,170.4,0.74,5.37,22.43,36.5,0
6642.5,1374.8,1386.4,17.9,4.39,1.03,25.56,43.0,0
4932.8,853.2,1281.4,14.4,2.99,3.12,13.14,54.9,0
5423.3,822.3,1142.4,113.9,1.24,1.43,17.37,35.6,0
5383.5,580.4,986.9,161.0,2.65,2.27,14.79,52.5,0
7532.4,852.1,1291.8,42.8,4.8,2.73,19.82,35.1,0
5431.9,767.2,786.2,185.7,0.62,2.85,18.85,38.9,0
9124.0,422.3,666.8,39.6,1.46,3.41,16.7,50.6,0
6646.3,585.9,734.3,132.8,0.89,3.9,33.94,56.5,0
4086.5,959.0,629.4,80.9,1.15,6.59,15.53,52.6,0
5807.2,1188.8,876.8,183.0,4.27,1.41,17.57,48.0,0
5022.5,873.4,916.0,194.9,1.56,0.2,24.3,37.8,0
2708.4,1020.6,894.2,25.2,4.49,1.29,19.47,45.5,0
8399.2,768.8,847.3,54.3,1.64,6.7,19.77,43.2,0
7054.7,782.7,879.3,215.3,1.55,5.59,21.64,49.8,0
6799.8,1018.2,1232.0,105.6,1.08,1.99,24.93,45.3,0
6248.1,1132.6,986.4,119.6,1.7,3.06,21.84,40.6,0
3927.0,1060.2,1053.0,48.6,2.61,0.2,15.25,51.3,0
5274.6,586.7,892.0,238.8,0.3,1.81,17.71,42.8,0
7262.7,786.6,494.6,222.3,3.37,2.0,23.0,39.0,0
4423.2,855.5,450.9,10.5,0.3,5.87,17.99,45.1,0
2202.3,748.1,1308.2,136.7,1.16,3.55,22.46,38.2,0
5659.3,877.6,733.0,210.6,0.57,1.25,22.08,38.6,0
5787.4,964.1,714.3,109.0,1.14,0.44,15.75,55.7,0
6203.3,1000.6,904.0,110.5,1.86,6.08,21.26,34.1,0
7092.8,1137.2,971.1,97.2,3.2,3.61,18.56,59.2,0
6956.4,734.1,998.9,16.6,3.06,1.54,14.14,55.9,0
6388.2,527.2,1240.4,191.8,0.54,6.41,16.3,33.6,1
7793.3,871.6,1180.2,115.1,1.86,5.82,19.98,47.1,0
3721.5,1176.8,671.6,132.1,1.97,2.71,17.83,48.1,0
6756.9,704.6,1063.1,68.8,2.63,0.94,21.56,46.2,0
6939.8,937.4,765.5,190.3,1.13,7.61,17.48,43.9,0
4140.7,939.1,819.7,192.6,1.44,5.51,28.11,41.5,0
3745.7,838.3,609.3,137.2,0.3,3.6,17.61,38.1,0
4881.1,801.4,477.5,218.1,1.17,0.87,23.63,40.9,0
5007.7,615.3,843.1,36.7,1.13,5.04,17.99,56.2,0
7130.1,343.7,639.7,190.9,0.67,1.37,22.73,59.2,0
5078.2,577.6,1054.1,138.5,0.32,5.5,17.98,27.1,0
4715.5,721.9,788.2,63.1,2.71,5.23,30.81,45.3,0
5082.5,1019.5,917.9,40.4,4.17,2.19,16.25,45.6,0
7677.9,779.4,1150.9,79.2,1.69,5.24,19.0,47.4,0
6019.6,696.2,523.2,207.0,1.12,2.75,22.88,41.9,0
5731.1,621.8,690.6,191.2,1.13,6.47,15.79,51.1,0
5835.0,931.4,889.8,158.4,4.97,2.74,23.9,55.3,0
7938.1,1071.7,918.8,30.8,1.89,5.7,30.26,52.4,0
4876.2,1012.7,1092.8,229.6,1.44,10.44,15.97,24.1,0
7973.3,921.2,1040.8,80.3,5.77,1.96,20.68,44.7,0
6315.7,504.9,871.3,149.6,2.89,0.52,20.63,41.5,0
5759.4,729.7,916.7,194.7,3.46,4.13,15.04,41.8,0
9751.4,1189.5,922.8,40.6,1.29,5.22,16.27,46.6,0
4416.5,1024.4,526.7,160.0,3.23,1.78,10.57,32.0,0
5469.5,492.5,815.6,17.4,1.13,3.71,19.39,62.7,0
4151.4,788.9,904.7,33.4,1.66,1.97,20.74,66.2,0
7428.7,872.6,950.9,176.3,2.88,0.2,21.06,50.0,0
8533.8,647.6,646.6,45.7,2.88,4.59,23.02,42.0,0
8504.9,338.2,570.9,112.0,2.69,3.93,24.51,54.1,0
7835.9,819.8,798.4,67.1,0.3,1.27,19.64,39.9,0
5703.6,642.4,1282.8,106.9,0.81,1.76,18.85,57.6,0
5452.1,643.2,669.8,27.8,1.17,3.01,22.44,64.0,0
3493.2,729.1,1108.3,183.6,2.85,3.63,28.18,44.8,0
9053.8,773.3,1198.6,28.2,1.48,0.34,13.64,52.2,0
6703.5,798.2,860.0,202.7,0.55,2.25,14.67,55.8,0
5262.1,623.2,700.4,162.4,2.06,6.76,15.48,41.6,0
7992.1,756.0,962.8,105.8,3.11,5.43,15.17,42.3,0
4540.9,448.5,892.9,209.3,0.48,3.08,12.42,42.1,0
6609.9,862.2,661.0,52.8,0.78,6.69,19.28,50.9,0
5741.1,228.7,705.1,70.8,0.9,3.46,13.36,43.4,0
6958.0,742.1,949.8,41.5,1.58,3.02,22.29,42.0,0
5904.6,983.8,1055.4,97.8,2.28,4.58,25.13,63.2,0
3823.6,588.1,779.0,236.9,2.17,4.43,15.75,45.2,0
6113.4,943.3,834.8,47.0,1.35,7.36,18.51,41.7,0
7573.3,1031.1,997.1,201.1,1.54,1.3,20.18,57.2,0
5956.2,150.0,812.1,159.9,1.8,5.71,25.26,41.4,0
7162.7,769.7,784.1,13.6,3.73,3.31,19.2,48.8,0
4431.7,224.8,683.8,227.3,3.75,0.69,17.07,45.5,0
5960.6,776.4,680.0,233.4,3.09,4.78,22.97,46.3,0
5063.2,798.6,1437.2,222.7,1.19,2.87,16.44,23.6,0
7120.5,303.5,806.8,125.4,0.53,7.2,17.27,49.0,0
6047.2,1185.0,1150.3,60.7,2.68,1.88,21.84,52.6,0
7035.1,857.2,1220.5,100.0,1.26,2.4,21.42,52.6,0
7631.6,630.2,809.6,151.3,4.34,4.24,16.12,63.0,0
7037.4,1093.1,931.1,97.1,0.38,0.2,21.6,37.3,0
6409.7,440.9,872.5,172.9,1.34,6.47,15.89,36.5,0
4502.7,554.2,495.3,193.0,5.52,6.77,16.24,52.3,0
5995.8,340.1,508.6,58.2,2.23,5.67,16.66,38.7,0
5200.4,1160.2,860.7,103.1,0.75,4.29,19.31,58.0,0
5483.9,866.5,756.5,230.3,0.3,5.5,20.96,51.4,0
5438.2,931.9,1266.1,67.5,1.99,4.61,18.35,50.9,0
4530.1,860.2,798.0,89.7,3.21,6.11,23.06,47.1,0
3064.0,914.8,1279.2,18.2,4.81,8.39,20.72,43.9,0
4997.8,815.6,745.2,86.4,0.5,3.7,20.64,51.6,0
6290.1,854.2,1270.7,95.3,2.85,3.31,21.79,52.5,0
3977.7,821.5,961.4,33.0,0.53,3.51,24.46,49.9,0
6023.5,678.3,973.9,10.3,2.22,0.99,21.94,44.1,0
8850.4,790.7,737.4,142.3,0.57,4.23,24.68,29.7,0
7534.6,854.7,976.9,79.4,2.19,0.2,23.12,41.6,0
8465.3,822.1,1222.4,14.1,0.3,6.99,19.62,43.0,0
6586.7,504.4,818.1,207.8,2.96,7.21,18.55,50.7,0
7751.3,531.0,775.3,144.4,2.63,1.84,24.77,60.7,0
4914.1,1016.6,795.7,49.4,2.38,1.31,22.7,33.0,0
5033.5,738.6,1206.4,209.0,1.08,6.19,17.7,40.8,1
1891.3,916.9,1038.2,68.3,1.54,0.2,16.95,39.6,0
7779.2,581.6,1168.5,62.3,2.63,1.71,19.76,37.3,0
8310.5,505.4,919.0,215.8,2.59,1.33,23.86,49.6,0
5170.2,631.3,858.7,51.3,5.07,4.89,15.74,51.0,0
5619.1,755.5,943.3,212.2,2.5,4.92,17.05,44.5,0
4869.2,667.0,1085.4,194.7,4.78,4.48,19.1,51.4,0
6574.0,1058.8,795.6,81.2,4.17,3.57,21.37,69.7,0
7687.4,835.9,1151.1,17.9,1.35,5.47,9.88,50.4,0
3385.8,1169.8,930.5,29.0,0.56,3.94,17.22,27.9,0
6614.2,880.9,320.6,35.2,1.23,7.62,17.89,49.2,0
5585.0,317.5,1044.4,214.9,0.3,6.29,16.44,49.5,0
6170.1,1011.2,570.1,102.9,1.13,1.86,21.47,37.8,0
6688.5,498.1,1039.0,17.5,1.74,2.9,14.65,47.3,0
5717.7,846.1,1048.3,138.0,2.35,3.28,20.81,50.7,0
5844.6,645.1,922.6,57.8,1.27,1.38,13.46,45.7,0
5679.2,1228.5,969.6,64.1,3.05,6.52,17.79,56.6,0
7455.5,1087.9,1091.8,47.0,4.11,5.76,15.79,48.1,0
6628.1,651.6,741.0,185.3,2.81,3.1,18.02,45.0,0
6330.9,774.5,1024.6,10.1,3.14,4.95,20.09,32.3,0
4093.6,848.9,1105.9,111.0,1.71,2.69,20.92,32.1,0
5432.1,972.7,1237.2,30.0,4.1,6.15,18.28,35.0,0
7348.0,805.8,606.7,137.0,2.7,3.38,21.59,51.3,0
6056.5,595.0,939.9,89.6,1.14,0.2,23.69,41.2,0
6989.3,656.5,638.5,16.5,4.07,0.61,13.97,35.6,0
8649.8,799.1,629.1,116.0,0.5,6.98,20.0,44.0,0
7557.9,1046.9,929.0,141.2,1.98,3.38,14.69,44.3,0
6139.7,885.6,867.0,67.0,2.81,4.75,20.98,38.0,0
5233.5,645.3,1101.9,186.1,1.11,3.43,11.18,47.6,0
2169.7,929.7,773.8,95.3,0.85,0.24,14.19,59.7,0
5747.4,722.6,820.5,182.3,4.42,1.11,20.39,36.0,0
5511.0,978.1,896.5,143.2,0.3,6.52,18.94,48.8,0
6585.5,1305.4,660.4,209.9,0.3,6.41,24.58,34.2,0
5769.1,728.2,690.9,135.8,3.22,0.4,24.09,57.4,0
5519.4,960.3,1095.5,52.7,0.91,6.83,21.62,34.7,0
3330.9,650.9,729.2,199.2,1.07,2.58,22.85,28.3,0
4590.0,777.5,1110.1,190.1,0.85,4.35,13.03,48.2,0
6715.0,805.9,983.6,233.6,0.87,3.85,21.49,36.4,0
8573.9,761.3,509.5,31.5,1.52,5.48,16.28,64.0,0
5853.7,1292.6,966.7,146.0,5.02,5.95,23.37,33.9,0
6491.7,738.7,964.9,123.1,2.31,2.94,16.82,31.1,0
7428.7,917.4,943.0,164.3,2.64,6.63,23.0,46.7,0
4783.7,414.0,818.8,235.4,2.42,7.35,22.75,24.8,0
6550.2,886.4,643.2,132.4,0.3,4.84,20.31,31.3,0
4889.3,1028.4,1146.2,167.7,1.19,1.33,15.59,35.9,0
7297.2,694.5,827.7,89.9,2.52,5.07,15.34,35.3,0
6227.1,298.0,655.7,78.8,1.6,2.7,24.71,38.8,0
6447.7,792.3,950.6,87.1,0.52,3.09,23.54,38.9,0
4826.1,803.4,686.6,18.9,0.39,1.66,16.1,36.7,0
7060.5,944.8,641.2,75.5,0.83,7.49,14.95,52.8,0
9127.1,1202.2,767.4,49.8,1.14,3.73,17.01,43.9,0
4488.1,724.0,703.6,115.2,1.83,7.34,28.09,45.1,0
5490.4,628.7,649.3,116.0,0.43,5.79,24.23,44.5,0
6347.4,566.6,1027.4,186.0,0.3,2.01,22.05,44.2,0
7179.6,839.6,825.0,125.5,1.49,2.06,17.59,45.9,0
5160.7,895.9,1125.5,116.5,2.12,3.56,25.54,49.6,0
1750.5,690.9,662.0,63.3,0.72,3.89,20.58,54.9,0
8038.8,955.7,469.9,206.1,1.58,2.93,12.94,54.0,0
7140.8,893.1,882.7,30.9,3.86,6.72,11.05,67.9,0
3385.6,808.6,1258.3,235.9,0.69,4.21,25.99,37.8,0
5088.6,619.5,966.8,119.5,3.4,4.67,16.17,38.8,0
8352.3,703.6,1557.4,52.8,0.96,1.3,13.09,52.0,0
8171.7,314.0,923.1,91.5,0.49,0.2,25.81,36.9,0
7408.0,847.2,901.8,13.5,0.84,6.17,26.1,45.3,0
5735.8,805.3,375.8,48.3,2.88,1.5,21.63,65.7,0
6124.5,837.7,944.1,87.1,0.89,3.29,10.82,61.0,0
5803.6,900.9,887.1,137.5,3.23,3.78,15.38,36.9,0
7692.4,877.2,760.4,39.8,1.39,4.31,17.78,33.2,0
4686.2,777.9,819.9,165.5,0.52,2.76,26.29,26.6,0
4791.3,809.7,835.0,204.2,0.83,1.92,22.01,45.2,0
7515.4,519.1,810.4,141.6,1.77,2.68,16.17,41.2,0
5933.5,683.3,1309.7,78.3,0.93,0.2,23.57,44.1,0
8067.7,810.1,768.4,37.9,1.14,5.02,18.41,42.3,0
4992.7,652.8,887.2,13.6,0.3,5.29,14.31,41.8,0
5917.8,972.0,761.1,178.3,1.37,5.02,21.82,40.9,0
4616.4,668.3,1022.4,154.6,1.42,4.25,25.62,45.5,0
6011.0,843.3,888.9,119.5,0.53,6.69,16.37,55.7,0
3782.2,823.3,788.4,33.5,2.09,6.95,17.19,23.3,0
5268.5,949.3,426.3,57.6,2.89,6.57,16.65,41.9,0
3845.6,980.2,903.5,197.5,3.89,3.83,17.76,35.4,0
7040.9,938.8,781.9,120.4,1.8,3.65,19.68,49.6,0
7074.9,378.8,836.6,231.5,2.68,4.15,19.78,41.1,0
3404.6,1038.8,589.9,240.0,2.65,2.34,20.14,55.4,0
8000.8,1105.5,1165.3,194.2,2.31,4.43,16.41,54.0,0
9746.1,703.6,1038.5,69.4,2.15,4.14,23.66,37.3,0
6069.0,847.3,1164.8,63.2,0.44,6.2,10.68,47.5,0
5038.3,621.8,1102.3,68.3,0.47,7.43,15.83,55.2,0
10236.5,410.3,980.3,237.0,2.96,4.66,16.6,42.1,0
4021.5,652.3,598.7,87.1,5.48,5.68,16.57,44.8,0
6030.2,692.0,1255.5,172.5,1.19,3.97,19.53,39.1,0
6269.4,729.0,645.9,230.6,2.82,5.91,21.08,42.9,0
8017.7,608.2,791.0,198.5,1.87,6.12,17.71,47.8,0
6539.6,653.3,1005.5,147.4,1.42,7.51,17.09,50.3,0
5252.0,797.8,1016.4,48.9,2.69,0.2,15.65,51.8,0
4573.2,646.0,975.9,50.2,1.16,5.43,24.44,44.3,0
5487.3,908.7,761.9,123.3,2.36,3.33,18.74,37.6,0
4489.6,936.3,716.5,228.9,2.07,5.18,15.18,41.5,0
6071.7,1276.1,1407.6,218.0,2.0,5.24,19.01,55.7,1
5153.7,1025.1,841.4,48.2,3.51,2.01,16.26,57.8,0
3758.9,848.6,814.4,76.2,0.72,0.2,18.64,43.7,0
7882.7,675.9,693.0,145.4,0.73,4.82,23.88,47.4,0
5253.5,858.7,903.8,119.8,1.45,3.01,25.91,45.8,0
4097.8,865.3,893.6,37.5,0.92,5.71,20.29,45.5,0
5747.6,697.3,846.4,94.9,1.54,3.58,17.49,24.4,0
6102.6,956.7,934.0,229.6,1.2,5.83,20.09,34.1,0
3380.3,520.4,1238.0,228.8,1.68,4.83,21.07,51.5,0
6497.5,751.1,719.1,138.7,3.05,0.46,19.23,46.7,0
4429.3,911.2,859.5,156.1,0.82,4.02,22.48,54.1,0
8566.5,742.5,707.5,61.0,0.73,4.0,22.88,43.8,0
6785.9,758.6,914.8,180.6,2.34,3.18,11.75,34.1,0
5400.2,772.4,724.9,22.1,0.66,5.38,22.67,43.8,0
4882.2,632.9,734.4,60.8,4.41,1.8,24.24,54.0,0
5842.5,1034.8,528.9,11.4,3.62,7.85,25.04,47.4,0
6919.2,596.4,871.5,98.7,4.48,0.56,20.23,30.2,0
5961.8,863.6,944.5,205.6,0.58,0.49,28.95,36.2,0
5674.3,882.7,1259.3,236.0,1.88,5.47,18.27,39.1,1
6087.6,610.3,953.3,163.6,0.74,9.38,13.55,31.8,0
5094.2,814.6,751.1,181.3,4.7,2.44,13.99,41.1,0
5485.2,618.1,550.9,70.4,1.51,5.14,20.26,53.0,0
2871.3,1078.2,581.3,129.7,1.97,6.71,22.81,35.8,0
7460.6,572.2,565.0,179.4,1.19,3.44,17.4,52.4,0
6448.2,669.2,1263.2,124.4,2.41,2.69,28.11,49.4,0
4839.8,555.2,913.3,30.4,1.54,7.22,15.26,40.5,0
8848.1,528.5,721.7,180.4,2.43,4.85,5.87,48.0,0
6130.5,1118.2,638.8,60.5,1.81,5.38,28.1,40.9,0
4445.8,908.6,661.7,32.5,3.07,0.85,14.81,50.2,0
7285.1,828.1,716.0,120.0,2.72,5.11,16.26,64.6,0
6597.1,668.7,1139.6,27.2,4.88,6.39,22.45,63.0,0
6591.9,981.5,843.4,154.8,1.1,5.22,18.97,24.9,0
5361.4,635.2,531.6,157.3,3.13,5.32,19.3,41.8,0
6675.7,958.7,1358.3,69.0,1.75,8.05,18.62,40.3,0
5607.4,625.5,599.2,231.8,2.87,5.41,16.51,50.7,0
6833.9,671.1,720.0,199.6,1.22,6.97,23.17,54.0,0
3142.6,951.7,1138.2,35.2,0.67,5.99,18.04,51.6,0
5349.2,972.8,941.3,182.2,2.43,2.6,23.84,48.8,0
8583.2,919.5,746.6,91.2,1.13,4.64,20.2,36.1,0
4849.4,590.1,579.1,182.6,0.78,5.45,15.96,57.0,0
5094.2,710.7,637.3,194.2,1.4,0.2,17.72,40.5,0
5328.1,831.4,650.6,44.8,2.37,4.47,20.06,31.9,0
4177.8,630.1,851.5,162.2,5.01,7.02,17.13,29.4,0
2687.6,1074.2,892.0,208.4,1.52,1.7,21.74,42.5,0
5654.1,319.6,817.3,84.4,1.67,1.26,21.24,54.3,0
6203.8,644.3,841.4,28.5,1.48,4.86,14.29,35.8,0
5921.2,698.1,618.8,16.3,1.46,1.13,22.19,50.8,0
5782.7,231.2,914.5,35.3,1.46,6.83,22.79,38.6,0
6064.6,520.8,1131.7,11.0,2.02,2.71,18.4,39.8,0
7534.3,925.1,814.2,85.2,1.38,5.7,15.73,31.4,0
5714.3,806.1,809.9,78.8,3.21,1.72,21.28,52.3,0
5138.9,1114.6,868.3,35.4,2.05,9.05,17.88,39.9,0
5578.3,1109.0,1096.0,159.8,1.26,9.52,12.77,47.5,0
6869.0,886.6,653.2,238.1,2.18,6.82,19.03,44.5,0
8118.0,862.6,1169.2,217.2,3.78,2.29,22.16,43.0,0
5057.8,813.2,942.7,68.2,3.61,3.83,16.81,45.4,0
6148.4,269.0,856.3,187.1,2.47,0.2,13.84,50.1,0
6507.5,521.1,1116.9,225.5,4.65,7.27,18.57,53.6,0
4511.1,820.1,589.9,218.5,4.83,4.29,20.36,37.2,0
6030.6,923.2,964.9,213.4,1.0,3.78,22.64,36.8,0
3801.5,857.9,944.7,190.9,1.94,1.74,25.31,63.8,0
3346.4,621.5,644.2,77.4,4.73,6.47,16.45,44.1,0
6550.1,987.5,951.3,29.2,1.25,5.35,18.9,49.7,0
5424.2,1096.5,912.3,122.2,2.56,4.11,19.99,37.2,0
6303.4,987.6,810.7,22.6,1.38,5.08,18.89,35.3,0
5973.2,997.9,1039.8,239.6,0.75,8.83,13.11,38.5,0
4535.4,688.2,724.2,92.4,1.17,1.73,19.16,41.5,0
5932.1,1015.2,909.5,230.4,1.21,0.86,26.47,46.5,0
4150.3,829.2,821.0,187.8,3.47,2.05,16.82,64.6,0
8086.5,902.3,714.8,104.6,4.07,7.0,18.61,49.4,0
3966.0,873.1,960.6,37.2,1.06,4.7,31.6,36.5,0
5706.3,775.7,804.3,64.6,0.3,2.07,22.93,42.4,0
4436.6,628.0,525.9,164.8,4.22,5.32,17.12,37.6,0
6855.6,783.6,453.8,200.9,0.49,2.76,15.38,28.0,0
5502.9,997.4,1023.6,235.3,2.32,4.44,17.5,44.6,0
5222.0,711.7,581.5,40.4,5.02,5.19,13.07,33.8,0
7279.8,978.7,911.5,45.9,0.46,2.48,17.59,51.4,0
6044.1,947.4,862.1,19.8,2.85,0.2,24.3,42.4,0
6775.0,740.2,768.9,69.9,1.48,4.6,22.98,46.7,0
4528.0,1077.8,1280.5,198.8,1.83,3.52,18.01,40.7,1
3892.8,728.9,889.5,55.6,1.5,2.45,22.17,51.7,0
6160.8,1101.9,1016.2,136.0,0.75,4.62,22.3,58.6,0
5521.7,886.8,912.7,112.7,2.89,5.56,22.0,35.8,0
6939.7,796.8,799.1,84.9,1.75,0.2,21.25,45.5,0
5880.1,622.4,845.8,152.2,0.7,4.27,16.71,56.0,0
6307.6,782.3,1170.9,125.5,6.72,3.71,22.12,62.9,1
3564.9,759.2,1089.4,87.0,1.29,3.06,18.0,52.4,0
8832.7,548.3,1279.4,168.4,0.85,5.63,19.4,46.2,0
5753.6,756.5,898.8,74.4,1.93,0.2,22.82,49.1,0
7046.4,639.2,657.1,157.9,0.3,0.2,25.12,37.7,0
4745.9,917.2,753.1,230.2,0.74,0.2,17.95,35.1,0
6462.0,1061.3,588.7,177.7,2.25,5.77,21.11,43.9,0
4045.7,554.6,1018.7,106.2,1.38,2.8,18.11,45.4,0
6678.1,1142.5,721.1,181.9,0.3,3.38,12.05,42.9,0
5466.0,774.3,177.8,196.1,1.04,8.26,25.07,46.8,0
6043.8,605.0,1392.0,84.9,1.21,5.08,21.72,44.2,0
7047.0,951.6,724.5,172.2,2.09,6.55,16.31,56.7,0
4151.2,710.7,723.1,109.9,2.45,3.83,21.43,50.9,0
4973.3,783.7,1217.8,198.3,2.19,0.2,24.04,30.3,1
6686.0,719.1,584.2,77.9,3.04,3.44,17.03,40.8,0
9147.3,636.7,1100.1,225.7,1.73,1.92,20.04,43.3,0
5792.9,944.8,720.8,142.2,0.82,1.99,20.82,59.1,0
6886.7,742.7,558.8,91.3,2.5,4.98,15.27,40.7,0
5839.5,512.7,1225.3,106.5,0.47,0.2,17.57,52.0,0
8913.4,910.2,1053.1,90.0,2.66,2.26,20.79,31.4,0
3379.2,558.9,1052.4,43.6,0.54,2.9,20.55,41.2,0
6141.9,569.3,930.9,25.8,1.35,5.61,20.13,51.5,0
3561.7,1038.5,981.8,84.0,2.52,9.2,24.8,52.0,0
2240.1,560.7,578.9,115.5,0.86,0.2,24.65,58.9,0
6446.2,336.7,874.6,93.2,4.27,4.25,21.23,50.6,0
6209.2,924.6,645.7,13.2,0.5,3.14,16.13,52.8,0
5572.7,739.2,544.4,143.2,1.91,4.62,22.38,42.1,0
5840.7,756.5,940.4,43.3,1.57,10.53,15.53,47.0,0
10647.4,737.1,1104.8,58.5,2.13,0.49,16.42,50.3,0
5612.7,846.3,765.7,37.8,1.48,2.5,17.85,54.5,0
6765.2,649.5,803.4,129.7,7.07,7.19,17.18,41.5,0
5026.0,1095.2,599.6,31.9,3.62,5.11,21.4,45.5,0
6442.8,504.8,851.6,69.0,2.21,5.99,21.91,47.9,0
5642.6,889.0,1017.2,113.9,4.47,2.92,15.2,53.4,0
5384.2,928.4,1024.1,48.6,2.44,6.42,22.19,48.8,0
8728.3,648.1,969.9,112.6,2.07,6.24,19.96,35.6,0
7765.8,595.3,713.9,88.8,0.73,4.89,13.65,50.3,0
6205.1,1003.4,707.0,207.9,4.29,8.95,28.83,61.9,0
2543.7,601.8,1025.0,192.8,0.3,4.68,19.25,33.4,0
5458.5,678.7,1028.6,238.4,3.04,5.06,17.9,62.7,0
10054.5,977.5,812.2,131.6,2.76,2.9,17.06,41.4,0
5654.0,806.9,756.2,142.3,2.61,5.1,16.84,38.0,0
7654.8,440.6,1106.8,227.7,0.33,4.73,20.98,40.6,0
8162.9,1149.4,770.8,101.9,1.47,5.68,16.19,44.3,0
6328.4,694.0,1014.1,137.8,1.49,4.93,19.4,44.8,0
4737.3,719.4,819.9,97.2,1.23,4.97,15.49,45.9,0
2347.0,851.2,619.5,135.5,0.3,2.96,24.82,29.1,0
7026.2,925.0,1204.7,28.6,1.42,5.7,20.63,50.0,0
4777.9,1192.2,876.4,190.3,0.79,4.46,17.11,58.7,0
6264.2,468.0,693.6,236.6,2.25,3.19,11.16,30.6,0
4125.3,965.2,544.0,25.1,2.56,2.04,15.62,46.9,0
5602.1,948.6,566.2,194.2,1.62,6.09,16.3,35.0,0
6050.6,772.6,768.0,65.6,1.26,6.08,17.48,34.4,0
6402.9,957.5,1273.5,55.4,0.63,3.71,26.07,53.3,0
4327.8,986.9,721.4,169.5,0.79,0.81,21.1,62.9,0
7795.4,523.6,1168.4,20.2,2.61,7.73,19.33,44.7,0
5104.7,1150.0,821.2,116.5,0.71,7.31,21.46,52.3,0
3488.3,488.2,590.1,10.3,3.72,9.98,23.86,23.0,0
5836.5,572.9,745.9,137.5,2.43,0.2,22.72,35.8,0
6051.6,747.6,568.2,116.3,1.72,3.31,23.3,33.1,0
6240.9,1185.0,661.7,220.6,2.4,2.16,19.83,55.3,0
8043.2,738.3,655.1,175.7,1.12,0.2,22.92,56.1,0
5645.3,793.6,431.2,39.0,3.94,4.14,8.85,54.2,0
5820.6,1086.4,1182.8,91.5,0.3,4.62,23.51,49.0,0
4345.2,739.9,896.4,224.3,1.87,3.81,19.13,32.9,0
7230.8,564.3,699.0,176.8,0.46,0.2,17.35,36.1,0
6276.5,716.6,898.8,146.7,2.59,5.54,21.5,67.4,0
5370.0,1074.2,666.2,138.6,1.67,1.03,22.35,33.1,0
3143.0,814.2,262.4,101.6,2.5,6.61,29.93,33.7,0
8166.6,1186.1,1500.5,144.6,0.45,6.48,20.82,43.6,0
4158.5,947.6,891.7,187.5,4.17,4.98,18.2,55.4,0
5113.1,671.0,720.4,39.3,0.56,2.98,19.81,59.5,0
6537.5,810.2,424.5,233.1,1.02,4.36,22.16,49.0,0
4205.2,629.4,521.3,65.1,3.06,2.46,10.43,47.6,0
3759.7,666.3,1214.0,113.0,2.26,5.58,21.15,44.8,0
2814.1,1695.8,1180.4,15.2,2.07,7.53,23.57,42.1,0
7081.5,1003.7,1015.7,136.6,2.18,7.24,19.06,48.8,0
5182.2,972.2,604.7,97.8,0.3,4.07,19.19,42.3,0
10390.9,675.4,1182.2,67.4,0.46,7.53,14.31,63.4,0
4508.5,1113.9,949.0,236.7,0.68,4.85,16.75,32.5,0
4617.8,1019.9,994.1,108.5,0.92,0.2,17.08,33.3,0
5151.9,1176.3,948.2,105.3,1.51,7.25,21.76,43.6,0
6364.7,1166.6,518.5,116.5,0.38,4.46,22.94,33.9,0
5294.7,504.2,586.4,36.7,0.3,5.17,25.61,56.7,0
6918.5,578.0,737.8,100.4,0.4,3.01,21.43,48.8,0
4532.1,599.2,991.6,87.4,3.22,7.35,13.09,53.7,0
3927.6,611.2,546.3,117.0,0.3,2.15,25.26,38.3,0
3302.7,864.7,811.4,207.0,0.72,7.12,15.38,30.3,0
2664.6,686.6,811.1,54.3,1.39,1.54,19.94,48.3,0
5222.9,1214.5,1024.4,149.8,1.37,4.67,16.73,49.3,0
5548.5,1180.9,998.4,18.7,2.46,7.45,19.25,56.9,0
5052.8,798.7,627.8,82.9,0.98,7.72,22.6,45.5,0
7865.1,1191.1,1168.3,118.7,1.18,6.14,21.01,48.9,0
7842.0,1097.6,594.1,27.1,1.37,6.79,16.75,54.5,0
5497.8,709.9,1090.3,135.1,1.77,6.31,22.68,43.9,0
3309.1,398.2,729.0,81.4,1.92,2.96,27.4,43.8,0
5149.9,756.4,886.1,238.3,0.68,5.3,20.25,34.1,0
5100.3,671.1,899.7,155.1,1.23,4.71,17.51,47.6,0
5014.3,841.3,893.5,66.2,1.52,6.74,23.5,36.5,0
4953.4,817.8,998.4,33.6,2.83,6.9,16.15,54.7,0
5019.8,812.6,936.1,19.4,0.55,4.14,19.78,49.3,0
5420.2,904.7,1022.4,30.9,4.11,3.77,18.08,33.5,0
5046.7,557.5,952.2,166.4,1.13,6.63,26.67,38.6,0
6312.5,882.3,571.8,206.6,1.24,3.55,20.15,46.1,0
6540.6,712.1,909.4,46.0,0.46,6.86,17.67,33.4,0
4634.0,840.0,725.9,102.5,1.38,4.36,18.12,50.2,0
7906.6,991.5,606.0,91.5,0.33,2.64,9.97,41.8,0
4529.9,555.1,786.2,158.2,2.82,3.05,18.7,39.6,0
3573.3,743.7,890.3,52.0,4.71,0.2,21.17,63.5,0
6571.2,776.3,904.9,229.3,2.22,3.85,18.63,40.8,0
4773.9,697.1,1082.3,177.6,3.17,5.6,15.9,57.7,0
6481.9,980.0,1137.6,229.7,3.04,10.38,22.84,56.9,0
2394.5,655.9,924.0,73.8,2.2,2.46,19.98,57.4,0
8088.7,688.9,963.8,145.2,2.52,3.15,27.87,37.4,0
7008.4,658.0,871.0,178.4,1.71,2.33,17.29,42.3,0
3749.3,1018.4,1018.8,173.5,2.31,2.08,19.95,54.2,0
3781.8,701.5,957.1,14.9,2.16,5.45,19.11,43.4,0
8508.4,892.0,838.0,239.6,3.52,3.02,17.97,40.3,0
4893.9,1195.1,1323.4,223.5,1.6,2.19,23.23,55.9,1
4748.7,785.0,729.8,37.5,4.73,5.01,19.98,43.4,0
2600.9,1022.4,1170.0,135.0,1.55,5.38,20.64,54.6,0
5473.8,1134.3,552.1,82.3,1.26,2.25,20.24,48.2,0
5658.4,1005.4,1029.0,212.1,3.24,6.72,23.45,42.3,0
7073.2,796.6,1166.0,170.4,1.63,8.17,26.27,20.0,0
3901.4,928.4,430.4,61.4,1.11,5.78,16.94,42.6,0
3719.6,542.5,880.6,17.8,0.86,5.35,19.52,51.8,0
6676.4,644.0,1007.4,77.1,1.56,0.2,21.76,38.2,0
7510.1,679.1,905.4,18.8,1.17,1.88,21.53,32.2,0
3643.3,1248.1,933.2,42.5,3.26,0.55,23.49,47.2,0
7622.3,637.5,880.0,156.3,2.6,6.32,17.79,38.8,0
6056.3,634.5,609.3,181.4,2.12,6.45,19.4,32.2,0
7637.7,591.2,1371.0,117.6,6.41,5.11,23.62,57.5,0
5894.7,912.0,739.2,148.1,3.58,3.37,17.94,46.4,0
2216.6,828.5,945.5,45.9,5.18,3.34,20.62,51.0,0
5772.0,1017.4,707.7,82.9,1.01,13.64,16.52,37.6,0
7590.2,934.3,349.3,174.0,4.01,6.0,28.47,43.3,0
4659.4,523.9,646.6,93.9,2.6,3.77,20.62,51.8,0
5418.1,638.5,531.5,90.2,1.02,5.22,25.14,41.6,0
5735.8,1073.1,1090.1,54.6,0.71,0.8,20.17,24.7,0
1650.7,759.3,716.5,146.8,1.94,5.43,22.46,41.8,0
8507.0,1037.5,736.9,196.2,1.71,3.37,21.25,44.2,0
4647.9,770.1,615.8,118.0,0.36,5.26,23.74,51.2,0
6758.6,606.5,870.7,36.6,1.26,1.63,23.32,45.2,0
5869.9,739.3,692.4,202.8,0.4,8.56,18.79,40.6,0
7886.4,606.4,1068.3,26.4,1.05,1.79,18.82,38.8,0
6609.1,686.9,916.4,118.5,2.4,3.14,23.31,54.6,0
5647.6,840.2,724.2,70.0,3.48,1.25,27.47,55.0,0
4659.7,902.3,1037.1,225.4,3.4,2.18,18.42,32.0,0
7196.8,482.0,851.7,179.6,0.75,3.65,17.59,49.9,0
3189.8,796.5,854.7,140.3,0.56,4.12,15.28,32.5,0
6968.8,682.7,528.2,163.6,0.54,3.4,22.28,53.5,0
4351.4,670.3,834.4,132.5,1.81,5.27,20.46,48.3,0
7878.4,826.5,920.7,43.9,6.41,9.88,20.16,54.7,1
6241.9,689.9,1143.4,173.1,0.73,3.51,21.29,50.0,0
6966.2,1076.4,684.6,123.3,3.25,2.75,21.56,30.0,0
6123.0,1037.6,1351.2,155.9,0.89,7.44,20.54,47.4,0
3371.4,1036.4,972.5,20.4,0.46,1.63,22.15,56.0,0
4708.9,701.0,515.7,42.7,0.3,8.12,22.94,57.6,0
7008.6,607.5,664.1,145.6,1.28,0.2,22.88,33.0,0
6250.0,816.4,1162.6,115.7,1.43,6.5,20.19,39.6,0
7771.5,769.9,1123.5,62.2,2.83,1.63,20.61,55.8,0
6604.9,678.2,854.0,65.4,7.55,1.55,16.63,45.9,1
4549.9,564.9,883.0,155.3,2.22,4.99,17.49,52.3,0
4805.9,791.7,593.8,23.6,4.26,6.29,24.22,46.5,0
6154.4,719.2,1140.7,109.9,2.15,5.73,16.89,34.2,0
2528.9,937.7,632.7,130.3,1.59,2.28,15.36,49.3,0
8510.2,933.0,1035.8,80.9,8.97,6.16,22.59,58.1,0
6662.6,1020.2,1147.4,198.7,0.41,1.92,22.33,41.4,0
7840.6,548.1,860.6,23.1,1.94,3.37,20.68,45.6,0
3629.1,880.2,1062.9,209.1,2.26,2.56,23.13,25.4,0
7866.8,654.5,1256.5,176.4,1.35,3.62,13.14,39.6,0
9347.2,555.9,909.0,112.6,3.06,2.65,21.66,45.9,0
4018.7,714.3,811.4,222.6,1.13,4.45,18.81,42.7,0
7157.1,1013.7,835.3,171.5,0.42,0.62,18.66,40.4,0
6001.7,725.5,686.5,224.1,1.04,5.47,23.67,35.3,0
3683.3,1113.1,681.6,118.7,3.72,2.74,24.24,31.0,0
6739.3,909.8,947.3,114.2,1.63,1.36,17.25,63.2,0
7250.4,721.2,813.9,132.1,0.5,6.58,23.36,52.4,0
5098.3,1032.0,922.1,25.0,1.26,8.65,25.22,49.3,0
7748.9,889.1,522.2,219.0,3.49,5.39,19.91,40.2,0
3499.9,613.5,829.6,163.6,0.67,4.6,20.38,37.9,0
3757.9,1171.8,1076.6,152.0,0.6,3.03,21.53,45.0,0
6204.9,851.9,603.8,223.1,1.37,0.67,16.59,32.7,0
6038.1,803.8,853.6,238.5,2.59,5.44,15.77,46.6,0
4925.1,628.9,442.0,47.6,2.6,0.2,30.24,42.3,0
7214.4,1035.9,562.8,182.3,0.91,5.16,19.36,51.3,0
6796.3,903.5,1027.7,143.4,1.23,0.2,13.13,31.0,0
7287.2,925.8,782.0,116.0,1.52,4.51,21.6,46.9,0
5815.3,698.5,1250.9,234.9,0.3,7.22,22.62,43.6,1
6903.9,966.8,945.1,205.6,2.07,4.91,12.43,48.7,0
5331.5,982.4,966.7,170.3,1.58,6.77,18.19,37.8,0
9080.7,666.2,613.2,98.0,3.16,7.68,23.29,37.2,0
4781.2,516.6,765.3,163.2,1.42,4.1,22.54,32.0,0
9157.9,916.3,688.8,132.3,1.79,8.64,19.01,25.1,0
6052.3,485.3,615.6,67.4,2.5,3.3,16.15,58.1,0
3936.7,830.4,996.1,113.6,0.88,1.55,24.55,63.0,0
8052.1,710.6,1040.2,58.8,0.77,1.53,15.31,47.3,0
6188.9,1043.7,937.8,125.1,2.37,6.38,28.12,54.3,0
7276.7,721.4,667.8,175.7,2.14,3.39,22.43,37.0,0
7835.8,1021.5,922.8,18.4,1.28,2.91,16.63,41.9,0
6506.9,697.2,429.2,186.0,1.96,5.85,18.89,44.5,0
5111.6,1000.0,1141.1,14.6,2.15,0.2,18.04,40.7,0
7463.6,1212.1,564.4,129.0,1.64,10.56,20.52,51.8,0
6001.1,586.4,603.5,141.9,1.92,1.08,19.71,48.8,0
7028.8,858.4,875.4,185.1,2.63,5.54,23.21,50.5,0
2769.4,1349.8,894.9,185.0,3.32,5.36,19.96,60.6,0
6670.5,813.3,834.0,106.0,1.7,3.64,19.5,35.3,0
5042.1,812.4,605.8,25.3,1.89,6.77,18.87,34.6,0
8480.0,957.7,1099.3,169.5,0.82,6.06,23.42,43.5,0
6934.6,808.2,479.1,127.5,3.37,3.73,24.74,46.4,0
6359.8,458.6,523.7,86.6,2.15,5.57,15.49,54.6,0
6729.5,1026.5,826.5,64.0,1.49,0.2,23.81,46.9,0
4502.3,399.4,571.9,37.5,1.21,3.0,25.46,37.2,0
8434.9,716.6,1119.0,77.9,2.62,5.38,17.72,27.8,0
8987.1,1041.5,590.8,115.5,5.1,2.35,19.29,42.1,0
6589.4,728.7,1192.5,119.9,2.84,3.79,19.09,51.0,0
8385.6,661.3,1077.7,144.0,0.87,3.54,22.1,36.8,0
5146.3,975.9,1121.7,93.4,0.87,0.2,17.69,48.9,0
4804.3,629.8,1265.2,221.6,1.23,6.28,24.6,56.3,0
6061.4,555.6,867.9,124.1,1.21,4.32,10.63,28.8,0
6652.4,854.9,627.1,107.5,1.81,1.06,19.61,57.1,0
5409.0,763.4,827.3,21.1,2.27,8.62,19.04,58.9,0
6806.7,551.3,725.3,147.8,3.77,4.47,17.65,32.9,0
6459.6,927.4,694.0,148.7,5.84,4.6,21.92,57.4,0
4502.5,892.9,883.2,144.2,0.96,3.76,20.23,45.2,0
6778.2,728.0,781.4,214.1,8.35,8.76,20.96,48.2,0
7295.3,741.7,684.5,185.5,2.22,6.33,21.66,26.8,0
6257.2,894.1,796.0,209.5,0.33,2.24,27.37,40.5,0
7729.0,1038.1,970.8,23.7,1.69,0.2,29.12,42.4,0
4173.9,743.4,1060.4,83.2,1.97,5.7,16.36,54.1,0
6701.9,930.9,497.4,83.3,0.53,3.68,15.44,41.5,0
4244.6,913.0,783.3,161.1,0.92,3.11,18.72,38.1,0
4328.9,975.9,818.9,113.2,3.86,3.63,16.59,34.8,0
5053.6,807.9,589.8,188.8,1.06,0.2,21.68,44.6,0
4586.9,617.5,823.7,98.4,6.29,4.34,19.53,45.4,0
5178.0,707.5,882.6,61.0,0.92,3.38,22.87,52.1,0
5678.8,868.6,964.1,76.9,6.9,2.88,19.62,36.2,1
7255.7,1163.7,867.0,52.0,1.7,4.17,22.42,38.1,0
5518.3,703.2,656.2,55.5,1.23,7.9,23.17,56.8,0
3621.6,961.0,1292.6,59.9,4.06,3.16,16.84,54.0,0
7710.1,734.4,1032.4,13.7,0.54,7.13,12.66,54.0,0
4744.4,822.1,971.6,174.7,1.92,4.41,19.5,28.5,0
5911.9,1103.1,1071.1,101.9,1.15,7.35,18.13,36.3,0
6669.8,952.9,903.8,15.2,2.38,3.85,21.3,47.0,0
6299.4,551.7,1133.0,95.1,3.02,1.82,21.71,45.9,0
7641.3,685.5,862.5,218.2,3.16,9.32,17.69,39.2,0
6718.5,1051.2,850.4,127.6,2.78,6.54,22.56,51.3,0
4708.0,828.4,989.8,237.0,0.93,7.58,22.51,45.9,0
9267.8,570.2,1196.8,134.2,1.25,5.51,15.55,48.9,0
6291.5,636.2,1182.7,231.4,2.37,4.16,15.55,42.1,0
5779.0,940.7,980.4,56.4,2.39,6.48,22.21,38.1,0
7445.9,998.9,963.7,76.7,6.0,5.47,16.75,50.9,0
6374.2,803.6,1003.1,171.0,0.61,2.68,25.77,48.6,0
6598.8,1295.1,1066.8,237.0,4.74,5.18,18.82,34.9,0
9738.3,964.8,1135.7,199.8,0.87,3.14,23.37,45.8,0
5587.3,751.3,798.0,137.4,1.52,0.8,17.28,41.7,0
5523.4,636.9,1140.0,29.6,3.39,3.85,17.59,37.9,0
6174.9,605.0,925.5,93.8,0.99,2.49,13.96,44.2,0
7607.3,867.1,993.2,29.9,2.5,9.26,18.27,40.6,0
3740.2,702.2,1154.0,81.6,2.71,1.36,16.81,43.1,0
3051.7,1134.7,1014.4,69.5,2.25,2.91,14.03,58.6,0
5119.3,1093.3,1051.5,99.4,3.78,2.58,19.63,49.3,0
3549.1,926.6,764.3,202.6,6.48,5.96,25.43,54.1,1
5362.8,564.2,1179.6,44.6,3.55,4.63,17.05,39.8,0
6753.7,665.6,1003.1,80.4,0.5,8.77,19.02,39.5,0
4663.9,1051.1,877.7,70.1,1.55,7.77,26.47,49.8,0
3859.8,687.4,1092.2,78.1,1.62,4.26,21.55,26.1,0
6104.0,1024.4,1419.3,92.9,3.12,1.29,18.19,36.4,0
7293.8,894.9,592.8,66.2,0.3,4.94,15.04,49.7,0
3457.5,810.3,673.2,226.8,0.3,4.58,17.96,47.8,0
7230.3,659.4,1440.8,106.6,4.74,0.27,16.49,40.7,0
7226.0,781.2,943.9,36.2,1.17,3.5,17.04,46.2,0
7431.1,837.9,892.0,117.6,0.84,4.5,18.44,39.8,0
7827.7,1006.5,824.6,52.4,1.46,4.11,17.67,55.6,0
9303.0,622.9,1115.9,59.7,0.89,1.56,13.19,54.5,0
5465.9,747.4,1424.5,75.6,1.69,3.97,19.52,34.5,0
6164.4,809.0,703.7,38.7,1.61,3.71,17.77,34.9,0
5375.3,932.5,828.7,175.9,1.57,5.22,17.66,61.5,0
6003.0,618.3,772.8,192.1,0.3,1.72,19.98,42.3,0
8299.3,536.7,1011.2,100.7,3.07,6.93,17.73,53.8,0
3982.5,934.8,1118.9,168.5,3.31,5.24,20.94,38.5,0
4708.4,496.4,1206.6,99.5,1.54,0.69,19.63,40.4,0
8065.8,1057.0,1018.7,47.7,2.0,4.67,19.28,41.9,0
7530.1,768.8,1404.3,101.3,1.8,4.11,18.69,49.4,0
5455.3,490.5,723.6,138.1,5.18,3.79,16.3,47.0,0
7281.6,703.9,666.4,19.4,1.1,0.33,21.96,31.2,0
6511.8,875.8,1173.3,160.5,1.65,3.21,23.48,38.0,0
8250.4,693.5,877.0,180.8,7.38,2.41,17.46,39.3,0
6111.8,804.0,547.3,207.8,1.4,2.88,21.45,44.4,0
7538.4,948.0,780.5,33.6,0.41,6.27,17.15,49.4,0
9963.0,759.6,906.2,10.0,1.61,2.32,14.74,44.1,0
6897.1,612.6,707.8,26.9,4.69,9.48,16.3,32.1,0
6074.0,740.2,626.8,222.5,3.34,10.19,15.27,48.1,0
7083.7,1083.0,804.3,186.1,1.47,4.9,25.38,41.3,0
5452.1,1137.0,615.8,202.2,2.89,0.79,18.15,56.2,0
9582.0,396.0,989.7,128.9,5.29,0.79,19.57,43.3,0
6270.1,1018.2,422.4,131.1,0.94,5.19,23.05,40.1,0
5590.6,850.0,869.9,78.7,1.24,3.42,15.84,40.0,0
4746.5,984.8,964.3,203.8,0.93,2.18,16.79,50.6,0
7645.8,689.9,830.1,200.8,2.96,4.03,16.92,34.3,0
7300.8,446.3,1090.5,100.2,3.84,0.75,16.0,36.9,0
5254.0,916.9,548.5,85.7,3.22,9.96,21.06,42.3,0
6864.7,611.8,695.8,179.8,1.89,5.44,26.0,50.3,0
3737.2,522.3,777.4,16.0,4.13,8.09,23.87,45.2,0
6277.5,536.3,1006.8,207.8,1.62,6.41,13.27,44.9,0
6679.1,920.2,898.1,112.6,3.26,5.9,21.98,50.2,0
8561.0,827.9,1321.5,111.5,1.24,1.78,25.19,36.2,0
4843.8,956.5,672.7,163.9,1.15,0.2,16.45,51.1,0
4082.5,933.8,543.1,158.5,0.3,6.61,14.46,52.3,0
4656.9,715.8,1243.6,71.2,2.16,4.05,23.82,58.4,0
3995.1,785.9,535.2,227.0,2.07,9.52,19.71,71.4,0
8005.0,697.7,1000.3,236.9,0.7,2.93,21.22,49.9,0
8323.0,757.9,634.7,131.0,0.44,4.06,20.04,53.4,0
6480.3,606.5,394.7,139.1,1.31,3.16,22.63,39.5,0
7831.9,878.1,767.5,137.5,1.7,7.34,21.37,50.5,0
6200.9,1015.0,1047.9,121.7,1.89,0.2,19.89,61.6,0
5857.3,636.7,581.2,227.4,1.65,4.99,21.84,32.0,0
5500.4,1056.3,976.7,66.3,2.68,2.37,22.84,55.4,0
5534.4,822.7,1017.8,34.8,1.32,4.19,20.91,49.8,0
3678.3,848.2,570.2,223.8,2.41,7.89,17.54,52.4,0
6396.4,460.1,799.9,59.0,0.94,1.32,20.42,49.3,0
5939.5,438.5,1197.0,182.3,1.86,1.28,21.54,32.5,0
7118.0,828.8,993.1,56.9,1.97,8.71,20.7,28.3,0
6140.3,957.9,792.5,230.8,1.46,3.12,22.64,45.6,0
5755.9,665.7,941.4,192.0,1.91,2.67,22.55,32.6,0
4693.2,1134.0,699.2,221.3,0.4,2.71,20.73,60.1,0
6108.2,947.0,1095.0,228.7,1.47,0.2,18.71,36.0,0
7107.4,618.3,1094.9,29.4,0.3,7.9,21.53,54.4,0
4285.0,806.2,876.6,109.7,0.69,7.61,12.52,47.7,0
6131.2,1295.4,900.8,159.1,1.57,0.2,25.99,51.5,0
6349.6,551.5,630.3,194.6,1.79,3.15,28.31,36.8,0
4922.9,905.7,552.6,65.5,1.26,0.2,20.81,62.1,0
5118.2,735.5,767.1,220.4,0.94,6.02,19.85,44.9,0
6345.9,941.4,830.8,60.8,3.36,5.5,21.02,63.9,0
4299.9,1053.5,1083.8,209.2,1.29,1.51,23.59,49.5,0
6524.9,722.8,1052.9,127.9,5.37,2.9,25.32,38.3,0
4657.0,1023.8,890.7,128.5,2.68,7.39,23.67,50.5,0
7594.3,1244.2,1111.9,96.0,3.35,3.65,26.27,52.8,0
9506.7,813.3,642.4,33.8,0.84,2.45,23.13,41.6,0
4708.9,957.0,1087.0,89.8,1.97,6.43,28.52,49.4,0
6801.3,681.9,676.1,108.1,0.65,4.2,23.0,53.2,0
4909.9,803.9,1122.7,120.2,1.34,7.22,19.28,36.1,0
7561.4,764.7,847.1,180.0,0.8,6.4,13.1,39.1,0
4102.1,959.4,410.4,91.0,2.41,5.63,19.62,34.7,0
6720.9,1040.9,1010.6,103.5,1.39,1.8,20.68,61.1,0
4690.5,778.1,1028.1,218.4,1.04,7.34,22.44,41.2,0
5689.5,1106.7,749.6,183.1,1.96,4.02,18.91,62.1,0
4453.5,1106.0,768.3,15.3,1.19,4.2,19.94,45.2,0
7233.5,969.4,814.9,196.8,5.9,0.24,12.26,25.2,0
4744.5,696.8,426.5,237.7,1.01,2.31,25.41,51.5,0
6827.9,677.6,329.8,226.1,0.47,1.7,25.28,49.5,0
5483.9,637.5,1136.4,202.3,1.81,5.28,23.23,42.3,0
5828.3,989.8,668.7,154.7,1.38,6.26,21.91,44.1,0
6221.6,557.6,1258.2,74.0,1.48,3.32,21.42,56.9,0
4857.3,935.4,1151.5,160.5,0.82,4.36,20.26,44.8,0
6315.6,583.8,1194.8,170.0,1.36,3.83,26.09,41.9,0
8295.5,964.7,706.9,74.8,1.5,8.42,17.99,25.7,0
4832.9,803.4,496.2,68.7,3.55,0.2,13.4,52.4,0
7757.7,1066.7,610.9,101.3,3.44,1.28,21.46,46.3,0
8247.1,1028.3,751.8,157.5,0.73,3.27,24.08,46.8,0
4775.8,1087.0,327.9,77.4,4.82,4.79,20.31,50.8,0
3817.4,1092.2,745.4,137.8,2.9,2.76,24.99,48.9,0
6452.9,828.7,805.6,216.8,3.69,0.2,26.92,33.4,0
5178.9,568.2,565.2,77.9,3.29,5.66,21.33,40.4,0
8802.9,589.5,621.1,232.2,0.83,8.23,28.09,47.3,0
6052.2,382.6,801.5,118.9,1.94,0.2,11.57,45.6,0
4796.7,583.3,928.4,33.2,2.79,4.99,16.5,28.3,0
4279.3,813.8,654.0,22.7,3.57,6.83,24.01,38.9,0
7634.9,688.1,914.3,87.9,1.16,5.14,22.91,55.7,0
5143.2,764.0,880.1,69.5,0.3,6.65,17.8,20.0,0
6065.7,898.5,860.3,204.1,1.19,3.06,19.63,22.1,0
7433.7,739.2,706.6,179.7,3.99,1.79,29.18,43.2,0
5273.6,575.6,556.7,213.4,0.99,7.27,25.38,47.0,0
5931.1,789.4,1223.2,145.5,1.56,4.94,11.11,43.0,0
5975.1,620.3,988.7,110.2,0.79,4.48,18.67,52.5,0
7025.0,745.8,1071.3,72.2,2.5,4.61,19.82,64.9,0
6886.1,1068.6,831.6,144.1,0.76,0.36,23.85,52.8,0
5669.8,745.9,813.9,152.1,3.43,2.38,22.16,28.0,0
6095.5,1154.2,957.9,100.4,0.48,4.45,24.7,37.4,0
5442.3,1086.3,446.4,225.4,1.62,8.32,21.46,45.8,0
3783.6,684.1,604.8,157.2,0.8,1.31,21.11,30.1,0
6386.4,577.8,674.5,202.6,3.54,2.19,22.69,49.3,0
8838.3,789.5,750.0,152.7,1.42,5.46,17.9,50.5,0
4674.4,1030.7,656.5,82.8,1.62,0.2,21.88,25.7,0
4840.5,702.0,923.2,179.4,1.95,3.5,26.81,46.2,0
4693.9,981.6,867.9,63.0,3.43,0.94,12.43,48.2,0
7086.9,1041.7,1156.4,147.2,1.14,9.38,21.81,33.6,0
6672.7,645.2,1394.2,102.5,3.06,5.98,11.05,42.9,0
5762.2,664.8,572.2,44.5,1.94,1.69,23.14,49.8,0
4623.0,942.5,882.4,105.0,3.13,4.2,20.79,39.4,0
6138.6,830.4,882.0,81.4,2.43,1.58,23.75,54.7,0
3653.1,662.8,846.9,35.8,2.62,1.4,16.87,35.1,0
6215.1,729.6,611.3,199.5,2.08,0.79,18.23,42.4,0
7307.3,785.9,648.2,124.7,0.77,2.24,24.26,42.0,0
4123.2,487.0,902.9,89.7,1.01,4.98,25.01,42.9,0
3701.2,953.1,642.0,126.1,1.3,6.99,15.87,47.5,0
8369.2,704.3,885.0,183.6,3.7,1.33,18.29,37.4,0
5082.4,243.3,795.9,14.2,0.66,1.66,16.05,38.8,0
7703.9,795.2,881.2,135.8,2.02,9.63,23.72,35.3,0
5769.0,651.7,640.3,120.2,3.2,4.33,21.69,46.3,0
5757.1,1137.8,884.6,215.4,0.75,3.25,22.7,50.8,0
6657.6,682.9,656.2,137.9,1.69,1.92,20.22,42.5,0
4674.0,580.5,885.4,41.6,2.2,2.35,11.44,37.6,0
6198.7,901.6,1144.7,99.4,2.68,4.12,17.05,38.1,0
5427.8,667.9,907.4,152.8,1.45,6.87,19.33,50.1,0
4019.3,644.1,920.8,20.6,2.23,1.2,14.99,25.7,0
6506.2,901.9,1029.8,213.5,0.3,3.39,11.54,42.8,0
5605.0,591.9,541.2,25.6,2.59,8.47,24.0,37.2,0
5764.5,508.5,1228.2,17.0,2.43,0.2,16.79,37.1,0
4184.8,1145.2,617.8,10.5,0.72,7.16,22.19,51.9,0
8387.1,915.9,1043.5,167.3,1.44,9.25,25.57,43.8,0
7315.1,747.2,1014.3,114.9,0.86,4.1,17.87,37.5,0
7446.2,799.3,651.5,33.6,0.3,7.29,19.78,48.0,0
5541.8,901.2,1072.0,206.9,0.4,0.2,22.74,49.0,0
3406.2,994.7,959.5,56.6,0.46,3.33,18.83,55.0,0
8929.4,648.8,1265.8,85.1,1.57,6.7,20.81,46.1,0
5908.4,873.2,892.5,50.9,0.88,0.39,23.3,40.3,0
4876.8,698.7,826.1,223.2,0.86,7.27,12.95,59.6,0
6625.2,762.2,736.8,184.4,2.44,10.31,27.07,58.5,0
7750.7,832.1,466.5,176.5,1.3,2.18,21.56,66.9,0
5965.4,798.7,780.0,20.1,6.4,5.86,21.13,55.3,0
7917.9,947.1,789.3,130.2,2.76,6.41,20.78,50.9,0
7624.5,897.4,907.7,142.4,0.62,8.01,27.03,23.4,0
4385.4,498.4,536.9,98.0,1.52,1.14,15.03,59.6,0
4989.3,528.4,797.4,84.0,0.77,2.37,22.39,45.1,0
7436.3,726.1,976.8,205.9,1.84,5.61,25.2,43.2,0
1931.1,1165.7,998.6,15.3,3.91,4.23,25.09,49.1,0
5775.8,629.7,440.8,153.8,3.28,8.56,23.65,39.2,0
3853.8,758.4,1005.4,100.7,0.96,3.24,18.55,54.4,0
5285.2,692.7,795.8,163.2,0.42,2.94,22.84,30.9,0
5551.8,689.2,809.3,55.5,2.05,4.92,23.65,54.0,0
5462.6,835.6,329.8,64.9,2.2,4.87,21.03,50.1,0
5171.6,1080.2,1178.6,145.0,4.73,3.7,17.82,45.1,0
4354.3,891.2,888.9,235.4,1.88,1.7,19.77,56.8,0
9437.9,639.3,513.1,234.2,4.57,4.36,20.13,51.3,0
8801.2,1350.6,932.5,67.3,1.49,5.16,17.05,74.1,0
4256.9,815.7,925.8,33.5,5.54,1.87,23.09,39.4,0
8373.2,684.6,1119.0,145.8,5.91,1.16,20.91,45.4,0
5400.8,1082.4,781.9,106.6,2.13,4.93,27.01,46.8,0
6193.8,706.2,852.6,185.2,3.21,11.74,16.68,54.6,0
5905.1,1132.6,708.6,131.4,2.04,7.16,20.72,46.1,0
5010.4,625.9,981.5,127.4,2.56,3.54,25.41,32.8,0
7475.8,1086.0,677.6,158.7,2.16,3.49,17.62,21.5,0
6188.8,840.2,653.5,39.1,0.61,4.43,14.76,37.8,0
5285.2,1058.2,835.1,165.7,0.72,2.55,22.25,49.5,0
4043.1,1180.4,580.3,122.4,1.06,5.04,12.87,47.8,0
4659.6,573.5,1202.5,198.6,2.39,0.35,22.59,36.4,0
3537.9,1055.2,1274.0,41.9,2.98,2.89,12.09,42.6,0
6018.3,518.2,750.2,79.2,2.49,7.43,21.18,33.3,0
4205.0,590.6,544.9,228.6,4.13,5.82,24.93,39.5,0
5601.7,639.3,924.1,137.2,2.55,5.76,19.95,53.8,0
8055.2,900.7,743.9,223.7,0.33,6.85,20.96,37.5,0
7798.9,806.6,1108.4,168.5,6.74,3.2,19.03,55.6,0
5951.6,766.6,676.8,223.1,1.01,0.54,26.2,28.5,0
5869.4,829.2,969.8,83.1,1.81,4.54,17.8,39.0,0
8819.8,918.3,875.1,30.8,4.03,5.2,26.71,62.2,0
6781.1,933.6,701.2,194.5,1.83,8.37,22.1,21.9,0
5508.3,1018.8,902.8,195.0,3.08,2.29,22.37,44.6,0
3861.0,1164.0,1043.3,152.3,4.77,3.39,24.76,51.2,0
6590.8,795.7,869.1,143.3,3.8,6.98,17.38,45.9,0
7244.0,695.8,871.4,220.4,2.16,6.26,22.01,54.0,0
5052.5,922.7,658.0,50.6,0.52,0.36,16.5,53.4,0
6436.8,571.1,1101.7,151.8,1.6,6.93,27.41,38.8,0
5454.6,664.3,1079.8,21.4,1.57,8.38,20.83,51.2,0
5724.0,999.9,759.7,42.4,4.29,2.75,22.98,42.2,0
2268.3,775.2,822.7,110.6,1.96,6.92,29.29,47.8,0
5667.3,558.4,1161.1,198.9,2.58,5.71,24.94,38.8,0
7454.1,502.0,600.6,178.6,0.3,1.91,20.34,66.9,0
5052.9,809.7,982.9,234.0,3.73,0.8,30.73,41.2,0
6078.8,1028.4,727.1,20.3,3.52,5.06,16.3,36.0,0
4866.1,1025.7,1241.2,97.7,0.98,6.81,18.71,54.0,0
6540.7,822.2,864.0,46.5,2.95,3.15,21.45,43.9,0
5675.2,1201.8,1127.3,18.5,0.99,1.09,17.75,53.8,0
4591.1,779.0,682.5,70.8,2.66,0.2,21.36,42.4,0
7998.8,772.3,575.3,66.2,3.24,4.35,17.19,33.3,0
7393.4,286.5,798.5,106.6,2.47,2.15,20.31,55.5,0
5092.6,710.5,907.8,42.2,4.52,1.95,16.83,35.9,0
6746.7,970.4,737.6,122.4,2.12,8.28,16.29,36.3,0
6806.1,1112.8,1016.8,221.6,0.96,5.94,24.43,43.5,0
6963.5,634.0,803.8,182.1,2.16,5.74,23.19,39.2,0
3458.6,892.5,392.1,203.7,1.05,3.88,17.2,36.3,0
7509.9,1009.4,971.6,195.1,2.28,5.35,19.66,31.8,0
5145.5,802.2,655.8,99.6,0.3,4.79,26.45,52.8,0
5463.3,343.3,770.4,173.1,1.23,3.15,21.02,57.7,0
9956.8,849.5,1191.7,183.5,2.17,3.96,17.54,38.7,0
6452.8,952.3,1240.0,57.3,1.21,7.08,19.34,56.4,0
5420.5,610.5,723.4,207.9,1.67,4.89,20.12,48.4,0
2692.1,749.2,977.1,115.3,1.09,10.02,16.36,51.0,0
8084.6,568.9,728.5,13.8,2.07,7.24,21.41,50.5,0
3982.2,286.0,786.9,158.0,1.76,3.84,22.07,40.0,0
4494.8,1005.4,716.7,165.7,0.96,4.55,23.89,38.3,0
5503.0,799.3,470.6,136.9,0.61,4.06,20.18,43.4,0
8124.6,1119.5,870.9,58.9,0.84,7.55,17.39,43.6,0
7159.9,971.5,913.4,120.9,1.35,1.1,21.91,53.3,0
5763.2,729.2,702.4,102.0,0.31,3.7,21.77,47.8,0
6462.4,783.4,1089.3,234.2,2.88,5.79,17.13,45.8,0
5099.4,913.2,754.1,199.7,4.9,5.38,22.95,49.8,0
6209.5,993.4,709.8,185.2,4.56,7.77,26.76,35.7,0
6110.0,864.5,965.8,51.6,1.52,3.01,25.84,50.0,0
7453.2,1021.1,510.6,86.1,2.49,0.2,14.15,47.0,0
7450.8,740.7,1049.5,97.3,0.87,5.3,24.69,78.3,0
6741.0,600.6,761.5,123.3,0.37,4.55,20.18,34.3,0
5456.5,787.0,1067.6,17.0,0.88,5.18,17.75,49.0,0
7112.7,841.0,1133.4,146.4,1.24,3.08,9.0,38.8,0
5862.0,559.7,990.8,92.3,1.94,5.59,22.47,46.4,0
4377.1,532.7,671.4,139.2,2.16,3.44,23.04,57.2,0
5395.1,889.5,574.8,12.1,0.58,5.73,18.05,62.1,0
6126.8,718.7,534.5,83.9,2.25,3.68,16.33,38.6,0
7365.3,766.8,1092.6,186.8,1.8,7.99,18.72,42.8,0
5724.7,728.1,820.3,125.2,1.78,0.2,22.74,26.0,0
4186.2,1104.1,718.2,191.4,1.77,0.2,25.19,60.2,0
6085.1,1052.4,820.9,170.8,2.9,5.66,16.64,38.8,0
6170.2,552.5,1087.7,206.6,4.62,0.34,18.16,29.0,0
6278.8,693.4,1021.3,11.7,2.91,4.43,17.12,46.5,0
7379.8,970.0,946.5,70.1,7.09,2.8,19.6,34.8,0
7528.4,920.4,990.3,136.2,2.35,7.37,18.14,36.4,0
5108.7,791.7,889.6,226.4,1.95,4.15,17.11,38.0,0
5075.8,572.5,916.5,166.4,1.46,2.71,25.9,56.4,0
4439.7,663.5,898.6,115.0,4.33,8.21,12.97,60.3,0
7048.2,696.6,850.0,39.9,0.89,5.61,15.56,49.5,0
8173.2,855.4,1015.7,123.4,4.13,1.21,19.54,43.3,0
5527.4,1140.7,929.5,111.5,0.9,0.2,22.62,33.8,0
5637.9,662.6,656.2,189.0,2.02,7.31,24.07,41.3,0
8200.2,594.8,966.4,105.1,2.39,4.84,19.32,48.0,0
6758.3,778.3,904.4,83.3,0.95,6.16,22.04,50.8,0
6654.4,1006.3,984.5,30.6,2.0,6.94,12.37,50.8,0
4213.6,510.6,827.1,20.7,2.62,5.5,16.46,49.1,0
7018.1,1090.7,1028.6,111.0,0.83,4.77,16.82,49.1,0
4606.3,765.6,836.5,89.8,0.85,3.72,23.86,48.5,0
4299.0,653.1,1009.3,137.7,6.4,5.08,21.65,50.1,1
5479.8,480.0,749.6,173.7,2.87,3.19,19.96,33.0,0
5121.3,941.3,764.8,19.2,2.88,7.34,20.05,34.3,0
5667.6,765.8,982.5,124.1,1.19,5.77,18.5,54.1,0
3838.5,834.1,777.0,208.3,2.21,7.71,20.38,46.2,0
7438.2,619.8,1335.3,114.7,1.83,4.84,20.01,54.8,0
7691.5,736.2,974.6,129.9,0.76,4.21,17.67,53.7,0
3079.0,702.7,855.5,122.0,8.3,3.79,17.54,39.5,1
7467.7,779.9,1030.4,99.7,2.4,8.28,20.23,56.4,0
4784.2,666.1,744.3,35.3,2.3,1.05,16.47,58.8,0
7285.5,493.2,1053.1,39.1,2.44,0.2,22.46,43.7,0
5897.3,1345.7,1047.0,51.2,0.81,3.52,17.42,57.8,0
6043.2,527.3,1125.8,192.3,1.22,3.74,13.07,41.5,0
5722.4,836.3,753.0,73.3,1.23,6.78,19.06,50.1,0
7818.2,445.6,581.0,228.1,2.48,7.49,23.19,54.0,0
4140.6,400.6,715.8,196.3,1.18,3.7,22.76,40.2,0
6911.8,819.6,788.0,167.4,1.7,2.98,16.04,43.9,0
7652.0,834.9,1216.8,175.7,2.13,0.2,17.08,39.7,0
7074.5,1052.3,1332.9,21.0,2.07,9.93,22.95,43.3,0
9487.0,879.9,925.8,140.7,1.55,5.58,21.31,58.7,0
5206.6,770.0,852.1,226.4,0.84,7.34,17.84,43.5,0
7436.0,610.1,773.0,19.0,3.11,6.78,15.59,45.6,0
5840.9,1099.8,1031.4,76.9,4.03,0.2,21.9,51.1,0
7850.1,985.8,1331.5,21.8,0.88,2.78,13.34,38.2,0
5988.5,550.7,1242.9,141.0,3.7,4.01,10.97,34.5,0
5418.2,807.6,1100.4,36.7,1.01,3.6,24.94,40.4,0
7959.1,828.8,1097.1,120.2,2.51,6.12,18.63,40.6,0
5262.7,730.9,1033.1,175.6,2.22,0.65,19.62,40.8,0
3880.9,954.4,839.6,47.8,3.08,2.96,20.87,53.7,0
5224.7,966.3,688.0,183.7,0.6,4.01,22.93,28.6,0
6928.5,761.9,845.4,23.8,2.21,1.65,17.72,60.1,0
8088.1,743.8,942.9,44.4,1.35,6.38,20.44,56.4,0
6166.7,1099.8,530.2,74.4,3.19,4.73,20.47,26.2,0
7977.3,986.6,816.4,193.1,2.53,7.05,19.35,47.4,0
3962.7,814.5,668.3,205.5,2.17,9.08,14.45,33.7,0
5335.1,474.2,1073.0,60.7,1.02,3.56,20.91,46.1,0
5567.1,868.8,729.1,32.0,2.61,6.13,21.95,35.7,0
5828.2,939.6,922.2,205.0,1.0,0.2,20.21,39.5,0
6126.1,249.1,696.0,159.4,0.56,0.34,17.94,42.3,0
7036.4,850.4,1201.5,46.3,1.1,4.8,21.59,47.7,0
5332.8,716.7,475.8,138.3,1.19,3.22,22.34,44.3,0
6208.5,755.8,954.7,210.6,1.36,8.03,23.02,45.4,0
5932.3,618.5,569.0,26.0,1.84,5.55,25.81,55.7,0
4611.2,770.4,737.9,29.3,1.84,0.42,21.56,51.4,0
5829.5,1078.4,895.4,72.9,2.21,4.77,21.74,46.9,0
5784.5,710.7,906.2,160.0,1.82,2.87,17.19,42.3,0
5752.4,993.1,900.4,50.9,0.98,7.34,14.54,60.4,0
6047.6,638.7,883.4,197.8,2.82,3.49,23.57,52.1,0
6113.5,951.8,708.8,182.6,1.02,3.19,24.41,38.1,0
5351.6,800.3,813.9,139.0,1.96,1.51,24.7,49.6,0
7909.1,870.4,857.0,36.7,3.37,1.13,17.67,50.5,0
4245.8,801.4,893.0,237.3,1.37,2.03,18.27,50.8,0
4918.5,928.3,835.6,122.7,0.76,6.43,15.1,45.6,0
10169.9,286.5,1010.5,114.0,0.68,8.26,13.31,64.9,0
4443.0,516.0,870.5,239.0,0.94,8.06,19.0,48.7,0
3969.4,883.4,894.3,208.7,0.74,5.18,25.05,26.6,0
7101.7,391.3,765.8,115.0,3.53,2.05,18.93,25.4,0
2884.3,693.9,618.5,106.3,1.55,0.93,26.78,31.9,0
5647.1,789.1,883.9,32.1,5.9,4.59,20.78,49.5,0
9218.7,634.4,1115.6,223.1,1.63,1.49,17.79,54.0,0
3682.6,661.7,947.6,204.1,0.35,9.06,20.18,58.2,0
3027.1,854.3,670.2,81.3,1.92,5.93,23.86,43.8,0
3751.2,1001.9,1029.2,183.3,1.54,4.02,23.96,43.8,0
7347.5,608.3,776.3,185.4,2.93,4.61,22.87,50.6,0
7687.2,685.0,1007.2,62.4,1.5,4.0,13.44,44.1,0
5231.1,653.7,768.9,151.1,1.51,6.74,19.14,49.7,0
7024.8,315.7,927.7,68.7,2.57,4.84,20.86,38.7,0
8085.4,828.3,735.9,191.7,1.13,2.4,20.94,47.3,0
8681.0,986.9,741.5,45.4,1.34,4.87,20.93,43.0,0
5630.5,1003.3,505.4,163.8,2.91,3.43,21.03,58.7,0
2547.8,625.8,962.7,85.0,0.5,3.02,19.04,51.3,0
4768.7,549.7,931.4,18.3,1.5,3.18,15.85,62.9,0
5359.8,804.3,943.8,38.5,0.3,3.61,18.34,49.7,0
5611.6,965.9,910.6,160.6,4.39,0.2,18.51,40.5,0
5718.2,831.0,682.3,65.2,1.64,5.39,19.6,39.7,0
7678.3,857.9,1062.5,155.1,1.0,5.69,26.04,40.2,0
7911.6,1028.4,1068.4,105.4,2.93,1.38,19.25,53.7,0
5742.5,652.2,676.6,169.3,2.02,0.2,16.74,47.8,0
7647.7,756.0,967.1,123.4,0.8,7.63,26.11,43.4,0
6536.5,1126.9,1042.5,81.0,3.12,9.39,13.35,54.7,0
6096.8,760.6,746.6,43.5,2.53,3.79,14.92,53.4,0
7359.8,546.5,784.9,88.5,3.04,6.82,22.53,49.8,0
6108.4,666.1,967.5,156.0,1.47,3.61,11.78,40.6,0
9086.7,612.4,517.7,180.3,2.53,4.52,16.85,33.0,0
3842.4,871.4,610.5,46.9,5.32,3.0,18.52,54.4,0
5227.2,620.8,632.2,162.8,4.38,5.89,17.4,48.7,0
5810.2,854.2,454.8,51.2,2.64,4.8,16.58,55.1,0
6659.2,652.8,1088.7,61.0,0.59,7.52,20.45,31.3,0
7901.9,375.3,412.6,132.2,2.42,3.18,20.23,48.5,0
5963.4,861.3,925.5,76.5,3.52,5.15,17.51,32.6,0
3866.7,829.7,1028.6,162.2,3.37,6.01,14.75,46.4,0
7263.8,903.6,785.4,229.8,1.98,5.16,18.89,43.6,0
7132.4,665.4,703.0,44.2,2.7,4.87,18.05,52.6,0
3087.2,644.1,901.2,141.2,0.67,7.65,21.01,52.2,0
5994.3,880.3,850.4,222.4,2.08,1.42,18.0,41.7,0
3614.8,1103.8,1070.8,50.6,0.45,5.49,18.85,44.3,0
5003.0,802.2,271.7,94.4,3.35,2.23,23.23,40.7,0
4645.8,884.9,647.9,38.4,2.98,1.85,25.53,27.7,0
7213.9,735.7,973.5,157.7,2.82,3.07,20.98,45.2,0
6175.2,491.3,861.1,163.9,2.23,4.92,14.68,24.8,0
4071.6,993.5,1015.4,162.8,4.16,5.2,14.96,36.8,0
7320.1,981.7,907.6,134.7,1.56,3.43,24.37,47.4,0
3849.3,942.2,820.4,181.6,1.42,6.05,20.89,46.2,0
6495.2,763.6,783.5,18.3,2.91,6.24,18.99,52.8,0
4779.0,919.4,1361.5,230.2,0.6,8.58,23.88,44.3,1
5451.5,978.8,1187.7,61.1,2.06,2.98,28.86,55.4,0
6756.4,1124.0,959.0,38.0,1.44,2.13,17.96,49.6,0
6782.2,997.7,867.3,226.5,1.95,4.29,22.92,47.7,0
8005.5,812.8,968.4,201.0,2.5,0.54,23.06,31.2,0
5876.6,538.3,1031.9,185.9,1.27,9.55,14.56,60.2,0
6459.7,831.1,942.1,34.1,6.46,3.2,20.07,34.2,1
5343.4,851.3,684.7,195.7,2.46,2.01,20.86,47.5,0
6273.0,941.8,1242.6,150.1,1.78,4.19,22.71,62.8,0
6659.2,1070.8,904.2,178.3,4.88,4.24,20.19,26.6,0
5852.5,781.0,1293.1,235.0,2.08,4.6,18.07,41.0,0
3294.4,1220.2,891.2,54.7,0.83,5.15,17.04,22.4,0
6497.2,448.1,796.0,126.0,2.21,1.59,17.72,51.5,0
6546.8,883.9,1154.5,183.3,0.79,4.88,18.58,44.1,0
4979.7,640.3,916.3,109.7,1.18,3.3,20.26,39.9,0
4073.4,418.6,879.4,22.6,1.25,2.91,25.77,37.4,0
8213.8,759.6,585.9,35.6,0.45,6.3,26.91,41.8,0
6737.2,508.6,995.2,148.5,2.03,0.2,25.82,50.3,0
5656.4,767.7,741.5,75.6,1.25,5.81,16.43,37.5,0
4294.5,807.0,751.5,41.7,2.38,8.47,28.81,42.8,0
4767.3,1023.7,742.1,88.2,0.5,4.98,21.91,46.2,0
7953.9,498.5,946.6,56.2,1.79,9.04,15.3,41.7,0
6206.5,981.7,512.2,15.5,1.02,5.84,18.86,46.7,0
5174.1,819.6,803.6,44.9,1.68,3.31,23.26,34.7,0
6764.5,1005.8,1065.7,213.1,0.65,2.03,20.27,37.2,0
4778.4,713.6,576.0,12.8,2.23,3.7,16.81,43.7,0
8251.3,533.6,888.0,188.0,1.9,4.35,19.88,31.1,0
8029.2,556.5,711.1,183.3,1.92,3.29,20.54,41.1,0
5300.1,541.6,761.2,139.8,0.97,5.89,20.0,41.1,0
5057.0,895.6,1214.1,57.9,0.74,0.69,18.39,50.8,0
2072.8,1095.4,486.9,212.0,2.83,1.26,17.46,54.6,0
3777.6,687.0,1018.4,119.3,0.57,4.54,19.32,55.3,0
3990.8,925.8,744.9,49.8,4.32,2.41,21.18,47.2,0
6202.8,495.3,733.9,108.7,4.99,3.58,23.74,32.8,0
5510.6,836.1,605.5,54.8,1.43,0.84,27.03,34.7,0
3982.0,933.7,1015.9,96.5,2.91,3.22,22.83,48.4,0
5578.3,510.4,807.9,124.2,1.76,3.28,21.35,51.4,0
6758.0,759.2,780.1,92.8,1.77,2.42,20.24,33.8,0
6791.8,943.2,874.2,161.1,2.32,4.97,19.97,57.7,0
3150.5,213.2,812.5,225.3,4.37,1.36,18.63,55.6,0
5807.6,1067.1,409.8,90.1,0.91,7.57,21.61,58.3,0
3925.0,870.7,742.0,91.8,2.83,4.71,12.3,47.0,0
7352.6,943.3,1047.0,179.8,2.16,2.36,23.25,34.4,0
7176.2,717.5,518.5,132.0,1.44,0.2,18.61,50.5,0
4653.0,455.5,610.2,108.6,1.03,8.92,16.41,44.0,0
4850.9,906.8,756.1,197.2,1.32,5.35,18.44,44.9,0
5308.1,783.5,690.4,214.9,0.67,6.75,17.04,56.8,0
2620.8,806.4,843.9,145.8,0.81,5.64,29.86,40.0,0
6504.0,1017.5,609.5,52.6,0.3,6.26,18.38,47.7,0
5590.7,952.4,764.7,117.2,4.0,4.69,20.79,41.5,0
7455.3,1184.2,839.4,126.0,0.72,4.97,16.7,39.8,0
4352.4,830.8,992.8,109.4,1.45,4.47,23.75,39.1,0
5071.3,661.8,1123.9,70.4,3.09,6.09,15.15,38.0,0
3740.2,762.3,792.5,118.6,0.46,6.2,23.98,34.8,0
4493.6,883.1,1265.4,112.7,0.46,4.98,21.35,63.2,0
4227.0,1003.2,809.5,58.2,1.02,6.26,21.35,45.1,0
7494.0,506.6,1032.4,217.8,1.67,6.43,22.27,48.9,0
4952.6,801.7,1274.9,213.6,1.34,2.58,18.93,39.4,0
6186.3,1121.9,880.6,184.7,8.67,2.49,22.74,36.3,0
5428.9,752.0,547.8,102.2,1.5,6.13,18.76,38.4,0
4095.8,986.2,870.0,95.2,2.03,2.3,17.54,38.0,0
5747.5,898.6,715.4,174.8,1.26,5.09,16.44,46.2,0
6898.7,991.2,789.6,149.9,1.3,1.63,24.18,43.5,0
4188.4,638.0,1286.7,148.1,1.08,3.44,24.64,61.0,0
7213.7,638.9,581.0,38.5,5.62,0.2,28.48,37.8,0
4725.4,804.1,916.1,152.2,3.86,2.52,18.96,49.4,0
5275.5,493.6,656.9,217.4,0.3,4.4,18.22,26.2,0
6796.0,746.1,782.3,29.7,3.91,2.11,17.76,40.7,0
5004.8,850.6,1013.9,88.0,1.21,0.2,13.85,68.1,0
6056.4,1156.9,920.0,127.1,2.63,2.04,21.37,33.6,0
5528.0,880.5,800.5,167.8,0.41,3.23,20.78,52.1,0
6194.1,925.0,707.0,30.6,0.73,5.26,18.42,48.6,0
2428.9,1032.9,919.5,210.7,5.88,3.89,25.02,41.3,0
3255.5,607.1,1225.7,19.3,2.18,1.64,16.46,31.7,0
6924.0,767.0,651.7,207.3,0.3,6.71,15.86,42.1,0
7555.8,1285.1,1270.6,16.4,8.24,8.34,23.28,38.1,0
4634.3,784.2,1113.9,45.3,1.24,2.15,23.95,35.9,0
5634.0,1023.3,1151.3,194.1,2.17,8.5,17.87,26.4,0
6442.1,992.7,917.9,207.8,2.06,3.34,7.44,43.7,0
7039.8,504.4,1107.6,235.9,3.34,5.17,19.03,38.7,0
2958.5,862.1,628.1,36.6,1.0,7.28,17.23,35.2,0
4670.9,829.3,703.0,131.1,1.23,7.13,28.58,32.3,0
5501.1,866.0,1018.5,27.7,5.4,3.22,25.48,38.2,0
7054.7,649.2,915.1,46.0,1.96,7.16,18.79,50.6,0
9747.6,576.6,817.4,50.1,1.07,5.34,20.34,47.3,0
5658.0,704.8,299.4,24.6,1.4,3.66,22.99,46.4,0
3889.5,780.4,754.2,215.4,2.23,2.22,20.6,38.1,0
6603.4,1037.0,591.7,39.1,1.05,3.52,19.72,60.1,0
7981.5,1163.5,958.6,154.7,4.38,5.86,24.0,39.5,0
6162.0,1079.3,807.9,153.9,1.09,3.05,25.23,48.1,0
4640.0,972.0,711.8,55.7,1.61,4.69,25.86,54.1,0
7437.0,599.1,1431.4,239.6,1.39,2.72,22.6,42.9,1
6995.3,718.2,1078.4,89.9,1.48,6.26,22.73,26.6,0
4460.9,842.0,1082.3,218.2,0.92,1.85,22.58,49.1,0
6572.1,673.5,1334.5,228.1,2.3,9.65,19.74,47.1,0
7495.9,915.4,1026.5,228.3,1.7,4.6,21.42,31.1,0
7772.8,944.1,680.4,183.2,1.99,2.34,17.67,47.9,0
5900.3,907.3,654.7,68.4,4.83,2.72,14.34,44.0,0
5462.9,1005.0,1062.3,37.8,0.45,1.46,20.95,48.2,0
7840.9,619.1,396.9,141.1,1.03,6.59,26.21,32.5,0
4184.8,986.6,832.9,92.8,3.14,4.81,18.48,52.0,0
6657.9,660.9,372.4,201.1,1.53,4.82,22.1,39.8,0
3945.0,611.8,871.7,181.3,1.89,5.06,16.46,35.8,0
7598.1,906.4,1037.9,73.6,1.16,2.21,23.35,51.9,0
5612.9,1043.2,911.5,13.9,0.99,3.27,18.86,52.7,0
7902.9,897.6,1056.4,64.6,0.96,0.2,25.5,46.2,0
6737.1,804.2,1282.3,140.4,2.14,8.87,17.3,50.7,0
4165.2,862.0,818.4,28.2,6.98,0.6,26.76,40.0,1
8136.9,827.3,1467.7,161.4,4.03,2.53,24.19,40.5,0
8326.9,574.8,896.8,164.5,1.43,3.47,17.49,56.3,0
7323.4,551.5,1058.8,49.0,0.3,4.6,17.43,23.5,0
4857.6,784.2,715.6,147.2,3.65,4.22,17.81,26.0,0
5541.0,816.0,1206.2,149.6,2.02,5.18,25.19,42.2,0
6218.1,802.3,1079.2,119.9,6.45,9.02,14.2,39.8,1
4944.4,935.2,1173.7,229.2,2.42,5.0,21.56,55.5,0
8538.5,756.9,862.0,34.9,1.52,1.3,13.52,41.0,0
6216.5,912.6,573.8,103.5,1.29,7.87,14.21,47.0,0
1945.0,771.1,951.3,213.1,0.59,7.62,13.55,52.7,0
6509.0,1164.7,476.7,98.9,1.63,4.8,17.51,53.4,0
5477.8,816.1,776.0,107.7,3.23,5.45,15.84,34.8,0
5887.6,1268.1,892.0,163.7,0.32,2.29,16.3,48.4,0
5447.1,870.4,1373.0,163.1,5.22,6.6,16.74,29.2,0
7210.6,757.3,920.1,15.3,0.5,1.86,19.49,52.9,0
7679.5,620.1,880.7,114.8,1.0,2.33,16.8,41.6,0
6424.6,511.4,836.1,86.7,2.26,5.79,16.54,49.9,0
5491.0,601.7,554.7,154.4,0.47,6.51,29.26,41.9,0
5938.0,624.1,868.9,137.8,1.51,1.74,18.03,41.8,0
6029.4,879.0,872.6,159.7,1.94,3.01,11.85,48.2,0
4796.4,694.8,636.9,160.4,2.2,3.11,23.64,47.5,0
6868.4,837.4,588.9,68.6,1.25,6.66,18.39,39.3,0
6690.1,1056.4,744.1,66.7,0.63,3.09,16.53,32.4,0
8310.7,782.4,864.3,95.2,4.35,3.21,16.15,40.3,0
7883.0,1215.8,749.3,65.7,2.45,7.35,22.24,47.1,0
4971.5,564.8,618.8,167.0,2.19,0.45,21.17,56.1,0
7230.4,769.9,913.6,148.7,1.18,2.46,17.69,42.3,0
4573.6,692.1,968.6,59.8,2.81,0.2,21.0,36.8,0
7043.9,987.3,876.7,213.3,0.55,0.2,20.87,33.4,0
5225.1,352.0,726.1,116.0,5.23,2.46,21.29,46.2,0
4465.1,511.4,980.9,39.2,1.12,0.2,16.2,41.5,0
6420.1,778.5,808.1,59.0,3.04,0.91,23.11,39.3,0
1988.1,1110.3,588.4,134.2,3.74,0.2,16.47,58.4,0
3373.5,845.2,1078.0,87.8,1.97,3.19,20.2,48.0,0
5733.8,529.7,927.8,205.8,2.11,5.67,18.54,48.6,0
6123.7,560.6,823.8,123.8,1.71,3.86,20.21,39.8,0
5446.0,1134.6,504.4,220.5,3.53,6.33,25.03,44.0,0
3630.8,675.8,686.1,33.4,1.11,0.73,20.51,45.7,0
4773.2,611.4,1294.1,163.8,2.72,8.37,23.84,39.7,0
6586.8,1095.5,518.2,213.7,1.85,3.75,20.81,51.6,0
6872.7,1002.2,794.7,77.4,4.43,0.91,27.54,39.2,0
5975.7,1054.8,846.4,41.2,4.19,3.75,21.97,54.3,0
7735.3,610.0,920.5,115.0,1.17,4.94,14.33,51.0,0
6596.1,495.0,520.6,231.1,3.5,5.99,16.27,49.4,0
4878.8,826.6,888.3,155.7,2.41,7.19,17.12,45.1,0
5579.2,867.0,479.1,158.1,1.77,4.25,18.81,43.4,0
3895.7,872.9,871.4,164.4,3.35,3.84,17.38,53.6,0
5837.8,1095.6,706.5,19.1,2.93,4.87,14.3,41.0,0
7668.2,453.2,659.5,112.5,1.25,7.16,19.76,23.7,0
7027.9,971.9,1033.7,27.8,0.69,2.17,11.43,41.9,0
8103.0,580.7,798.2,82.6,0.82,1.88,26.93,40.9,0
5545.7,971.1,954.2,199.0,1.03,3.77,19.65,38.3,0
8019.1,705.0,961.5,160.9,1.5,6.79,26.5,53.3,0
5710.0,637.2,1129.4,239.0,2.22,2.68,16.18,31.3,0
8207.4,678.0,584.2,49.6,1.86,5.84,19.56,42.2,0
5967.2,510.9,1052.2,101.3,0.5,5.05,23.9,44.0,0
7060.8,808.1,853.6,196.2,1.34,2.92,27.64,39.2,0
8212.7,645.5,766.8,59.6,5.42,2.51,22.3,53.1,0
5709.9,957.3,597.2,45.4,1.25,4.86,14.97,59.4,0
6327.6,928.0,983.4,108.4,0.45,1.08,19.91,45.9,0
7933.3,1137.6,647.1,98.3,2.91,7.38,15.42,47.9,0
5800.5,873.3,963.9,235.4,2.51,7.78,23.82,51.1,0
4018.7,904.1,1274.1,114.9,2.41,3.59,22.0,46.9,0
9214.5,1080.0,1065.6,208.0,2.22,8.87,24.14,61.3,0
5295.4,674.5,1156.1,214.2,0.85,4.61,22.22,41.3,0
6238.1,502.3,691.8,46.3,1.71,2.74,21.37,48.8,0
7734.0,840.0,1017.8,174.5,0.92,3.04,14.8,41.7,0
5087.3,515.5,598.3,73.8,0.87,3.51,18.76,56.6,0
4488.2,1290.8,798.6,31.8,6.38,2.67,22.84,37.2,0
6380.6,1091.1,1233.1,211.2,2.95,1.94,16.68,37.1,1
3310.4,1232.8,716.3,77.3,2.18,6.73,15.37,45.2,0
5568.1,812.5,1094.5,89.4,1.57,3.49,23.32,58.3,0
6367.6,910.1,1073.4,84.5,2.79,0.2,20.16,58.8,0
5595.1,708.1,1086.4,56.1,1.83,10.12,24.42,29.7,0
3684.8,976.6,571.3,109.9,2.87,5.63,18.93,53.9,0
8391.3,556.9,965.5,108.5,4.45,0.2,20.76,46.0,0
6155.3,291.4,815.5,104.0,2.36,0.37,19.15,40.5,0
8146.7,641.9,1089.5,220.7,0.87,0.2,21.03,57.8,0
5609.9,508.9,485.9,88.1,3.67,4.27,27.9,51.8,0
4680.0,1095.6,930.9,17.0,1.56,5.12,24.92,51.3,0
6403.8,1163.1,899.8,51.0,2.06,4.63,24.32,48.7,0
5676.3,519.4,412.2,175.9,1.38,2.75,16.01,41.2,0
4233.4,1058.3,655.2,145.9,0.57,2.49,18.66,46.8,0
8204.7,990.3,447.4,228.9,3.15,4.42,20.38,47.9,0
5066.6,486.0,690.2,169.7,4.0,2.44,18.33,35.4,0
3239.6,721.9,970.8,54.7,2.04,4.11,23.1,51.1,0
7992.2,684.0,893.0,37.7,3.37,5.95,22.66,57.2,0
5243.6,949.6,887.3,129.8,1.07,2.42,14.46,57.8,0
5088.3,554.2,621.3,163.0,1.91,7.45,19.37,37.2,0
3351.9,780.2,1096.5,48.1,0.95,0.6,14.34,42.5,0
8611.4,662.8,845.9,148.4,2.33,2.88,16.24,52.1,0
4065.8,894.7,857.4,209.0,2.23,4.01,22.48,43.9,0
6087.7,756.6,1056.9,177.3,1.85,0.66,23.91,39.4,0
7368.9,693.0,631.9,162.8,2.02,4.4,11.54,55.8,0
6632.6,757.3,900.3,191.5,0.3,5.05,20.55,43.4,0
5910.5,1207.2,943.2,33.9,1.11,0.83,24.27,32.5,0
3447.5,716.6,730.0,56.9,0.85,2.25,13.16,52.1,0
4785.4,591.8,993.5,18.8,2.44,2.33,19.75,54.8,0
6281.7,916.7,955.0,43.3,1.88,0.2,11.94,41.8,0
4819.2,771.3,827.7,220.0,0.3,4.6,19.98,51.4,0
6305.0,517.0,820.9,61.1,0.79,3.46,25.32,29.7,0
7022.6,1246.3,965.2,162.3,0.3,1.7,21.11,44.6,0
7443.8,729.5,1023.5,169.1,5.09,3.27,18.16,41.2,0
4160.7,724.4,863.8,158.4,0.84,3.93,24.25,58.0,0
9295.0,832.0,1096.4,137.4,2.58,0.2,16.45,56.6,0
7151.2,1146.0,994.9,121.8,1.46,3.86,26.2,42.4,0
5997.4,464.1,456.5,106.6,0.55,2.05,20.67,43.1,0
7634.3,855.2,540.9,220.9,1.1,0.2,18.33,60.7,0
9548.1,1217.5,1110.1,12.2,2.53,5.7,21.46,58.4,0
3841.9,825.7,795.7,22.3,1.23,2.03,21.73,36.2,0
5662.1,552.9,886.1,123.3,2.87,8.14,25.01,44.0,0
2432.4,676.3,1100.6,86.0,0.74,4.14,22.21,50.8,0
6289.0,841.4,848.6,103.9,1.7,4.03,23.57,49.4,0
6548.1,1066.2,858.2,239.5,2.31,5.32,19.62,54.0,0
5941.3,732.1,658.9,188.3,0.98,8.47,18.14,40.7,0
5018.2,965.3,931.4,211.8,1.63,2.51,19.84,51.1,0
2925.7,512.9,979.0,94.8,0.98,7.0,23.44,46.8,0
6560.3,511.3,722.9,65.1,2.05,3.03,22.11,55.1,0
8183.2,703.4,647.2,186.6,0.84,3.2,17.16,40.0,0
5113.5,1087.6,1427.8,195.7,1.35,3.7,15.7,38.4,1
6660.1,813.8,829.6,136.5,1.76,3.47,22.65,49.5,0
3647.8,858.0,699.6,216.1,1.67,3.23,27.0,48.8,0
6685.8,855.6,1005.4,232.5,1.97,0.31,19.77,43.3,0
5409.9,1021.8,838.8,118.3,0.45,3.82,23.97,47.0,0
4856.4,678.0,611.1,61.2,3.15,3.18,15.23,44.9,0
4859.5,937.7,956.3,128.9,1.77,6.7,23.6,53.4,0
5409.6,633.8,662.3,237.6,1.52,3.81,19.24,44.9,0
6573.6,1196.7,1196.8,77.4,0.49,0.2,22.52,47.0,0
4031.8,639.9,958.8,152.0,2.65,2.97,28.97,40.5,0
5404.3,623.5,789.1,169.6,3.17,5.37,23.04,53.0,0
5937.8,909.9,874.1,59.2,7.5,0.2,16.65,45.0,0
4351.4,816.0,1048.7,145.3,0.3,0.2,15.51,63.9,0
8695.0,865.4,890.9,82.3,4.42,5.25,12.93,41.1,0
4719.8,845.5,1316.9,206.5,2.0,6.35,20.07,46.4,1
4995.8,581.9,1099.9,174.4,3.92,5.76,16.64,46.2,0
4532.5,1122.7,957.3,200.0,2.3,6.55,12.99,44.1,0
8697.7,978.7,643.9,55.9,2.5,1.45,24.82,59.0,0
6829.4,1071.8,817.7,18.0,4.25,4.64,20.66,27.4,0
4595.1,694.3,955.4,205.6,3.15,4.92,21.38,52.8,0
7659.3,883.3,669.0,99.0,3.48,6.84,16.07,44.2,0
6301.0,839.5,1134.6,51.3,1.53,6.48,23.54,49.2,0
6385.9,1025.6,635.7,31.1,0.3,5.79,18.58,41.2,0
5483.3,1032.0,709.8,128.8,1.81,2.48,16.36,45.9,0
4875.9,838.6,726.3,44.5,0.99,0.2,21.65,46.3,0
6506.6,496.4,1013.6,140.3,2.92,0.2,18.16,39.7,0
5182.4,1155.9,672.9,177.3,1.92,5.35,25.72,41.9,0
8725.1,911.2,454.0,133.1,1.65,6.09,20.84,63.9,0
4096.1,678.3,1089.4,217.9,1.3,2.18,11.65,45.1,0
8304.2,881.3,752.2,45.8,2.68,5.68,22.16,45.2,0
5833.0,497.8,614.9,123.6,1.58,5.29,30.71,57.1,0
6448.6,1011.1,683.9,47.5,1.82,1.3,16.42,51.5,0
7249.7,505.8,1227.7,211.5,1.66,6.82,13.72,45.7,1
5054.6,755.8,705.5,224.4,1.53,4.81,27.58,43.9,0
7296.4,848.9,822.9,102.0,0.3,0.2,16.85,42.3,0
1938.7,1007.8,751.7,80.3,1.55,2.85,20.56,62.9,0
4920.0,821.3,578.8,74.2,0.8,6.5,14.7,37.1,0
4613.9,927.0,686.6,207.7,1.59,2.09,16.93,36.3,0
4119.7,794.4,563.8,167.0,1.9,6.61,18.59,39.9,0
5677.6,793.6,1060.3,212.5,1.19,7.01,21.2,35.5,0
6578.6,817.1,872.2,37.0,0.3,2.07,16.21,47.4,0
7054.0,762.2,1396.2,119.5,1.23,1.37,20.56,52.7,0
6361.3,462.7,694.0,165.5,1.17,5.61,15.97,41.4,0
5001.5,646.3,661.1,216.3,1.37,5.24,21.26,38.9,0
6553.5,849.0,1187.4,97.9,0.52,5.42,18.94,53.1,0
6186.4,750.2,1082.8,82.0,1.91,3.64,19.47,47.3,0
7404.1,768.8,934.6,220.0,2.03,7.57,17.88,20.8,0
7165.4,735.3,605.0,20.9,1.41,6.24,23.15,29.1,0
6045.7,627.3,1233.9,120.3,3.0,2.9,23.3,50.3,0
4654.1,701.4,834.1,115.5,1.65,5.75,18.64,58.8,0
5020.6,738.6,755.3,43.6,1.41,4.36,18.41,46.7,0
5175.3,801.0,1101.5,100.8,1.57,0.38,27.63,47.6,0
5527.1,878.7,845.1,176.2,3.25,0.22,21.92,46.1,0
6402.1,763.9,593.6,94.4,2.4,3.92,22.63,51.9,0
7072.8,594.1,858.9,81.2,0.9,2.58,25.5,34.9,0
5923.3,520.4,678.1,189.8,0.73,1.41,18.77,47.7,0
6024.2,1319.5,187.9,237.4,1.42,2.98,25.79,45.4,0
6215.0,574.0,656.0,189.3,3.07,5.4,12.25,43.4,0
5226.1,696.3,733.9,204.7,2.83,4.75,27.04,40.0,0
4611.9,903.4,595.8,226.1,1.95,3.96,17.34,46.5,0
3366.8,872.2,976.6,194.4,1.04,0.2,22.13,37.8,0
4957.3,904.2,679.0,235.5,2.47,0.2,22.73,41.1,0
6709.7,711.5,955.3,181.9,0.36,7.33,18.0,50.3,0
4945.6,847.7,578.7,162.2,1.14,3.81,23.97,46.3,0
5643.3,812.3,1050.0,169.5,2.6,6.03,23.62,32.1,0
6699.6,737.6,569.2,217.0,0.41,4.33,19.85,54.6,0
6781.0,849.1,334.9,167.1,3.78,2.14,16.25,40.8,0
4380.7,1011.1,1122.2,185.1,3.67,2.99,25.81,49.0,0
7495.6,795.6,661.7,59.7,1.68,6.91,21.33,42.9,0
7691.0,796.9,1236.5,219.9,2.75,5.47,24.89,44.8,0
4305.2,1013.6,974.2,112.9,1.19,2.06,10.65,55.5,0
4764.2,992.3,1023.9,47.0,0.75,6.24,22.57,37.6,0
7786.6,1116.8,1080.0,194.0,4.15,2.1,17.97,45.8,0
5779.7,448.8,874.8,92.0,3.4,4.99,19.7,37.6,0
2670.3,981.0,877.3,52.3,2.75,0.2,23.43,47.8,0
3900.5,920.3,1131.9,68.9,0.31,3.52,12.46,27.4,0
5625.9,622.9,874.5,18.0,1.55,4.64,17.25,36.7,0
4255.4,850.3,689.8,30.8,4.81,2.58,21.53,59.7,0
5379.9,1010.2,978.9,146.3,2.43,5.93,13.3,28.9,0
6048.6,634.2,385.0,209.2,1.62,1.0,21.28,41.6,0
8193.4,888.5,1140.3,113.2,1.59,5.88,15.26,40.6,0
5564.3,974.3,1144.9,154.0,1.59,4.82,27.23,47.7,0
7608.8,585.8,1113.6,196.2,0.3,2.06,22.29,38.1,0
8143.1,771.5,1105.1,92.1,2.14,0.2,22.94,46.4,0
8151.5,860.2,831.5,160.5,2.37,7.95,16.01,41.1,0
6427.1,640.8,826.5,90.6,0.37,3.93,20.1,35.2,0
3055.1,624.2,579.5,157.8,1.87,2.63,18.57,39.1,0
6691.2,773.0,1234.6,60.0,1.29,3.02,21.94,44.4,0
7572.6,960.3,743.3,234.9,0.59,1.55,22.92,49.9,0
5878.4,928.7,924.8,27.5,0.3,5.63,19.54,37.2,0
8616.9,627.7,905.9,126.2,1.05,4.32,20.46,41.9,0
7289.8,930.4,555.1,75.8,1.6,0.49,18.99,49.7,0
6852.4,632.8,466.2,148.2,2.36,4.13,27.16,38.6,0
7629.6,478.0,851.2,108.5,2.83,0.71,15.52,40.2,0
6500.1,726.6,750.2,80.5,1.77,5.98,14.51,40.6,0
2260.8,1024.6,830.3,67.5,0.67,2.09,21.22,50.4,0
5251.3,931.2,1084.4,52.0,4.0,6.91,17.53,42.7,0
7795.8,799.7,899.5,190.1,1.79,7.69,15.93,57.7,0
4788.6,716.7,1016.9,61.1,1.15,3.03,21.55,49.1,0
5664.8,722.0,948.0,187.9,1.68,2.06,15.7,38.3,0
4432.7,821.8,780.4,121.6,3.48,0.3,20.51,48.4,0
8675.9,586.3,629.6,26.6,4.29,0.2,19.1,50.8,0
8522.2,730.4,908.2,48.1,1.3,0.25,19.63,36.5,0
4674.2,756.9,868.5,215.4,5.64,2.65,16.45,50.1,0
6220.9,529.8,1051.3,148.6,3.32,0.2,16.36,40.5,0
4979.3,632.3,816.8,52.4,0.96,5.84,18.71,43.0,0
6922.4,882.1,784.6,171.9,2.23,5.19,26.47,53.8,0
6764.5,801.9,799.5,199.4,0.95,5.2,13.81,36.7,0
7217.6,738.2,647.9,86.1,2.3,6.93,21.8,42.4,0
6497.9,617.7,1168.3,138.0,2.1,1.09,15.34,44.8,0
10403.1,1115.4,1100.7,77.5,1.3,1.23,20.63,51.5,0
4458.1,632.4,583.1,28.4,4.6,6.82,20.03,37.8,0
3434.1,850.3,1026.9,101.9,1.76,2.59,20.97,49.4,0
5410.4,702.4,444.1,182.8,8.42,4.98,26.89,58.6,0
3648.0,807.3,1066.8,115.5,1.07,0.2,23.64,46.9,0
3761.3,891.5,696.8,103.2,2.33,6.68,19.71,29.9,0
4498.0,525.9,929.2,94.2,2.86,4.88,25.91,57.3,0
4616.7,798.7,425.5,115.6,0.8,0.24,16.17,45.3,0
4568.1,1038.1,586.3,83.2,1.15,7.67,15.38,63.1,0
6777.3,1152.3,953.1,150.8,1.36,4.39,26.88,44.1,0
5240.7,774.0,695.8,24.6,1.97,8.83,20.57,55.4,0
5730.7,808.3,665.2,195.7,1.41,0.2,22.98,64.1,0
7341.3,1242.3,1157.1,49.8,3.06,4.89,15.85,29.1,0
4850.5,1027.0,1336.4,155.7,0.8,2.48,17.6,40.5,0
5603.2,676.5,1056.1,113.5,1.48,3.25,26.26,43.1,0
6548.6,676.2,609.8,187.9,1.74,4.37,12.15,57.8,0
3087.6,991.3,1238.0,200.0,0.67,0.2,21.06,38.2,0
2422.6,597.8,506.5,57.0,2.39,9.27,25.05,55.5,0
6519.2,1017.5,783.0,165.8,2.22,8.33,12.92,44.6,0
6738.0,866.9,862.1,53.7,2.16,4.56,20.07,40.1,0
9096.3,903.5,1273.3,38.5,2.51,0.71,10.93,39.4,0
6237.1,748.7,1050.8,224.0,1.68,3.28,19.27,54.8,0
7229.6,674.0,748.0,47.8,2.57,4.58,21.15,49.4,0
5706.8,1092.4,642.1,62.5,2.1,2.29,20.94,40.3,0
6445.8,750.7,1070.5,40.0,0.47,6.15,24.22,61.4,0
8500.9,717.8,732.7,118.2,0.62,4.37,20.68,48.1,0
2814.0,784.0,897.7,221.5,4.34,3.82,20.81,51.8,0
6620.4,838.6,548.6,70.7,1.73,5.95,21.68,67.1,0
9203.4,593.8,975.2,134.6,2.27,0.2,18.63,52.5,0
6423.1,687.0,957.5,104.6,2.17,2.02,20.19,54.5,0
8475.9,676.4,576.8,87.3,1.91,3.72,14.93,43.2,0
5056.2,969.1,1077.0,141.6,5.86,2.13,34.37,45.9,0
5951.9,622.8,972.0,138.5,2.5,0.45,21.8,41.6,0
6050.3,448.8,1012.8,92.7,1.29,1.08,17.16,43.7,0
2673.6,406.6,766.7,205.6,4.31,3.99,26.1,48.1,0
4247.7,505.9,889.4,22.2,1.65,4.65,28.13,36.4,0
4354.7,1072.3,863.9,29.6,2.37,9.75,17.78,55.1,0
7233.1,803.2,817.4,237.9,2.03,6.7,17.47,50.1,0
7308.2,900.2,887.5,182.0,4.32,1.24,27.39,46.6,0
6486.1,907.3,1126.4,194.9,1.8,7.09,15.66,48.6,0
7236.2,811.2,1086.5,148.6,1.6,4.13,22.06,44.0,0
5753.8,785.0,590.0,106.6,2.67,3.63,18.93,32.0,0
7802.9,1008.9,1066.8,154.7,3.26,2.3,23.91,30.8,0
6013.2,829.2,1112.1,31.3,4.25,0.2,22.87,39.0,0
6086.8,1079.8,816.7,184.3,2.41,4.02,20.9,56.4,0
5601.6,924.2,961.9,134.4,3.31,0.77,21.43,35.9,0
7026.7,676.4,958.7,230.0,3.48,3.27,16.2,40.0,0
5368.2,700.6,663.0,156.6,1.67,6.9,20.19,64.3,0
7464.6,654.5,766.0,44.9,1.6,6.57,19.91,41.9,0
4301.8,1043.5,1015.2,119.8,1.07,3.39,17.6,24.3,0
4351.6,719.0,740.9,23.3,0.86,6.5,17.55,41.4,0
7031.1,640.3,1064.6,181.4,0.83,4.68,16.82,38.2,0
5867.2,864.0,1137.1,125.4,0.81,7.75,23.71,43.5,0
5319.2,780.6,1101.6,95.0,2.22,1.05,20.34,46.3,0
7335.1,858.9,1285.6,232.8,0.3,3.69,15.92,63.4,1
5089.1,1178.0,830.0,226.3,3.53,2.79,23.45,46.6,0
5699.7,982.6,889.0,229.2,1.4,5.01,24.53,39.5,0
8098.8,805.4,920.5,60.8,1.5,4.86,18.77,41.1,0
8308.7,518.3,836.7,177.6,1.57,3.97,17.27,41.9,0
8358.6,700.0,969.3,227.4,2.56,9.59,25.43,53.3,0
5576.8,942.2,473.5,141.3,2.89,1.1,27.21,54.7,0
7846.1,565.8,895.1,59.3,0.43,1.83,24.78,37.2,0
4576.6,1228.2,547.0,198.1,2.71,6.41,19.73,45.4,0
4639.6,802.9,638.2,212.4,1.36,4.94,17.06,37.6,0
2474.3,809.8,1011.2,171.7,1.03,1.85,11.99,40.5,0
8509.3,666.7,806.2,77.5,0.36,7.26,24.84,49.7,0
4704.0,899.3,1003.5,53.9,0.44,4.11,14.01,48.9,0
5810.2,568.4,801.4,153.6,0.9,4.15,16.53,39.8,0
4634.5,1233.0,1093.4,121.0,1.45,2.51,18.2,60.8,0
7042.7,1063.5,797.4,163.8,0.71,5.1,22.31,50.8,0
5436.5,996.9,419.9,35.7,4.39,1.04,8.95,54.5,0
4042.8,521.9,899.6,41.3,0.42,2.01,20.34,44.8,0
6662.5,841.1,372.9,93.5,1.17,6.19,26.89,46.3,0
3849.4,1041.8,530.4,69.5,3.16,0.2,17.42,50.5,0
4743.9,918.6,655.8,152.4,2.52,2.5,22.85,46.6,0
2839.7,599.6,628.3,94.5,0.58,5.42,18.1,51.3,0
3864.1,670.0,730.1,167.3,3.49,7.61,21.13,52.7,0
6267.8,709.6,620.7,186.8,2.91,4.39,19.41,33.0,0
3053.2,679.3,540.7,53.0,1.38,6.05,15.96,45.7,0
3778.3,1105.8,1189.2,221.6,0.57,5.57,21.98,36.5,0
5996.4,415.8,700.8,191.0,0.37,2.25,20.96,36.2,0
5184.6,931.2,359.2,154.2,1.12,3.02,20.22,53.0,0
8988.1,541.5,770.6,219.1,0.89,4.24,26.02,48.7,0
8750.8,607.7,602.6,71.1,4.03,8.96,19.67,53.6,0
4698.1,398.1,655.3,107.0,1.51,4.96,21.46,45.2,0
6835.7,690.2,1006.3,29.7,2.85,3.67,17.14,44.8,0
7123.9,1102.1,751.4,114.9,1.65,0.66,22.78,50.1,0
5103.8,853.0,596.4,126.5,0.93,3.0,15.22,52.3,0
3756.7,560.3,948.2,151.7,2.33,3.04,20.45,38.1,0
5981.6,1003.4,1103.0,24.7,0.75,5.65,18.17,48.5,0
5740.7,1046.3,968.1,17.5,4.5,2.52,21.71,41.4,0
5346.4,820.8,310.2,106.6,0.86,4.21,16.84,41.5,0
6663.5,1206.9,604.7,53.5,4.94,4.47,21.86,51.9,0
4873.9,964.3,860.4,184.5,4.44,4.48,20.05,46.9,0
4272.0,936.5,796.3,163.8,3.01,2.39,25.37,45.4,0
6163.6,639.3,778.0,84.9,2.46,2.67,12.98,30.0,0
6579.0,925.5,633.8,20.5,2.88,4.8,16.23,41.7,0
4235.0,843.4,540.8,52.0,1.45,2.5,17.71,49.9,0
7392.1,904.0,1291.7,169.1,2.16,0.2,21.05,52.5,0
3344.3,663.1,856.0,237.7,2.52,4.47,21.67,43.7,0
5132.8,825.6,991.3,85.1,1.46,0.2,22.27,42.6,0
5613.0,636.6,851.4,194.5,1.7,3.6,20.83,33.7,0
5045.7,370.6,860.2,209.4,2.52,1.33,19.78,39.9,0
5152.4,999.7,836.3,21.1,1.13,3.29,17.9,43.8,0
8806.6,499.5,603.5,220.7,2.89,8.27,23.05,46.5,0
4723.7,821.4,516.8,117.2,1.47,5.52,16.92,51.0,0
9661.8,866.6,935.0,231.8,2.12,2.54,21.58,52.3,0
6655.7,865.3,891.3,133.9,1.29,0.64,20.71,31.3,0
6138.1,743.4,1056.4,64.1,4.21,0.2,13.74,45.5,0
6714.4,854.2,1011.8,234.2,0.57,0.59,21.62,42.6,0
9794.9,894.2,672.1,66.0,0.33,1.69,30.53,47.1,0
4509.6,947.0,1099.2,213.0,3.31,0.92,28.08,47.8,0
4319.4,1146.7,1018.3,49.8,3.53,5.01,24.49,34.4,0
4867.7,846.8,1002.0,165.2,2.69,3.73,22.46,64.1,0
6048.2,812.8,1344.9,104.6,1.55,7.92,15.5,48.8,0
3411.3,618.7,1299.7,233.6,1.37,1.3,21.66,37.6,1
6033.5,887.2,1001.8,52.5,1.47,3.07,28.45,41.7,0
8540.3,933.5,974.3,104.0,3.12,0.2,17.85,35.4,0
6227.1,761.5,1088.0,157.1,2.77,4.1,13.79,43.8,0
5561.0,908.9,721.5,234.9,0.71,0.2,23.61,45.1,0
5072.8,741.5,724.6,79.9,2.38,1.12,16.95,50.0,0
7347.8,934.2,998.2,101.3,0.54,3.78,15.81,41.5,0
4761.3,982.5,661.6,116.2,0.94,0.2,21.42,67.5,0
8769.6,979.7,980.4,68.1,0.32,2.21,23.54,39.3,0
8900.0,823.6,884.5,198.0,3.6,2.68,20.59,40.4,0
6385.1,592.0,661.6,31.2,0.72,6.07,23.52,45.1,0
5982.7,677.6,855.7,172.1,0.42,5.31,25.36,38.7,0
7546.0,919.0,1137.1,132.8,0.89,3.83,21.95,52.3,0
7642.2,1289.8,868.1,65.6,5.29,1.98,22.43,35.9,0
4791.0,731.9,869.0,123.4,1.17,3.25,18.85,50.6,0
5210.2,891.2,922.4,200.9,1.07,5.65,27.59,43.4,0
4016.5,688.8,951.0,112.5,3.11,4.7,22.15,61.7,0
6613.6,605.2,777.2,38.0,1.71,7.4,22.01,38.9,0
6999.9,664.7,927.1,19.4,2.72,3.88,18.85,57.3,0
3975.1,383.5,619.2,188.9,0.86,4.45,17.26,47.2,0
5317.2,1070.7,674.2,86.0,1.02,1.06,16.95,50.3,0
3979.1,354.0,702.3,224.2,3.73,3.27,18.51,32.0,0
4651.8,747.2,953.3,151.9,3.97,4.32,20.26,44.4,0
6826.5,564.4,885.3,110.3,3.56,3.7,21.46,43.4,0
4899.8,623.1,820.4,139.8,1.94,8.32,12.98,52.7,0
5548.8,1075.3,1002.0,115.1,1.79,0.67,25.36,41.8,0
3559.0,840.2,933.3,218.3,1.31,3.04,19.43,60.2,0
6280.5,606.9,786.2,115.3,1.89,7.93,26.26,43.3,0
5933.6,682.1,622.2,33.9,2.16,5.73,22.21,27.4,0
4906.6,646.9,669.7,147.3,2.91,4.42,21.42,42.3,0
5716.5,791.3,527.3,153.3,1.91,0.78,24.73,46.5,0
6270.4,834.6,880.9,186.0,0.66,4.43,26.03,50.2,0
4777.7,1179.1,660.3,224.7,1.37,3.4,20.06,43.7,0
3785.6,416.7,741.0,111.9,0.3,6.7,25.96,65.2,0
8708.4,793.0,821.9,91.0,4.14,4.24,20.54,48.8,0
5050.1,736.9,1079.7,122.9,0.3,7.91,19.67,41.4,0
5854.9,989.3,1054.3,217.0,3.75,8.94,19.28,38.6,0
7516.3,871.0,838.0,235.4,1.96,4.78,14.93,57.8,0
11293.6,918.1,1128.4,233.4,2.3,4.99,9.62,43.3,0
4133.3,869.0,407.3,62.8,2.3,3.64,17.57,49.6,0
6674.7,613.6,1263.0,124.3,1.27,0.2,21.55,55.1,0
4938.7,1042.3,1002.3,69.7,0.44,0.2,22.28,40.9,0
5191.8,959.7,872.6,94.6,2.31,6.3,12.91,42.0,0
4919.7,983.1,653.9,17.3,2.69,7.5,22.34,57.7,0
4311.5,1052.8,753.6,46.9,1.4,2.62,15.75,35.9,0
5938.1,883.5,984.1,101.3,1.55,3.25,23.86,51.7,0
3788.2,1096.2,989.1,93.9,1.11,3.29,22.18,56.2,0
7420.2,875.5,997.0,74.1,0.3,1.99,15.31,41.3,0
6082.5,756.2,689.7,63.0,1.28,9.58,17.93,57.3,0
6633.7,798.7,645.4,182.3,5.58,3.07,14.55,45.4,0
5300.7,795.2,892.9,77.7,4.67,6.82,23.04,40.4,0
5449.2,696.1,1019.4,172.5,1.95,0.2,19.95,38.8,0
6431.3,1126.4,850.7,94.8,4.47,7.03,18.61,54.4,0
4253.9,859.3,1175.9,194.5,1.42,9.22,18.14,42.4,0
5463.0,818.9,857.3,48.5,2.6,4.82,26.01,46.4,0
4710.6,877.7,849.8,46.2,0.49,5.82,20.4,48.1,0
4664.1,1396.0,997.5,166.3,2.38,6.47,23.01,30.3,0
2835.2,573.7,1118.2,220.4,2.22,5.4,20.15,44.1,0
8009.0,631.0,553.2,42.9,0.39,3.6,18.93,53.5,0
4970.2,523.9,604.0,27.0,2.79,2.02,29.0,33.8,0
7745.1,753.5,781.1,225.0,1.42,5.91,15.11,41.0,0
7603.2,849.1,1545.0,37.0,0.51,0.98,16.37,44.3,0
4071.0,706.9,792.5,67.6,0.83,5.71,20.73,45.6,0
4367.4,692.1,823.2,223.8,1.14,1.46,14.12,46.8,0
9840.8,828.5,986.0,194.7,0.82,1.22,13.48,50.3,0
8626.4,699.6,1064.9,88.8,3.25,0.2,19.18,55.7,0
5952.7,862.0,887.4,229.5,1.49,2.73,16.15,50.7,0
6386.1,1022.8,1106.2,140.7,1.21,6.67,24.22,43.5,0
5053.7,935.4,587.3,26.6,1.2,5.64,22.57,46.0,0
6648.5,976.2,681.5,171.7,1.92,2.86,21.95,54.5,0
4924.2,1017.2,1105.7,133.6,2.04,1.85,20.96,48.2,0
2951.5,856.6,852.4,141.7,3.9,8.15,12.31,51.5,0
4017.7,768.3,572.3,238.6,3.76,0.2,18.74,47.9,0
6031.6,645.5,559.0,45.1,1.2,3.95,24.42,42.2,0
4303.4,721.8,671.6,161.1,1.41,1.22,17.7,32.8,0
5899.1,695.3,850.5,115.5,1.91,4.39,28.08,40.7,0
4388.0,946.3,952.8,72.5,1.53,4.34,23.26,47.3,0
4826.5,869.4,777.6,169.5,2.03,6.44,23.63,43.0,0
7279.7,939.4,934.7,163.7,0.8,7.03,20.92,42.1,0
6371.2,567.9,753.8,207.0,1.63,0.2,23.78,41.1,0
5985.5,1086.3,1119.3,212.1,2.29,2.1,18.15,47.6,0
7318.4,714.6,1411.4,139.2,1.37,4.21,25.81,49.6,0
6720.9,580.0,763.6,84.9,2.22,6.73,14.71,39.2,0
8169.8,712.2,955.6,131.8,1.84,5.46,15.03,45.4,0
5310.2,1296.8,937.7,92.6,1.5,0.95,19.13,52.0,0
5355.5,722.5,880.5,73.8,2.83,4.54,15.24,58.2,0
4048.3,735.0,993.7,136.9,1.69,6.05,15.08,53.9,0
5356.5,761.6,955.3,161.3,2.47,1.77,21.13,50.5,0
7447.2,770.3,746.4,145.8,0.68,2.18,17.53,41.1,0
7950.0,643.7,1139.6,229.5,4.45,2.59,21.68,47.9,0
7440.5,828.6,894.4,78.7,0.93,2.23,28.0,53.5,0
3308.7,1015.1,765.3,95.6,2.13,3.46,16.89,37.8,0
7624.7,862.9,1387.5,163.6,0.54,3.97,25.21,36.0,0
3242.2,577.8,824.4,148.1,1.88,3.97,19.4,47.0,0
7347.2,731.1,906.1,10.4,0.77,5.15,21.12,31.5,0
5448.3,689.7,888.6,81.8,2.3,3.15,25.47,41.0,0
7053.8,810.6,821.4,68.4,2.18,1.39,28.56,39.6,0
4001.3,1066.1,948.7,203.2,3.07,1.64,21.52,48.7,0
7756.8,770.2,664.1,209.2,1.96,5.25,23.28,42.0,0
3802.5,782.4,981.2,75.3,1.83,2.1,22.27,45.7,0
4997.3,1155.5,463.2,33.5,0.69,4.97,26.24,39.9,0
4502.9,975.2,564.4,57.2,2.55,5.19,21.89,47.4,0
3368.6,914.8,1251.7,50.6,3.19,6.61,22.34,44.5,0
6141.8,1191.6,573.6,64.6,1.12,1.7,17.01,35.2,0
8709.1,898.0,418.8,64.0,1.04,1.91,20.68,47.3,0
10000.4,402.7,579.1,120.4,3.15,6.17,18.11,47.9,0
6145.7,966.5,1232.8,83.5,1.0,0.2,16.17,52.4,0
7675.0,481.6,455.8,138.8,2.87,5.54,19.22,51.3,0
6348.1,890.4,639.7,89.2,1.93,6.64,16.49,53.2,0
6748.3,457.3,529.2,197.4,2.23,0.2,12.81,42.3,0
5486.8,706.6,789.7,228.7,1.47,4.34,17.36,49.1,0
6292.6,727.2,754.1,102.9,4.59,2.76,22.27,33.8,0
6806.2,646.0,744.2,21.4,3.1,7.73,18.04,29.1,0
5132.3,730.2,1258.3,65.1,0.67,8.27,17.69,36.9,0
5883.8,1006.5,586.2,33.4,2.23,10.08,18.82,28.1,0
5912.4,657.2,827.5,89.3,0.85,7.72,15.38,48.2,0
7239.6,909.0,924.5,158.4,0.93,7.66,16.04,47.0,0
4401.0,606.9,634.4,129.3,0.95,10.63,18.97,31.4,0
5922.7,762.1,957.0,65.9,2.11,4.37,21.14,57.3,0
8868.0,864.8,762.0,186.5,5.16,5.58,12.1,46.1,0
7746.1,600.7,932.3,40.2,2.82,7.96,17.44,33.1,0
8023.8,537.7,826.2,62.5,0.95,3.78,14.21,55.9,0
6036.6,898.4,398.9,165.5,4.37,2.12,19.53,38.6,0
6481.5,1024.6,1137.3,55.4,3.2,2.48,25.79,48.1,0
7503.4,784.2,1305.5,166.1,1.07,3.23,17.3,48.0,0
8340.4,708.5,811.1,234.7,1.59,3.9,17.75,33.8,0
3072.6,831.1,652.5,201.2,3.45,2.37,22.47,57.1,0
4026.8,811.1,1181.3,46.8,4.04,0.2,24.36,67.8,0
7964.2,848.6,1265.9,129.7,1.28,7.15,18.88,35.8,0
5584.7,294.4,812.9,107.1,0.37,9.74,24.68,48.6,0
4992.4,586.2,801.9,238.1,2.93,0.4,13.23,47.7,0
4118.8,631.0,832.4,231.8,3.15,0.95,26.85,47.2,0
5167.5,830.2,481.6,39.2,0.3,2.35,22.37,62.8,0
3896.4,837.2,786.0,219.0,1.87,0.88,14.96,47.0,0
9136.6,927.2,1227.3,54.5,5.66,2.91,14.34,49.5,0
5966.3,851.5,812.9,83.5,2.61,3.99,17.48,54.6,0
5913.1,539.9,621.2,91.3,1.29,5.3,21.07,61.5,0
6882.1,1089.4,959.3,76.0,1.98,3.14,25.97,39.1,0
7443.5,1054.4,703.2,206.2,1.47,7.72,18.92,43.4,0
7418.8,548.4,835.4,85.9,0.32,1.56,20.69,48.2,0
7610.4,866.5,570.9,197.8,1.0,2.56,25.09,38.1,0
5053.7,680.9,621.9,238.7,2.18,9.85,18.12,54.6,0
5553.2,827.8,1012.3,203.4,1.09,4.62,22.14,46.1,0
7153.5,1010.7,875.5,89.6,0.63,5.16,22.33,35.7,0
5208.9,1226.0,679.3,173.6,2.3,1.94,17.2,44.1,0
5992.3,950.3,876.3,132.8,5.11,4.47,25.54,35.9,0
6598.1,859.0,716.4,190.9,1.16,4.16,17.64,42.2,0
7177.8,732.0,677.6,45.2,1.64,4.27,21.3,26.3,0
3333.5,836.4,1106.1,156.8,0.83,4.88,20.58,52.8,0
7072.1,1072.0,1022.2,187.9,1.63,7.24,15.06,40.8,0
5649.4,791.1,845.3,185.1,1.06,0.85,14.17,36.6,0
7061.2,622.8,881.8,231.6,1.84,5.48,30.24,43.7,0
7165.4,476.1,848.2,23.4,1.18,4.63,21.78,55.9,0
8411.9,902.6,957.1,89.5,4.6,5.74,26.55,50.7,0
8030.2,849.5,674.1,119.6,4.52,6.43,23.27,62.0,0
8019.9,670.8,1039.8,81.2,1.14,3.48,21.06,32.9,0
8165.5,1005.2,927.8,81.3,1.94,3.48,21.53,32.5,0
6437.1,715.6,792.1,50.5,0.93,5.61,26.07,42.7,0
6048.3,773.1,742.7,197.0,2.94,1.98,20.2,59.6,0
7309.2,796.7,1035.0,218.9,2.74,3.62,18.66,52.0,0
7098.1,729.8,816.9,28.9,1.31,4.27,23.61,52.5,0
5536.4,847.2,696.2,45.6,1.69,6.61,14.73,36.0,0
6607.2,1030.3,765.4,62.5,1.64,4.33,21.92,41.6,0
5947.4,571.5,1019.2,127.1,0.97,4.47,24.36,41.7,0
4719.1,897.7,495.7,192.0,1.0,3.44,15.19,48.5,0
7935.7,834.4,771.8,26.4,2.47,4.75,24.77,52.0,0
6082.8,830.8,1085.5,156.5,2.52,4.45,13.35,44.9,0
9073.1,974.4,813.0,44.3,4.36,2.38,15.4,35.1,0
3561.8,809.9,910.0,233.4,0.3,5.57,21.25,38.5,0
5164.8,896.0,1089.1,216.7,0.77,0.69,29.67,50.6,0
6049.0,943.2,1046.3,228.4,5.03,4.24,14.27,57.5,0
7706.1,699.1,753.2,34.4,2.5,8.45,20.31,49.2,0
6599.2,859.8,821.3,122.2,0.6,0.39,16.9,41.0,0
6465.7,749.8,1049.0,48.0,1.4,1.56,22.15,39.4,0
4309.1,773.5,1056.7,148.1,1.96,7.0,22.57,42.3,0
4264.6,735.6,830.6,63.5,0.6,6.04,15.72,58.4,0
6483.8,894.2,838.2,187.2,2.91,1.53,21.51,39.9,0
3953.8,816.3,908.9,158.1,1.24,1.0,23.35,37.2,0
5202.2,878.9,1150.7,141.5,1.17,0.2,27.66,41.1,0
6751.4,796.5,1084.9,199.8,3.77,0.2,19.02,46.1,0
4526.5,479.2,1002.5,125.1,1.29,3.46,28.18,41.7,0
8408.0,806.3,612.7,72.1,3.09,6.96,17.61,41.1,0
7835.9,812.7,789.5,152.8,1.94,6.65,22.84,49.1,0
3642.9,848.5,801.1,230.1,2.96,5.98,16.08,33.0,0
4601.4,681.3,1162.1,148.3,1.54,0.45,22.22,40.8,0
2571.3,560.9,797.4,154.8,1.99,7.48,10.13,43.7,0
4826.1,924.9,1125.8,225.0,3.9,5.58,21.13,48.6,0
7149.6,745.3,724.4,128.5,2.15,0.33,27.86,39.3,0
5379.2,834.2,742.0,239.2,0.93,0.91,18.44,33.5,0
6691.2,743.7,955.9,46.7,1.28,6.02,24.35,49.4,0
3716.5,798.8,1195.0,133.5,2.86,6.19,17.27,67.1,0
7197.0,710.1,803.4,59.0,1.27,3.01,27.03,43.6,0
5167.3,606.4,286.2,114.3,0.54,2.76,15.97,48.6,0
6018.3,894.7,505.9,49.2,1.95,5.22,20.31,43.9,0
5860.7,679.4,915.6,61.2,1.02,4.45,17.97,41.2,0
4092.7,832.8,525.5,58.5,1.83,5.53,23.73,50.5,0
4270.4,882.1,659.6,83.6,1.24,0.42,17.83,42.3,0
7451.7,682.6,852.7,41.0,2.21,3.96,18.95,36.3,0
6598.5,559.2,311.1,196.1,5.02,4.89,9.29,45.2,0
7575.1,1285.2,766.5,60.8,5.68,4.49,20.83,33.5,0
6487.0,694.4,593.7,105.8,1.35,4.09,20.99,53.1,0
6214.5,924.7,520.2,13.7,1.83,2.14,18.42,52.4,0
3411.0,1187.9,673.5,34.1,2.05,4.84,11.48,54.7,0
5594.4,958.0,614.8,216.1,0.97,0.2,17.65,34.9,0
5958.9,739.9,953.3,202.5,0.45,4.58,21.91,44.9,0
8929.7,786.6,1113.2,203.4,3.97,7.68,13.28,64.9,0
7030.4,633.5,769.8,104.6,3.36,4.53,9.51,33.3,0
8304.1,976.3,718.9,42.6,0.53,1.7,23.77,40.7,0
6896.3,913.3,758.9,34.8,3.77,3.18,19.96,44.7,0
4933.0,697.1,606.2,149.3,1.93,1.95,26.16,40.6,0
6175.7,591.6,566.5,200.5,2.03,4.51,18.76,41.0,0
6354.3,535.8,488.0,217.0,3.76,4.06,17.84,41.7,0
4591.3,997.3,557.5,76.4,1.43,1.66,11.96,32.8,0
5423.4,824.1,1209.0,83.8,1.37,6.7,29.27,35.2,0
5691.3,843.0,698.1,33.2,3.82,3.21,20.15,39.9,0
8408.4,635.4,202.8,188.1,0.3,5.08,17.52,20.0,0
2878.9,507.3,720.8,73.4,0.67,7.89,16.78,35.0,0
7808.7,992.5,500.1,120.6,3.26,0.93,29.26,45.1,0
4594.8,808.4,863.1,223.6,3.54,7.92,20.67,40.4,0
3941.9,981.4,839.4,183.0,0.91,2.47,24.33,36.4,0
7769.9,722.8,862.3,22.1,3.23,7.32,21.66,43.3,0
7097.8,752.6,841.0,11.9,3.16,6.99,25.48,42.4,0
7881.8,942.7,768.0,191.1,2.11,2.44,19.82,50.5,0
7201.1,946.5,529.7,137.1,1.83,3.72,20.26,46.7,0
9089.8,959.5,833.6,175.7,1.24,0.2,19.22,43.4,0
6838.1,741.0,1074.2,46.1,1.16,3.15,24.99,35.3,0
5765.3,922.9,1249.0,210.6,0.39,1.52,22.38,43.3,0
6514.4,1021.8,797.6,187.9,1.14,2.15,27.1,28.0,0
7865.2,779.0,821.5,214.9,2.07,4.16,19.38,62.9,0
4830.9,697.3,960.1,88.5,0.51,5.06,16.19,30.7,0
5022.2,1068.5,1178.5,73.4,2.65,2.42,22.74,45.7,0
5536.6,669.1,743.0,44.9,1.44,4.09,21.2,40.8,0
2843.1,925.9,1002.4,223.9,1.76,2.78,17.53,43.9,0
6207.1,788.3,669.0,50.7,2.64,5.12,15.19,45.9,0
3170.8,431.7,922.6,37.4,1.2,3.42,21.55,35.6,0
6079.6,1025.7,1063.5,54.3,2.06,1.26,11.15,50.9,0
7297.9,248.4,566.0,187.4,2.35,2.2,18.83,52.4,0
5284.7,403.2,734.5,214.6,2.44,3.32,24.07,42.5,0
8515.7,905.5,1060.1,196.5,2.42,5.59,20.09,50.3,0
3809.2,905.4,985.6,139.5,0.73,7.79,15.29,60.7,0
7786.9,672.5,1077.9,238.6,0.95,2.4,19.6,48.6,0
7012.7,829.6,1036.7,25.8,2.63,0.2,18.81,48.4,0
3426.0,293.7,775.0,209.5,0.96,7.13,30.96,30.0,0
10066.2,941.4,1333.8,108.4,1.86,5.41,28.82,52.4,0
5904.4,849.9,880.1,114.7,2.18,4.73,21.98,42.0,0
4683.8,790.9,177.7,39.3,0.56,0.69,22.1,52.5,0
3889.4,804.2,787.9,17.7,0.79,3.81,16.07,47.1,0
5670.0,898.7,746.8,82.8,2.4,5.76,15.71,33.7,0
5808.9,794.2,1025.0,50.2,2.79,0.47,19.8,42.6,0
6154.0,425.2,750.7,121.2,2.41,6.29,20.88,55.2,0
5553.3,1239.3,1091.8,43.9,0.39,5.03,21.6,72.4,0
6949.8,1040.2,972.8,41.7,0.54,7.06,16.35,36.9,0
5418.6,543.0,630.0,211.7,1.44,5.99,22.3,31.4,0
3097.6,731.0,819.1,221.9,0.5,0.2,14.29,44.7,0
5776.0,752.8,679.4,231.8,0.96,1.5,18.31,47.2,0
2448.8,1015.8,890.6,166.5,6.17,5.7,21.66,50.2,0
6530.7,368.1,678.1,187.3,3.7,0.94,11.34,54.1,0
4531.0,700.2,866.4,202.2,0.87,2.06,16.42,49.1,0
6245.0,447.9,790.1,161.6,0.43,3.59,19.73,38.1,0
7971.1,743.0,816.5,86.0,2.16,2.75,19.58,48.2,0
4576.9,705.5,1301.2,46.0,1.13,0.2,15.46,34.5,0
7591.9,815.9,770.7,64.6,2.62,5.11,15.24,31.6,0
5349.9,679.0,424.4,203.3,1.61,3.44,21.23,55.9,0
8629.8,649.8,1073.5,170.1,6.64,4.61,13.85,54.1,0
5452.3,923.9,1071.8,114.8,1.99,3.49,17.66,26.0,0
4739.3,890.9,414.6,16.8,2.23,0.2,21.44,55.7,0
7030.9,910.3,695.8,71.2,4.58,2.38,18.95,46.4,0
5346.3,764.6,945.9,177.6,0.4,1.7,19.18,54.3,0
4737.8,685.7,965.3,127.8,3.39,4.07,23.07,29.8,0
5283.2,776.2,849.0,110.2,3.5,5.66,16.16,39.4,0
5933.1,900.2,853.9,82.1,1.91,3.02,16.96,38.7,0
8013.3,364.6,643.5,149.6,1.81,5.57,20.13,43.1,0
3098.9,878.8,322.0,232.3,1.23,7.43,17.19,45.8,0
6034.6,861.8,1300.9,217.3,0.49,5.47,19.06,25.3,0
6937.4,812.4,636.9,17.0,1.28,8.68,16.63,40.1,0
6290.2,770.1,888.8,120.6,0.79,1.06,17.86,40.5,0
7964.8,286.8,815.1,85.8,0.94,6.67,22.75,39.1,0
5888.5,712.0,1047.4,127.4,1.99,2.8,17.24,42.3,0
5723.2,1157.9,875.3,149.4,1.1,4.79,22.83,65.5,0
6888.5,802.6,883.8,56.0,2.44,0.21,23.45,44.0,0
6149.0,738.5,270.4,189.8,1.8,8.78,15.65,30.6,0
5414.4,803.4,666.7,119.3,1.57,2.2,23.21,50.8,0
6774.2,871.0,1013.8,238.2,0.79,6.11,13.76,53.0,0
5021.2,931.8,994.0,15.8,1.6,8.51,10.75,51.2,0
5083.2,754.2,640.6,53.6,3.02,3.9,24.6,38.4,0
5208.0,885.0,502.8,168.6,0.56,7.16,20.45,55.1,0
8029.6,1135.3,877.8,169.9,0.79,0.89,19.08,50.1,0
1168.5,1001.3,210.5,143.9,1.89,6.23,21.26,51.9,0
6593.4,1268.1,597.3,233.6,0.35,4.37,15.47,49.0,0
6051.4,668.6,1237.2,105.5,1.73,3.46,19.12,53.7,0
3478.7,1135.2,1167.9,105.9,0.57,2.42,23.69,45.9,0
6464.6,641.9,957.2,219.4,2.46,0.43,27.58,48.3,0
6713.6,870.7,917.6,133.8,1.89,4.34,20.26,41.5,0
6884.5,946.5,421.0,91.4,5.79,2.96,24.75,41.3,0
2022.3,697.8,687.1,175.4,1.44,5.57,17.25,60.1,0
8049.6,817.6,785.1,152.5,2.32,4.73,24.25,40.2,0
4893.4,982.1,691.7,80.5,1.07,4.82,19.7,42.2,0
7029.9,657.9,772.9,78.5,1.4,5.56,20.13,41.7,0
7111.6,1133.9,1135.8,101.0,0.37,1.37,19.29,47.8,0
4685.0,523.1,730.8,26.5,0.84,0.27,15.32,31.8,0
6990.7,1187.9,775.0,226.8,1.84,1.61,16.01,37.8,0
5421.8,1000.3,1012.7,52.1,1.85,3.24,21.06,43.0,0
2892.9,782.1,537.7,54.6,2.26,1.61,16.18,45.6,0
7751.6,719.5,665.2,158.8,2.36,0.89,22.14,33.9,0
4837.4,698.6,687.7,176.6,0.6,0.2,14.64,48.6,0
4718.3,772.8,862.2,179.5,4.2,3.58,15.68,39.2,0
5395.4,790.3,774.1,96.3,0.56,3.37,21.39,45.8,0
6408.4,1051.0,781.1,210.9,2.35,3.96,22.77,54.5,0
5914.1,1193.7,703.7,135.1,3.47,5.96,26.17,46.7,0
6822.1,839.9,614.4,110.9,0.78,4.0,18.32,50.0,0
3990.8,630.9,984.0,196.4,0.8,5.33,23.58,35.0,0
4886.4,690.9,775.7,66.0,1.14,5.55,18.5,31.0,0
5826.0,763.4,986.2,207.8,3.16,0.94,26.99,52.9,0
8846.8,594.0,605.4,133.9,0.92,9.06,16.09,58.6,0
5829.3,564.2,703.6,217.0,2.41,1.88,19.35,57.3,0
7627.8,1219.4,801.3,56.4,1.2,3.72,16.45,35.6,0
6057.8,860.5,821.9,225.3,1.65,2.5,22.93,39.5,0
5274.5,633.4,1016.0,168.2,2.88,3.69,22.66,26.8,0
5629.9,963.3,755.3,152.2,1.56,7.15,26.28,37.3,0
5747.4,564.3,1014.3,107.1,1.59,6.8,25.88,43.7,0
6905.5,580.8,932.5,230.0,0.39,2.84,19.37,48.5,0
8061.9,639.4,826.5,112.1,1.39,0.46,15.94,45.5,0
6539.5,1130.9,640.7,124.7,2.33,8.73,27.1,53.6,0
7780.6,749.4,1016.5,189.7,1.84,7.61,22.94,53.2,0
4552.8,311.7,646.2,75.5,4.04,0.2,21.09,44.8,0
5378.1,1042.0,845.3,77.0,2.65,4.47,17.66,51.2,0
4913.5,738.7,838.1,188.3,2.09,0.46,16.84,45.3,0
6471.7,430.1,804.4,39.6,2.62,3.52,20.97,54.6,0
5461.6,736.7,764.3,199.3,2.41,4.44,22.44,56.4,0
7094.7,904.2,669.1,153.8,0.55,5.37,24.41,47.3,0
4603.5,880.8,494.3,134.0,3.37,0.2,25.53,48.5,0
6064.5,1159.7,1158.8,62.7,1.2,7.96,20.89,48.6,0
7030.3,629.4,741.8,190.9,2.57,1.5,18.61,42.5,0
2902.0,809.3,821.8,195.1,0.55,2.67,28.03,56.1,0
9182.4,660.1,820.5,121.1,5.53,4.42,20.1,30.1,0
5575.3,491.6,1091.0,99.5,1.76,2.62,13.64,46.8,0
2962.4,977.1,1275.3,66.6,0.61,5.23,17.42,50.0,0
6237.1,892.7,885.2,183.5,1.98,4.96,14.84,44.6,0
6050.2,856.7,815.5,157.1,2.92,5.32,19.96,40.6,0
5877.2,885.4,602.8,57.5,4.0,4.75,28.86,55.1,0
7486.8,662.9,532.4,192.7,2.16,0.51,23.61,32.9,0
7121.2,598.9,459.7,212.9,2.17,5.17,23.57,51.5,0
6446.8,807.5,674.9,23.6,2.43,7.58,21.67,41.6,0
6675.2,1032.2,390.0,187.7,1.11,2.43,27.23,32.8,0
5843.5,1121.6,1087.3,206.1,1.43,3.86,24.1,46.9,0
8663.2,959.1,943.1,238.0,3.28,6.47,23.48,33.7,0
3781.2,805.8,794.6,64.6,1.8,6.44,19.22,35.3,0
6209.5,854.0,1094.1,95.3,2.71,2.2,12.59,43.0,0
6097.5,802.3,614.3,232.2,0.74,1.83,12.19,54.6,0
7219.9,594.8,669.6,31.6,0.95,4.02,16.55,53.7,0
4734.2,804.9,424.6,130.5,1.58,4.79,29.21,48.0,0
3384.5,533.0,1020.4,126.6,4.5,5.97,16.2,50.4,0
6235.2,775.2,671.7,149.5,3.0,0.2,24.28,50.9,0
6421.8,1127.2,853.5,86.1,1.28,3.41,21.56,34.8,0
8234.4,964.6,1070.6,223.0,2.48,4.11,23.46,61.0,0
4094.5,615.4,1151.6,72.1,1.08,0.2,21.46,39.6,0
7732.0,785.5,843.6,159.4,2.12,4.51,14.94,31.3,0
9551.1,633.1,934.5,124.1,3.72,2.18,25.28,29.6,0
5433.4,787.5,651.2,71.3,2.42,6.51,25.55,25.0,0
4063.6,1008.2,1220.3,53.4,0.74,3.16,23.17,36.8,0
5389.5,930.6,813.4,230.0,1.86,3.75,23.41,41.7,0
6021.0,1296.8,867.7,139.1,0.84,0.84,21.81,40.5,0
6845.7,1038.5,760.5,149.0,2.13,7.18,18.9,41.5,0
5112.9,840.8,1113.8,190.1,0.41,6.35,22.7,36.8,0
8332.8,935.4,893.9,28.7,2.78,4.13,20.91,48.5,0
4328.2,759.5,1017.4,174.2,1.24,3.37,17.55,50.9,0
3391.2,574.5,927.9,48.0,3.01,6.22,22.24,48.9,0
7660.1,1061.2,801.5,180.3,1.04,5.74,23.38,24.7,0
2588.1,1001.8,1054.5,42.5,0.48,2.12,20.7,47.1,0
5693.8,751.8,926.0,201.5,3.23,1.97,21.26,42.1,0
10676.5,854.8,638.6,166.6,2.2,1.78,18.12,40.0,0
5981.9,1048.2,632.4,98.8,1.84,3.8,19.45,56.5,0
4318.8,969.3,882.7,92.5,2.93,3.05,17.63,49.9,0
5913.9,507.4,1049.6,44.3,2.49,6.93,16.09,31.0,0
5923.8,848.7,1210.7,217.9,2.3,6.72,15.9,55.7,0
6241.0,766.5,459.0,37.3,1.93,3.69,20.96,35.7,0
6993.4,1022.6,855.6,118.6,3.63,5.6,23.33,40.6,0
4441.3,1006.2,957.7,64.4,1.65,6.48,20.69,43.5,0
8531.3,1063.7,915.0,239.2,0.3,9.76,23.84,30.3,0
6367.7,576.4,1072.1,144.7,2.23,5.95,19.94,41.8,0
7090.2,643.2,994.2,44.4,0.3,5.57,22.45,34.1,0
5057.8,1022.8,633.2,163.5,1.81,0.2,22.56,42.0,0
7929.6,681.7,626.7,238.1,3.91,6.76,19.69,51.0,0
5614.4,495.7,918.7,149.2,2.23,4.3,11.98,61.9,0
6416.3,906.5,1067.9,115.2,1.85,2.24,21.6,60.3,0
4600.3,690.6,881.6,77.5,1.98,2.04,16.53,36.1,0
4504.6,1158.0,502.9,31.2,0.48,4.94,18.37,64.7,0
7032.3,859.2,619.6,62.5,2.1,0.55,26.88,37.2,0
5334.6,832.1,1002.1,137.3,0.84,1.38,22.08,33.0,0
4719.3,726.2,773.3,183.4,1.03,5.95,17.69,43.1,0
5035.2,1118.2,876.0,211.9,1.7,6.67,21.98,40.5,0
7048.4,871.7,1084.4,192.6,3.48,7.69,19.35,38.2,0
5056.4,718.3,585.5,38.9,1.5,1.25,16.57,38.4,0
5823.5,641.2,758.9,187.9,0.65,2.18,17.48,54.4,0
6022.5,785.3,735.0,143.8,1.89,4.45,22.92,44.1,0
3124.0,604.5,928.2,117.9,1.73,6.48,20.85,37.6,0
3793.3,1005.8,1020.0,141.7,2.53,5.09,14.96,31.7,0
6504.4,438.3,524.3,11.9,4.05,4.52,21.8,35.9,0
4894.5,772.1,848.8,25.6,1.34,2.54,18.79,40.9,0
7585.1,922.0,1041.3,130.9,0.91,1.13,18.83,44.5,0
7450.2,868.4,441.9,49.9,2.68,0.25,23.95,47.8,0
7078.8,656.5,835.8,135.5,1.02,3.08,23.2,45.2,0
8729.7,932.1,582.5,91.5,2.05,2.24,20.56,49.7,0
5875.4,622.8,708.9,218.7,2.04,2.51,22.72,43.3,0
6973.3,795.5,298.9,228.4,1.11,4.33,19.47,47.1,0
5123.4,930.4,1156.4,235.4,3.43,5.18,17.73,36.2,0
9678.6,892.6,771.7,216.8,2.5,2.54,11.69,50.6,0
8975.5,665.0,672.4,236.8,1.92,4.81,23.6,48.4,0
6017.8,1039.5,922.2,172.4,0.85,5.32,23.88,54.8,0
6579.9,817.3,620.7,230.9,0.3,2.69,24.88,55.9,0
8038.9,948.6,599.8,157.6,4.83,2.57,16.78,67.8,0
5779.3,1105.8,1182.3,196.1,0.85,4.21,19.59,59.3,0
5015.1,1023.5,1247.9,40.3,0.84,1.54,14.2,48.3,0
7311.0,1024.0,719.7,167.0,1.24,10.56,22.15,57.8,0
6117.7,838.5,1084.8,224.2,1.2,4.75,19.62,60.6,0
6274.5,958.8,928.3,134.2,1.8,1.22,19.91,40.0,0
4748.6,842.7,539.0,53.0,0.8,5.11,27.61,35.8,0
3423.5,558.1,645.8,131.2,0.3,2.84,20.81,30.9,0
6354.2,860.5,1191.2,172.6,5.15,6.38,26.12,44.4,0
7357.4,851.3,536.1,187.1,1.07,4.76,21.89,35.3,0
5661.3,916.7,1351.8,130.5,1.89,5.07,21.49,61.6,0
8154.6,774.4,724.3,60.0,6.07,0.2,14.25,26.2,1
4944.1,647.7,1197.8,223.1,0.41,4.7,16.9,40.2,0
4417.9,931.3,782.8,187.9,3.93,7.93,15.34,55.4,0
5899.2,537.3,1026.0,72.3,1.58,7.9,21.18,46.2,0
5876.1,1091.8,1156.9,196.7,1.25,9.27,11.28,52.3,0
7155.0,753.7,1155.8,90.0,3.21,7.5,28.25,35.6,0
4837.6,849.1,721.4,81.9,3.14,3.9,21.17,31.9,0
8052.1,911.7,661.4,208.5,3.7,6.35,14.73,50.7,0
8950.4,918.1,832.1,210.8,1.34,3.91,18.95,49.5,0
5941.3,518.2,563.9,101.7,3.42,5.49,25.78,51.6,0
7874.6,964.8,902.6,12.1,3.86,6.39,19.82,43.9,0
4415.3,860.6,669.4,52.9,0.9,4.22,17.36,60.6,0
7612.8,672.9,1088.2,219.1,2.09,6.35,21.39,46.6,0
7570.9,650.1,724.6,216.7,3.18,2.63,19.52,51.9,0
7295.2,733.2,466.7,114.3,0.87,5.71,21.12,49.0,0
5976.7,540.3,1158.2,79.9,2.82,4.53,18.25,26.9,0
1568.6,1144.5,890.3,79.6,1.51,2.77,20.32,49.4,0
5037.4,1097.2,856.4,216.4,2.08,6.41,21.08,51.1,0
5061.1,890.3,1090.8,84.7,2.23,0.45,22.4,53.7,0
4532.6,755.3,1041.7,127.7,1.25,3.32,23.75,38.7,0
6183.4,760.6,682.4,178.1,1.91,4.02,15.42,53.9,0
5371.6,951.6,751.0,58.2,0.76,7.67,15.92,33.6,0
4763.1,1151.6,605.1,68.4,2.08,3.7,16.48,48.0,0
4411.8,685.9,527.8,92.4,3.47,3.71,28.61,39.7,0
4926.7,576.5,977.3,160.5,2.07,6.76,15.44,33.7,0
7682.2,1109.5,936.3,198.0,0.86,4.31,22.7,35.9,0
5008.5,442.6,1017.4,135.7,1.32,2.04,16.77,54.8,0
5227.6,598.3,1132.0,40.6,2.24,10.02,19.59,54.5,0
5315.0,750.6,1020.4,112.6,4.79,6.3,20.06,39.5,0
6508.5,487.9,1040.0,39.4,0.69,3.2,11.21,43.4,0
6684.4,1022.4,392.8,30.3,2.49,3.68,25.49,33.0,0
1433.0,971.4,782.5,145.6,1.84,1.18,22.81,54.5,0
7532.5,685.0,1062.2,229.9,1.53,4.65,21.2,54.1,0
8154.6,1055.9,593.0,202.7,1.6,6.34,23.44,32.3,0
4424.7,1089.9,870.2,188.1,0.49,0.2,15.3,28.5,0
4541.6,777.4,964.3,177.2,1.74,4.52,15.45,61.1,0
5324.6,709.9,947.4,216.3,3.65,0.4,20.02,52.0,0
4866.0,1251.9,931.1,183.2,1.26,3.2,21.84,46.9,0
6335.9,944.2,981.8,154.2,5.46,4.39,13.52,39.5,0
3080.2,851.3,889.8,93.9,0.3,4.47,25.3,40.0,0
4323.1,1072.7,528.2,33.2,0.86,9.96,24.23,45.1,0
8308.8,860.4,961.5,116.0,4.85,4.72,16.84,56.3,0
4607.7,698.9,912.6,222.7,1.45,2.59,22.7,38.7,0
7865.1,816.0,531.1,144.1,4.64,1.64,19.14,54.8,0
6533.0,1007.7,1153.5,52.4,2.02,2.59,18.08,38.1,0
3286.1,401.6,967.4,159.3,2.68,4.93,19.87,31.7,0
6953.0,742.4,546.3,117.1,1.6,0.2,14.55,44.9,0
5823.5,1076.6,670.2,224.2,2.39,0.98,21.87,51.6,0
5316.8,697.6,725.9,47.0,2.84,4.73,22.93,53.2,0
6367.4,1109.2,725.8,173.8,3.81,3.54,22.28,35.0,0
6712.0,1082.9,914.5,166.8,2.7,5.18,25.78,58.5,0
7061.4,786.9,635.2,236.2,2.31,1.99,16.41,35.8,0
7767.4,686.3,1098.2,139.9,4.64,2.52,22.25,48.4,0
6612.2,742.5,1080.1,210.5,0.71,6.69,28.46,34.2,0
3936.5,1332.9,986.2,15.7,0.3,5.64,26.29,47.9,0
5289.5,1174.9,859.7,38.3,0.84,0.2,25.07,43.4,0
10414.6,825.1,1056.2,89.6,4.16,0.2,22.33,42.9,0
7086.7,678.4,789.3,152.4,1.05,1.41,20.44,52.7,0
9553.9,823.4,690.6,113.3,1.09,2.53,20.92,51.4,0
8093.2,848.8,1111.8,56.6,2.48,6.35,20.38,51.0,0
6362.7,551.3,919.9,145.5,2.12,0.88,23.19,26.0,0
6452.1,816.0,699.5,140.3,0.43,5.84,23.85,44.6,0
5945.1,1064.5,758.1,130.6,1.76,3.06,14.89,57.2,0
3393.3,440.1,688.0,30.8,2.69,3.65,16.49,40.4,0
6027.1,965.3,1294.9,223.2,1.3,2.9,16.25,59.3,1
7816.0,1075.0,850.9,146.2,0.65,4.83,18.21,53.6,0
5100.5,687.9,884.7,70.7,0.88,6.48,19.72,41.2,0
6617.9,1138.8,1008.7,168.1,1.05,2.2,20.99,42.3,0
7277.4,661.9,582.6,83.1,0.66,6.77,21.98,26.5,0
4635.5,888.2,1091.2,126.3,2.46,6.12,23.21,45.2,0
5323.0,738.6,716.3,88.5,2.68,3.29,20.81,36.1,0
4473.1,738.6,1252.6,212.5,2.92,2.37,19.46,30.9,1
4766.8,676.5,781.2,238.6,2.64,7.51,16.65,58.6,0
4068.6,939.7,1078.3,47.1,3.29,3.31,17.88,37.8,0
4649.3,969.8,300.7,15.4,1.63,3.5,18.01,62.9,0
8129.2,787.1,591.5,60.4,0.74,5.05,23.1,28.8,0
4626.8,528.0,785.4,145.7,1.99,5.93,22.18,29.6,0
6189.7,880.6,403.2,50.0,1.06,7.37,20.93,48.9,0
5245.7,884.4,982.2,196.6,2.62,5.31,22.13,51.1,0
7768.3,756.7,918.9,104.0,1.24,4.37,19.25,64.1,0
7966.7,1173.4,632.0,150.4,3.24,4.58,17.73,39.0,0
7296.1,487.2,846.5,114.8,0.58,0.91,13.21,43.4,0
6459.2,356.5,1027.4,217.8,1.91,3.24,18.23,56.6,0
5653.4,653.8,387.3,18.1,2.33,1.55,13.79,42.0,0
4212.2,942.1,569.8,177.7,0.86,6.07,20.93,48.2,0
8915.3,588.8,776.3,160.0,2.61,2.38,15.94,29.3,0
4860.5,603.8,855.2,159.4,1.5,6.85,19.2,55.4,0
6995.5,990.2,837.1,105.2,0.44,2.8,19.04,72.5,0
7589.3,892.5,1045.6,13.6,1.79,2.32,11.09,38.0,0
5167.1,875.4,955.0,168.5,0.68,2.15,12.23,70.7,0
7557.0,956.3,1003.3,200.8,3.23,0.44,22.48,55.5,0
7146.3,715.0,544.2,29.6,1.08,1.91,20.28,54.1,0
8591.9,724.2,881.9,111.6,1.4,2.15,25.52,47.1,0
5296.0,962.0,782.4,47.4,1.03,6.47,22.02,46.3,0
4071.2,531.0,1171.7,150.5,1.04,3.27,17.88,49.8,0
5241.8,371.5,888.4,190.7,1.23,3.52,11.82,47.5,0
6313.3,713.3,702.8,163.3,0.95,2.99,23.17,24.0,0
6087.3,986.2,1037.6,83.2,0.3,6.59,25.71,47.4,0
5409.8,851.1,973.9,42.1,3.94,4.43,11.98,61.8,0
3136.2,971.5,669.2,192.7,1.55,1.7,20.55,50.9,0
6705.7,396.7,773.3,84.5,5.43,0.72,19.13,31.8,0
8958.5,863.1,777.1,15.1,0.72,2.7,11.26,41.6,0
6696.4,930.8,1120.0,141.4,2.21,7.03,14.92,56.7,0
6913.7,529.8,894.7,66.7,1.64,3.63,21.49,49.2,0
6858.7,972.4,1009.9,203.5,1.52,6.91,25.87,56.6,0
6595.6,777.7,741.5,42.9,2.46,8.3,20.4,49.9,0
7397.5,1414.3,923.7,110.0,0.33,8.88,20.24,56.0,0
6593.1,364.6,1136.7,68.2,2.48,3.19,19.6,50.9,0
5531.0,1073.8,770.6,168.6,1.07,1.89,22.53,47.5,0
4806.0,721.2,875.3,136.2,2.16,5.95,18.1,51.6,0
5626.5,476.6,550.1,191.9,0.68,1.24,20.93,23.0,0
6471.2,694.6,681.6,115.5,0.57,4.04,26.41,38.6,0
5525.9,855.5,776.4,11.1,2.07,1.76,15.66,52.9,0
6471.5,1007.5,616.6,59.5,4.24,2.94,20.55,30.0,0
6658.7,1144.4,1140.8,239.8,3.8,3.75,19.06,55.2,0
7249.8,1084.4,665.6,103.2,2.3,2.84,18.48,46.1,0
7924.2,606.9,1023.1,152.7,3.59,5.85,18.2,36.1,0
6117.0,1026.0,891.1,218.1,2.17,4.6,19.58,46.0,0
4038.3,878.3,856.8,14.7,3.53,1.56,19.35,35.7,0
5482.3,669.1,1177.0,161.7,1.46,1.78,17.77,52.0,0
6066.1,757.6,352.7,76.3,3.74,2.38,22.16,57.4,0
3246.3,658.0,806.8,74.2,1.21,7.24,18.59,44.5,0
8083.0,807.4,612.3,61.7,0.3,5.83,17.64,60.0,0
6213.6,654.1,418.5,199.2,4.24,0.2,16.84,52.4,0
6572.0,594.4,587.2,95.8,1.2,4.75,22.92,51.1,0
8048.3,895.8,853.8,25.4,3.21,10.28,14.09,50.5,0
5054.8,925.7,690.4,32.3,1.21,4.79,20.88,41.1,0
6861.1,762.5,1047.3,44.2,0.59,3.8,21.8,45.9,0
5835.2,1073.5,803.0,216.8,2.6,2.42,10.47,46.8,0
5723.9,747.9,778.6,108.3,1.51,1.51,16.76,45.7,0
4841.7,739.4,779.5,220.7,0.96,4.66,23.82,41.2,0
8498.4,932.1,828.3,198.0,1.38,0.2,28.16,42.0,0
5436.7,773.5,757.9,202.7,0.3,2.32,16.94,29.7,0
7049.2,817.0,662.7,76.0,0.3,3.92,16.41,34.2,0
3187.5,295.9,1067.6,72.4,2.16,6.77,17.12,41.1,0
7770.0,803.3,712.7,138.8,0.45,0.2,22.35,33.0,0
7578.3,434.6,765.6,106.1,3.91,2.9,20.36,48.5,0
6146.2,555.8,944.5,127.1,0.3,5.56,20.78,57.7,0
5659.6,532.9,920.1,22.2,3.11,3.51,23.2,40.6,0
6600.0,591.5,653.4,233.5,0.78,7.24,26.5,55.6,0
9433.2,690.2,1016.1,23.4,2.63,5.37,12.29,57.0,0
3355.1,702.7,968.3,51.1,0.95,1.98,22.59,32.6,0
7173.0,932.9,889.2,166.0,1.09,4.07,24.62,45.0,0
4632.6,844.5,755.1,45.8,1.34,1.98,22.41,32.4,0
5970.1,419.8,760.5,34.6,7.2,3.8,18.52,22.3,1
5628.2,816.7,805.6,45.3,1.25,4.44,24.85,49.0,0
5357.5,863.7,579.0,24.2,2.22,5.68,18.25,33.4,0
5984.3,734.3,841.4,67.8,0.97,4.52,20.91,26.5,0
4298.7,787.8,1046.3,72.4,1.25,1.04,15.35,46.4,0
7543.8,838.1,1042.8,124.7,1.0,0.2,19.3,41.1,0
3308.8,952.9,766.2,110.9,0.47,5.3,25.06,41.8,0
6809.6,485.0,1084.1,119.0,1.97,0.2,24.31,48.3,0
5510.2,751.1,1269.3,151.7,1.67,4.41,22.24,56.0,0
4243.6,1101.7,780.4,63.1,1.07,1.63,29.84,44.6,0
6303.6,1083.3,1002.1,41.0,1.62,3.91,23.48,50.0,0
3664.6,970.2,352.2,212.1,1.01,3.59,18.2,43.9,0
6059.6,907.4,573.2,155.8,1.35,4.72,21.26,40.9,0
3865.7,1130.9,870.0,24.0,4.37,3.97,20.74,50.0,0
6691.9,1183.6,628.5,231.0,0.93,5.65,17.38,36.7,0
4613.5,774.2,1298.6,169.4,1.63,4.59,20.19,42.5,0
5323.5,606.1,981.5,44.9,3.5,6.74,20.63,28.3,0
6440.9,745.9,1062.5,232.9,1.63,2.72,23.97,29.2,0
4841.2,1419.3,843.6,94.0,0.62,1.25,25.13,47.5,0
5913.1,486.1,629.3,236.4,2.8,4.61,14.96,54.3,0
3729.3,705.9,735.9,33.8,0.33,3.72,21.76,43.5,0
6946.3,517.5,906.0,46.8,5.09,4.89,21.05,46.1,0
8647.4,825.0,709.7,161.2,3.21,3.8,24.69,57.0,0
10188.3,559.5,997.7,15.1,1.26,6.52,17.64,47.8,0
6136.8,778.2,1006.5,14.3,1.56,5.14,18.81,50.9,0
7182.3,410.0,851.1,192.2,1.62,0.92,21.08,42.6,0
3329.1,923.5,448.4,48.6,1.82,2.95,21.22,43.0,0
8254.1,1044.5,1227.3,221.3,2.29,4.36,22.86,28.5,1
7164.3,723.2,803.2,108.0,2.12,2.95,24.37,62.3,0
5274.1,773.0,1446.0,210.9,0.44,2.43,19.14,51.7,0
7855.8,767.3,993.6,106.1,1.92,7.16,16.42,30.0,0
5618.3,836.2,803.8,132.0,2.22,5.86,16.22,44.6,0
5313.0,792.4,948.5,82.8,4.07,2.12,25.55,60.3,0
6713.0,953.6,405.8,161.4,1.57,6.21,16.06,41.5,0
4405.0,1046.6,1075.8,83.2,1.39,5.96,24.0,57.4,0
7532.4,637.2,1414.7,61.3,1.43,5.45,11.63,73.0,0
4416.0,738.1,390.4,28.6,1.42,0.2,22.5,44.3,0
4424.9,980.3,786.8,23.3,1.5,4.37,19.56,35.6,0
4635.5,515.7,826.8,80.4,0.82,1.52,23.19,32.2,0
7139.3,405.9,1042.6,179.4,1.61,3.49,19.07,54.3,0
5074.8,845.3,1313.3,57.3,1.34,6.81,19.55,45.3,0
3978.0,899.3,934.2,78.8,1.02,3.0,20.82,36.3,0
5091.5,655.5,1321.2,218.2,1.62,3.6,15.5,46.1,0
5951.9,684.3,887.5,157.0,2.48,0.46,20.58,46.1,0
4228.5,648.0,949.3,221.5,1.22,4.34,20.26,60.8,0
4272.5,626.6,922.2,219.6,2.22,7.5,26.66,59.6,0
9166.9,938.7,1118.5,24.6,1.63,9.18,23.57,37.3,0
4709.2,563.9,757.1,229.7,0.73,6.28,23.2,49.2,0
5515.4,746.9,1030.0,21.8,0.87,2.94,20.95,40.1,0
5449.1,618.9,579.2,222.9,3.56,5.17,23.33,37.3,0
5368.0,508.9,787.4,135.7,1.06,2.83,13.63,50.3,0
6932.0,974.0,709.9,132.6,4.12,4.4,23.64,41.7,0
7422.2,696.0,869.4,174.1,2.55,5.29,16.78,48.7,0
5541.1,837.7,780.5,212.2,2.13,0.56,14.92,35.3,0
4145.3,498.4,1099.1,151.9,2.82,5.91,19.54,58.0,0
7911.7,651.6,656.7,107.8,0.86,5.07,22.28,43.3,0
5857.0,951.2,469.1,35.7,2.38,2.13,30.85,30.2,0
8595.5,1317.5,551.4,191.5,5.13,0.2,11.9,52.2,0
2631.6,404.8,1068.7,39.5,1.02,4.51,17.65,58.4,0
6293.1,759.8,636.7,177.1,3.19,5.75,20.53,45.7,0
8877.9,882.5,937.5,131.4,1.38,3.17,17.73,50.3,0
5470.1,676.8,785.1,98.7,1.56,3.19,30.37,39.7,0
5661.8,969.9,1031.3,151.0,1.62,5.4,22.1,29.1,0
6443.3,626.7,799.2,187.6,0.4,2.41,19.23,49.0,0
5161.8,830.8,1458.2,226.5,0.39,5.72,15.02,45.1,0
5531.9,695.6,1267.6,70.9,2.54,3.31,17.58,52.0,0
5493.3,1043.9,780.7,227.8,0.97,4.57,22.93,38.5,0
5058.9,664.7,750.5,231.0,1.46,4.84,17.63,42.2,0
7843.3,729.6,1539.1,197.1,3.44,7.9,22.76,44.2,0
6691.6,989.1,612.7,212.7,1.03,4.69,22.17,48.5,0
6375.9,594.4,837.9,169.3,0.67,1.73,21.45,35.2,0
7212.9,813.8,854.9,19.0,3.01,2.67,22.32,49.9,0
5603.5,435.5,849.5,142.3,3.46,2.66,23.08,41.2,0
4838.7,582.4,467.5,181.9,1.63,5.29,19.65,33.6,0
5096.1,876.4,959.3,226.6,1.05,3.85,19.04,39.5,0
6002.7,601.9,636.5,141.2,2.79,3.98,19.53,40.0,0
4411.2,691.1,1165.9,192.7,1.77,6.97,14.39,49.1,0
5249.6,898.6,529.7,172.2,0.74,6.2,24.98,45.7,0
5225.8,684.2,863.1,74.6,1.39,3.28,13.84,57.2,0
9186.8,964.6,362.5,45.6,0.6,8.31,12.54,39.3,0
1839.3,843.1,376.0,182.7,1.5,9.64,27.09,48.7,0
5730.6,887.1,665.3,63.8,2.77,1.89,24.07,39.6,0
8588.5,1048.2,696.4,66.3,2.96,2.67,19.49,39.8,0
6182.8,864.0,1172.5,158.1,0.91,1.3,26.01,41.4,0
7130.1,1107.8,841.1,191.5,0.51,7.52,18.07,39.3,0
6149.7,982.3,1134.3,143.9,2.26,1.86,24.34,49.4,0
4999.0,695.3,766.4,213.5,1.0,2.75,18.8,51.1,0
2637.1,1058.6,983.3,58.6,2.09,9.99,22.19,36.1,0
6308.2,852.8,690.4,68.1,0.62,6.38,20.2,32.2,0
4836.6,721.1,675.4,156.5,1.67,3.34,13.71,51.9,0
4799.5,855.7,449.4,200.8,1.47,3.92,17.36,50.0,0
5251.5,1022.5,923.9,134.1,2.04,0.2,18.48,59.2,0
8617.3,891.0,907.7,12.4,0.95,3.84,21.06,40.5,0
9607.3,1164.5,1021.0,165.7,0.72,4.58,20.11,46.4,0
6325.8,1017.3,897.3,197.1,0.42,1.31,13.1,45.2,0
5302.8,904.6,1295.8,73.6,0.63,4.56,16.71,54.9,0
4234.2,594.8,888.7,22.5,2.09,9.13,25.09,52.9,0
6702.8,764.1,1068.2,129.1,1.04,7.68,18.82,43.7,0
8674.4,814.3,778.7,19.7,0.97,7.94,14.45,46.2,0
5629.0,939.3,650.1,105.7,2.91,3.26,24.1,43.7,0
2431.5,927.5,1007.9,14.1,1.64,3.03,19.17,24.3,0
7005.1,833.9,830.4,61.7,0.32,5.46,23.61,41.4,0
7478.1,824.1,1033.0,99.4,3.85,2.66,17.21,36.0,0
3621.2,944.1,927.6,35.7,0.52,5.77,16.72,35.0,0
6264.7,628.3,675.5,36.3,5.41,6.43,16.45,52.4,0
6676.8,1139.1,1086.4,200.2,2.53,9.48,20.5,34.9,0
5890.3,390.6,658.3,19.5,0.72,0.72,28.14,44.5,0
4813.8,1091.1,987.6,168.5,1.86,6.63,18.31,42.4,0
7523.9,791.0,1132.0,197.3,5.4,2.8,20.8,37.3,0
5394.9,1000.5,765.4,40.1,1.58,7.8,28.24,46.8,0
3772.2,872.8,1104.3,54.9,0.53,4.92,20.2,60.8,0
2925.8,869.2,937.5,157.5,2.02,4.37,15.68,33.4,0
7891.3,910.9,1037.4,82.6,1.05,6.4,19.7,60.3,0
6925.0,961.8,665.9,119.6,1.75,6.46,21.0,40.7,0
6132.0,734.2,897.1,202.3,0.58,3.08,15.86,68.4,0
5339.6,1007.0,540.2,41.7,0.78,4.27,18.24,42.1,0
5206.5,583.1,1226.5,152.5,1.51,2.52,16.81,44.4,0
4386.4,798.9,406.9,226.8,1.5,4.39,28.32,22.2,0
5352.8,967.2,772.0,23.2,3.16,6.36,14.76,57.8,0
2819.9,999.0,645.0,23.8,5.09,7.88,17.53,41.2,0
4895.9,892.2,998.4,137.6,0.53,0.2,13.88,38.8,0
5533.6,721.3,1273.3,230.8,1.11,6.88,16.91,53.8,1
6914.8,979.3,994.1,60.7,1.08,5.91,18.99,66.0,0
5940.1,666.1,1501.5,86.1,1.45,1.07,22.5,53.3,0
7192.4,1150.3,546.9,32.7,0.87,0.2,23.14,33.0,0
8023.7,783.1,563.7,93.3,0.33,4.06,18.04,40.7,0
7587.3,492.1,653.5,20.2,1.98,3.82,21.58,27.3,0
6705.8,561.1,876.7,99.5,1.99,4.15,11.75,51.8,0
6017.8,808.7,624.1,137.8,2.58,7.84,20.85,43.0,0
4528.8,828.0,684.6,234.3,4.37,0.23,17.82,43.3,0
7109.9,1193.9,986.5,198.2,1.99,1.21,19.24,50.7,0
8519.6,592.3,577.4,199.1,2.73,0.59,24.32,52.4,0
6513.2,807.9,600.7,62.5,4.81,6.92,18.88,37.0,0
8875.9,588.1,762.3,30.1,1.08,5.77,22.67,43.2,0
3711.6,701.5,783.0,148.7,1.09,4.41,12.37,27.2,0
4268.8,1136.8,1072.2,129.9,1.17,2.72,20.63,47.7,0
7282.8,572.7,651.9,128.8,3.07,3.5,26.71,45.2,0
6396.4,917.4,691.5,35.1,6.06,3.05,18.43,32.9,0
7970.7,878.6,978.0,123.6,1.27,5.57,15.64,29.3,0
5976.8,795.2,1026.3,44.6,1.6,8.8,23.04,46.8,0
4698.0,903.9,1164.3,107.1,1.51,1.26,22.81,40.2,0
5679.6,568.0,953.2,24.3,2.32,2.93,22.03,49.0,0
3701.0,1131.3,878.7,207.1,3.75,3.43,11.87,34.1,0
4307.1,1185.0,976.5,13.0,4.77,0.2,17.34,51.4,0
7458.7,809.4,791.2,226.0,1.4,6.2,16.87,45.7,0
7309.2,1284.6,789.6,208.5,0.87,4.21,19.21,39.5,0
6544.5,720.2,459.7,183.1,1.85,4.99,15.49,44.9,0
3418.4,880.1,1046.6,236.0,1.47,2.53,22.51,40.0,0
5462.4,1086.4,896.5,22.4,2.68,5.0,21.46,34.8,0
4162.5,708.2,1020.9,157.6,0.98,3.65,28.23,34.0,0
7764.8,523.7,230.5,205.3,0.84,4.18,22.42,63.6,0
5124.4,477.7,839.6,39.1,1.87,6.75,16.67,63.1,0
4371.4,1212.2,661.7,144.5,1.01,4.92,17.4,38.7,0
6044.7,694.2,1180.3,100.6,4.84,0.26,24.7,43.3,0
5039.8,762.9,985.1,110.2,2.22,3.78,11.67,61.2,0
8225.6,577.4,901.5,219.9,1.12,7.0,15.23,46.1,0
4897.8,989.7,755.0,133.9,2.12,3.51,22.07,57.9,0
3901.2,643.7,937.4,31.5,5.09,5.9,22.87,64.7,0
2770.6,701.7,645.8,225.6,0.63,7.86,19.69,47.0,0
5953.8,859.9,828.1,52.6,0.84,6.2,18.69,48.9,0
5157.1,587.2,722.8,215.3,0.34,5.27,17.95,56.8,0
3856.6,764.3,1348.6,233.3,1.9,4.55,17.18,43.1,0
7783.8,1080.4,1173.4,211.9,2.19,3.44,19.13,58.9,0
7000.9,885.7,1083.9,165.7,3.8,3.74,27.33,46.3,0
5957.7,826.1,522.1,181.0,1.55,7.48,10.29,66.9,0
8046.5,843.0,1040.1,171.0,1.52,5.69,16.02,45.4,0
6993.8,722.2,891.3,115.9,4.44,3.62,26.87,52.7,0
4765.7,1199.2,1119.2,73.1,1.37,3.3,23.83,43.6,0
4441.2,637.6,920.9,75.6,0.67,4.21,14.54,33.6,0
7227.0,842.2,848.5,178.2,0.86,4.82,19.21,55.7,0
6594.6,823.0,901.4,154.0,5.39,3.11,23.15,56.9,0
6254.6,1001.8,452.8,144.5,4.24,1.1,24.15,27.0,0
4730.3,1020.6,681.2,160.1,0.95,5.34,16.07,34.0,0
6911.9,793.6,932.1,188.2,2.64,2.99,17.16,48.6,0
4866.8,858.1,1100.7,182.1,0.95,2.47,15.98,43.0,0
5847.0,865.7,728.9,34.2,5.99,2.91,18.96,52.8,0
8170.4,345.6,841.0,93.5,1.07,2.36,21.83,26.4,0
5008.7,482.2,497.8,70.7,0.69,5.85,25.02,63.2,0
3640.5,679.0,1171.0,133.8,1.18,6.37,14.44,40.2,0
4421.2,687.7,1095.0,24.1,2.02,5.82,24.05,45.5,0
7491.4,560.1,993.5,185.4,0.71,4.58,20.73,47.7,0
6382.1,949.9,939.5,34.5,2.44,0.84,19.03,60.3,0
5806.7,800.4,1191.6,72.4,0.56,5.29,29.73,31.7,0
5236.4,757.1,672.9,190.0,3.44,8.95,26.8,46.4,0
6728.0,548.8,649.1,21.9,2.85,3.54,12.73,33.7,0
4726.3,791.1,1083.5,161.8,3.09,0.2,26.89,54.3,0
6458.5,274.7,1068.7,222.6,1.88,5.82,20.06,41.8,0
4903.1,767.4,587.4,152.1,2.23,0.2,14.62,49.2,0
4653.5,812.6,733.1,173.9,2.36,1.62,25.01,41.5,0
5043.8,848.4,1221.6,192.2,1.78,3.37,25.21,64.2,1
5436.9,487.2,940.6,61.1,2.12,6.78,20.32,38.4,0
5926.8,845.0,1023.2,143.6,0.55,4.41,21.78,50.3,0
6353.2,591.7,595.0,81.1,0.72,2.51,20.52,25.0,0
800.0,637.5,994.5,67.4,1.95,2.55,19.62,50.4,0
4788.5,943.6,537.7,54.3,0.65,1.29,26.57,31.0,0
5412.6,1202.8,414.4,144.6,1.41,2.68,18.98,61.5,0
8257.6,810.3,1009.9,192.7,0.61,3.47,25.39,38.9,0
4380.0,636.6,1165.6,211.5,3.64,4.16,22.24,36.0,0
6244.2,837.7,794.2,108.6,0.45,5.56,15.04,47.6,0
8242.5,987.8,729.8,95.8,1.64,4.48,19.42,32.9,0
4030.5,924.2,1226.4,168.1,0.38,1.03,19.82,37.5,0
6591.0,1348.6,807.1,189.5,0.31,0.2,17.81,47.2,0
4796.6,656.9,835.5,68.3,1.18,2.42,18.12,39.9,0
5243.0,850.4,1222.7,78.4,3.39,9.1,22.65,53.5,0
4795.3,1109.8,772.2,132.7,1.72,3.17,23.45,56.3,0
4902.2,1097.2,706.1,112.2,1.46,4.44,22.53,50.6,0
10082.9,410.0,1029.4,172.3,0.35,0.49,20.67,33.3,0
7266.7,799.3,693.4,126.0,0.38,2.6,18.46,38.0,0
7652.6,1096.9,818.2,35.7,2.19,5.58,18.53,35.4,0
6738.0,1378.1,559.8,48.2,1.99,5.33,21.01,42.6,0
3590.6,940.8,890.8,217.4,3.66,4.04,22.82,49.0,0
6592.4,726.4,865.0,62.3,3.9,5.01,26.54,48.6,0
7609.4,598.2,1063.0,21.5,7.08,7.25,21.57,61.7,1
4719.9,1243.7,1038.6,178.2,2.04,4.43,22.75,61.8,0
7448.0,945.7,971.3,167.3,4.4,8.14,13.68,49.8,0
7056.5,630.4,936.7,148.0,6.08,4.95,12.96,51.0,1
8778.1,759.4,833.9,125.5,1.55,2.4,17.33,33.8,0
5373.3,862.0,984.1,233.0,2.07,2.04,22.17,53.9,0
4353.6,908.8,605.3,37.6,0.85,3.15,17.89,49.8,0
5457.6,620.1,333.2,127.3,2.47,3.71,11.11,49.1,0
8153.4,677.2,1105.6,139.7,0.76,6.44,19.25,46.9,0
3257.4,469.4,998.3,15.2,1.06,7.19,26.8,59.3,0
2897.4,1008.0,822.1,104.8,4.07,3.43,24.73,62.3,0
6134.1,731.7,1086.4,190.0,1.15,5.22,14.12,46.3,0
5336.1,893.3,689.1,118.4,2.74,4.56,19.9,50.4,0
6011.6,1084.5,694.8,211.3,2.76,3.57,18.42,39.7,0
7418.0,844.0,664.3,158.3,0.3,5.0,19.0,47.6,0
5171.1,777.4,974.9,186.2,2.95,5.47,21.86,51.2,0
3190.5,838.8,501.7,195.0,1.26,9.22,19.01,29.9,0
9066.7,812.6,681.3,168.6,0.98,8.27,25.48,36.3,0
4504.2,1049.2,913.7,182.4,1.91,7.26,14.27,50.7,0
4411.4,862.2,585.1,169.9,1.29,3.43,22.91,47.3,0
7655.6,691.1,704.7,136.6,3.0,1.29,24.02,46.9,0
5423.3,1009.6,363.5,140.3,2.54,5.15,18.89,46.1,0
5904.9,1046.1,983.3,53.7,5.09,0.2,20.98,55.5,0
6724.2,532.3,698.7,200.3,1.76,3.77,29.23,53.6,0
7625.4,1106.6,608.2,81.8,1.53,5.23,20.12,41.0,0
5499.8,872.9,565.1,133.2,7.37,1.4,23.19,56.9,1
8279.9,856.7,758.0,67.4,3.25,4.75,23.91,45.0,0
2796.3,1001.3,502.4,170.0,1.51,6.12,15.65,30.3,0
7139.7,686.6,1277.3,234.3,5.14,3.81,30.02,49.4,1
4740.7,990.8,325.4,194.4,2.21,4.2,19.03,32.2,0
8058.4,724.6,750.9,152.4,1.15,5.86,19.26,50.8,0
6213.1,505.0,873.5,140.5,0.95,8.31,22.58,39.0,0
4990.6,600.4,679.4,122.6,1.71,4.58,20.63,24.7,0
6994.3,913.4,896.7,57.1,2.03,5.71,18.63,47.3,0
7339.8,610.9,674.1,90.0,1.77,3.28,22.65,59.3,0
6962.8,1122.0,1186.6,103.5,2.02,5.74,14.83,40.3,0
4455.5,1037.9,603.8,227.3,3.01,5.81,26.06,48.7,0
5274.0,1066.7,332.7,107.9,1.09,5.25,21.47,47.3,0
5993.9,825.0,564.3,144.8,0.47,8.32,22.36,25.4,0
5938.1,851.6,935.0,222.2,0.75,3.35,18.58,47.0,0
7124.6,561.3,824.1,129.2,2.5,4.1,17.83,50.2,0
2977.6,999.2,1015.5,67.8,1.06,7.59,15.12,41.0,0
6501.5,876.0,960.4,97.6,1.92,3.27,23.03,41.9,0
5565.0,913.5,710.0,96.4,1.02,6.05,13.55,42.0,0
4742.2,1137.7,742.4,174.4,1.14,8.64,20.86,50.5,0
4886.3,678.8,765.2,78.1,2.07,6.03,17.95,32.7,0
5678.2,774.8,1264.6,178.0,2.59,5.14,20.88,30.4,0
800.0,865.3,1002.0,214.5,1.85,3.63,16.33,51.2,0
4948.1,612.9,1266.2,87.3,2.4,6.94,24.98,37.0,0
4686.3,762.5,1035.0,41.1,0.56,1.51,15.94,53.5,0
6799.2,898.6,836.0,156.9,1.51,0.42,8.52,46.6,0
4791.7,734.9,625.7,93.0,1.28,1.79,18.64,39.1,0
5677.3,1061.8,894.3,132.8,2.65,4.11,16.4,34.7,0
8313.4,497.8,836.6,155.9,1.0,1.12,18.98,20.0,0
7491.5,1024.6,829.4,103.8,0.46,9.6,16.68,39.3,0
7353.4,932.2,804.0,222.7,0.44,1.99,20.95,45.5,0
5250.2,686.2,398.5,101.9,1.74,6.31,14.57,47.4,0
6814.5,615.1,1127.4,80.7,2.23,2.27,20.02,30.5,0
5649.2,383.9,838.9,213.7,2.04,3.99,18.76,38.9,0
5705.9,641.0,538.9,41.3,1.33,4.23,16.15,57.2,0
6614.5,1009.4,956.0,38.6,1.22,1.34,15.31,65.2,0
5104.5,788.8,661.7,225.2,2.14,4.06,25.39,51.2,0
8239.5,1032.6,973.7,58.1,0.84,7.62,14.88,45.1,0
5759.8,676.0,1044.0,44.1,1.4,3.64,16.94,31.0,0
6927.5,941.4,1074.3,133.1,1.76,4.64,24.63,45.2,0
8183.4,656.5,814.6,20.8,4.71,4.86,20.54,39.9,0
7547.5,606.9,759.0,152.6,0.3,4.99,20.92,59.5,0
3886.6,778.6,712.4,114.2,1.11,0.2,16.61,41.6,0
6667.3,667.0,691.0,157.3,1.44,5.98,19.19,53.1,0
7276.1,491.4,846.2,75.3,4.09,5.41,28.23,42.3,0
7337.8,763.5,803.9,218.3,2.03,4.18,24.37,56.1,0
4330.1,821.3,668.4,72.2,3.26,7.44,15.79,44.3,0
5014.4,1053.7,598.4,156.6,0.32,6.77,18.57,49.0,0
7491.8,987.4,826.1,227.4,3.62,5.04,9.56,44.6,0
4857.4,1044.0,754.5,102.2,0.74,2.86,22.79,51.0,0
5550.5,944.1,598.9,47.1,2.29,3.48,15.74,36.3,0
8363.8,866.5,1032.7,25.7,1.77,3.78,21.85,54.3,0
5928.3,554.2,1239.9,231.5,0.89,5.54,19.92,27.5,1
4909.8,830.0,1061.8,185.7,0.31,3.99,18.38,49.9,0
4683.6,919.4,691.6,221.4,3.18,4.67,19.02,35.1,0
6499.1,1091.5,838.9,170.7,2.3,1.06,19.02,51.4,0
4000.3,937.3,1188.9,88.8,2.76,6.12,15.39,57.0,0
5629.0,1048.1,591.8,38.3,2.48,7.07,23.4,32.3,0
6499.8,593.6,1022.2,223.7,0.38,3.1,20.21,35.2,0
7948.7,734.7,531.4,122.6,1.16,2.91,24.96,36.3,0
7001.3,885.9,1220.5,101.2,2.33,2.41,13.61,58.3,0
4928.9,1032.2,755.3,142.9,0.56,8.77,23.86,31.9,0
7767.6,771.0,1340.4,34.5,1.61,6.05,17.75,38.3,0
5550.7,783.5,1230.2,81.1,1.04,3.93,18.18,28.0,0
4146.4,937.4,826.6,156.7,3.29,2.5,24.1,49.1,0
5741.9,574.8,691.7,33.0,2.45,1.45,24.49,49.0,0
8157.3,1121.5,892.9,41.1,1.38,6.01,26.06,25.3,0
6247.9,624.2,810.4,127.4,1.43,3.35,19.84,58.0,0
6018.8,416.3,761.7,153.4,1.86,5.15,18.96,49.8,0
8455.8,802.0,485.2,53.0,3.92,7.49,25.47,35.4,0
3853.0,1139.7,736.8,17.6,0.99,1.47,22.71,29.8,0
4071.6,917.3,605.7,230.4,0.88,2.43,20.99,61.6,0
3576.2,950.2,971.4,16.3,1.42,5.32,11.8,49.5,0
6559.0,808.3,1068.0,10.5,1.98,3.48,18.7,46.1,0
6249.7,769.5,1013.0,84.4,0.3,3.6,18.25,56.0,0
8314.1,491.0,925.3,61.2,0.3,6.08,18.94,47.3,0
6365.2,348.1,662.4,141.9,3.71,5.87,16.79,36.4,0
5393.8,839.3,895.2,215.7,2.59,3.15,18.42,24.5,0
6002.7,1062.5,1024.4,120.7,0.38,2.65,25.91,59.7,0
6176.6,868.8,721.0,187.9,1.87,3.84,23.75,56.3,0
3492.4,924.7,876.2,219.1,0.7,6.82,21.83,43.5,0
10065.5,1116.7,818.0,53.6,1.59,0.2,21.36,46.3,0
6779.8,865.8,1215.7,122.3,1.28,3.73,15.92,53.8,0
6315.0,775.5,1037.3,157.7,0.53,5.58,22.11,41.3,0
6922.7,636.3,984.0,86.3,2.47,2.47,22.24,38.7,0
7064.1,1204.4,472.3,180.1,1.93,0.57,20.03,40.5,0
5789.2,905.3,888.0,172.2,7.7,1.33,14.9,46.8,1
5053.1,611.3,815.9,106.9,0.9,4.88,25.75,55.2,0
6899.2,565.8,814.0,30.2,4.4,3.79,19.43,34.9,0
6578.6,1050.6,506.0,12.7,4.23,0.2,21.66,41.4,0
4785.2,592.5,610.7,95.0,1.01,2.77,23.25,23.9,0
8128.6,1170.8,835.0,28.9,1.68,7.19,14.01,64.2,0
6440.0,248.7,1095.2,189.8,4.58,3.85,26.09,44.1,0
7094.7,1084.5,720.1,86.9,1.04,5.45,14.89,57.7,0
8087.9,897.4,762.0,163.2,1.31,3.77,19.41,34.2,0
6032.8,823.7,1241.8,89.7,4.62,6.04,25.84,57.2,0
6475.4,764.9,784.7,193.1,1.88,5.47,15.12,55.4,0
7215.0,1178.1,821.7,214.3,1.69,4.05,18.68,34.0,0
4912.7,941.4,824.6,202.6,1.73,1.79,23.26,43.8,0
6081.1,619.4,554.0,121.4,1.66,5.1,25.03,34.3,0
6188.3,456.2,975.8,29.3,0.68,0.55,14.71,48.1,0
4565.9,835.5,706.4,95.5,1.6,5.24,15.65,59.6,0
9476.5,799.8,843.4,107.6,3.44,6.19,19.13,50.1,0
3889.1,496.0,947.8,230.9,1.09,2.77,22.45,46.2,0
4052.8,788.9,1277.4,140.1,3.53,1.11,19.4,57.0,0
7971.3,685.2,560.1,157.4,2.09,6.47,20.03,43.4,0
7069.9,801.9,1040.3,189.9,0.95,4.03,19.31,55.6,0
4461.1,945.2,1041.1,140.7,1.11,3.57,20.55,31.2,0
6910.9,1098.5,709.6,147.7,4.42,4.46,21.38,50.7,0
8201.8,981.8,981.9,66.4,1.76,2.84,22.24,49.7,0
5954.6,655.7,1211.6,23.5,1.41,0.2,26.4,38.5,0
9898.2,873.8,681.7,175.9,3.04,2.6,21.45,37.6,0
3413.9,812.6,903.1,205.2,0.3,4.06,22.65,32.6,0
7040.7,533.6,939.1,104.8,3.2,4.07,23.08,38.9,0
7749.8,879.6,967.5,136.3,3.23,0.2,23.22,57.4,0
7337.0,1171.3,1019.2,80.7,1.73,3.34,21.36,46.6,0
5693.5,806.5,886.6,113.6,1.95,8.12,26.58,42.3,0
5564.3,481.2,963.0,58.0,1.03,4.12,12.34,35.0,0
6666.2,806.1,649.5,184.8,1.19,6.18,19.65,53.5,0
7223.6,557.3,886.1,123.1,2.55,5.45,21.28,54.4,0
6903.7,972.7,745.2,135.8,1.31,2.39,17.54,51.6,0
7560.1,905.0,579.4,18.5,2.07,2.46,25.71,34.3,0
4471.7,765.8,738.0,153.2,1.42,5.0,11.76,45.9,0
5658.3,733.8,909.3,56.6,2.72,2.64,18.5,48.2,0
4590.0,757.6,945.9,98.2,0.53,6.87,13.08,46.6,0
5420.8,801.7,570.9,104.9,3.21,3.24,18.35,26.6,0
7522.8,645.6,643.7,113.2,1.76,6.07,16.78,48.6,0
6162.0,522.4,1009.4,62.3,3.15,4.96,21.21,26.4,0
9910.3,1027.7,961.8,205.5,0.65,5.19,29.16,61.1,0
6290.1,722.9,1045.2,108.4,3.4,2.47,25.37,34.5,0
6089.5,833.4,1150.9,150.8,0.69,6.71,14.47,58.4,0
6159.3,857.1,968.3,151.2,2.79,9.84,21.89,43.3,0
5043.3,864.4,758.7,149.6,2.28,1.67,17.95,44.7,0
5913.2,565.2,875.3,138.6,0.96,6.35,23.54,46.0,0
7691.7,464.8,1215.2,199.2,3.1,4.01,23.12,44.0,1
6171.0,682.3,1458.2,196.9,0.98,1.99,25.59,25.2,0
4809.8,879.1,951.9,105.9,1.41,1.35,26.46,41.9,0
4612.4,654.4,967.8,156.2,0.84,1.85,24.13,40.6,0
5324.7,729.0,1009.7,33.7,1.27,2.18,19.38,29.1,0
6110.8,1225.5,855.2,30.9,1.81,1.1,19.3,38.0,0
7790.4,430.9,1106.0,120.4,0.94,6.75,14.73,44.6,0
3989.3,649.0,1071.8,217.0,1.66,3.98,21.55,34.5,0
5520.3,1179.3,928.0,159.5,2.92,5.03,21.84,43.7,0
6216.5,791.1,780.0,163.9,0.59,1.12,12.96,43.8,0
3249.4,658.8,515.4,46.3,0.91,7.0,24.53,42.6,0
4749.6,1033.8,1011.1,114.3,2.07,2.67,18.87,38.5,0
4980.2,811.0,896.8,102.2,0.47,7.24,15.78,43.5,0
4806.0,730.3,687.7,190.1,3.03,5.12,20.81,43.5,0
6287.8,838.5,601.4,41.7,4.48,1.61,14.3,32.1,0
5759.2,668.4,995.5,134.0,1.59,4.91,17.26,46.1,0
5167.1,596.5,497.7,219.6,1.22,3.92,16.5,55.7,0
6641.9,777.3,915.9,215.3,1.66,1.57,16.54,37.3,0
8584.6,597.8,1035.6,206.0,1.4,1.33,15.85,49.8,0
8458.9,802.1,971.0,96.2,3.5,6.05,19.08,36.1,0
3115.8,870.9,764.0,226.5,1.47,7.02,23.38,44.4,0
6865.6,970.6,575.1,195.2,2.81,1.39,15.84,37.9,0
5733.0,1025.6,979.1,205.8,1.68,4.27,17.29,32.7,0
6232.7,718.9,1114.1,224.4,0.8,0.31,15.88,42.0,0
5402.6,899.9,724.0,225.5,3.34,6.1,23.44,46.3,0
6176.4,898.5,961.5,65.2,3.16,4.19,18.47,45.8,0
6227.1,865.6,1197.9,39.4,0.88,0.67,21.57,37.2,0
5131.6,704.1,924.5,168.9,1.41,2.88,18.3,37.5,0
4655.4,594.4,762.7,139.5,2.69,2.64,25.96,50.5,0
5327.0,900.4,1079.0,85.3,1.52,1.85,19.32,36.1,0
6351.4,458.6,687.7,167.4,3.11,6.38,24.46,46.6,0
6898.5,746.4,564.4,24.3,1.31,1.9,23.61,33.5,0
7280.0,289.3,1028.7,20.9,0.89,8.2,18.63,38.9,0
5258.7,532.7,760.6,91.5,3.56,6.16,17.24,23.6,0
6425.8,624.6,780.4,54.6,0.43,3.18,18.21,46.5,0
7443.8,1019.3,712.1,175.3,2.97,9.72,18.69,41.8,0
7748.4,937.6,746.0,228.0,0.81,3.09,25.58,39.3,0
5911.8,689.2,1158.7,162.2,2.28,0.53,23.98,55.0,0
5668.6,945.9,1215.7,160.6,5.07,6.49,21.59,36.9,0
6286.7,977.5,1244.9,11.5,0.3,1.85,17.88,51.8,0
4275.4,767.9,1089.8,127.8,0.93,7.12,16.63,46.8,0
5709.6,523.1,952.6,197.9,2.51,0.54,14.17,57.7,0
7116.9,758.4,534.9,160.4,0.93,1.88,18.61,58.9,0
6962.9,780.4,808.7,62.4,2.88,2.66,17.7,38.5,0
5594.6,553.5,1324.5,205.1,3.32,5.43,25.05,50.9,1
6326.6,873.4,754.2,231.8,0.87,2.79,22.0,65.7,0
4763.0,856.0,1183.1,74.2,4.27,2.64,19.83,49.3,0
7055.2,889.0,862.1,57.6,4.01,5.65,23.27,41.4,0
5883.3,855.8,260.8,87.9,0.73,6.94,25.11,30.1,0
5586.1,946.0,990.9,24.5,1.39,3.26,19.34,26.4,0
5457.4,764.1,1128.6,210.9,1.72,1.51,19.31,30.6,0
5905.7,840.4,839.2,223.7,1.57,7.63,14.45,66.2,0
5328.2,720.5,1121.3,155.7,0.96,3.63,25.6,44.6,0
6987.2,683.1,483.1,185.8,0.82,5.05,23.85,46.6,0
5407.1,1067.6,545.2,163.8,1.71,2.82,17.78,39.0,0
8389.4,391.2,895.1,96.8,3.22,3.04,23.86,49.3,0
8197.8,975.4,955.0,155.4,1.34,2.82,10.59,43.6,0
4662.7,675.9,1148.4,202.4,2.75,6.09,18.08,34.2,0
6104.6,650.0,990.6,196.3,2.86,6.97,20.21,28.2,0
5024.0,852.3,587.4,28.6,1.07,2.72,21.21,25.2,0
5510.0,502.1,896.9,116.4,0.86,3.02,23.68,39.8,0
9003.6,636.8,982.2,101.4,0.48,7.07,16.56,40.6,0
5538.6,630.2,437.7,183.0,2.0,8.75,22.26,49.8,0
6540.3,755.7,840.4,125.3,3.27,5.43,23.21,57.5,0
6812.0,639.2,776.2,90.4,2.42,4.87,19.06,35.8,0
4499.1,1120.2,706.0,172.5,3.41,8.82,18.15,39.6,0
4717.4,1159.4,959.7,118.9,1.5,4.62,15.11,61.2,0
4191.0,395.6,597.1,69.0,0.36,4.62,17.62,57.3,0
4671.0,908.9,941.7,214.8,0.68,2.83,11.99,27.9,0
1725.0,971.7,973.1,36.0,0.61,5.75,19.17,59.3,0
6816.9,908.6,1088.4,14.2,2.65,2.45,20.39,37.3,0
9081.3,668.4,602.8,43.1,2.0,2.95,18.81,41.0,0
6221.7,751.2,518.8,47.6,1.09,3.32,18.25,50.0,0
3875.6,650.3,911.4,133.7,0.5,5.46,19.76,39.4,0
5035.8,715.9,787.0,153.7,1.15,3.28,20.78,38.0,0
5311.7,558.0,1488.6,113.2,2.21,6.24,22.22,38.6,0
4473.6,777.0,950.9,57.0,1.24,1.6,14.03,55.0,0
7290.3,499.4,862.8,40.4,1.26,3.17,18.19,37.9,0
7215.4,760.0,812.0,123.2,2.08,4.3,14.11,41.3,0
4266.8,550.3,582.0,140.1,1.28,4.48,18.14,44.4,0
7087.6,841.4,974.1,79.9,4.78,5.86,24.15,28.8,0
8290.2,664.1,832.6,60.7,3.24,1.76,20.81,46.0,0
8853.8,858.1,832.8,28.5,0.62,4.14,18.41,54.1,0
10297.8,1016.3,870.8,16.0,3.9,1.6,17.09,44.0,0
4647.0,1117.9,898.7,34.3,1.47,5.61,18.07,39.8,0
10236.3,294.4,467.4,180.7,2.44,2.87,17.61,35.3,0
5468.7,633.2,1034.1,89.1,4.49,6.07,21.34,40.1,0
5111.3,739.4,663.8,16.3,0.3,4.05,16.33,42.2,0
6490.6,892.1,819.6,126.9,3.06,4.31,18.27,32.1,0
5126.9,469.9,1132.9,133.3,3.55,10.64,17.34,34.7,0
6598.6,603.6,1241.5,108.6,3.66,6.53,15.27,37.3,0
4019.9,826.1,475.9,35.5,2.78,5.73,13.85,32.3,0
5641.9,817.0,856.7,183.6,0.68,4.04,19.82,45.3,0
7928.4,875.5,910.0,168.5,1.27,3.14,14.79,49.4,0
5914.4,888.7,518.3,100.8,1.99,2.83,19.6,39.3,0
6212.4,867.7,1026.6,97.6,0.49,7.49,23.82,40.6,0
6712.9,838.7,875.6,45.9,1.73,2.52,19.71,51.4,0
7756.0,811.1,892.7,183.3,3.46,5.44,18.99,43.1,0
3517.2,933.0,648.1,147.9,1.48,2.63,13.7,51.7,0
6876.8,352.1,940.8,29.7,3.48,1.88,17.18,30.5,0
5597.8,1108.9,1034.4,97.0,1.51,3.03,16.26,45.0,0
6250.0,359.1,878.0,217.8,2.01,5.83,17.47,52.7,0
7589.9,584.2,736.9,114.0,1.84,6.71,20.15,68.2,0
4208.7,754.6,754.1,84.7,0.63,4.62,22.38,57.3,0
4481.0,934.5,898.5,158.1,1.02,3.75,10.39,39.5,0
3096.9,200.9,860.7,56.7,2.32,5.49,24.75,30.3,0
5176.3,794.4,1049.1,130.5,3.29,3.65,15.05,42.2,0
7995.6,958.5,744.3,164.0,0.8,3.13,27.55,54.8,0
5819.1,998.9,582.0,206.6,2.93,1.84,17.72,36.3,0
3989.8,660.5,929.1,169.3,1.91,6.8,21.05,43.2,0
5271.5,739.8,744.9,98.4,1.56,2.77,20.24,37.4,0
3768.2,676.8,1022.4,186.6,0.81,1.69,18.18,44.3,0
4312.2,721.5,851.7,216.6,1.79,3.55,23.47,47.1,0
6583.2,593.6,994.1,119.9,2.29,6.29,24.81,52.1,0
4239.2,622.1,626.9,11.0,3.36,5.9,18.93,36.2,0
7669.0,886.9,881.5,212.6,0.55,3.62,16.25,52.1,0
5893.3,826.3,696.2,48.1,2.0,2.97,14.98,46.5,0
6128.4,898.3,581.5,39.1,2.37,9.63,24.39,34.8,0
5582.4,842.8,660.6,80.8,2.4,2.18,14.79,47.1,0
7159.3,940.9,730.2,97.4,1.84,4.13,20.51,45.4,0
7174.7,975.6,1123.8,193.9,1.39,2.47,22.11,52.3,0
6502.6,451.7,724.4,99.5,0.3,6.26,17.13,38.1,0
6847.2,629.1,570.3,21.2,3.64,6.32,22.48,38.0,0
5681.9,753.7,878.9,156.3,0.3,1.52,19.66,32.8,0
6813.3,795.5,856.4,164.4,1.33,4.63,18.96,27.0,0
5493.2,666.0,741.7,197.3,2.2,0.2,14.25,42.6,0
6003.3,982.4,814.5,101.7,2.75,4.4,17.62,42.9,0
5588.0,1196.0,1064.8,29.8,7.44,0.2,16.96,29.1,1
5314.2,837.2,997.6,137.2,2.99,4.92,22.87,50.0,0
4966.3,816.9,978.5,37.8,4.87,3.33,20.98,50.7,0
6701.5,969.9,589.6,13.9,2.42,0.57,16.67,28.3,0
7965.9,426.8,1485.0,189.1,1.18,5.42,13.31,40.0,1
7756.7,805.7,1081.3,102.8,2.77,4.19,22.7,49.5,0
4115.2,995.8,963.7,130.8,1.28,1.78,23.92,47.9,0
7933.8,671.4,593.9,162.5,1.42,5.88,24.0,37.4,0
5522.8,554.7,1058.5,102.2,2.49,3.86,21.2,56.1,0
6901.1,762.8,739.8,21.8,1.52,5.07,15.9,29.3,0
4640.7,787.9,807.3,68.1,3.91,3.25,17.34,39.4,0
6213.0,618.3,480.2,54.7,2.91,3.65,10.86,53.8,0
6470.6,1219.2,576.9,234.8,1.38,7.94,20.49,46.0,0
3773.1,704.3,946.5,180.1,2.01,2.61,22.47,40.7,0
6912.4,569.3,1071.4,113.9,0.86,4.75,16.34,62.9,0
8018.9,781.3,1000.7,24.6,0.94,4.77,16.59,40.7,0
5738.0,981.6,993.2,36.6,3.34,1.14,9.57,29.9,0
8040.3,803.5,835.8,197.0,1.74,4.8,21.81,33.3,0
5715.5,897.1,760.5,227.5,0.83,0.2,24.61,58.8,0
7274.4,625.7,913.6,17.2,2.35,9.1,19.67,30.7,0
2672.1,1097.5,1030.7,219.4,0.58,7.56,17.15,55.8,0
9628.2,912.3,851.1,97.5,0.76,0.2,16.49,41.5,0
8243.2,1009.5,1116.3,59.1,1.31,6.83,17.88,62.6,0
5573.1,873.0,802.7,33.5,2.03,4.24,23.03,50.4,0
3041.9,965.0,634.3,187.5,1.25,0.32,18.01,45.4,0
6432.0,625.4,847.7,117.8,1.39,0.2,15.68,28.5,0
3834.1,701.7,873.3,201.5,1.83,3.9,28.03,39.4,0
6667.3,1069.3,832.0,62.0,2.45,8.15,15.06,53.9,0
6617.3,1111.9,1131.7,166.1,4.28,9.91,15.57,62.6,0
4587.9,570.6,1027.2,37.2,0.31,4.72,16.53,30.6,0
7681.5,849.9,535.2,30.6,1.41,1.5,20.46,37.5,0
7208.4,713.8,1187.6,40.7,1.06,8.61,18.59,33.7,0
7463.7,660.6,246.9,196.0,3.8,1.68,17.83,45.8,0
6013.3,857.0,1323.2,160.8,2.53,3.16,19.71,51.2,0
3876.7,1028.2,786.8,48.2,4.06,5.71,15.38,40.9,0
7466.8,890.3,808.3,98.5,3.74,7.3,21.19,43.1,0
5594.4,736.1,836.8,185.6,1.09,1.15,23.22,52.1,0
3915.3,903.0,934.7,75.7,5.14,3.95,17.18,49.2,0
8028.1,728.0,849.9,221.9,1.92,5.63,20.7,32.8,0
9149.1,882.4,820.7,220.4,1.62,0.2,18.93,34.7,0
5938.1,1079.3,1138.0,137.2,0.36,0.2,21.99,52.4,0
9238.7,384.6,974.4,155.4,2.35,0.2,19.58,46.5,0
6137.0,959.5,639.1,160.2,1.67,4.66,23.7,50.2,0
5429.3,492.2,1012.9,69.4,2.93,5.49,29.53,28.9,0
5054.3,1045.7,965.3,94.0,0.7,7.02,22.61,53.5,0
8455.6,672.6,730.0,41.3,1.23,4.83,23.26,39.5,0
4829.8,556.5,1024.3,222.7,1.07,9.91,17.95,49.4,0
7102.9,939.1,815.3,176.5,4.77,5.58,17.36,44.1,0
5161.3,872.8,801.2,20.7,1.52,7.35,20.56,53.8,0
5309.5,600.2,795.2,136.4,0.7,6.39,15.18,48.8,0
7545.4,549.4,315.8,88.9,0.3,4.69,24.01,41.1,0
5429.9,762.5,734.1,197.5,2.48,8.02,22.72,38.5,0
5392.8,559.2,1006.9,89.1,2.69,5.67,17.51,45.0,0
7699.2,587.7,845.1,158.2,0.78,2.54,22.17,40.2,0
8396.1,823.1,567.3,48.1,1.61,4.5,28.56,60.4,0
6967.0,606.8,1062.2,138.5,3.75,3.19,20.65,34.9,0
5017.8,885.3,784.3,77.6,1.89,2.07,22.64,45.7,0
5234.1,1098.0,581.3,47.9,1.89,2.29,20.91,37.2,0
6119.9,770.3,1335.3,152.4,1.05,5.57,21.0,57.3,0
6481.4,826.0,618.3,156.9,2.36,0.55,19.54,53.0,0
4518.2,1203.6,1043.5,236.2,2.48,4.69,28.24,28.9,0
7084.6,562.5,680.8,163.9,1.01,2.72,11.87,46.1,0
6128.3,1038.2,879.9,128.6,1.3,1.49,21.59,46.1,0
3426.4,1014.2,651.5,219.9,2.73,3.77,19.14,41.1,0
4606.6,970.9,577.4,200.5,1.85,4.36,24.4,46.2,0
5243.8,1058.3,964.9,136.2,1.9,9.1,24.28,50.1,0
5890.7,856.1,939.2,127.6,0.8,1.43,23.05,48.5,0
8833.9,683.4,1101.8,226.7,1.41,4.77,16.45,29.0,0
6357.3,1018.9,842.4,151.9,1.31,5.16,25.39,25.0,0
4738.8,1026.6,1338.5,174.2,3.27,3.76,18.33,20.0,0
6330.9,1021.1,909.0,29.9,0.91,7.6,24.73,41.6,0
5471.9,808.9,974.7,175.2,2.13,4.63,21.26,37.4,0
6487.1,656.8,551.1,70.9,3.98,6.2,20.84,45.3,0
6870.9,838.3,714.9,36.6,2.06,2.42,18.42,38.7,0
7813.8,988.4,964.3,205.4,2.19,0.89,11.69,41.6,0
5963.6,1004.9,831.5,169.0,1.95,3.53,27.69,43.9,0
8458.4,714.1,891.3,103.7,1.86,3.49,21.53,24.9,0
7362.0,863.1,670.4,109.2,2.26,3.11,18.32,51.9,0
4938.8,538.2,876.8,55.3,0.8,4.7,21.99,42.9,0
9314.8,997.0,876.1,12.2,1.83,2.85,18.4,32.2,0
6490.5,643.3,590.3,90.4,1.11,2.91,16.49,41.8,0
4747.3,957.1,991.4,44.1,1.37,7.62,17.34,33.1,0
8479.4,570.1,476.0,107.0,3.71,1.58,18.06,49.2,0
9116.7,1006.3,890.5,201.8,1.31,7.34,17.74,48.5,0
5950.5,864.4,1238.4,36.4,0.84,6.14,20.75,43.6,0
5244.5,643.7,999.7,31.1,2.89,6.85,24.72,43.4,0
5741.4,938.3,998.3,217.5,3.99,6.85,21.42,54.5,0
7072.1,681.9,652.6,181.4,1.93,3.72,19.32,52.0,0
7916.8,949.9,1239.2,22.2,4.05,2.3,10.96,29.0,0
6855.7,745.2,1152.9,28.3,1.57,3.22,21.78,38.7,0
6152.6,455.8,664.4,167.5,2.59,3.98,17.13,50.4,0
8247.0,603.5,745.6,95.2,1.78,1.07,20.98,53.8,0
5530.7,713.9,1126.0,176.6,1.45,5.02,21.72,64.5,0
7546.4,1073.6,1245.2,103.0,1.5,2.97,18.63,51.1,0
5567.9,980.2,571.8,232.6,2.29,4.45,16.65,28.0,0
6646.5,1124.8,629.2,169.7,3.4,3.52,21.32,41.9,0
5829.7,1130.7,818.4,20.7,3.2,6.31,15.19,52.0,0
5916.2,693.0,372.4,86.0,0.91,5.34,29.09,28.4,0
5433.9,762.3,854.2,139.6,2.03,2.47,20.19,47.7,0
8017.3,717.7,1110.9,42.6,0.77,4.22,22.25,38.8,0
4900.6,665.7,533.5,10.6,1.72,0.2,19.54,49.3,0
4889.7,431.7,878.0,28.2,3.79,2.89,16.76,52.1,0
9181.5,797.1,722.0,130.6,4.75,4.68,27.75,35.1,0
7466.8,542.9,1210.8,155.4,2.01,1.6,15.29,60.1,0
2422.3,793.2,724.6,31.4,0.3,5.91,19.92,27.3,0
5152.1,1223.2,1184.2,163.0,1.34,0.76,18.98,49.9,0
3282.0,698.1,718.6,151.9,1.44,4.77,18.29,56.0,0
4574.0,839.0,1019.7,226.2,0.86,3.62,17.11,46.9,0
1292.2,981.3,905.4,203.4,2.96,6.73,18.52,37.7,0
5794.5,856.1,819.6,226.9,2.07,2.61,21.98,43.0,0
4287.1,858.5,676.1,232.2,2.8,3.55,20.9,33.1,0
6089.9,727.5,921.1,111.4,3.39,7.32,21.45,38.2,0
3562.3,753.6,753.1,122.2,0.77,7.36,18.61,43.3,0
6124.4,608.0,698.3,74.8,4.9,0.2,23.32,46.2,0
5377.6,969.2,1174.0,126.9,1.4,0.31,13.74,43.3,0
8252.9,451.7,970.5,44.7,2.25,7.51,19.3,48.6,0
8117.0,994.2,991.6,164.4,2.26,6.91,18.9,45.6,0
7178.0,519.3,763.8,15.7,1.23,6.03,18.9,41.2,0
5510.1,992.5,809.1,64.2,0.75,3.74,18.89,52.8,0
8978.1,729.2,795.3,57.9,3.18,3.94,19.26,43.3,0
3670.4,553.6,924.2,225.7,0.38,0.33,22.36,33.6,0
3894.7,915.9,991.2,43.3,1.15,2.92,18.05,45.7,0
5874.3,985.8,843.3,214.9,2.28,6.24,18.19,28.5,0
9381.1,712.4,675.6,38.6,3.21,3.72,24.8,32.9,0
5696.5,944.1,1017.3,159.7,2.16,6.31,23.8,54.1,0
5725.1,343.0,857.3,83.6,2.76,6.63,20.18,64.5,0
3837.1,535.9,533.0,82.7,0.73,6.4,20.69,51.9,0
7418.9,1058.5,380.2,239.6,0.77,5.13,13.95,51.2,0
7429.8,755.3,915.5,62.0,1.06,3.33,19.1,46.7,0
7183.6,427.6,667.5,56.6,1.34,4.59,22.49,32.9,0
5056.2,660.2,944.8,145.5,2.54,1.53,22.43,55.7,0
4939.9,615.3,679.4,180.4,0.45,0.2,15.57,44.7,0
4060.3,766.8,879.3,236.0,1.41,4.5,14.46,36.8,0
6125.8,725.8,766.8,171.3,1.68,2.51,22.74,58.8,0
4379.4,835.8,1235.4,139.2,1.94,2.28,24.14,63.7,0
4233.9,786.1,1059.1,104.1,2.06,3.59,22.94,25.9,0
5364.5,1071.9,1146.4,146.9,1.21,6.2,28.04,52.7,0
5266.3,884.9,855.3,148.2,2.76,6.92,25.43,46.0,0
5193.0,891.5,1030.9,60.1,1.28,1.67,17.04,49.2,0
6699.7,1033.0,870.2,164.4,1.16,8.91,25.36,59.2,0
6118.6,722.2,1173.3,57.0,1.98,5.02,16.83,49.0,0
5567.8,547.6,834.0,122.7,1.05,5.38,21.49,44.2,0
6274.5,1041.4,542.6,69.8,4.91,1.55,14.92,36.2,0
4512.7,827.2,410.3,81.9,2.04,3.87,24.24,44.9,0
6157.9,827.9,1217.0,151.2,1.32,3.75,18.16,49.3,0
6225.9,673.3,955.3,24.8,2.7,0.2,29.3,26.4,0
3745.4,676.6,969.7,12.8,1.42,3.9,21.4,38.9,0
7493.5,969.3,1177.7,40.0,2.39,6.0,19.96,45.2,0
4677.8,996.9,486.6,48.8,3.54,2.68,16.59,40.7,0
6135.5,956.8,771.1,55.5,1.51,2.12,21.9,59.6,0
7746.6,958.6,798.1,188.0,2.07,6.66,21.48,31.8,0
7388.5,913.8,1013.3,112.8,0.42,4.49,17.6,26.9,0
6051.5,826.3,697.6,118.1,2.1,3.84,26.51,63.1,0
5456.3,764.9,585.7,158.2,2.54,4.42,17.36,43.8,0
7421.3,1042.1,583.7,177.7,3.0,5.43,14.23,36.7,0
7012.0,725.3,1102.9,10.8,4.06,6.18,19.5,54.8,0
5072.5,874.0,686.6,207.0,0.71,6.5,20.06,41.7,0
4807.7,639.2,728.6,237.3,1.28,5.07,18.99,44.0,0
2891.5,668.1,989.6,38.0,4.05,7.24,22.66,45.0,0
6231.0,752.8,696.2,159.7,0.33,0.2,20.66,54.6,0
5876.0,639.2,474.9,10.6,0.3,6.73,25.7,46.0,0
7704.3,959.6,502.0,21.3,0.9,3.49,24.75,54.7,0
6538.6,530.4,837.5,75.6,0.9,1.11,22.97,52.2,0
8001.3,819.8,959.4,204.7,3.64,6.64,23.09,34.9,0
4954.0,826.5,805.5,160.1,5.17,4.12,13.82,47.5,0
7707.2,437.8,944.7,112.5,0.3,6.35,23.22,37.9,0
5206.6,711.8,495.2,110.9,0.5,3.4,22.99,51.6,0
7166.4,851.1,510.0,117.2,2.02,4.92,26.37,43.0,0
3811.9,885.7,1345.9,81.5,1.72,3.62,17.66,44.2,0
6352.7,759.1,1121.2,211.9,2.08,4.08,17.14,30.9,0
3023.0,935.4,1019.2,140.6,1.73,2.59,18.49,40.7,0
5599.3,778.1,704.9,121.3,0.54,1.06,20.06,30.4,0
6660.5,802.7,797.6,117.0,0.72,1.44,15.95,35.0,0
5218.5,850.3,849.6,225.2,1.16,4.59,14.62,41.2,0
4424.3,985.4,1139.2,176.4,2.31,2.64,17.65,52.0,0
7269.2,664.9,938.6,43.3,1.94,5.37,14.32,29.4,0
5844.8,702.6,965.7,110.5,2.24,3.67,12.99,30.6,0
5265.6,666.2,813.1,76.3,1.63,2.82,17.3,52.6,0
6062.8,733.6,1024.4,237.0,4.28,8.38,20.33,46.9,0
9955.0,1085.2,916.5,105.5,2.09,2.48,19.05,53.3,0
7730.3,914.5,859.7,25.6,2.82,4.45,23.02,49.3,0
7743.9,573.8,686.5,104.6,3.05,8.35,13.87,48.7,0
6653.3,679.9,825.0,83.9,1.89,6.33,23.66,41.6,0
6249.7,874.6,612.5,147.9,3.37,4.79,19.01,35.4,0
2405.9,618.7,841.2,62.0,2.34,2.29,26.3,54.4,0
4981.5,654.9,869.6,18.3,1.06,0.2,20.59,47.7,0
5279.1,1069.0,321.0,32.1,1.25,0.2,19.77,51.5,0
3187.7,677.3,799.3,75.1,1.8,3.03,19.09,61.7,0
4263.9,990.9,591.3,90.1,0.83,8.31,21.04,42.4,0
3028.7,1051.1,959.7,201.9,2.25,2.08,24.14,49.5,0
5942.5,653.3,990.2,72.1,2.95,1.47,23.26,48.4,0
7228.1,622.0,756.2,17.2,4.7,3.4,21.05,50.8,0
7660.2,744.8,970.8,189.6,2.88,4.33,19.32,52.5,0
6622.2,582.3,980.0,209.9,2.63,4.7,20.68,32.6,0
4554.9,824.2,799.5,123.2,2.48,6.9,28.64,44.9,0
3101.9,758.9,1187.5,75.5,1.44,1.81,22.64,38.9,0
3364.7,872.1,690.5,187.6,1.43,7.18,24.31,38.1,0
4096.5,1079.4,1173.7,12.0,2.53,5.63,22.56,53.5,0
4666.7,963.5,800.5,222.5,0.9,2.52,21.72,52.4,0
5760.4,897.8,664.5,209.1,1.46,1.71,9.89,38.4,0
4478.8,406.8,772.7,135.3,3.37,0.69,16.08,43.6,0
6508.5,888.7,608.1,73.8,1.01,6.91,20.26,57.3,0
5651.6,1144.5,1022.6,17.6,1.18,3.23,20.35,44.4,0
6015.8,197.9,497.4,240.0,1.3,3.22,21.14,47.9,0
7710.4,937.9,1155.7,185.3,4.36,4.61,22.52,52.4,0
4229.7,768.1,644.1,87.9,0.79,1.22,14.88,51.2,0
6628.1,630.0,1034.1,14.4,1.28,7.8,20.84,37.8,0
5979.0,960.2,855.3,157.0,0.87,4.82,20.56,67.1,0
5499.8,1141.9,909.6,237.0,0.91,4.75,21.98,52.7,0
7327.9,955.0,720.2,172.6,3.6,3.76,15.1,50.1,0
7318.5,725.8,927.6,29.3,1.18,0.57,20.24,54.3,0
4580.3,611.3,879.7,102.5,1.88,6.65,12.09,48.5,0
5726.8,828.9,529.3,35.1,1.98,9.67,13.76,44.4,0
6421.8,974.6,638.2,219.8,1.31,1.88,27.62,38.3,0
5590.5,722.6,731.0,86.0,2.34,1.68,19.47,34.2,0
6877.5,741.9,683.9,178.7,1.31,1.87,15.65,34.7,0
6421.8,1364.4,1125.6,29.5,0.92,2.17,12.56,51.5,0
8748.8,1015.7,851.5,39.5,1.6,7.65,18.96,58.6,0
3704.6,1030.0,678.7,166.3,3.87,1.46,26.6,36.5,0
5816.3,507.9,742.0,204.0,1.17,9.89,19.76,40.9,0
4637.2,658.6,739.0,56.3,1.5,8.68,22.12,43.5,0
6906.2,814.9,786.6,106.2,1.25,6.02,16.92,58.5,0
3574.2,599.8,613.4,152.5,1.74,5.5,16.71,48.0,0
6519.5,1120.1,670.9,193.1,1.6,6.21,20.32,51.3,0
5054.9,1082.1,1018.7,154.5,0.99,2.66,19.19,57.6,0
4898.8,693.3,890.8,31.9,2.45,1.15,19.39,38.7,0
3830.3,1156.8,816.5,134.8,1.32,4.33,20.92,50.6,0
5302.4,799.1,850.6,213.5,1.59,0.64,22.8,48.6,0
7626.8,1317.9,840.0,209.6,1.04,2.17,11.78,47.5,0
5962.2,828.9,804.0,144.6,2.88,5.97,17.99,40.7,0
6941.5,915.2,963.8,239.0,1.98,5.06,22.7,54.3,0
8497.0,1080.0,947.5,34.2,0.87,7.54,17.48,45.2,0
6395.6,1055.5,504.2,120.1,0.3,3.3,25.91,49.0,0
5161.8,902.1,821.1,188.3,0.78,8.45,22.79,56.2,0
6700.9,771.8,518.7,42.4,1.49,2.37,16.75,28.5,0
5183.6,902.8,989.8,233.7,0.8,6.3,17.65,36.8,0
5243.4,636.8,1018.9,91.4,1.52,4.44,18.51,40.0,0
3720.2,830.4,715.6,90.5,0.57,6.78,16.59,42.0,0
7389.4,578.1,824.3,59.0,2.17,2.2,17.86,41.9,0
5421.0,443.8,385.5,76.2,1.81,6.24,15.97,48.5,0
6273.1,810.1,1064.0,142.8,0.92,5.22,19.15,42.5,0
4446.1,1052.5,1006.1,108.8,2.28,1.89,21.85,45.3,0
6653.9,985.2,1103.0,54.5,3.89,9.69,22.23,60.6,0
4857.1,783.6,1177.0,196.1,0.9,3.73,20.8,43.9,0
5787.4,1149.4,580.7,24.3,1.28,6.17,12.26,35.4,0
7316.7,686.2,1045.4,202.0,2.26,5.59,21.02,51.0,0
7186.1,416.4,1175.4,73.2,0.92,0.99,18.11,47.0,0
5967.0,363.6,521.2,124.1,3.12,6.5,20.56,72.1,0
3347.8,563.8,812.3,97.6,3.15,1.08,16.89,40.5,0
10489.2,963.3,770.1,141.2,0.57,3.01,16.42,50.4,0
8618.8,673.0,1038.2,193.1,1.23,4.91,18.85,45.8,0
7084.0,892.2,323.3,237.5,5.29,4.19,24.17,53.0,0
4870.2,1129.3,1249.5,80.4,1.08,5.63,6.98,41.4,0
5829.6,580.0,825.2,137.4,1.34,0.2,22.55,59.4,0
5184.9,895.7,1051.5,117.2,0.87,0.5,24.47,40.9,0
7895.8,907.8,836.7,239.8,1.85,5.76,12.04,70.3,0
6393.8,627.9,958.3,196.1,1.09,3.64,18.46,37.1,0
4823.8,1070.8,339.3,101.3,1.91,4.97,16.59,37.1,0
5293.9,742.5,765.3,119.7,1.18,5.15,17.23,29.2,0
7681.8,723.2,1036.5,66.6,0.3,1.62,18.92,66.7,0
8400.1,1222.3,913.5,183.7,0.31,0.84,20.59,50.3,0
8292.5,904.6,489.9,204.4,3.04,6.03,18.22,54.7,0
7135.5,985.1,863.5,231.9,3.92,2.34,13.5,41.2,0
5621.1,1071.0,669.9,140.1,1.01,4.67,15.24,41.5,0
1137.7,669.9,650.8,164.3,3.66,3.85,19.19,60.7,0
6445.7,1050.0,515.4,112.6,0.79,1.32,19.85,51.0,0
5997.3,699.6,986.1,150.1,0.36,2.9,17.72,67.2,0
6210.0,691.1,1094.9,90.2,1.31,6.7,14.58,67.3,0
6080.8,745.6,1316.4,179.7,2.66,4.63,16.41,48.1,0
4010.6,675.6,525.7,15.2,3.1,3.33,20.13,55.3,0
6836.1,964.4,1018.8,16.5,0.78,5.18,12.94,28.0,0
6948.3,853.4,1033.3,174.7,1.85,7.62,19.06,49.0,0
7023.5,701.8,722.3,224.1,3.65,4.13,11.88,40.7,0
7419.9,934.9,648.1,155.4,1.72,9.48,15.6,46.1,0
6906.1,745.0,611.1,177.1,0.91,5.01,24.12,45.1,0
5385.0,734.4,734.0,199.5,0.3,3.46,15.73,44.9,0
5893.7,809.7,894.6,93.2,3.97,5.12,26.32,60.1,0
6136.7,892.7,1149.2,34.9,3.3,9.86,19.57,46.7,0
6161.5,878.0,1093.2,224.6,0.95,7.63,26.16,35.6,0
7497.3,727.4,494.6,225.9,5.78,0.66,10.77,46.8,0
6965.5,969.4,676.5,111.6,1.59,0.44,25.88,42.2,0
9116.0,755.5,1135.9,59.9,2.7,3.49,19.36,55.2,0
9309.7,669.0,689.2,215.2,1.61,9.71,19.28,40.4,0
6119.5,506.4,837.5,172.9,0.3,4.59,16.61,51.8,0
800.0,996.6,474.8,11.9,4.36,2.38,19.16,48.3,0
7855.2,802.5,1103.7,34.8,3.57,9.27,21.36,49.6,0
5189.4,842.2,429.2,236.1,1.69,6.68,16.05,35.1,0
4797.8,1009.2,488.6,18.8,0.3,3.37,16.36,41.7,0
5402.3,704.5,1081.2,75.0,2.4,2.64,21.3,49.5,0
5330.0,525.1,1272.4,136.2,0.3,6.63,19.84,38.6,0
6918.4,814.0,786.1,52.4,0.89,1.72,10.45,53.4,0
3660.8,861.6,839.7,63.4,1.48,2.85,22.48,45.6,0
4383.4,747.4,1049.8,91.2,4.52,4.45,22.85,57.2,0
6514.7,1094.7,913.7,72.0,2.84,2.88,14.34,34.7,0
6934.4,302.8,767.9,194.8,0.88,1.84,15.75,58.1,0
6962.3,1024.0,743.2,125.1,3.41,5.02,15.29,44.2,0
4819.4,958.2,505.3,74.1,0.33,4.48,25.68,45.7,0
4532.6,891.4,901.2,82.0,1.32,4.68,16.95,44.6,0
5240.0,150.0,829.8,19.2,1.45,0.2,21.56,50.8,0
6359.8,1056.8,753.7,21.4,2.02,6.86,24.37,27.9,0
8228.2,594.7,629.6,175.1,0.35,0.2,22.63,43.1,0
2928.8,698.5,651.9,36.0,0.94,4.82,19.61,30.8,0
5668.9,765.9,986.0,119.4,2.97,9.76,23.61,43.4,0
4001.0,881.5,1044.0,203.7,5.18,6.32,13.02,44.8,0
3521.6,927.9,778.0,94.7,1.28,3.32,21.99,52.2,0
7450.4,978.6,754.9,89.5,0.78,2.77,18.86,57.2,0
6816.9,963.2,662.2,210.8,1.01,3.77,18.78,42.5,0
6674.2,850.6,1056.1,208.9,1.19,6.93,20.58,29.3,0
7381.5,883.2,856.8,212.4,0.63,5.57,24.8,44.6,0
5280.4,581.8,930.9,141.5,2.59,4.12,23.88,28.9,0
5351.0,649.8,928.9,229.0,2.53,6.62,18.68,27.7,0
9278.6,979.1,782.3,198.4,2.24,0.79,20.91,39.1,0
5630.1,967.4,593.6,105.6,1.82,2.56,16.28,29.8,0
7102.7,944.8,630.9,154.8,3.1,2.78,18.56,34.7,0
6009.6,697.1,1098.1,38.0,2.59,6.82,21.12,49.7,0
3227.6,982.1,690.3,136.8,5.59,4.69,20.61,38.9,0
2933.1,567.8,759.7,70.5,2.18,10.2,21.41,52.6,0
5131.5,1015.5,600.4,75.2,1.84,6.09,20.84,52.0,0
7584.2,747.8,582.5,38.9,1.37,2.28,17.9,46.6,0
7182.4,1136.8,680.8,92.4,1.96,6.43,17.38,40.8,0
7371.1,495.7,1221.4,120.7,0.53,2.29,18.68,47.9,0
4519.4,1152.7,994.8,148.1,1.22,2.97,21.12,61.3,0
8423.8,727.7,734.1,80.1,1.35,3.8,20.88,48.6,0
4552.7,724.1,1088.2,192.2,0.87,4.83,21.73,44.2,0
6319.2,839.0,816.5,129.8,0.45,4.55,20.11,44.4,0
5984.5,660.6,1148.0,156.8,1.18,4.55,19.84,46.0,0
5739.2,785.5,1336.6,74.0,0.93,1.56,16.9,45.9,0
8007.9,652.5,1076.2,197.3,1.09,3.99,20.68,48.3,0
4942.3,659.8,870.8,153.6,1.8,4.78,24.55,30.8,0
3975.6,897.4,1003.8,208.3,7.55,6.16,15.34,56.4,1
6030.0,619.7,853.3,46.8,1.59,2.83,21.15,44.6,0
5400.3,646.4,446.1,97.6,0.48,0.2,23.9,55.4,0
11066.1,525.4,706.0,36.0,1.78,6.8,16.29,23.6,0
7014.8,699.2,640.6,59.6,1.33,5.42,20.72,28.4,0
5386.0,1062.3,701.1,100.7,0.97,0.67,18.75,55.5,0
4415.8,630.8,1244.6,215.8,0.68,0.31,15.86,45.0,0
3179.6,653.7,1096.9,138.1,3.27,5.65,19.83,40.2,0
4462.2,838.8,947.0,86.0,1.49,3.24,21.25,39.7,0
6172.4,725.8,1028.7,181.8,1.82,0.45,22.76,44.9,0
8141.0,1245.6,433.7,14.5,1.31,1.34,20.5,65.8,0
7682.5,767.5,1010.2,95.1,4.16,3.65,14.92,20.0,0
6343.6,867.0,1056.7,148.2,1.71,2.1,24.79,34.8,0
5515.2,988.8,357.3,144.1,1.62,2.75,16.04,35.6,0
6403.2,984.9,1018.4,149.7,3.41,4.19,15.33,56.2,0
5222.0,846.7,536.7,58.6,2.85,6.61,21.92,57.4,0
8577.5,767.8,416.6,87.5,1.36,5.44,23.21,43.3,0
5716.2,1204.8,1141.8,224.3,1.21,4.56,15.95,52.1,0
5870.5,780.0,628.4,234.0,3.3,7.54,15.22,39.9,0
2676.3,711.7,692.5,81.8,1.16,1.65,24.45,56.6,0
5706.8,670.8,1067.7,158.2,1.55,3.85,9.37,48.7,0
7254.7,454.6,782.8,65.5,1.2,2.49,12.95,42.5,0
4398.4,964.3,810.4,94.8,0.75,3.67,21.19,23.1,0
4873.9,330.4,805.5,192.2,4.93,3.89,16.3,41.7,0
7189.1,798.9,926.5,125.3,1.18,2.4,18.85,41.6,0
3785.0,759.0,800.2,205.4,4.96,3.06,13.22,44.7,0
7586.7,1248.0,875.1,154.6,1.45,5.68,20.72,45.8,0
5201.8,433.7,739.2,154.7,2.02,3.73,17.31,41.5,0
5417.1,619.8,927.4,17.8,3.64,0.2,20.97,40.8,0
4314.2,772.8,919.0,182.4,0.42,5.74,24.74,53.4,0
6567.1,760.5,1267.5,234.9,2.93,5.36,26.71,30.6,1
9689.8,690.1,766.1,118.8,1.76,0.81,23.75,36.6,0
7172.2,783.8,809.5,46.5,1.53,7.8,20.54,41.0,0
4703.6,548.1,902.5,234.7,1.41,3.38,20.55,36.7,0
7703.4,871.4,1062.2,76.7,1.36,6.53,14.46,48.9,0
5525.0,335.7,609.9,104.1,2.77,4.11,20.82,36.7,0
8061.7,794.8,872.8,27.8,0.38,2.78,17.84,40.5,0
7210.0,679.9,298.3,35.5,0.71,4.97,22.45,52.4,0
1585.3,1003.3,790.3,59.8,1.81,2.69,19.09,52.1,0
4493.9,1151.1,1086.0,136.1,1.74,3.62,24.32,43.5,0
7416.6,733.8,690.2,138.3,3.32,0.2,12.57,44.3,0
6227.5,1078.1,888.9,149.4,1.62,3.24,22.48,38.9,0
4464.4,736.8,733.6,144.3,0.41,0.92,23.98,53.5,0
5049.6,606.8,660.9,123.9,0.35,3.98,19.52,45.1,0
3140.6,1149.2,1063.7,194.5,1.2,5.26,19.36,50.7,0
5867.4,904.2,620.0,224.8,3.6,4.13,19.52,45.9,0
9316.0,800.9,914.5,72.0,2.09,6.32,22.18,44.4,0
7207.4,937.4,917.8,39.9,3.84,8.94,25.09,26.9,0
9285.6,854.8,662.6,107.8,1.78,3.72,18.44,34.7,0
7323.6,786.2,884.3,16.1,0.76,4.19,23.1,41.9,0
7541.2,534.7,644.3,213.2,1.77,2.36,17.76,29.0,0
8961.1,745.9,964.8,65.1,4.66,0.2,20.3,37.7,0
6565.9,924.7,560.7,136.3,1.01,4.34,18.55,46.8,0
5719.2,775.4,775.3,36.5,1.24,5.71,21.63,32.1,0
7549.0,980.5,794.4,137.2,11.78,4.04,19.84,52.5,0
8180.8,876.7,1094.9,19.0,1.64,1.95,15.93,61.2,0
5280.1,624.4,880.8,186.8,1.02,1.58,16.79,46.0,0
4917.6,536.2,1060.1,229.7,3.21,0.84,22.71,40.9,0
6208.3,768.6,972.0,80.6,0.61,3.73,17.0,51.9,0
7247.2,695.2,970.6,69.4,0.96,1.5,15.67,50.4,0
7197.1,867.3,777.0,113.0,2.62,6.89,22.39,39.6,0
3863.7,656.4,1074.6,152.6,0.87,5.89,23.0,40.0,0
8867.4,676.9,771.6,53.5,2.99,6.62,16.33,40.8,0
5038.3,1010.6,469.4,194.8,1.14,7.19,16.55,53.7,0
5602.4,829.6,802.7,55.7,3.03,3.05,20.89,36.6,0
4646.0,659.5,949.8,11.3,3.57,6.08,23.16,48.8,0
10047.5,803.5,496.5,130.6,1.44,3.36,18.0,45.2,0
6363.1,1075.8,655.3,36.5,2.2,3.39,18.47,49.3,0
4723.5,858.8,579.3,170.6,0.87,3.5,16.69,40.0,0
7295.9,918.6,1023.1,48.5,3.55,1.95,25.67,41.3,0
7153.7,649.6,1218.0,198.0,3.4,3.65,19.79,50.9,1
5718.4,1005.3,803.9,118.2,2.64,3.69,20.57,32.7,0
7260.9,1263.6,966.9,140.2,3.29,5.68,18.81,36.5,0
4762.1,641.7,961.2,52.9,3.38,3.45,18.71,21.0,0
5260.6,563.6,1191.8,43.7,1.53,2.64,22.92,58.0,0
2984.7,835.1,706.4,155.2,0.37,5.73,19.92,43.9,0
4014.1,975.1,801.6,68.8,0.3,1.74,23.25,43.2,0
8711.4,781.7,775.0,98.8,0.78,3.67,23.28,51.6,0
8462.1,589.4,866.6,120.3,2.34,5.65,17.95,41.7,0
6098.7,778.3,1400.9,62.8,1.99,6.06,16.6,38.1,0
8494.4,919.6,856.8,192.9,4.23,7.29,16.9,44.5,0
5759.9,718.6,662.0,226.1,2.77,5.0,8.77,53.1,0
5634.9,921.5,596.0,109.3,1.66,4.29,25.93,44.4,0
6084.8,1032.9,1125.6,221.0,3.34,7.98,19.72,45.9,0
5812.6,848.0,661.0,213.0,4.62,1.92,25.35,39.8,0
5677.2,794.4,996.0,48.2,0.6,5.96,26.06,43.9,0
7715.1,965.9,700.5,49.9,1.78,4.32,22.68,55.4,0
6225.2,628.8,571.3,119.8,1.94,0.2,18.64,36.2,0
7068.7,609.1,983.1,130.9,1.96,8.0,20.81,40.2,0
7547.1,746.7,711.2,88.5,5.73,1.98,19.64,59.9,0
6582.3,701.6,943.6,82.0,4.87,11.12,22.87,46.1,0
4544.6,639.3,959.8,109.2,5.68,4.38,25.98,31.5,0
3970.7,1166.1,970.2,168.8,0.63,1.62,23.54,64.1,0
6223.2,1234.4,791.0,29.4,1.36,6.0,25.43,35.9,0
5743.1,729.3,1001.0,173.4,1.25,3.03,18.0,20.7,0
6131.1,818.3,647.0,223.0,4.22,4.16,20.12,39.4,0
5975.9,762.4,310.1,185.6,2.76,5.39,20.18,35.2,0
9875.4,1021.5,1005.5,54.1,3.62,4.27,25.55,51.5,0
4004.7,1061.1,886.4,30.1,1.4,4.03,19.95,57.5,0
3015.1,444.5,715.8,122.8,1.0,2.75,19.93,44.5,0
6498.6,895.2,526.3,230.0,0.79,0.2,17.65,49.0,0
5435.4,538.6,402.0,198.4,3.43,4.97,20.9,45.9,0
6474.1,1151.7,861.4,139.4,1.18,5.41,21.23,56.6,0
6875.8,888.0,1212.7,42.9,0.31,9.14,21.56,42.4,0
7926.2,635.3,819.5,174.2,0.98,6.08,22.78,30.8,0
3739.2,751.7,770.5,197.0,2.08,1.45,18.6,43.4,0
5164.9,742.2,844.6,225.1,5.36,0.2,24.22,20.0,0
6643.1,905.0,1329.4,150.8,2.39,0.2,14.79,38.5,0
7155.7,1008.4,1015.4,128.3,1.0,4.12,27.22,38.2,0
9290.2,570.4,644.6,152.4,1.12,5.56,10.98,33.5,0
7433.6,1167.8,856.2,226.9,1.68,5.07,12.51,54.2,0
5914.8,1121.1,923.1,154.5,4.56,4.83,21.71,42.2,0
4664.3,624.9,617.6,69.2,3.33,7.47,15.87,49.3,0
5153.6,814.6,1017.0,156.3,3.23,4.98,19.76,43.1,0
5110.9,1142.2,670.1,212.3,0.58,1.65,20.51,46.8,0
6982.9,1046.6,517.6,140.4,0.42,2.6,27.11,35.9,0
6385.5,732.7,866.7,125.6,1.66,5.15,24.31,44.5,0
4014.5,962.9,831.9,178.7,3.5,4.53,14.96,58.8,0
5346.1,1399.4,849.8,162.0,3.93,3.9,9.81,33.7,0
7316.3,821.0,681.8,23.0,0.43,2.84,21.2,61.7,0
6527.5,673.5,712.5,176.8,0.32,1.75,22.45,57.1,0
6853.0,834.5,1098.3,103.7,0.97,8.21,20.18,42.4,0
6574.4,849.3,947.0,226.4,2.66,1.7,18.89,50.7,0
8439.6,695.1,639.5,233.3,2.41,2.54,18.58,48.0,0
6354.1,888.3,420.8,113.2,0.83,4.14,15.58,34.5,0
5421.0,549.1,648.8,232.8,0.96,4.92,13.13,47.4,0
4626.4,666.9,884.6,81.5,0.3,4.6,16.0,44.3,0
6374.4,951.6,711.0,167.0,1.21,0.2,17.07,39.7,0
2338.9,449.0,693.9,27.3,1.26,4.94,33.39,52.2,0
5723.6,980.6,720.4,43.3,0.73,6.81,20.71,38.3,0
5691.2,397.6,834.0,208.8,1.97,4.69,18.71,39.7,0
3953.3,453.7,1022.6,215.6,2.56,9.18,20.83,33.0,0
4607.6,700.2,849.9,132.5,5.51,7.57,23.23,41.0,0
7214.5,857.4,863.6,88.1,1.96,3.18,20.11,59.2,0
6346.1,1065.1,800.5,113.7,2.3,2.7,20.46,38.2,0
6152.7,811.5,740.1,210.0,1.08,1.48,24.67,53.0,0
6459.5,750.7,1046.7,58.5,1.03,4.13,29.4,43.4,0
6138.9,915.9,1013.3,77.8,1.27,4.89,18.19,46.0,0
7864.3,625.8,1300.0,190.7,1.51,6.98,12.84,29.2,1
6185.1,827.9,984.3,225.1,1.69,3.99,15.91,53.2,0
3812.7,560.1,740.3,31.4,3.35,2.12,16.93,40.2,0
8445.2,816.5,651.0,194.9,0.98,6.84,19.82,46.1,0
6555.5,774.0,1059.6,158.4,1.21,1.11,18.45,48.2,0
5116.1,639.1,670.7,63.1,2.32,5.16,27.03,50.7,0
4119.9,833.0,1028.1,183.8,0.76,4.56,18.97,41.4,0
6593.9,831.7,682.8,177.4,2.23,4.31,21.14,26.0,0
5824.2,1035.1,926.8,42.7,2.54,3.34,13.85,57.7,0
8361.2,478.9,616.9,125.5,0.63,7.04,16.68,58.6,0
5481.1,784.8,1021.6,184.4,0.42,4.88,9.77,35.9,0
4743.9,647.9,578.6,54.1,0.63,5.11,23.51,48.7,0
7343.7,974.0,910.1,116.4,2.73,5.77,26.45,43.2,0
7387.9,950.8,806.5,37.8,1.73,0.51,17.2,57.9,0
6253.0,901.6,872.4,80.6,1.74,1.4,22.5,42.5,0
7014.5,659.2,762.9,60.1,3.05,2.09,26.87,38.0,0
5943.5,977.1,757.8,126.2,2.19,4.21,25.26,35.0,0
6350.8,494.0,884.1,42.5,2.8,1.93,21.16,45.8,0
7747.5,452.9,629.5,98.1,0.52,2.06,21.93,44.6,0
6938.0,544.8,628.2,73.3,3.34,3.49,18.61,63.1,0
5746.1,793.3,771.1,181.6,1.18,6.45,14.79,29.4,0
8028.5,935.0,762.6,170.9,3.93,6.4,26.1,35.9,0
2452.7,204.8,628.8,31.8,0.64,5.62,22.38,34.0,0
9078.1,1064.5,1053.3,229.3,1.03,5.47,20.82,30.8,0
3441.1,826.2,776.4,181.3,3.94,4.01,8.84,35.5,0
5059.4,486.4,800.1,151.7,3.38,4.7,13.36,53.0,0
5938.6,820.2,557.9,119.9,2.44,4.07,22.08,20.0,0
5780.3,1018.5,1305.8,50.9,3.25,4.32,14.34,44.1,0
7509.6,919.9,1384.0,231.3,0.34,4.62,19.83,59.4,1
4413.2,1019.8,678.3,11.8,1.12,3.28,18.74,44.1,0
6391.2,526.8,1119.7,169.3,2.22,0.2,15.35,38.8,0
5132.7,717.2,829.8,126.7,3.43,5.8,17.98,42.5,0
6442.7,615.1,1202.8,217.6,2.0,4.29,27.84,41.8,1
5902.8,1143.5,924.0,97.6,2.51,0.2,20.44,51.4,0
6139.4,927.9,871.9,129.3,1.05,5.82,19.35,40.4,0
5175.1,1369.4,300.2,180.7,4.14,4.93,25.39,38.1,0
5234.9,706.5,656.7,20.9,3.64,0.22,17.03,39.7,0
6430.9,655.1,854.5,22.5,0.88,8.4,17.33,67.6,0
7415.6,771.4,893.7,58.7,5.14,3.87,12.58,47.1,0
5102.6,1075.7,582.7,43.7,2.07,9.77,25.31,61.1,0
4696.8,726.8,689.7,11.5,1.36,6.89,21.0,61.7,0
6920.2,824.9,971.8,153.3,0.72,8.03,12.06,46.3,0
5951.2,819.3,545.7,193.1,0.3,4.14,13.9,47.7,0
7245.7,807.9,879.4,230.1,2.46,4.53,21.29,45.3,0
4641.3,669.5,1122.3,111.4,2.22,5.66,25.9,53.5,0
3330.8,772.5,934.8,74.3,1.86,4.81,16.54,50.5,0
5200.5,764.0,923.8,208.7,3.57,5.69,15.82,49.8,0
4850.5,798.5,405.6,204.2,5.84,3.82,11.58,44.2,0
5881.8,988.7,669.2,153.7,1.68,0.2,15.46,26.9,0
5044.7,1152.1,1301.9,72.8,3.04,2.91,22.05,38.9,0
7111.5,631.9,718.2,219.0,2.73,5.16,18.48,43.5,0
5567.8,721.6,1128.2,51.0,0.45,4.96,23.44,50.2,0
6225.7,635.0,715.6,20.0,0.3,9.0,15.48,52.7,0
6236.5,837.4,788.9,193.2,1.67,3.12,24.18,26.6,0
6292.4,692.3,963.4,139.6,1.78,4.99,14.73,41.0,0
5963.8,848.0,872.2,66.7,0.92,5.75,23.51,53.1,0
6765.9,1020.7,933.9,164.3,2.84,5.21,18.22,41.9,0
4806.5,294.8,670.0,186.3,1.62,2.03,21.12,48.1,0
8099.1,898.4,600.0,204.2,3.03,5.11,22.51,43.3,0
5645.2,708.0,655.1,74.9,1.38,1.55,12.85,33.6,0
4032.7,892.1,732.9,15.9,1.05,2.91,16.17,44.0,0
6282.1,620.7,799.6,127.3,1.3,3.59,21.41,29.5,0
4723.2,1039.3,1078.2,206.9,1.53,3.56,17.33,56.8,0
6998.0,982.7,869.2,57.8,3.37,0.2,18.79,42.9,0
9314.4,913.7,956.6,106.9,2.09,3.91,19.43,48.6,0
4820.1,958.6,881.2,69.0,0.51,4.33,12.71,29.3,0
6498.6,650.9,604.6,13.1,1.92,4.58,14.95,40.9,0
3366.7,676.1,853.8,216.7,4.01,3.37,20.1,39.4,0
6680.9,950.5,878.8,41.1,1.77,8.94,20.83,41.5,0
4671.4,646.5,1017.2,186.4,0.64,4.46,28.3,38.8,0
5062.7,1089.1,614.9,89.7,1.46,2.93,17.18,52.0,0
4348.1,735.3,401.1,73.9,1.93,4.79,20.09,45.4,0
7098.2,900.4,888.8,226.4,0.67,2.41,17.08,45.9,0
7511.0,1219.8,927.8,161.2,1.31,6.41,20.27,44.8,0
6035.1,658.8,810.5,168.0,2.37,5.28,28.6,58.7,0
4703.4,813.8,856.2,184.7,0.51,8.04,23.56,29.5,0
8384.3,1010.8,1043.3,88.4,1.75,6.5,20.79,45.9,0
4874.4,990.3,749.1,139.6,1.91,7.75,16.63,48.9,0
2757.0,734.4,788.7,72.2,2.57,0.2,15.46,49.8,0
6687.6,696.7,867.4,201.9,1.64,1.44,23.66,23.8,0
4342.8,753.4,581.6,147.8,0.79,5.76,21.35,36.4,0
7482.9,1089.6,816.6,66.0,3.05,2.55,13.09,46.0,0
5428.3,744.2,836.0,216.9,3.05,7.84,23.25,51.1,0
6905.6,815.6,1210.1,143.6,2.39,3.4,14.75,22.9,0
8102.3,714.6,784.4,123.9,2.17,6.82,24.48,39.7,0
4186.7,941.1,894.0,17.9,1.57,5.22,13.74,52.3,0
5151.1,831.1,1052.1,219.3,0.4,3.78,18.22,53.5,0
5886.5,599.3,665.8,229.0,1.7,2.26,22.87,51.7,0
8306.3,606.2,1152.7,139.4,4.87,4.82,17.31,47.3,0
5012.4,400.3,1238.1,111.8,2.93,3.57,19.54,52.1,0
5108.2,633.7,843.6,92.7,1.55,2.0,19.57,53.5,0
6717.2,958.8,731.3,71.7,3.19,0.46,17.99,54.5,0
5134.2,1064.8,1208.0,142.1,0.55,4.24,25.34,59.1,0
6228.8,937.1,1025.0,39.5,3.12,6.48,23.75,45.9,0
3672.7,910.9,868.0,221.4,3.28,4.73,10.09,56.8,0
9321.5,774.7,1163.9,50.5,2.4,5.81,25.07,43.3,0
3978.4,955.0,1140.6,181.5,1.28,3.69,17.68,44.4,0
5517.4,857.3,776.0,80.6,1.68,2.02,27.81,60.2,0
5951.3,1160.9,904.7,62.0,4.43,5.89,16.53,65.1,0
8869.0,780.3,976.9,138.3,1.47,3.42,16.97,47.0,0
4012.7,1068.6,856.3,186.0,1.27,4.13,18.74,50.9,0
8975.6,974.8,544.0,177.1,1.74,5.84,23.54,27.6,0
7135.8,947.1,643.6,63.8,0.59,5.89,18.51,42.3,0
6625.6,397.7,551.2,86.0,1.17,4.26,20.69,50.7,0
4523.0,985.8,958.4,209.8,0.3,6.2,21.76,43.8,0
6856.7,774.5,589.4,176.3,2.35,5.35,17.85,45.5,0
4914.8,711.2,892.3,173.9,3.11,5.4,27.93,46.4,0
7900.0,503.4,1253.0,71.8,0.83,7.38,18.83,52.9,0
4543.4,798.9,1164.1,192.2,1.21,5.48,16.71,30.9,0
5830.3,806.7,445.8,92.4,4.6,8.58,19.8,60.2,0
5167.1,539.4,568.7,102.3,1.22,0.63,25.05,53.8,0
4518.7,505.3,679.2,76.1,4.03,1.73,18.84,47.3,0
7112.0,897.3,592.8,37.9,0.62,2.8,21.46,45.0,0
6803.2,974.3,486.2,106.7,2.12,1.34,18.53,34.1,0
7813.5,838.1,847.6,13.9,2.07,8.53,23.15,45.6,0
3330.2,1030.2,1005.1,114.9,2.01,7.98,7.69,32.1,0
7596.3,782.7,1059.9,176.8,1.58,5.86,21.73,58.5,0
9758.2,789.1,745.6,231.0,0.66,4.9,19.41,52.6,0
5322.5,616.6,790.2,28.1,1.03,1.42,26.2,48.4,0
8842.7,488.0,928.2,74.7,1.59,5.19,20.75,33.9,0
5605.3,1170.9,826.1,123.7,1.79,4.36,17.94,33.3,0
3941.4,1026.3,1028.3,49.2,1.83,6.15,22.77,35.0,0
5541.6,521.5,944.7,36.9,2.43,2.9,20.34,43.2,0
7572.3,831.2,767.2,114.0,1.26,5.44,19.57,57.6,0
4742.7,780.0,441.5,143.6,0.96,6.54,24.23,51.6,0
5099.5,745.2,1179.8,198.6,0.73,6.3,22.16,50.1,0
6890.3,718.2,699.1,239.5,5.04,4.39,20.17,42.8,0
6004.6,876.3,928.7,188.1,2.64,7.42,27.28,43.8,0
6876.9,963.6,428.3,60.9,1.72,1.83,15.53,49.9,0
6356.7,880.5,847.5,182.0,0.78,4.7,20.55,45.2,0
6719.4,775.9,872.1,133.5,0.45,5.45,23.93,46.9,0
5351.5,768.6,882.7,113.7,1.28,4.0,9.46,32.3,0
6347.6,987.4,1513.0,225.2,1.62,5.91,9.99,60.8,1
4608.9,892.7,711.2,171.5,0.41,6.59,15.19,33.5,0
7932.7,814.5,1030.5,166.8,3.05,0.2,25.81,47.2,0
5048.6,792.8,965.1,12.7,1.23,7.87,24.8,44.7,0
7693.3,869.1,700.7,209.0,6.19,2.71,24.15,51.3,1
5649.6,706.3,1027.2,192.5,2.77,6.95,23.14,51.4,0
6303.0,964.3,813.8,78.8,0.3,2.34,21.07,56.6,0
5257.6,584.8,1042.6,77.2,0.32,5.25,24.83,39.2,0
4476.0,717.7,1281.4,22.3,0.8,5.32,19.2,55.4,0
3382.9,922.2,883.2,21.7,3.43,3.63,17.47,45.6,0
4417.0,573.4,788.2,163.8,1.3,2.89,27.46,51.0,0
5514.1,485.4,1081.3,52.8,3.86,11.26,19.51,55.0,0
6317.8,812.6,1157.3,222.4,1.08,2.76,22.36,48.9,0
7515.6,460.7,655.7,203.8,1.54,7.78,26.03,31.4,0
5331.4,540.2,750.3,90.2,0.87,11.2,18.64,47.4,0
4677.1,951.3,998.6,97.4,2.65,3.17,22.93,52.5,0
3835.9,759.0,821.0,85.3,0.81,0.2,18.11,46.2,0
6720.1,1057.1,640.0,31.3,3.13,4.04,20.75,56.4,0
8074.8,559.0,969.0,17.2,2.09,2.87,26.42,47.5,0
7899.5,781.2,997.7,114.0,2.08,5.73,21.09,55.3,0
7064.9,879.9,776.4,226.9,4.95,2.9,21.06,44.2,0
6957.8,565.9,863.5,221.0,0.67,3.55,17.85,55.6,0
8546.4,1006.4,723.2,196.3,1.08,3.91,25.16,41.0,0
6498.1,902.1,609.0,154.6,1.28,1.04,26.69,46.5,0
6969.2,478.1,740.6,206.9,0.51,3.54,21.62,35.1,0
5518.8,792.5,866.3,128.5,0.63,3.84,17.89,43.3,0
3956.9,877.2,525.5,51.4,0.63,2.29,15.76,47.1,0
4974.2,682.0,756.7,167.4,1.15,4.89,17.18,31.2,0
5986.3,504.0,869.3,221.7,0.97,6.89,16.17,57.7,0
6091.2,855.7,1112.8,14.5,2.16,3.43,22.79,46.7,0
8889.4,1242.2,781.2,67.8,0.48,3.98,11.97,51.1,0
6121.9,722.6,575.9,71.1,0.48,3.38,19.94,44.7,0
7768.3,1113.8,803.9,32.8,0.5,8.51,18.5,40.5,0
5347.4,649.5,725.4,61.9,2.73,2.46,24.72,26.9,0
5532.5,843.1,971.5,98.3,1.49,2.36,22.01,51.2,0
4006.5,954.3,775.7,226.2,2.69,2.68,16.58,55.7,0
4886.5,798.3,253.7,207.9,0.61,7.22,19.18,45.7,0
6790.5,740.5,1662.2,227.6,2.73,7.43,23.34,33.6,0
6011.3,945.2,881.3,37.7,7.83,1.94,19.94,55.0,0
7414.4,1178.3,869.6,16.5,4.27,6.05,10.37,55.7,0
6271.9,860.1,510.9,35.3,4.8,3.05,19.56,47.8,0
5471.3,696.8,527.8,220.3,1.91,0.61,12.56,50.6,0
9222.4,762.0,829.8,46.2,0.53,0.61,19.19,58.0,0
5859.1,1303.9,924.0,141.7,0.3,3.66,25.53,50.8,0
7744.5,827.0,1004.5,62.3,2.91,6.16,20.84,52.4,0
5398.2,681.1,902.2,14.7,2.05,4.11,20.28,59.4,0
7064.4,571.0,589.1,29.5,3.19,4.39,16.37,48.6,0
7392.0,434.8,299.0,173.3,1.05,0.2,19.64,35.2,0
6312.7,872.7,828.0,51.9,3.31,3.18,17.84,69.6,0
2468.3,930.9,732.5,62.7,1.24,3.42,23.01,56.6,0
6027.4,720.7,572.2,96.8,2.51,3.09,18.88,55.4,0
7845.7,797.0,1032.2,161.2,4.09,1.56,21.52,41.3,0
6791.2,565.9,503.4,118.0,1.26,8.87,19.54,46.9,0
6668.8,826.6,985.7,227.3,1.8,5.53,20.31,32.4,0
3416.6,896.3,539.8,109.9,1.28,6.2,18.58,41.8,0
4919.3,693.0,879.5,55.8,2.48,4.34,18.47,42.3,0
6617.0,1138.1,1055.5,133.3,2.37,7.44,19.92,41.2,0
6615.6,632.6,775.7,113.7,0.49,1.74,17.6,31.8,0
7822.0,856.7,1221.8,191.0,3.72,6.24,25.7,32.9,0
5782.7,969.7,1271.9,225.1,0.44,1.14,13.04,51.1,0
6608.7,784.5,902.2,202.3,4.22,4.24,23.35,48.3,0
6024.6,762.3,969.1,99.5,2.65,4.13,26.62,56.2,0
4519.6,514.2,1083.4,59.7,1.07,4.36,18.32,37.2,0
2616.3,1071.5,969.8,220.3,1.31,4.14,19.11,49.2,0
6646.5,766.0,946.2,98.8,3.21,0.2,16.37,44.4,0
6260.9,907.5,734.7,187.1,1.36,3.09,24.41,45.3,0
5072.7,934.5,478.8,237.6,2.77,3.92,23.25,38.6,0
3571.2,674.3,544.2,142.8,4.22,2.85,15.68,28.6,0
6944.6,760.5,1374.1,120.4,4.03,0.2,14.41,46.2,0
5601.1,1066.9,920.9,171.0,1.47,3.22,18.9,37.0,0
6835.3,576.6,795.9,54.6,2.37,5.65,22.75,37.1,0
8796.1,1225.6,1127.9,122.3,1.37,7.85,22.39,41.6,0
2787.9,651.0,685.1,81.8,3.52,3.73,19.91,50.6,0
4950.6,564.1,978.3,47.8,0.52,3.5,21.33,30.1,0
5685.9,826.5,867.0,150.3,0.33,2.14,20.08,43.5,0
8182.2,1241.7,951.2,142.4,3.04,7.96,17.8,31.2,0
3545.4,417.8,776.0,185.1,0.33,2.26,20.48,53.2,0
8903.8,771.8,637.8,210.8,0.88,3.23,16.62,59.1,0
6203.8,895.3,669.0,60.7,1.1,5.19,24.32,51.9,0
5856.0,806.7,677.5,189.3,2.65,6.44,18.04,54.5,0
5702.9,876.4,849.3,94.5,1.8,2.77,18.19,69.4,0
5345.6,656.4,507.7,154.6,0.9,3.55,12.64,25.7,0
7572.2,680.1,575.6,205.6,0.3,3.46,18.05,47.0,0
4397.2,770.3,879.8,68.9,1.21,0.65,20.31,43.9,0
6518.1,574.0,821.9,148.2,1.51,5.13,13.55,48.8,0
5423.7,791.1,891.9,120.5,5.43,2.51,24.51,40.1,0
4856.8,722.3,840.1,191.8,0.3,2.93,15.75,47.5,0
9879.0,706.0,1404.2,170.4,2.27,4.85,20.33,50.9,0
6628.6,864.1,877.9,187.0,1.81,4.24,23.57,49.7,0
6919.9,435.9,766.6,76.2,1.9,8.43,12.83,31.4,0
7706.7,754.2,872.2,172.0,0.3,8.43,15.31,53.0,0
3868.0,1263.5,1074.4,149.3,2.94,7.64,20.98,39.2,0
8628.4,582.8,839.1,115.0,2.14,9.03,22.35,40.6,0
2236.6,1057.1,1000.6,97.0,0.66,8.03,9.7,39.9,0
4846.9,810.9,937.1,86.3,0.3,0.2,20.72,50.5,0
5311.5,679.4,786.1,12.2,2.58,5.38,16.99,31.2,0
6872.6,535.9,874.4,49.0,1.04,4.8,20.36,56.1,0
6328.1,827.9,1201.8,23.6,2.19,4.69,19.77,64.9,0
5749.8,1090.7,903.5,205.1,3.27,2.8,23.43,43.9,0
5982.0,722.2,633.1,207.8,5.6,0.2,17.23,34.6,0
4533.0,783.8,779.7,204.6,4.97,2.63,26.95,29.6,0
3754.2,1002.1,384.9,198.1,6.11,2.31,23.08,43.7,1
7089.8,868.2,880.2,60.9,3.88,5.74,18.34,40.6,0
7040.6,485.5,1138.7,123.1,0.75,3.29,16.73,52.4,0
8376.7,819.8,554.9,218.8,0.96,7.1,23.01,54.7,0
4815.0,1102.4,882.9,184.7,2.81,8.45,20.16,32.6,0
7039.2,792.6,1066.8,10.4,1.44,1.95,23.66,43.1,0
5574.4,251.7,1090.1,115.7,2.23,1.36,21.24,37.7,0
7785.7,877.6,1131.6,12.5,1.57,5.23,10.38,47.3,0
7532.9,760.3,439.0,74.6,1.17,5.52,18.45,22.8,0
6316.8,434.2,961.1,110.2,0.58,4.28,20.21,31.8,0
5490.7,464.2,518.8,215.4,1.04,1.1,12.85,40.4,0
7441.4,995.0,630.4,160.5,1.1,4.84,23.88,50.7,0
6970.4,653.5,1030.6,93.4,0.88,3.46,18.45,38.9,0
4973.3,618.5,884.8,122.9,2.13,5.75,14.64,53.8,0
4008.3,792.9,1009.8,198.0,3.37,3.44,17.45,34.4,0
5567.2,671.2,645.6,78.9,1.36,6.07,18.24,43.5,0
8273.1,820.0,1174.2,151.5,2.47,6.09,21.29,38.2,0
7719.7,759.5,1001.4,70.3,2.95,2.54,23.73,55.0,0
4331.5,560.0,1045.6,120.4,2.03,5.85,13.48,58.5,0
4248.4,697.8,612.4,15.7,3.05,5.31,22.09,52.8,0
7912.0,888.6,1107.7,206.0,0.99,3.58,15.35,57.3,0
4296.5,808.4,780.4,21.1,2.46,6.99,21.01,43.8,0
6763.9,783.6,715.5,61.6,2.08,0.81,13.75,36.9,0
5075.9,1187.5,987.6,86.7,3.93,2.92,23.82,40.9,0
8425.6,946.2,978.3,153.8,2.5,6.91,22.75,34.4,0
4844.4,970.5,663.7,175.6,0.31,4.45,22.45,48.3,0
7715.0,766.8,1302.4,28.5,0.93,3.66,22.68,40.8,0
6277.3,844.0,1249.2,20.0,3.17,3.32,18.68,36.0,0
6378.3,713.8,983.1,193.8,4.11,2.01,20.91,45.3,0
3044.5,955.5,944.7,173.8,3.23,7.46,18.85,26.5,0
2695.6,777.9,922.6,201.3,1.92,4.46,27.57,47.3,0
5669.2,844.5,509.0,165.6,1.88,4.09,27.27,29.7,0
6370.4,832.1,874.8,182.7,3.48,6.75,17.03,45.1,0
4312.2,796.4,871.9,97.2,0.82,6.79,29.06,46.9,0
4367.0,1387.6,723.3,145.7,2.42,4.58,24.26,35.2,0
6842.2,666.7,781.9,195.2,0.83,10.17,27.59,41.7,0
6844.3,664.9,326.1,49.6,2.3,0.55,14.64,46.1,0
5793.4,938.8,608.6,107.2,2.02,8.14,15.1,35.3,0
7170.3,681.0,1052.8,180.3,2.36,5.22,25.2,50.4,0
4238.7,741.7,1230.9,132.5,2.33,5.91,13.37,59.9,0
5466.1,582.7,642.5,166.8,1.28,0.93,18.97,44.5,0
8471.8,898.3,890.2,77.4,1.59,1.52,23.0,54.2,0
6102.5,900.9,1091.6,17.4,1.0,3.74,23.44,47.4,0
6189.5,737.0,735.6,16.7,2.07,4.84,22.39,42.7,0
9458.9,943.0,998.8,226.8,0.88,4.81,23.66,45.2,0
3901.0,428.4,842.6,227.2,3.52,3.6,14.52,43.0,0
7194.6,658.6,1111.9,58.6,1.71,2.42,17.71,47.4,0
8496.0,766.0,567.9,43.9,4.94,4.34,23.78,47.2,0
5512.7,565.5,607.0,14.2,1.78,0.2,20.3,54.8,0
7289.4,450.3,911.5,63.2,0.43,9.37,16.43,40.0,0
4527.0,738.4,871.2,86.9,3.59,3.62,23.64,40.1,0
4969.9,938.8,837.6,65.5,3.61,2.02,17.74,53.8,0
6577.4,1056.4,976.7,193.4,1.3,2.2,19.48,45.4,0
7197.9,690.5,645.3,182.4,1.69,1.2,19.96,43.9,0
7681.4,946.6,548.7,28.6,0.96,6.6,19.73,23.4,0
8354.4,927.3,740.0,170.4,4.03,5.29,22.69,59.1,0
5898.8,1043.7,764.6,129.7,2.45,3.7,21.7,40.2,0
7790.4,730.0,787.6,40.4,0.96,3.64,14.9,47.6,0
5486.5,440.3,1129.2,180.1,0.56,3.0,18.91,40.3,0
7353.1,814.0,1019.5,29.8,1.93,0.2,18.49,51.3,0
6311.2,597.2,967.3,50.7,1.22,5.95,13.41,53.3,0
6668.5,655.3,898.8,44.3,0.3,4.01,22.38,36.1,0
6635.3,739.8,754.5,226.0,0.6,5.5,28.31,59.3,0
3592.9,732.2,662.1,170.6,2.59,6.27,25.87,31.7,0
4313.8,828.3,586.6,104.6,0.53,6.62,23.12,44.2,0
6153.8,940.6,697.2,199.1,4.6,4.38,12.86,36.0,0
3469.1,726.5,840.6,59.7,0.94,4.35,19.2,51.0,0
7246.8,879.1,595.9,224.2,1.57,6.8,25.43,59.4,0
7307.3,803.0,887.3,170.3,1.33,3.74,25.56,48.4,0
6490.8,987.1,807.2,138.7,2.01,7.29,21.46,39.7,0
4318.3,762.3,762.6,192.8,2.06,6.72,18.29,37.7,0
8070.2,784.2,1105.5,158.3,0.85,2.67,18.78,62.8,0
9055.8,725.1,308.7,214.0,2.21,2.29,20.73,37.6,0
6220.6,767.6,765.6,200.7,1.36,1.21,10.8,36.2,0
6765.8,643.3,332.5,55.5,0.99,6.23,16.76,40.2,0
6302.6,623.5,902.5,65.1,2.63,0.2,11.43,40.7,0
6795.6,955.2,1017.7,25.0,1.57,0.2,11.69,38.7,0
5820.7,583.4,552.8,60.6,3.99,4.94,12.87,37.6,0
5948.2,736.2,580.9,89.0,0.76,0.24,20.77,43.3,0
7358.6,1003.1,476.4,16.6,0.3,1.37,16.27,46.2,0
9518.4,729.5,864.0,82.4,2.21,4.45,19.72,46.4,0
3899.9,965.7,775.0,187.5,0.77,0.21,20.38,28.2,0
5844.3,681.8,788.7,203.3,0.71,0.64,14.32,37.7,0
4229.3,589.8,769.0,12.0,0.72,7.96,14.14,42.0,0
8388.0,481.0,635.8,11.6,3.61,4.99,15.55,44.6,0
5118.4,1062.5,1099.0,43.7,5.76,6.33,19.82,46.5,0
3835.2,572.6,909.9,210.7,2.51,2.51,24.63,34.1,0
6957.3,949.4,589.4,117.9,0.69,8.3,8.48,43.8,0
8616.5,600.0,695.9,236.1,0.65,0.2,24.74,61.5,0
6995.4,1063.5,658.1,214.1,5.66,0.2,23.61,39.8,0
6307.2,1241.4,1159.3,214.7,1.09,0.2,15.45,30.9,0
6613.7,462.7,1006.5,39.5,4.77,1.71,19.15,55.6,0
8122.3,583.0,822.2,119.3,3.07,6.95,20.29,44.5,0
4688.7,954.6,1225.6,238.5,3.98,8.91,19.72,39.8,0
5832.2,902.6,1169.4,44.3,4.3,4.35,18.96,58.3,0
5321.0,955.4,799.2,142.1,1.78,5.4,23.36,20.0,0
4248.2,685.2,759.7,89.2,1.71,0.2,15.84,40.3,0
5507.4,1197.5,770.3,99.2,1.49,5.28,22.63,29.5,0
7661.6,823.6,640.4,214.9,1.96,2.34,19.62,59.0,0
6849.9,556.6,1231.5,145.2,4.74,1.29,16.03,39.4,0
6966.5,749.4,628.6,184.5,3.69,2.92,17.55,31.8,0
6219.7,559.3,1041.0,164.8,1.58,3.57,9.03,29.8,0
6785.0,1118.2,1001.9,131.7,1.88,7.22,24.76,55.2,0
4799.1,667.9,782.9,192.1,0.74,0.2,17.24,63.1,0
5535.7,898.5,1248.2,233.3,3.9,1.41,17.17,43.1,1
6288.0,705.9,507.0,232.4,1.29,7.01,15.51,45.3,0
6416.3,676.9,832.5,191.6,1.37,0.88,24.73,39.6,0
6480.3,417.9,742.4,122.1,1.26,0.2,16.9,53.4,0
5792.5,919.6,1061.3,47.5,3.27,9.89,20.35,38.6,0
5433.9,1059.8,927.8,20.2,2.29,1.19,11.55,36.5,0
10736.7,616.8,470.0,63.2,0.49,3.58,28.33,40.4,0
7360.2,491.0,1122.7,88.3,1.57,3.44,16.45,50.9,0
6619.7,960.7,956.8,39.9,0.71,7.46,12.39,51.4,0
5650.2,470.8,622.2,61.7,5.65,4.2,21.76,33.0,0
5323.2,1043.9,773.1,29.2,0.3,4.79,18.23,43.6,0
5803.8,619.1,564.0,130.4,0.51,5.85,20.87,21.6,0
6439.2,579.3,812.4,39.1,0.65,6.1,25.49,34.1,0
3179.3,849.7,883.0,180.8,0.96,6.34,16.05,41.6,0
3645.9,592.4,776.4,86.5,0.53,7.42,18.0,36.2,0
5044.7,658.6,750.9,164.6,1.73,2.3,18.5,45.1,0
6310.7,870.8,495.2,213.0,0.86,1.61,15.14,57.3,0
5641.1,314.2,924.2,29.8,1.01,2.82,21.42,47.6,0
8217.2,1128.5,426.6,237.5,0.35,2.1,14.78,59.9,0
3776.4,808.7,856.8,158.4,1.39,5.99,21.85,40.8,0
4873.0,541.4,454.2,22.3,2.56,0.2,21.01,42.6,0
8280.1,596.6,861.1,82.2,3.04,7.26,17.27,51.7,0
6196.7,998.3,848.7,213.8,1.56,5.18,16.41,57.5,0
7327.3,920.2,938.7,147.1,1.87,0.2,16.3,50.0,0
9076.9,1077.4,1039.7,76.1,1.55,4.09,22.83,53.4,0
4959.3,663.5,1080.5,226.3,1.89,4.83,25.56,43.5,0
5851.0,859.3,495.8,191.1,3.76,6.22,17.45,34.3,0
5591.4,885.3,837.2,179.2,4.3,3.87,15.95,52.1,0
3068.1,939.1,1292.4,214.3,0.38,4.0,18.58,41.4,1
5534.4,1025.5,876.2,187.0,2.35,3.69,18.53,44.7,0
7321.6,656.5,667.1,75.9,3.21,6.84,19.19,29.0,0
6810.9,777.2,832.5,144.3,1.37,8.72,18.76,64.3,0
6928.6,678.0,765.6,203.7,2.54,4.75,20.48,52.4,0
5436.7,789.5,591.2,51.6,2.42,2.53,22.39,57.7,0
5015.9,939.7,1041.2,47.5,1.6,4.96,20.39,56.8,0
7903.9,469.2,978.6,46.6,2.21,8.7,23.96,45.8,0
5254.0,1021.9,556.4,54.7,1.21,4.02,24.47,25.0,0
6441.1,572.2,829.5,33.7,0.87,2.24,17.45,45.4,0
6245.0,738.5,725.4,202.7,1.44,8.0,18.68,38.7,0
8192.6,1048.8,497.6,198.2,1.53,4.58,20.7,57.5,0
7457.1,865.6,538.7,44.8,1.37,4.26,24.57,51.3,0
4057.1,867.9,571.5,172.3,0.5,0.3,18.42,48.1,0
4218.7,563.9,837.1,154.2,1.58,4.29,27.43,35.8,0
6868.4,591.2,749.3,73.5,1.85,6.19,17.09,36.6,0
5903.5,988.3,639.0,62.3,3.59,2.75,16.63,29.9,0
5317.2,682.2,763.8,67.6,2.77,3.42,13.73,35.2,0
7523.4,701.0,1014.5,178.0,2.93,4.1,20.82,44.3,0
6281.2,992.8,928.5,83.4,0.79,4.18,17.16,37.3,0
6078.7,590.0,1070.4,73.9,2.82,4.51,19.32,47.7,0
7169.7,853.8,799.8,15.2,2.07,8.37,18.21,51.5,0
5437.3,808.6,1202.6,218.9,2.36,2.82,19.94,48.4,0
8352.8,799.5,926.6,183.1,0.7,2.35,22.45,62.6,0
4817.9,696.3,742.4,118.7,2.91,1.97,19.52,42.7,0
6985.4,684.0,870.4,226.9,2.1,3.2,18.87,56.2,0
8150.7,584.3,575.4,77.5,1.24,1.28,16.61,56.7,0
3934.1,896.5,782.6,165.2,1.35,3.44,26.9,32.2,0
5485.0,666.4,944.6,80.2,1.66,6.02,21.72,49.0,0
7713.3,993.7,984.6,82.4,1.76,6.53,13.6,60.2,0
7735.9,755.1,759.8,204.3,0.44,1.37,16.2,40.9,0
5742.8,588.3,1451.5,191.0,1.34,3.07,23.98,36.1,1
4898.0,752.4,812.1,77.6,1.79,5.34,17.32,48.7,0
7433.9,717.8,480.8,28.7,2.49,2.5,19.5,46.9,0
7775.3,1001.8,1116.9,92.2,1.3,6.37,19.88,67.7,0
4253.0,726.2,983.6,184.8,0.71,3.56,17.63,55.4,0
4194.1,744.8,901.0,33.1,2.18,0.2,21.89,50.7,0
6337.9,1082.3,747.7,164.6,0.42,4.93,18.78,36.8,0
6944.0,901.7,936.5,214.6,2.8,5.96,20.33,29.5,0
5551.4,1132.5,1206.2,51.2,3.81,1.82,16.54,57.3,0
7018.9,1051.8,894.4,208.3,1.29,2.71,11.13,49.1,0
4934.8,622.6,526.6,21.8,2.52,2.46,16.35,44.3,0
2828.0,998.0,150.0,163.4,1.68,4.77,17.03,45.2,0
5364.1,1105.1,934.6,191.9,0.78,1.97,19.94,51.0,0
6094.8,1106.6,633.1,112.3,3.58,3.56,22.54,38.8,0
5586.2,997.6,828.1,56.9,0.45,1.34,21.98,22.0,0
4262.1,993.5,672.0,222.7,1.9,3.47,22.17,38.5,0
3276.5,739.5,656.2,14.6,3.02,3.87,15.95,43.8,0
5228.9,632.5,681.6,137.7,3.55,2.77,17.75,34.5,0
7346.5,729.6,701.5,95.8,3.48,0.2,20.05,44.7,0
7884.3,467.0,1020.8,116.0,0.83,8.86,27.6,65.4,0
7781.6,1068.6,976.2,133.4,1.78,4.95,32.04,44.3,0
4776.1,743.3,584.2,133.0,2.13,2.44,17.52,31.2,0
4269.4,1058.3,614.2,56.8,1.05,4.88,15.5,46.6,0
6745.0,553.7,933.4,166.3,5.29,5.98,15.25,46.9,0
6952.7,1016.5,1081.6,14.4,2.21,5.18,16.2,44.6,0
6600.3,701.0,1078.2,14.9,1.15,5.78,24.77,32.5,0
2978.9,543.1,629.4,120.1,0.4,6.59,22.93,51.6,0
4699.7,1125.4,1067.6,134.6,0.43,1.97,11.7,66.3,0
5955.5,1021.5,459.2,73.2,4.99,3.19,13.11,56.5,0
6730.8,842.4,805.4,136.9,1.77,4.2,23.79,55.0,0
7151.0,806.8,957.1,128.7,0.3,5.01,28.3,32.0,0
6216.4,887.9,392.7,90.3,0.8,4.78,24.09,40.2,0
6496.2,838.9,1310.4,159.9,3.7,0.2,16.54,36.4,0
6127.3,641.5,1141.9,230.3,2.63,11.11,16.88,43.7,0
7028.4,717.6,992.3,122.9,0.56,8.17,21.2,52.3,0
6469.3,1192.1,637.7,190.8,1.46,2.61,23.18,51.6,0
6098.6,1334.4,835.0,66.9,0.72,5.68,22.01,46.2,0
5597.4,1112.5,1023.9,185.2,1.47,2.25,12.52,35.4,0
6121.9,895.6,603.0,159.2,2.82,1.45,20.87,52.7,0
6726.9,732.5,810.3,157.1,0.46,1.78,21.68,49.8,0
6401.2,640.4,1050.3,215.4,1.01,2.81,22.64,20.0,0
6571.2,653.5,521.2,63.7,0.75,5.13,19.34,48.3,0
8014.1,689.3,923.1,94.7,0.43,5.26,28.28,33.8,0
6397.7,1230.2,464.0,29.1,5.13,3.47,21.32,42.3,0
5026.5,1161.3,642.4,177.0,0.98,0.2,15.31,35.7,0
7325.4,949.3,739.0,204.1,0.42,5.11,19.62,46.4,0
3950.7,607.9,963.0,103.3,1.87,7.49,18.96,48.0,0
4377.9,978.6,695.8,92.1,1.65,3.45,13.27,48.4,0
6503.8,752.3,877.6,161.5,3.31,3.84,14.37,46.6,0
6774.6,369.4,698.8,27.4,1.55,9.24,25.56,47.0,0
4132.4,857.4,733.3,77.6,0.93,6.18,18.29,40.4,0
5425.8,631.6,1125.1,94.2,2.22,1.65,27.95,46.4,0
5090.9,638.4,596.9,129.3,2.28,1.22,18.98,51.8,0
5270.0,749.9,1017.0,119.6,1.35,0.93,23.96,45.1,0
7415.4,700.3,849.8,58.0,4.25,4.95,24.49,45.2,0
7059.8,793.1,723.4,134.4,1.0,8.01,22.36,36.2,0
5971.3,783.5,582.1,222.9,2.03,5.43,18.21,50.2,0
5181.1,424.8,597.8,16.2,0.3,1.6,25.65,54.7,0
3975.5,1104.1,687.5,166.5,3.27,6.14,16.6,52.9,0
8130.3,603.3,817.0,153.7,0.49,2.01,21.49,42.9,0
6888.2,609.5,982.8,222.6,1.9,10.24,26.38,54.9,0
4940.0,734.3,783.9,158.4,1.47,2.6,23.56,45.7,0
7079.4,778.3,798.7,153.7,1.87,1.33,18.94,30.9,0
5894.7,1091.8,831.5,187.1,1.61,4.76,17.89,53.4,0
5569.3,853.9,954.9,71.6,1.89,6.22,24.8,35.9,0
6652.8,913.3,991.9,147.0,1.79,4.91,26.66,38.8,0
4887.8,854.9,544.9,129.5,1.21,4.82,16.78,44.8,0
5484.4,846.3,787.9,110.8,1.11,5.69,21.44,48.7,0
6182.2,861.9,1120.0,28.3,3.43,4.21,23.16,52.0,0
5250.8,413.5,560.5,77.3,1.59,5.01,20.11,29.6,0
7003.6,750.0,866.3,74.4,3.28,6.0,20.71,49.2,0
8803.6,1032.5,812.4,176.6,2.04,0.94,23.67,31.2,0
4868.6,1588.5,725.3,221.8,0.45,3.38,17.51,46.3,0
3502.3,559.1,1200.0,63.1,0.81,5.8,21.8,44.6,0
2997.4,884.6,858.1,27.2,1.8,0.2,19.03,25.8,0
5774.3,685.8,1182.5,240.0,3.1,4.87,20.54,64.7,0
5005.3,1209.5,851.2,169.0,2.82,2.79,25.77,27.0,0
6311.8,529.2,951.3,213.9,1.89,3.37,24.57,46.4,0
6198.9,925.0,723.0,43.1,1.26,4.08,18.17,42.3,0
3595.2,518.6,725.5,194.2,1.43,0.2,20.68,42.7,0
3277.7,736.3,940.1,197.1,0.77,2.59,25.67,28.8,0
6443.9,793.1,944.1,44.8,1.53,7.28,17.31,49.8,0
6203.1,1013.9,981.6,47.1,0.42,0.2,18.48,66.2,0
5361.3,584.6,932.9,78.0,1.29,8.03,25.34,44.1,0
3514.3,932.7,556.0,59.9,6.13,2.56,19.99,47.4,1
6707.1,803.8,672.6,234.3,0.9,2.54,14.99,44.3,0
7907.8,854.6,1037.0,93.5,0.61,4.24,22.54,53.3,0
6417.0,991.7,419.1,185.1,0.45,7.6,20.91,53.7,0
4728.8,543.5,914.4,195.2,1.01,0.64,23.82,32.8,0
6066.8,962.1,825.4,98.8,0.79,2.67,22.15,36.0,0
3950.8,686.2,1036.9,167.0,1.46,5.84,22.95,37.7,0
7586.9,1019.2,941.7,34.8,4.6,5.93,17.92,46.0,0
6122.8,866.9,703.9,101.3,4.36,8.52,23.81,53.7,0
3347.8,758.1,693.9,232.5,1.02,1.29,28.7,22.9,0
5549.0,682.0,735.0,48.8,2.19,1.05,16.66,49.0,0
6695.0,964.7,977.6,98.7,1.53,6.08,17.37,59.0,0
5500.4,1052.2,343.5,191.8,0.33,2.35,23.88,41.9,0
5586.2,693.4,884.6,163.0,3.67,5.11,20.44,44.3,0
4163.4,573.4,655.7,155.2,0.42,5.78,16.87,53.8,0
6849.8,938.8,892.0,206.2,2.41,0.2,16.26,51.9,0
5027.3,510.3,925.8,16.7,2.46,8.59,31.81,41.9,0
2765.3,538.9,484.3,187.4,0.87,4.89,14.0,48.7,0
5443.1,587.5,800.1,213.0,1.47,2.54,15.9,20.0,0
7471.7,716.9,884.2,13.7,1.89,4.27,22.35,48.5,0
5419.6,532.7,869.3,138.6,2.68,4.51,16.22,45.2,0
8607.0,412.2,823.1,90.2,2.19,4.64,20.69,59.5,0
6643.5,572.9,581.4,21.7,3.54,6.19,14.86,59.8,0
6508.1,928.5,614.9,106.1,0.81,2.58,19.26,43.5,0
5807.4,545.7,546.8,158.1,2.18,4.42,18.9,57.1,0
5897.6,731.9,971.9,221.4,0.71,3.24,17.15,38.2,0
5604.9,1189.3,824.6,152.7,2.78,4.88,20.93,45.1,0
5546.6,790.2,838.6,207.1,2.0,4.4,17.63,56.5,0
6796.3,868.5,474.8,38.0,2.02,0.2,22.57,47.0,0
4596.3,610.8,842.6,58.4,0.94,2.35,16.34,51.0,0
4386.2,1232.7,989.4,233.2,3.44,0.2,21.98,45.1,0
4315.2,691.7,444.8,214.1,1.53,8.45,22.78,39.2,0
9068.5,754.4,732.2,64.1,0.4,6.31,22.75,43.2,0
6795.5,1063.4,504.5,152.8,0.47,0.86,25.02,40.3,0
6456.7,763.7,757.5,93.4,1.67,6.1,14.0,40.6,0
4413.7,809.6,651.8,117.8,1.69,2.87,15.1,57.0,0
6935.0,743.7,933.8,208.0,6.17,4.44,13.78,37.6,0
5825.1,745.0,887.2,179.2,4.31,0.2,21.7,33.8,0
6321.3,874.1,1134.1,64.8,1.74,5.03,16.14,62.3,0
4535.1,910.6,838.1,82.7,2.67,5.04,18.26,44.0,0
6240.4,671.4,924.5,76.6,0.58,0.2,22.88,55.9,0
5364.2,646.8,727.3,189.6,4.29,7.22,23.42,58.2,0
4851.6,678.2,607.3,122.7,2.51,6.89,10.73,46.8,0
7101.2,519.7,1033.6,228.7,1.47,4.48,20.23,53.5,0
3693.4,481.9,1123.5,197.8,1.16,3.02,17.9,40.8,0
6847.2,859.4,1005.2,58.6,0.3,3.27,20.99,35.2,0
7026.7,987.7,878.9,190.8,1.8,8.12,20.34,47.7,0
4680.5,974.2,635.7,126.4,0.88,8.56,19.22,63.3,0
4769.5,323.6,1101.2,68.4,2.9,2.62,26.73,29.7,0
5665.5,751.0,977.5,93.6,2.62,0.2,21.44,51.0,0
6423.1,579.6,1295.5,233.6,1.59,3.65,17.72,41.3,1
5770.7,828.7,596.0,121.3,3.22,7.2,18.72,29.0,0
6650.3,716.4,1039.8,175.5,6.57,2.36,12.69,44.4,1
8644.5,918.4,970.8,119.7,1.93,1.4,13.02,40.6,0
5238.4,796.2,774.8,95.5,1.58,8.74,18.05,38.6,0
3427.2,420.8,1150.0,193.2,1.83,0.35,21.34,44.9,0
7238.9,606.6,938.5,205.1,0.75,7.52,24.53,44.7,0
8525.0,801.2,643.9,26.5,2.3,4.09,15.82,24.6,0
6589.2,818.0,824.0,74.2,2.17,3.84,22.09,61.0,0
4368.4,518.9,641.3,126.8,2.41,5.1,26.78,58.6,0
5814.2,492.7,746.9,82.8,1.97,3.77,25.21,59.4,0
4322.2,811.2,1004.8,190.2,3.15,3.82,22.71,45.3,0
6964.3,519.3,1067.6,36.4,2.85,1.82,14.44,46.3,0
3973.1,466.3,898.7,193.5,3.17,3.09,17.54,56.0,0
5549.8,711.0,685.0,152.1,0.92,5.71,23.36,60.8,0
4493.5,702.3,934.0,76.6,5.66,1.01,22.34,57.3,0
6190.2,624.3,1009.1,89.2,3.04,6.18,22.39,45.6,0
5450.5,659.3,416.1,52.1,2.27,3.54,23.43,47.2,0
6265.1,802.8,875.6,68.1,4.8,1.0,18.51,54.3,0
6033.5,656.0,808.2,175.0,6.2,3.69,18.07,41.8,1
4520.0,814.1,1059.8,96.5,2.89,5.05,35.0,48.4,0
6940.3,723.9,934.9,168.1,0.75,2.03,20.98,34.4,0
5926.9,833.5,956.6,128.2,1.35,7.53,25.22,30.5,0
4517.2,975.6,744.0,43.4,1.55,6.27,19.82,40.8,0
9361.4,967.8,850.4,124.8,3.21,5.59,21.11,41.2,0
6714.6,1057.6,1057.6,184.0,3.02,3.38,18.58,41.2,0
5770.1,967.6,835.7,78.5,2.69,6.11,20.49,45.1,0
8122.8,847.7,888.4,159.1,1.4,6.88,14.39,50.1,0
8762.7,713.3,512.1,55.8,2.53,2.49,23.66,44.3,0
5782.0,722.4,834.9,41.2,4.41,3.98,33.37,49.5,0
6521.1,624.4,407.4,92.9,1.52,3.6,20.76,46.0,0
4518.0,800.9,736.4,99.5,0.3,3.49,12.63,50.8,0
5779.2,939.5,864.0,185.0,1.48,7.51,16.78,36.3,0
5701.4,654.9,1018.7,115.8,1.8,6.98,26.24,53.7,0
6277.2,792.6,630.2,28.7,2.28,6.57,14.74,49.7,0
6499.1,664.5,932.2,155.8,3.24,5.5,21.65,37.7,0
6839.7,841.9,1173.1,117.9,0.45,4.12,24.79,46.2,0
6356.5,690.1,709.0,86.3,1.0,3.59,22.02,38.2,0
4183.9,652.1,509.6,194.5,0.54,5.12,12.73,57.5,0
4592.3,664.0,913.8,45.5,3.69,0.2,17.87,29.2,0
5180.4,900.7,587.8,220.0,3.3,6.24,24.0,39.2,0
5576.6,780.7,669.8,86.8,1.95,6.42,16.19,52.2,0
7576.2,714.3,1053.1,116.0,1.12,1.7,21.63,49.6,0
4255.6,852.3,1262.9,223.7,6.56,0.63,16.2,54.8,1
5463.9,717.1,629.8,185.1,1.25,5.37,22.82,33.2,0
7429.5,1025.3,687.8,27.1,2.83,0.2,20.56,36.0,0
5550.2,605.2,753.2,143.0,0.89,4.75,21.45,54.5,0
6690.6,762.6,729.5,81.4,6.26,2.08,17.19,53.6,0
5790.7,519.0,1275.3,127.0,4.11,0.46,16.24,37.5,0
6385.2,730.6,733.3,180.9,2.19,5.82,10.83,63.4,0
5657.3,464.1,764.7,124.1,1.92,7.52,17.2,45.5,0
7000.6,949.3,1205.6,26.3,0.8,3.02,18.28,41.8,0
3682.4,953.3,976.9,131.9,2.12,6.09,21.9,32.5,0
5455.0,956.8,1066.9,15.5,1.72,2.09,12.58,50.4,0
6444.9,805.8,650.7,90.1,2.12,6.24,26.58,48.5,0
6800.5,624.0,733.4,119.9,3.85,2.79,17.1,42.2,0
8239.4,639.9,621.3,158.3,4.7,7.58,18.24,40.4,0
5413.5,1106.0,1026.3,126.4,0.7,0.2,22.06,39.9,0
8219.2,1087.1,1119.6,44.9,1.74,2.7,18.63,31.5,0
5011.5,824.5,718.0,224.4,1.75,3.1,22.24,54.2,0
7993.0,696.9,769.9,159.6,1.4,0.2,17.07,56.7,0
7226.2,1073.7,779.5,82.9,1.37,5.78,17.18,22.2,0
4629.8,661.1,509.6,232.2,0.64,3.89,18.68,44.0,0
6460.6,845.8,701.8,213.0,2.85,5.95,17.58,46.9,0
5923.1,1070.4,1020.1,43.0,1.27,2.15,20.97,51.7,0
6938.4,632.7,657.4,160.7,1.63,1.25,24.72,40.9,0
5665.1,965.8,870.5,138.8,1.58,2.62,10.6,43.4,0
5539.1,904.1,562.2,54.3,0.4,0.99,24.46,47.2,0
8053.6,792.1,818.3,63.7,1.11,3.17,21.22,46.3,0
5851.9,601.3,726.1,139.7,3.81,7.35,25.77,52.1,0
7239.6,655.1,581.2,83.9,4.52,4.68,21.25,34.4,0
5662.0,857.9,1023.9,202.0,2.45,5.66,22.44,33.6,0
8500.0,515.3,1036.3,32.5,0.3,2.89,15.16,41.4,0
4982.5,826.1,636.7,220.2,4.43,1.66,25.02,31.3,0
5078.8,908.2,802.4,203.3,0.71,4.47,15.42,68.0,0
8286.8,997.0,859.8,179.9,0.67,4.13,19.25,36.3,0
5332.6,520.3,450.8,70.4,3.09,6.72,27.77,53.6,0
8401.6,1063.2,542.6,174.4,2.35,7.16,22.6,58.7,0
7337.8,1139.1,1133.0,110.9,3.62,6.38,17.62,47.3,0
5768.0,882.0,615.7,155.8,5.09,9.23,19.3,38.0,0
3280.1,592.4,1126.8,81.9,2.42,4.16,22.31,46.4,0
5971.0,734.4,554.0,202.2,4.15,5.59,24.49,32.6,0
6152.4,790.5,994.9,19.3,0.7,7.05,15.59,31.9,0
7750.8,854.1,781.5,169.0,2.07,6.09,23.19,63.0,0
8382.7,804.4,812.4,200.6,3.89,6.5,19.44,30.2,0
4972.5,856.2,1258.3,158.7,1.14,4.18,15.69,28.7,0
7201.8,781.9,574.1,54.2,2.91,3.84,23.05,51.3,0
7148.1,853.0,980.9,75.5,4.02,3.26,17.19,39.5,0
7610.1,707.9,971.8,128.4,1.81,3.51,15.61,56.5,0
6748.0,732.4,1588.0,85.8,1.74,4.12,20.38,20.0,0
3086.3,684.8,613.0,11.1,3.18,2.33,20.81,44.1,0
5766.9,1183.5,712.3,19.4,0.3,1.21,19.37,32.9,0
4266.4,1092.8,1029.5,186.6,1.31,1.12,14.92,26.9,0
5696.1,911.1,805.9,29.3,0.3,7.21,26.72,31.8,0
7470.0,1065.1,748.1,223.4,2.1,2.94,23.41,30.7,0
6457.7,959.7,1060.7,111.8,2.76,5.51,22.44,42.0,0
7722.1,836.3,791.4,184.4,1.35,3.63,16.22,39.8,0
6512.6,498.9,653.8,38.9,1.72,7.32,18.0,50.1,0
4052.5,747.6,1009.8,223.1,0.98,0.86,14.25,27.3,0
2218.7,733.0,932.6,17.8,1.11,3.56,18.56,48.9,0
6223.2,573.4,781.2,19.7,3.22,2.71,14.83,53.7,0
5679.1,502.8,770.7,22.6,1.58,3.98,17.24,55.0,0
4534.6,898.5,648.7,33.8,1.58,6.28,29.65,51.1,0
3449.1,864.9,1009.5,122.0,2.04,3.75,30.6,48.1,0
4897.9,566.5,770.8,191.3,5.73,2.5,19.95,38.9,0
5708.3,650.8,680.6,75.5,2.85,3.99,18.13,55.0,0
6998.8,1032.2,567.2,181.5,1.55,3.21,23.7,53.9,0
6282.9,624.5,936.3,188.0,2.78,5.16,18.99,42.4,0
8412.1,834.2,738.1,218.9,2.18,0.2,24.99,34.0,0
4446.6,762.0,407.2,44.4,1.5,3.13,21.18,36.0,0
7321.6,901.3,585.3,41.2,0.3,4.14,25.65,31.7,0
6070.9,628.8,798.6,38.1,2.78,5.96,25.54,37.2,0
7042.0,818.0,804.8,92.6,3.58,6.25,17.36,51.2,0
5345.2,833.7,796.4,122.6,0.31,2.32,18.78,53.8,0
7607.5,846.0,765.8,116.2,2.41,2.95,21.37,40.3,0
6442.8,815.8,525.3,69.1,4.33,0.2,27.01,40.6,0
4980.8,868.9,657.6,153.1,0.82,4.28,26.93,38.8,0
5982.0,1238.4,1110.4,87.8,1.66,10.22,20.04,35.6,0
5640.7,1312.3,1078.0,94.2,1.79,4.48,19.39,35.6,0
6733.8,672.2,977.1,34.3,3.99,2.27,22.63,58.1,0
4230.3,336.4,957.7,146.2,0.97,4.43,21.17,40.2,0
5956.0,919.1,1049.0,160.7,3.66,0.2,22.05,44.2,0
6593.0,837.3,603.4,184.3,4.8,5.88,20.65,20.4,0
6049.5,1012.2,857.2,217.9,2.63,7.28,10.7,36.6,0
8020.4,857.0,603.5,186.2,1.34,3.47,20.86,35.9,0
7161.0,811.7,607.4,64.2,0.45,1.92,19.94,50.6,0
5988.8,1025.8,931.0,64.2,1.57,2.91,19.87,53.7,0
6325.0,1053.8,1058.3,220.5,1.14,3.06,21.96,53.9,0
6443.5,522.7,807.4,191.7,0.58,5.28,14.64,31.5,0
6604.9,636.7,1212.8,189.9,3.3,4.67,22.47,56.6,1
3261.5,778.9,896.6,175.5,1.31,3.77,17.7,39.6,0
5547.7,819.7,679.1,71.5,2.61,4.0,13.43,35.8,0
3773.3,754.8,610.9,204.9,0.61,2.37,22.8,47.9,0
7917.4,886.8,1074.0,42.9,1.45,5.53,22.19,57.2,0
5908.7,999.2,878.3,90.5,4.52,4.03,13.06,47.6,0
5710.0,1144.5,998.7,89.7,1.29,0.2,14.11,31.7,0
7345.2,915.8,265.2,138.8,1.33,5.83,15.04,50.9,0
6633.5,629.5,903.8,116.6,1.92,3.26,13.65,57.3,0
4307.0,770.5,737.4,115.8,0.83,2.98,17.61,33.6,0
5893.6,784.9,543.4,137.3,2.46,8.54,22.52,45.6,0
5497.2,902.9,836.2,105.5,3.39,5.04,22.51,42.6,0
3383.2,877.6,1090.2,67.5,2.26,5.67,18.01,46.2,0
4964.6,1210.1,1348.6,162.7,0.93,2.52,13.12,33.5,0
5724.7,707.7,903.3,191.8,1.43,2.53,21.13,35.1,0
5827.6,877.0,694.0,120.2,2.58,7.57,22.27,50.0,0
3776.7,1270.9,680.7,159.4,3.2,10.18,17.36,51.5,0
7727.5,683.0,1061.9,133.1,4.21,6.36,15.8,49.8,0
5846.8,829.0,630.7,23.6,0.98,0.2,20.06,53.9,0
6056.3,611.0,986.9,107.3,3.81,2.13,16.32,39.3,0
6601.0,816.4,914.6,12.3,3.06,3.85,11.66,60.6,0
4817.9,644.0,890.3,162.2,3.3,3.61,14.77,34.0,0
6684.5,1009.4,505.0,126.9,2.63,3.61,16.75,51.4,0
5449.4,829.5,771.5,39.2,0.78,0.44,24.74,49.3,0
4655.1,612.9,529.2,134.7,1.82,8.81,16.61,45.3,0
6860.2,968.1,720.6,216.6,0.31,5.4,17.4,55.2,0
8237.5,835.9,1051.8,88.3,2.09,2.09,20.77,55.7,0
7087.2,990.6,1120.8,235.9,1.36,2.55,20.84,50.5,0
7384.5,570.5,897.1,230.7,0.3,5.52,14.37,40.8,0
5219.1,873.8,724.5,190.6,0.83,3.37,18.78,62.8,0
3603.6,954.7,1199.4,197.2,9.18,4.32,25.57,39.9,1
8235.2,715.3,721.6,104.4,0.88,5.06,21.46,45.9,0
9081.8,548.2,600.1,102.6,0.79,2.72,22.56,54.1,0
8314.2,791.7,1003.2,229.5,3.64,8.32,22.4,40.4,0
5496.3,1045.6,950.7,94.2,1.03,0.2,16.06,44.2,0
4268.0,1025.2,730.6,32.3,1.23,2.06,24.38,27.5,0
4401.5,714.3,872.0,45.1,2.66,6.04,17.02,50.3,0
3474.4,543.4,947.3,173.4,1.71,2.29,17.85,57.8,0
5838.9,713.8,894.8,98.1,1.73,3.6,18.37,49.3,0
8408.5,706.3,951.0,55.8,0.84,7.11,25.22,43.5,0
5787.5,889.3,738.7,197.2,3.14,5.19,26.16,49.7,0
6453.5,779.0,965.8,122.4,2.52,4.3,13.91,58.7,0
8063.4,649.3,853.9,140.6,0.87,6.93,21.74,47.4,0
5393.9,1020.9,746.2,45.4,1.77,2.57,10.39,59.0,0
9053.3,828.1,795.9,54.3,2.91,5.09,23.36,47.8,0
8988.1,887.1,828.5,38.9,1.07,5.28,16.51,43.9,0
5803.3,455.0,532.0,128.3,1.91,1.09,21.74,52.2,0
5133.7,315.1,709.9,188.4,0.3,1.87,22.53,49.7,0
7045.9,512.5,864.3,178.4,2.83,0.2,15.03,42.8,0
5478.7,703.9,552.8,70.1,1.03,4.68,23.67,52.3,0
4265.2,915.3,713.6,205.9,1.95,7.11,17.09,46.1,0
7921.9,331.6,1374.6,34.3,3.07,2.01,11.91,49.1,0
7824.7,1118.6,601.6,36.2,2.29,0.2,20.85,35.0,0
6233.3,834.1,765.6,205.3,0.76,3.88,21.35,50.6,0
4105.7,1072.1,666.6,66.2,1.26,7.0,23.82,52.1,0
4155.7,622.8,824.3,172.9,2.39,3.12,14.69,51.8,0
6160.8,900.8,670.7,12.1,0.3,5.31,11.03,50.6,0
5250.2,817.0,796.5,31.5,2.24,0.2,17.88,47.5,0
5488.4,963.5,691.9,150.1,0.8,5.43,18.75,32.1,0
7532.9,753.2,1082.1,52.0,2.57,7.82,15.72,49.3,0
7099.8,894.6,868.0,16.5,2.17,8.62,16.42,49.4,0
8067.2,1020.4,629.3,117.4,3.28,6.49,18.46,47.4,0
4514.1,669.8,1035.0,86.0,2.98,10.38,11.77,33.4,0
5485.2,848.4,639.2,194.5,3.01,6.17,16.79,44.0,0
7138.5,422.4,505.9,198.3,1.84,3.76,22.33,41.4,0
6672.1,940.5,849.3,151.3,1.73,2.83,24.81,41.7,0
8298.6,1190.9,1269.6,77.4,3.29,0.2,14.35,35.9,0
6630.8,551.1,447.9,116.2,1.69,2.4,19.78,56.8,0
8772.2,781.7,557.2,171.5,1.05,1.25,26.51,48.1,0
6810.0,976.1,1015.6,25.9,1.54,5.98,22.84,51.9,0
7593.3,806.3,708.7,86.5,1.77,1.07,21.46,45.2,0
5514.7,833.0,984.6,199.1,1.01,1.42,14.92,45.8,0
6021.4,721.8,665.8,103.4,1.48,6.39,25.56,36.6,0
7366.4,714.4,881.2,153.7,0.97,2.66,17.51,43.4,0
8419.5,782.7,1233.8,32.2,1.51,6.12,17.28,47.5,0
7093.9,808.3,587.2,188.7,0.98,8.4,22.39,38.2,0
5875.2,563.7,1075.2,33.1,0.99,1.68,18.82,52.5,0
8066.0,786.8,999.5,208.2,0.7,4.78,21.5,52.7,0
2712.0,1113.7,522.4,34.5,3.79,11.3,23.04,48.2,0
3866.6,716.2,973.0,214.9,2.27,5.65,22.59,30.2,0
7022.5,552.5,866.0,93.7,3.12,6.34,18.0,51.2,0
6021.2,769.7,870.0,153.6,0.5,3.7,27.18,52.5,0
6908.3,657.1,924.0,204.7,4.64,4.46,34.37,29.6,0
6096.6,532.3,772.9,12.4,0.91,5.96,20.52,53.1,0
6856.4,827.8,865.4,71.1,0.98,1.07,25.04,45.6,0
4778.4,657.9,903.1,218.9,4.77,0.65,22.08,52.0,0
6855.7,675.1,1014.1,99.3,1.36,5.01,19.16,72.3,0
7491.6,830.7,514.0,172.5,1.53,3.41,20.86,35.4,0
7830.8,493.4,1134.0,42.2,0.3,0.7,17.69,43.7,0
9020.3,451.7,595.8,166.0,1.73,0.2,17.03,48.1,0
6366.1,934.2,1017.6,26.8,0.8,6.59,17.15,37.9,0
6410.9,413.8,867.5,175.0,2.67,3.91,21.23,64.4,0
3715.2,604.7,568.1,84.5,2.44,2.94,23.17,27.7,0
5202.9,440.0,966.2,117.1,1.88,3.95,20.41,56.7,0
5710.4,702.8,642.0,48.2,2.29,4.09,19.71,39.9,0
7575.5,885.6,1085.1,154.4,1.63,3.47,23.02,42.5,0
5083.5,822.5,693.6,87.6,1.59,0.2,15.22,51.9,0
7194.5,1278.4,521.1,98.2,0.74,4.97,16.36,52.9,0
5997.6,1017.4,1187.4,160.0,2.85,1.53,19.57,55.4,0
5734.2,613.8,889.9,51.1,5.0,2.99,16.85,50.5,0
6373.3,560.6,1040.8,206.0,1.5,5.12,24.63,47.9,0
5413.3,1341.3,662.7,180.0,2.01,5.94,15.17,34.5,0
5356.4,1012.5,433.8,142.9,3.16,4.79,17.63,49.4,0
3442.8,917.9,1218.5,39.5,4.12,4.3,18.2,34.2,0
5628.1,815.0,848.6,168.0,3.99,6.26,21.61,56.3,0
5280.0,854.7,958.1,14.2,0.35,5.08,18.18,44.1,0
5226.0,503.6,994.5,195.0,0.35,1.65,14.52,47.2,0
6625.3,831.4,776.2,79.9,4.21,6.23,22.48,43.8,0
6987.9,814.2,899.8,37.0,2.29,6.06,20.12,38.7,0
6348.3,619.2,1200.7,47.8,3.99,4.42,17.95,57.0,0
7493.1,692.3,842.9,231.5,2.28,5.58,21.92,41.8,0
6863.3,1103.0,1057.3,188.0,2.09,4.62,25.37,33.5,0
5557.4,775.0,411.9,64.7,0.3,0.2,21.6,33.5,0
5305.7,1214.2,1097.2,231.6,5.63,3.0,18.86,38.0,0
6469.2,451.9,515.2,42.2,2.03,3.6,21.75,28.3,0
6860.7,695.6,1072.1,178.7,2.57,3.53,14.12,47.5,0
8096.8,490.5,935.9,161.1,2.76,2.77,19.96,45.8,0
7786.8,558.1,828.9,198.9,1.45,3.92,20.07,23.8,0
5187.8,634.4,828.1,97.8,1.15,5.92,17.47,50.4,0
5847.0,863.1,794.4,102.4,2.86,4.62,26.67,40.4,0
7006.5,853.4,669.5,153.7,3.44,3.56,18.09,40.8,0
7602.0,664.1,804.7,101.6,3.05,0.2,22.27,29.3,0
7408.5,354.4,1335.8,19.5,1.28,6.66,19.59,58.2,0
5904.2,1095.5,1136.5,177.8,1.71,2.82,15.06,48.5,0
4119.0,742.8,658.4,157.4,2.48,8.33,14.76,45.6,0
4501.6,576.7,908.9,107.5,1.17,1.81,17.77,34.2,0
6409.0,855.0,871.1,79.7,3.3,5.78,21.15,47.4,0
6513.3,840.9,818.7,83.8,2.89,3.67,12.86,54.4,0
4352.0,735.5,629.4,180.4,1.73,1.06,14.8,49.9,0
6066.9,829.7,948.1,177.7,4.36,6.35,17.56,36.7,0
6946.8,569.0,1036.1,198.4,1.5,0.2,19.44,55.3,0
4273.2,952.0,666.5,185.3,2.31,4.42,20.23,45.3,0
7657.5,600.6,1280.2,184.3,2.25,4.3,18.89,56.2,1
5433.7,678.9,1184.8,67.9,2.47,2.17,17.77,25.6,0
7886.4,929.8,970.6,33.4,2.9,7.01,15.24,25.7,0
5199.8,1040.8,579.0,185.2,2.37,4.58,21.23,40.3,0
4460.1,1117.2,938.3,32.7,4.03,8.38,20.79,41.9,0
5312.8,1011.2,912.0,235.9,3.26,4.69,25.38,53.1,0
5857.3,735.2,962.9,211.3,0.63,5.36,20.38,52.6,0
5417.3,491.8,1199.9,132.7,4.83,0.2,19.39,59.7,0
5676.0,1081.0,811.3,91.0,1.3,5.73,15.61,44.7,0
6500.9,1074.1,1300.5,131.2,1.51,5.13,19.66,45.5,0
5743.2,665.6,939.4,178.9,4.56,2.74,17.3,40.6,0
5900.8,984.2,786.1,184.0,1.47,2.17,18.63,51.0,0
3436.2,733.6,1377.9,26.9,1.12,3.45,20.77,48.4,0
6587.5,1100.3,1032.6,195.1,1.14,6.16,21.54,41.4,0
5866.2,697.0,750.0,157.5,0.6,1.1,18.59,46.5,0
8415.4,1195.7,868.5,19.3,3.51,0.77,22.02,35.1,0
4590.7,957.2,989.8,82.0,1.32,6.01,15.79,32.6,0
3287.6,1159.5,816.8,127.4,0.3,2.99,29.25,49.4,0
6927.1,707.2,879.5,53.3,1.37,3.64,15.7,45.8,0
6519.8,881.0,670.2,45.7,6.31,3.69,16.66,38.2,0
4487.4,606.1,479.3,13.3,2.44,4.81,7.8,52.4,0
3705.4,968.8,873.4,219.7,3.32,7.13,13.23,35.1,0
8306.1,979.8,880.8,22.9,3.43,1.34,18.75,47.2,0
8121.2,1279.4,966.0,94.2,0.47,5.07,19.13,48.8,0
2268.8,896.4,723.2,57.3,2.89,3.94,19.66,54.5,0
5312.7,944.8,555.1,180.4,1.06,4.77,21.71,47.5,0
8496.3,705.8,637.6,172.7,1.6,9.59,22.53,48.8,0
5285.9,908.3,1082.2,195.4,1.11,0.92,20.95,69.2,0
5264.1,724.0,703.3,151.9,0.62,5.52,18.0,53.0,0
5575.9,823.2,752.7,146.1,1.94,6.75,15.7,38.9,0
4318.7,834.9,781.3,103.6,6.27,1.5,19.45,45.3,1
3442.8,729.5,713.8,156.4,2.98,3.39,16.58,53.3,0
7578.8,812.6,697.5,36.5,2.39,2.71,25.33,39.9,0
3235.6,724.9,658.4,167.4,0.48,7.52,20.34,51.5,0
6370.9,724.1,1158.1,33.9,0.53,4.01,18.07,28.6,0
7329.9,1015.3,999.6,208.2,1.07,0.2,15.01,48.6,0
3823.2,835.1,1124.5,126.3,1.32,9.69,21.82,44.2,0
4613.6,869.4,1168.9,132.0,1.36,8.16,20.95,41.1,0
7819.8,508.5,333.0,144.5,1.25,6.33,21.18,33.9,0
6799.3,884.7,925.6,188.5,0.4,3.47,18.19,52.5,0
5074.1,906.1,721.0,120.0,2.0,1.25,13.08,50.9,0
7803.4,720.3,1095.7,108.3,6.3,3.37,22.23,43.3,1
7809.8,1217.0,686.9,76.3,1.07,6.32,21.89,42.6,0
6403.6,342.2,618.1,39.4,1.48,3.52,17.37,45.0,0
4649.8,956.9,534.5,53.8,3.56,2.6,23.36,35.0,0
5379.8,942.6,783.4,10.1,4.67,0.31,22.58,60.3,0
6429.6,908.3,1051.3,210.0,1.14,1.7,25.17,47.1,0
5717.1,835.2,906.4,185.9,1.59,0.54,22.17,29.2,0
7408.4,910.1,585.4,60.3,2.1,4.3,20.12,69.6,0
3705.3,973.6,1323.6,10.5,2.31,6.03,24.02,45.6,0
3758.6,654.8,992.9,123.2,1.03,0.81,21.07,53.6,0
6271.3,859.8,1021.0,104.9,2.11,0.2,22.77,46.9,0
5262.7,763.3,1132.7,188.5,3.2,4.02,14.1,47.0,0
5059.4,581.2,489.2,102.7,1.38,3.43,22.3,38.2,0
3347.9,943.4,649.5,208.7,2.97,4.84,19.69,67.3,0
6029.3,687.1,1031.1,32.0,2.26,0.25,22.88,40.2,0
5920.9,500.4,671.6,94.1,0.52,6.84,20.56,39.8,0
6980.2,692.2,789.5,224.8,2.19,5.04,20.66,42.0,0
6103.4,640.2,832.9,12.7,1.81,6.83,19.51,43.3,0
5801.1,1005.7,569.0,99.9,0.3,2.84,14.11,43.9,0
7765.5,830.6,770.6,69.7,0.57,6.54,20.76,45.5,0
4031.3,1076.5,1051.2,132.3,2.18,2.58,21.51,38.6,0
6804.6,666.7,1010.5,74.1,1.06,6.44,19.65,48.1,0
3493.3,974.8,1094.9,210.1,4.97,2.67,22.5,53.9,0
4742.5,1367.9,1072.2,225.5,1.48,0.2,18.79,35.1,0
4181.0,871.2,939.3,205.3,1.69,6.1,16.39,64.9,0
7172.9,972.3,921.9,101.7,1.64,2.46,18.95,26.0,0
5901.9,938.7,905.7,237.7,2.71,6.37,23.74,44.0,0
5979.7,515.6,712.0,179.1,1.99,0.2,17.59,41.0,0
4339.9,917.2,623.4,91.8,0.4,0.2,22.55,49.3,0
5550.5,861.3,698.3,31.5,0.38,2.98,20.82,44.4,0
4854.8,748.1,778.3,163.4,0.53,4.04,19.04,36.3,0
6575.2,623.2,705.7,177.6,1.56,0.2,23.29,49.0,0
4513.4,938.8,941.0,38.2,1.09,2.47,18.92,51.1,0
7994.7,605.5,894.4,136.4,2.85,1.13,21.28,45.7,0
3486.6,1226.7,918.1,237.0,1.75,4.23,25.03,41.1,0
4790.2,822.8,927.3,85.0,2.14,9.57,26.77,61.4,0
8515.8,555.3,1113.0,79.4,3.75,2.91,17.27,67.5,0
5347.3,697.2,848.1,217.8,4.24,2.4,22.85,35.5,0
4027.7,744.4,1071.8,37.0,1.37,4.31,25.41,58.9,0
6328.6,1282.5,963.6,224.7,4.87,8.9,26.31,55.6,0
5286.9,623.1,1098.5,189.3,0.91,1.22,19.01,54.3,0
4746.2,776.8,1205.2,99.9,1.59,4.11,17.57,29.5,0
4356.2,692.4,976.9,29.2,3.87,10.24,22.01,46.3,0
10152.6,899.9,872.8,14.4,3.19,2.28,21.96,60.2,0
5622.7,695.6,871.4,96.4,1.85,2.72,15.66,33.7,0
3111.6,572.2,746.6,172.2,0.57,6.32,22.47,49.5,0
8240.6,760.9,739.2,122.1,0.69,8.51,23.4,38.6,0
6916.6,740.1,1048.5,179.9,0.52,8.85,21.44,59.2,0
4850.3,681.6,638.0,164.2,2.97,3.63,20.88,61.5,0
4600.3,692.2,1205.2,141.8,1.32,1.64,17.3,53.0,0
7010.2,1036.9,816.6,232.5,3.03,2.44,14.81,45.1,0
5629.6,736.1,1479.7,177.5,2.19,1.27,20.6,44.0,0
3111.0,573.2,697.5,220.4,0.63,4.19,20.5,43.7,0
8680.9,707.6,905.0,65.7,2.45,5.67,13.61,43.4,0
5349.0,810.9,772.6,174.1,1.18,4.49,21.64,44.4,0
8243.4,532.7,675.5,147.5,6.17,2.77,23.38,54.3,1
7917.7,1125.2,1084.0,222.6,1.49,6.36,21.3,39.0,0
4498.5,973.5,606.8,127.4,0.56,5.33,23.27,53.9,0
7549.8,1086.0,701.3,74.3,3.9,5.21,20.21,73.7,0
5022.8,878.4,979.0,98.5,1.8,6.0,18.97,48.0,0
3199.9,381.3,1013.9,60.3,2.58,4.8,24.68,51.8,0
5363.1,1107.1,543.8,60.6,1.57,3.71,22.31,29.8,0
6596.5,627.3,978.0,118.2,1.86,0.96,16.24,49.2,0
5305.9,643.6,878.4,215.3,0.43,3.25,15.72,43.1,0
5539.4,831.3,648.1,54.1,3.72,2.06,25.0,56.8,0
7715.3,1075.6,676.4,76.2,1.38,8.41,17.31,60.0,0
6159.7,1010.7,402.6,206.2,0.39,8.15,18.45,48.4,0
4735.1,981.3,1227.8,88.0,2.5,7.59,19.11,39.0,0
7053.0,737.6,1073.4,231.4,3.09,2.99,27.11,39.0,0
6296.5,734.5,566.4,71.9,0.47,3.7,12.25,29.2,0
2217.6,869.2,1025.8,111.7,8.45,2.4,21.37,41.4,1
6642.5,774.0,723.7,32.0,3.11,1.0,26.15,40.3,0
6587.7,977.9,1051.3,238.2,1.51,6.08,23.27,57.9,0
6030.2,966.0,740.9,214.7,1.78,2.16,21.35,58.8,0
7337.6,918.3,770.1,198.0,3.4,3.33,16.59,64.5,0
4991.4,294.8,786.6,46.2,2.32,3.08,18.88,38.8,0
6504.7,825.6,705.4,233.0,0.93,8.74,20.49,39.1,0
3649.6,778.2,1157.8,223.7,3.08,4.13,19.3,36.4,0
6610.6,833.6,1047.7,110.2,4.44,6.13,23.29,61.4,0
8929.6,649.1,874.2,166.8,0.91,3.12,27.67,52.6,0
4507.7,535.0,1075.4,238.3,1.42,2.31,20.75,61.4,0
4860.3,892.6,492.0,104.2,1.2,5.01,22.53,49.4,0
4935.0,728.7,579.7,36.0,0.79,6.6,19.83,57.6,0
6195.0,914.9,954.4,209.6,4.65,2.71,17.5,42.7,0
4405.4,665.8,1011.8,119.6,2.37,5.67,22.17,46.7,0
6631.9,1083.2,911.5,237.0,4.34,3.33,14.91,39.0,0
7270.3,1000.2,435.8,136.7,1.92,0.2,22.06,46.3,0
6801.5,859.4,616.3,16.8,3.12,2.03,15.57,39.2,0
3347.4,757.3,941.7,123.1,0.49,3.93,23.37,52.3,0
7492.8,970.5,1383.8,175.2,0.79,4.61,15.31,45.9,0
7406.1,878.5,1117.9,16.0,3.02,5.54,22.69,49.3,0
7245.2,847.7,1197.0,105.1,1.18,7.73,26.55,56.9,0
6559.3,1008.6,924.7,45.8,3.27,4.0,18.39,46.4,0
6330.3,1085.3,923.1,157.9,2.79,0.4,17.74,43.1,0
7548.6,549.5,622.6,230.2,1.57,4.54,19.54,36.6,0
8885.3,589.9,1059.4,153.7,1.9,2.91,22.29,41.0,0
4570.4,643.9,833.9,169.8,1.48,1.36,13.51,36.9,0
7617.2,499.5,1002.4,101.2,1.86,4.13,18.37,57.0,0
5870.7,787.5,856.8,139.5,3.67,5.73,25.13,46.5,0
5805.5,920.0,911.4,135.1,0.66,5.51,20.38,55.9,0
3695.2,795.7,830.7,184.7,0.39,1.82,17.64,46.2,0
5572.8,693.2,899.4,207.1,1.89,6.98,18.34,53.7,0
4504.1,1025.3,1070.0,162.5,0.84,5.42,23.31,47.0,0
5304.2,828.1,571.4,235.4,1.28,8.09,24.28,44.2,0
4352.7,868.6,521.6,200.5,3.16,9.19,22.11,55.5,0
5326.6,1030.8,943.7,38.7,3.3,5.53,22.76,43.7,0
5390.8,775.4,1166.9,126.7,1.58,7.0,15.4,47.0,0
6145.1,1212.0,1222.4,217.7,2.04,5.3,18.92,55.8,1
3577.9,710.4,580.6,227.1,2.0,0.2,22.6,28.0,0
3831.7,1199.6,761.4,97.4,2.28,0.2,21.47,45.1,0
6542.9,605.1,524.6,176.9,5.06,2.62,20.26,62.9,0
4803.8,903.5,728.9,104.4,0.64,5.01,15.19,59.6,0
7611.8,671.5,1097.0,38.4,3.21,0.27,20.93,51.5,0
6337.9,1023.9,847.2,213.5,1.76,3.98,11.79,39.5,0
6910.1,704.4,767.7,224.3,0.81,6.04,19.68,55.8,0
8116.0,858.2,969.9,126.1,1.43,0.2,18.97,38.1,0
5535.4,669.9,675.1,14.2,1.73,6.47,15.22,50.5,0
5138.3,987.4,1200.5,197.7,0.44,4.66,19.78,53.5,1
7307.6,668.8,851.6,119.7,1.78,3.98,15.17,61.4,0
6764.3,1136.7,761.6,27.3,1.36,0.84,18.62,51.7,0
5719.0,600.8,979.1,53.6,1.06,5.72,13.55,50.1,0
8087.2,530.9,1056.6,45.0,5.62,4.39,25.94,43.9,0
5681.6,990.3,1201.1,167.8,1.25,0.2,10.57,37.5,0
6049.2,681.7,803.8,78.9,0.3,4.55,21.72,37.4,0
6031.8,798.6,1088.9,39.4,2.61,1.61,12.54,45.2,0
4598.1,735.6,872.3,221.1,1.91,2.25,19.76,54.9,0
6116.4,537.5,715.5,230.0,0.39,4.25,22.24,28.2,0
8095.1,784.6,679.1,41.9,4.95,5.13,20.16,51.3,0
6667.5,1053.0,608.7,63.0,1.66,6.66,19.33,58.1,0
6046.6,1000.6,686.8,146.2,1.29,1.87,15.83,44.5,0
5757.3,846.4,1095.5,44.6,3.11,4.08,17.47,20.0,0
6496.3,1022.5,1005.5,46.5,3.31,0.2,21.93,40.9,0
7124.6,588.1,576.9,87.4,1.47,4.98,17.04,42.3,0
6913.9,734.9,465.8,228.3,3.91,3.01,26.3,42.5,0
5502.2,879.2,605.3,231.4,1.27,5.32,21.96,32.4,0
6487.2,773.9,679.1,203.6,0.3,3.54,29.25,42.0,0
6719.9,750.6,783.3,170.0,0.5,2.66,15.34,56.9,0
4489.2,559.9,1108.0,175.8,1.7,3.34,9.0,27.0,0
6252.3,383.7,729.5,118.0,2.84,0.2,19.15,43.6,0
2758.0,963.6,1219.7,131.9,3.94,5.83,15.47,43.2,0
6723.8,848.6,480.4,155.9,3.11,6.01,21.66,48.3,0
6990.5,980.4,773.3,178.2,3.77,6.08,21.06,53.8,0
7121.3,712.6,1022.8,32.3,0.4,3.73,24.44,44.3,0
5407.4,657.4,1036.4,61.7,3.17,6.85,21.72,60.2,0
6463.6,801.3,776.1,231.5,2.95,2.23,13.98,39.3,0
8135.9,970.8,1070.4,87.1,3.61,1.53,20.16,61.2,0
8120.7,753.7,1028.7,71.7,1.02,5.79,23.81,43.4,0
5956.2,960.4,699.9,107.0,2.17,2.61,24.23,35.5,0
6209.0,598.7,919.3,76.9,1.09,8.11,19.96,32.7,0
7666.4,767.7,1004.8,31.0,1.5,6.94,19.06,51.3,0
3748.8,786.0,715.7,57.8,0.3,4.11,27.0,38.4,0
5515.4,1045.3,1222.8,157.2,1.21,1.02,18.64,48.7,0
8003.4,841.5,666.2,61.3,1.3,2.26,23.57,51.9,0
7462.8,1149.2,881.7,159.0,3.4,3.53,25.18,36.8,0
6553.9,530.5,575.0,33.0,1.34,10.62,25.1,50.7,0
3741.3,826.0,872.7,19.6,1.06,4.6,24.17,33.2,0
5925.1,835.9,615.2,208.2,2.48,5.77,22.73,36.4,0
5115.1,924.0,785.3,184.8,1.82,1.91,19.56,51.2,0
6496.6,637.3,500.9,163.2,2.39,4.23,23.09,51.3,0
4786.0,1136.9,1026.0,17.1,1.91,2.08,18.97,45.1,0
4461.4,802.6,928.4,65.1,1.8,2.55,24.16,40.8,0
2902.7,582.6,1089.2,196.8,2.2,0.2,14.88,45.8,0
7832.7,796.8,773.5,43.3,2.86,4.78,19.91,49.6,0
5400.3,737.4,1099.4,197.0,2.15,5.8,17.23,40.6,0
6235.7,1356.6,858.6,144.4,3.38,0.3,13.04,38.1,0
5996.6,1010.0,874.9,180.3,1.81,1.03,16.77,44.6,0
4398.8,809.9,1315.1,158.2,1.89,0.36,12.53,57.3,0
4111.4,777.6,743.4,105.9,2.13,4.02,17.83,36.9,0
4492.0,990.2,1120.0,77.2,1.13,3.83,20.71,49.9,0
4915.2,999.8,955.5,164.7,2.03,6.15,24.2,58.7,0
6549.9,217.7,724.2,195.6,3.68,1.11,18.2,40.8,0
4806.4,928.6,560.5,20.3,4.94,3.07,12.45,58.8,0
8619.7,805.6,622.7,97.4,1.06,2.09,18.98,21.4,0
7540.7,537.8,1098.7,90.7,2.72,5.63,24.1,37.1,0
7212.5,976.0,1231.6,138.7,2.78,3.95,12.58,53.6,0
5820.5,1249.2,870.1,36.2,1.79,2.58,16.67,33.1,0
8271.4,911.4,881.7,224.7,2.65,2.0,19.2,52.8,0
5673.0,1020.1,1020.8,136.2,2.71,4.91,13.22,48.5,0
5953.1,1160.8,866.1,222.5,3.29,6.75,16.95,54.8,0
6255.0,633.9,1091.9,197.9,0.68,4.84,25.47,32.5,0
7052.7,428.5,914.2,54.1,1.25,3.14,22.73,51.3,0
6955.4,931.4,879.8,40.4,2.1,0.53,15.33,42.6,0
5287.3,750.5,696.2,208.1,3.3,7.21,23.12,54.6,0
5200.5,525.2,642.0,133.3,1.0,3.99,21.03,39.1,0
6959.9,784.4,155.0,14.5,1.51,5.82,27.03,41.0,0
7072.9,945.5,1121.5,224.9,0.59,5.84,20.36,54.4,0
5410.0,770.2,817.7,118.8,1.9,6.53,16.4,47.3,0
3619.2,642.6,761.9,79.2,2.06,7.84,14.93,51.1,0
5689.0,755.3,420.6,128.8,0.42,0.2,21.31,48.9,0
6935.3,796.1,709.2,199.3,1.42,4.39,19.62,55.4,0
8708.1,414.1,680.2,35.4,0.31,6.94,21.75,40.6,0
4203.1,771.4,675.1,92.6,1.53,4.11,17.02,37.3,0
5360.1,531.1,923.2,83.3,0.6,4.68,22.66,37.8,0
5415.9,931.8,876.9,203.1,1.62,4.1,24.71,28.1,0
8033.7,487.8,550.5,189.0,9.36,3.54,20.82,46.3,1
5947.6,1002.5,564.5,102.0,1.56,1.2,23.99,41.5,0
4639.0,718.2,564.1,162.8,1.21,2.67,21.2,43.6,0
6838.0,691.4,1248.3,100.7,1.03,1.05,20.87,29.2,0
5393.0,858.9,1178.4,141.4,3.02,5.39,17.97,46.4,0
4163.4,626.8,662.5,238.0,2.12,5.24,24.83,41.9,0
4660.8,855.7,415.1,133.2,4.78,3.85,17.63,53.1,0
8601.1,653.6,878.2,237.4,2.76,0.2,20.91,46.0,0
6576.3,688.7,860.3,181.9,0.32,3.1,16.14,42.5,0
6161.6,881.1,919.7,37.8,2.99,1.12,23.36,50.0,0
5625.2,572.3,1013.1,193.1,1.18,1.36,19.23,42.3,0
6438.2,547.1,949.4,47.1,2.2,4.59,22.06,50.2,0
6420.4,849.6,604.4,132.4,2.91,6.23,14.94,50.9,0
6438.3,794.6,914.7,151.0,0.99,7.34,16.2,42.6,0
6172.3,833.7,1037.8,215.2,2.58,4.82,16.93,42.4,0
7303.2,865.5,690.7,58.4,2.31,7.6,21.02,57.9,0
6034.7,811.5,916.0,211.5,2.68,0.74,20.51,44.1,0
4533.1,921.6,728.4,224.9,6.34,1.83,18.84,36.0,0
5081.4,819.5,1289.2,30.6,0.99,3.79,17.11,47.7,0
3031.5,398.5,558.1,213.6,4.83,5.62,14.76,55.1,0
9040.2,450.4,1104.3,69.6,1.84,5.23,22.53,44.0,0
7294.1,1185.6,482.4,28.6,0.56,5.88,15.93,40.0,0
4754.9,800.0,1244.5,230.5,4.37,4.43,21.63,51.2,1
5577.2,990.0,598.9,100.2,3.48,4.14,13.98,48.2,0
5044.7,730.9,891.7,153.3,4.19,8.1,20.24,42.2,0
8313.8,788.4,491.6,137.2,3.13,5.15,24.96,48.7,0
3870.2,709.3,553.0,59.0,0.79,4.37,21.69,43.1,0
6171.7,1293.2,1047.5,164.0,5.15,4.16,20.34,65.5,0
5837.2,850.6,1076.2,20.6,6.94,2.1,24.11,49.0,1
7240.3,693.0,902.7,56.7,3.06,5.85,17.5,55.8,0
5844.0,469.7,1013.0,227.3,0.93,1.19,17.19,43.3,0
3362.7,1194.7,1079.9,229.3,3.76,0.2,21.36,56.4,0
5623.3,767.3,699.5,121.0,0.35,8.39,18.36,44.9,0
4541.8,948.8,542.2,48.9,1.43,7.68,17.1,50.5,0
6119.4,971.2,847.0,107.0,0.73,5.12,14.69,53.0,0
8151.3,707.4,723.0,211.7,4.01,4.89,15.77,47.7,0
3390.9,934.5,935.5,26.2,1.86,3.39,23.41,40.7,0
4799.7,679.2,970.6,39.4,1.75,2.89,23.29,39.9,0
5171.0,601.9,700.0,216.0,2.15,0.2,30.22,36.8,0
5427.6,1032.9,1004.9,105.5,0.35,1.34,24.34,23.8,0
7110.2,768.4,993.9,29.2,3.32,1.65,21.43,53.4,0
5739.7,903.7,1009.1,42.0,1.68,4.15,23.7,42.6,0
6623.7,882.2,760.3,213.0,0.3,8.35,15.73,52.9,0
5061.3,927.6,1021.6,122.7,1.18,0.2,22.16,37.0,0
6344.9,488.7,964.4,47.5,4.42,5.52,19.47,45.0,0
7166.7,682.9,990.8,215.6,2.58,5.73,29.03,45.1,0
4901.6,735.1,1219.1,204.4,3.0,0.2,24.93,41.2,0
7172.0,633.7,922.1,15.3,2.94,0.38,23.6,54.3,0
6078.6,885.8,716.5,143.6,2.31,4.61,16.31,53.4,0
7568.2,1037.4,605.7,66.2,1.8,4.74,33.48,42.9,0
5697.9,1069.0,1098.1,132.6,2.67,7.1,19.23,54.4,0
6571.9,732.2,928.6,74.2,1.72,5.17,17.56,54.1,0
5939.1,858.4,1217.4,82.7,3.17,1.01,23.73,55.0,0
5855.7,889.1,403.5,148.4,1.8,4.02,14.12,58.0,0
6388.4,924.3,1050.3,133.9,1.15,2.2,16.32,52.3,0
6805.2,624.4,792.5,100.9,1.83,0.2,16.92,54.3,0
4125.7,1164.1,772.2,34.7,0.84,5.8,21.14,43.7,0
8150.5,985.3,681.7,233.0,3.23,5.47,21.21,43.1,0
3210.5,990.5,1047.9,50.2,1.96,3.59,17.56,45.7,0
4972.8,1040.7,985.0,155.6,2.71,8.23,18.99,44.1,0
5858.6,906.8,598.7,29.0,3.89,0.86,7.81,49.0,0
6618.5,594.5,886.3,168.3,1.42,6.51,19.4,45.8,0
8364.3,772.2,1005.3,31.8,1.98,2.14,20.55,44.6,0
3212.6,469.8,889.2,62.8,7.34,5.2,24.3,61.4,1
5238.5,883.0,1093.7,158.8,5.26,6.4,19.9,57.8,0
2809.7,766.2,786.2,75.1,0.37,1.88,22.78,58.0,0
6047.4,791.9,354.0,132.6,1.67,2.47,19.0,37.8,0
6407.5,1040.8,891.1,38.6,2.14,4.93,28.28,46.4,0
8386.2,708.6,889.7,56.6,2.58,1.4,20.35,49.2,0
6181.0,749.6,918.5,178.8,1.61,5.57,20.25,48.0,0
7566.0,804.4,1093.5,18.1,2.77,4.19,16.35,32.8,0
6875.8,432.0,420.5,35.7,3.32,4.88,23.74,47.3,0
5347.1,746.8,797.5,59.4,2.51,2.13,21.69,39.9,0
3886.6,302.8,647.0,14.6,1.24,2.0,24.74,50.5,0
6412.5,682.9,584.2,31.9,1.75,0.49,18.19,43.0,0
3761.8,971.0,834.1,74.7,1.39,4.68,20.76,31.7,0
7942.8,889.5,1004.4,31.4,3.24,0.98,26.03,49.3,0
5756.9,681.0,916.2,209.2,1.19,3.19,28.08,37.1,0
7792.8,808.2,698.7,25.2,0.55,5.92,24.66,58.0,0
5279.7,585.0,818.0,208.0,1.28,8.67,22.77,38.0,0
6403.3,799.5,1054.6,199.3,0.58,4.85,15.54,33.7,0
6314.0,1386.1,1000.3,33.2,1.6,4.23,18.77,44.9,0
5932.4,1169.2,728.4,15.8,0.54,0.65,11.56,50.8,0
5351.0,810.5,714.2,21.5,2.37,2.81,22.34,21.3,0
6588.7,832.0,472.4,145.8,1.21,2.92,19.41,55.3,0
4610.8,604.1,755.5,164.2,2.0,4.99,22.67,35.7,0
4185.8,639.6,468.1,152.8,0.45,3.18,19.05,58.4,0
7864.2,872.4,1304.8,134.5,4.78,9.17,16.82,34.5,0
7090.8,695.0,661.9,50.2,1.37,5.25,18.14,36.5,0
6098.8,980.8,1094.0,203.4,1.63,5.84,26.18,41.2,0
8497.7,1113.9,1250.0,85.3,1.54,5.25,25.28,60.6,0
5598.4,866.5,897.6,236.8,1.04,1.52,19.89,63.5,0
7984.1,820.3,828.0,98.5,2.72,2.58,26.24,37.9,0
6263.4,463.8,559.1,70.5,1.86,2.79,24.29,33.0,0
4462.9,949.5,739.0,215.7,2.27,6.98,18.13,61.4,0
8772.1,571.3,1202.9,140.5,0.81,6.51,17.39,28.0,0
7486.1,716.4,927.3,176.0,1.01,4.8,16.32,37.1,0
5818.5,991.9,856.2,103.9,2.15,4.58,19.16,48.0,0
7090.8,1006.0,1138.7,214.0,0.48,5.69,23.15,41.7,0
5394.4,706.7,1003.2,221.1,0.39,0.26,17.91,36.1,0
7243.7,718.2,817.5,110.5,2.55,4.34,16.22,29.1,0
2413.4,660.1,897.6,65.4,0.53,0.26,26.21,37.0,0
4470.3,560.4,681.0,159.0,3.25,3.38,22.1,47.9,0
7468.9,673.0,726.6,229.6,0.58,6.26,19.8,45.9,0
5625.5,477.4,804.6,153.2,0.74,1.6,11.31,34.5,0
6311.3,936.6,972.6,229.5,1.09,7.3,23.22,48.4,0
3979.8,878.9,575.6,89.1,0.41,5.84,15.07,49.6,0
8771.8,912.1,866.8,220.5,5.21,4.12,20.77,27.3,0
7785.8,609.1,764.2,35.9,2.92,3.97,23.23,41.5,0
5699.0,561.0,651.8,92.5,1.64,1.56,24.5,27.7,0
5393.0,810.7,765.4,123.7,1.0,1.12,16.2,60.2,0
7544.4,812.8,339.3,160.2,2.64,1.77,24.3,50.8,0
8973.7,770.5,683.3,77.7,1.08,2.57,20.51,43.4,0
7430.6,742.1,608.1,222.6,0.44,4.89,21.69,30.8,0
9257.7,1142.2,788.4,217.8,1.01,1.66,15.3,37.4,0
4616.5,885.2,348.4,193.8,0.59,3.0,13.66,43.3,0
4770.9,1194.1,892.0,36.3,0.78,5.99,27.66,57.2,0
4216.6,1053.8,1050.1,28.0,1.37,0.58,26.66,49.5,0
6662.6,1140.7,824.2,124.6,1.54,0.69,12.3,47.3,0
6263.4,585.1,959.7,186.0,3.2,3.52,23.39,45.3,0
5772.1,918.6,737.2,38.3,3.2,4.2,18.18,49.7,0
7213.9,713.6,508.0,157.5,1.82,3.99,24.1,58.3,0
7848.5,467.3,850.4,131.4,2.23,7.06,13.84,28.1,0
3711.5,1099.2,999.7,177.0,1.28,1.8,19.27,48.8,0
5104.5,741.3,558.6,110.1,1.72,0.83,21.95,46.8,0
7230.2,589.0,747.6,169.5,2.14,0.2,12.84,47.2,0
5298.4,717.1,795.6,46.7,1.9,3.31,14.59,51.3,0
4802.7,640.8,1477.3,59.4,5.38,4.87,18.66,51.4,0
7527.8,661.3,899.1,217.8,1.94,5.0,14.97,47.3,0
4065.7,755.7,430.8,85.8,0.52,3.53,19.61,43.1,0
5547.6,1146.2,376.4,236.7,3.68,3.05,19.15,48.2,0
6493.0,666.7,1010.7,20.6,3.06,4.44,21.93,42.3,0
5139.3,1131.9,1396.7,124.1,2.17,4.52,22.3,47.9,0
7174.7,969.8,788.2,84.7,1.63,1.52,17.84,50.4,0
5146.7,879.3,775.0,239.1,2.44,5.48,23.49,35.9,0
8112.9,949.6,944.8,237.7,1.41,5.51,15.18,53.0,0
5811.4,802.7,674.4,64.1,0.3,0.2,16.15,51.2,0
7006.9,1057.2,290.3,71.5,0.59,2.77,10.01,29.0,0
7119.0,913.4,1078.2,182.4,1.5,1.25,19.19,28.2,0
5058.7,467.1,715.1,214.6,0.54,3.58,25.44,52.6,0
2919.8,859.3,1081.0,162.7,2.37,2.3,20.04,32.0,0
6541.1,956.8,682.6,208.9,0.47,4.43,16.14,39.0,0
6108.4,742.2,876.8,24.6,0.85,1.12,11.39,39.7,0
6833.7,825.3,1038.1,157.3,0.74,4.98,12.55,44.7,0
5660.2,677.4,1085.5,171.0,2.26,9.81,18.19,51.0,0
5354.4,524.5,901.3,53.8,3.51,4.74,18.35,55.3,0
9012.7,489.9,890.3,188.9,0.66,7.16,22.24,40.6,0
3791.5,492.6,986.3,227.2,3.74,3.49,25.21,52.3,0
7100.9,933.8,952.1,216.5,3.88,1.39,21.42,50.1,0
5138.1,301.9,565.9,66.3,2.12,3.05,17.73,45.6,0
5496.3,666.7,570.1,84.5,1.13,5.34,22.45,48.6,0
5524.3,646.9,386.0,124.9,1.27,3.9,22.13,42.8,0
4794.8,743.6,1018.6,46.4,0.77,3.1,24.36,43.7,0
6856.8,428.7,762.9,229.4,0.75,5.81,16.42,49.8,0
8086.0,880.8,1030.4,47.2,0.94,3.74,22.11,34.0,0
6705.0,545.4,938.8,185.1,2.57,0.2,22.41,36.4,0
6155.1,1026.5,629.5,88.5,1.23,5.46,19.11,49.3,0
4520.3,675.6,823.6,142.0,2.28,4.53,14.59,53.0,0
6775.2,780.9,749.9,20.8,0.7,6.78,20.18,49.1,0
9234.5,800.8,716.0,57.2,0.3,4.94,16.96,41.7,0
5429.0,848.8,1051.4,112.2,1.23,2.46,23.6,44.6,0
5436.0,807.4,1402.4,165.8,0.3,4.76,19.48,32.5,0
5158.4,714.6,1095.6,188.8,0.64,3.66,20.09,47.8,0
5265.9,868.6,844.1,16.9,4.22,4.45,18.51,37.7,0
1882.1,893.2,1127.1,45.1,1.62,6.61,18.93,34.1,0
6607.6,647.0,1226.8,177.9,1.51,2.98,26.87,57.7,0
4731.7,885.3,543.7,197.0,3.15,3.26,22.33,46.0,0
3584.6,1038.3,1119.5,64.4,1.21,0.2,14.45,36.5,0
7129.8,941.2,1019.3,62.8,1.35,8.16,19.83,38.2,0
4377.0,986.5,1111.4,30.2,1.08,3.97,14.36,46.2,0
5492.0,834.4,1028.9,44.6,2.2,2.45,26.75,33.5,0
8199.7,612.8,799.9,11.8,1.39,6.35,25.31,56.5,0
3886.2,638.1,1297.2,145.7,1.44,7.19,26.76,25.1,0
3701.1,864.0,924.7,217.9,0.87,0.2,12.92,42.5,0
6404.0,988.6,754.4,44.4,2.7,2.53,15.55,44.8,0
7724.2,1357.2,961.3,182.8,2.03,4.67,16.62,42.0,0
3638.5,996.4,1063.9,141.9,1.26,1.21,15.91,51.8,0
6611.5,565.9,870.8,226.2,0.62,2.53,16.06,48.1,0
6871.5,646.5,936.5,193.6,3.19,0.79,16.44,41.5,0
2911.3,1255.7,869.4,206.1,3.23,4.08,18.88,38.7,0
7197.8,757.1,704.8,157.0,2.05,1.52,21.71,39.2,0
7314.9,809.5,669.2,196.6,1.53,10.13,22.34,49.9,0
5532.3,607.9,541.4,90.7,0.51,8.28,24.17,38.6,0
7878.5,1113.0,1184.0,58.1,0.82,1.24,21.34,66.9,0
7704.7,900.1,800.8,219.9,1.7,0.2,21.34,48.8,0
6154.7,645.1,150.0,178.9,1.1,0.3,25.15,45.8,0
5322.8,601.2,937.2,30.9,0.42,2.78,23.25,44.1,0
4540.8,861.4,932.7,209.4,2.83,4.42,21.27,35.6,0
5943.7,808.8,439.4,90.2,2.22,0.65,12.53,52.0,0
6854.6,966.4,666.9,78.6,1.49,3.26,26.1,34.3,0
5513.7,909.4,657.2,153.4,1.65,3.39,13.07,59.9,0
2703.7,747.1,686.7,140.8,1.12,0.94,16.98,53.8,0
7903.1,691.2,1116.8,133.8,1.15,7.45,10.6,50.9,0
6285.3,768.0,817.2,68.6,3.22,4.78,27.42,52.1,0
5430.6,689.9,756.0,230.7,0.37,5.13,17.48,47.9,0
7285.7,774.0,1096.9,228.5,4.53,10.06,20.29,46.2,0
8287.0,803.3,959.0,11.0,1.48,1.26,13.12,42.2,0
1797.1,620.4,467.0,87.7,1.52,6.3,20.82,43.2,0
6651.4,926.1,714.3,20.5,1.64,8.17,24.46,39.7,0
3860.0,725.9,920.8,205.6,1.92,7.79,16.51,46.6,0
6748.7,631.6,644.5,213.9,0.99,5.62,19.93,61.3,0
6191.9,729.7,1296.5,129.2,2.46,0.2,21.32,49.4,0
6953.6,848.5,874.8,203.1,2.63,4.84,15.31,34.4,0
5251.1,816.6,684.3,171.8,3.73,2.57,23.16,56.3,0
3190.1,884.4,603.0,124.9,2.21,4.56,16.33,34.6,0
5324.4,979.7,1054.1,93.7,1.14,6.57,20.5,56.2,0
6610.3,1061.0,707.5,71.2,0.59,4.85,19.41,47.7,0
7523.1,857.1,933.6,69.7,1.13,1.16,24.68,47.2,0
4242.3,586.1,596.7,139.3,1.55,0.53,20.87,55.2,0
7540.6,746.2,865.4,48.4,1.81,2.04,11.0,58.3,0
5028.2,599.1,710.1,50.2,1.31,3.75,20.35,42.3,0
6543.7,1139.4,780.6,12.4,1.44,7.42,20.52,28.7,0
5235.2,1197.5,674.8,151.1,2.41,4.66,21.77,51.8,0
6273.3,930.1,1075.6,238.7,2.74,3.69,17.71,36.0,0
7337.8,971.7,742.0,214.5,4.76,3.49,13.86,37.9,0
4159.5,850.2,818.4,172.3,1.56,3.52,13.73,47.7,0
4980.1,873.2,829.1,190.7,1.38,6.11,19.0,41.1,0
6277.4,480.5,1204.7,105.9,2.22,1.37,26.37,38.8,0
9602.4,785.2,1045.9,78.6,2.11,6.85,19.68,41.5,0
4705.2,623.8,1023.9,94.8,1.24,5.86,19.46,55.7,0
9060.2,856.3,502.9,28.7,2.09,3.33,20.83,40.5,0
9006.6,788.1,705.6,155.8,5.54,10.83,23.57,45.2,0
5854.0,1189.4,1111.5,50.2,1.23,6.57,18.33,55.9,0
5552.8,983.3,592.4,185.5,0.49,3.53,23.11,42.9,0
4961.9,856.9,868.5,53.7,1.36,5.92,24.11,36.1,0
5897.7,746.6,615.6,62.5,0.49,3.23,22.72,42.5,0
3889.9,1135.2,637.7,230.2,0.87,2.13,24.3,26.8,0
5885.6,794.0,1219.8,34.2,1.68,2.78,27.52,46.0,0
8245.3,866.3,1008.2,124.7,0.77,3.98,19.61,41.7,0
5083.4,808.4,1066.3,24.4,3.68,0.2,18.0,35.0,0
5638.9,719.2,1022.4,30.8,1.12,0.49,14.32,65.7,0
3448.3,807.3,819.4,155.7,3.27,4.99,21.25,35.8,0
6561.1,407.6,697.8,155.1,0.52,3.03,19.61,54.3,0
6396.7,490.5,761.5,54.4,0.57,8.94,23.12,50.8,0
6095.6,869.9,807.8,210.7,1.41,5.68,19.1,41.3,0
5674.8,1113.6,1240.8,171.5,0.76,5.1,15.79,49.6,0
5560.9,869.6,556.0,79.1,0.67,5.2,19.69,41.8,0
6752.9,655.9,728.2,67.1,1.88,3.55,12.78,41.2,0
5956.8,511.4,649.1,183.5,0.55,5.82,19.58,42.1,0
6472.5,956.9,1082.5,178.7,3.03,3.87,17.37,51.9,0
6322.5,686.6,1257.8,44.2,2.16,4.84,24.95,47.6,0
7685.1,928.6,917.9,90.3,2.19,3.43,25.27,47.5,0
7015.5,878.0,936.0,59.8,3.11,6.97,19.98,29.5,0
6289.3,895.7,870.1,77.7,2.24,2.03,12.38,48.4,0
8277.6,806.7,946.2,76.1,1.15,0.2,15.59,35.1,0
6630.4,876.7,1020.1,234.5,2.66,2.78,19.96,35.3,0
7957.4,776.1,943.6,182.5,1.29,7.82,16.45,44.5,0
6910.4,672.9,959.7,189.4,1.61,6.09,18.81,59.9,0
3237.1,607.3,1020.6,73.8,1.68,6.96,26.62,49.4,0
7957.3,323.0,458.8,10.1,0.5,4.34,18.13,33.5,0
6202.8,763.8,850.4,23.4,3.13,4.35,20.17,65.1,0
5922.1,1103.9,917.1,137.2,3.08,2.46,21.14,36.0,0
6422.0,946.0,941.6,75.7,1.0,2.58,16.14,54.8,0
5482.5,845.5,812.4,54.4,0.79,4.08,17.35,57.7,0
6340.5,653.2,885.4,21.4,1.65,4.05,18.89,46.6,0
5112.2,999.5,691.6,211.5,3.29,3.75,20.48,33.5,0
7911.4,776.1,459.5,148.0,0.6,4.75,23.51,46.2,0
5829.6,1115.0,1066.3,34.7,0.74,2.93,15.57,44.3,0
5426.1,603.8,600.4,186.3,4.44,5.0,20.05,27.8,0
4612.6,650.0,814.7,183.8,0.3,7.28,8.11,42.0,0
6403.2,630.5,685.2,76.6,1.07,9.06,19.72,33.4,0
6280.7,503.6,1199.1,53.3,2.63,2.25,21.37,44.8,0
6582.6,612.6,832.5,197.2,3.64,7.05,20.61,51.4,0
4459.1,820.6,781.7,85.8,3.35,5.98,27.91,43.3,0
3598.2,657.6,1014.5,204.9,0.79,7.04,17.39,55.7,0
6938.4,150.0,1324.4,20.0,2.01,9.03,18.6,49.4,0
8227.0,1014.9,939.3,124.8,2.61,7.8,19.13,36.8,0
4460.5,463.2,767.0,51.3,2.12,0.93,22.05,38.8,0
8384.2,917.8,1003.3,164.6,9.54,4.21,27.08,56.3,1
6425.9,806.2,504.0,239.4,0.8,2.02,24.31,43.1,0
5989.4,1223.5,860.2,104.9,2.42,4.64,17.97,69.8,0
5403.7,999.4,1288.7,33.1,0.3,9.18,13.68,34.8,0
3923.2,699.1,884.7,83.1,1.99,5.79,23.71,55.3,0
7481.6,659.6,873.7,215.0,0.3,4.29,20.8,29.3,0
4836.6,1100.5,854.5,186.1,3.29,2.15,22.97,20.0,0
4830.3,504.8,763.0,63.4,3.16,3.23,14.62,49.3,0
7487.9,838.2,919.2,229.3,1.24,6.83,17.16,25.1,0
3175.5,773.8,1020.6,153.1,1.72,1.99,16.21,57.0,0
3714.6,731.4,777.0,48.7,3.84,7.84,22.97,56.4,0
5972.8,870.7,302.0,141.6,1.82,6.07,11.67,38.4,0
6439.9,837.9,952.4,113.8,1.66,1.12,14.47,40.5,0
6727.1,891.5,1319.3,198.5,0.3,7.69,21.03,25.1,0
5547.3,827.8,767.2,89.2,1.03,0.7,12.18,30.4,0
9795.6,883.5,526.3,211.2,0.32,0.2,21.09,34.5,0
5658.2,818.7,999.0,196.8,0.42,5.62,17.74,33.9,0
5653.8,668.1,1233.6,165.2,2.01,6.41,9.34,46.6,0
4804.5,800.8,966.5,69.5,1.9,3.25,24.31,59.0,0
6185.9,657.1,1229.4,233.2,1.38,2.11,12.05,41.5,1
6922.4,643.9,1024.6,136.2,2.14,3.52,22.25,44.5,0
7805.4,732.8,1005.5,218.7,1.6,4.79,23.98,47.3,0
3766.1,776.1,736.0,59.6,1.32,4.3,21.23,34.8,0
5631.0,807.0,912.8,236.2,2.23,2.24,23.9,46.1,0
6670.1,983.3,843.5,197.7,5.18,0.91,13.93,39.0,0
6880.6,700.3,836.0,228.3,0.72,3.09,16.92,60.1,0
6009.8,839.4,794.1,58.8,4.26,1.52,24.91,40.8,0
6813.6,823.6,899.6,109.1,0.49,5.11,25.94,48.0,0
4786.6,678.3,564.8,32.5,1.49,6.88,28.53,43.2,0
8336.9,814.7,1028.6,41.5,0.56,2.55,17.78,41.6,0
7488.9,1000.5,656.9,75.3,2.73,6.32,19.93,48.9,0
3982.6,837.3,794.9,228.9,0.3,7.99,23.54,41.0,0
4387.3,845.3,922.7,163.5,0.39,2.23,18.67,43.5,0
4429.6,658.9,646.0,82.4,2.16,4.88,11.44,42.0,0
7017.0,1193.8,417.4,229.6,2.39,4.05,22.97,64.4,0
4072.9,670.3,765.7,180.1,1.9,1.18,19.37,43.7,0
5503.5,466.4,535.2,218.6,2.38,4.0,21.63,51.5,0
6682.1,972.0,1006.7,223.3,0.3,2.89,23.31,38.6,0
5900.8,777.0,596.2,182.7,1.55,2.64,22.82,42.2,0
6388.3,739.4,1176.7,65.9,1.58,3.38,21.71,54.6,0
4401.3,690.9,848.7,239.2,1.75,2.7,20.98,47.5,0
6892.3,1174.3,863.0,84.8,2.76,7.31,22.55,61.7,0
5080.2,870.9,414.3,164.5,2.13,0.2,15.83,40.2,0
5513.1,910.0,881.9,204.3,5.02,1.69,18.65,62.2,0
6356.6,832.5,832.4,50.3,2.12,3.8,17.04,44.6,0
6154.6,854.0,564.2,150.1,2.46,1.9,19.28,44.0,0
6036.0,1079.7,869.2,96.3,0.68,5.71,19.0,48.9,0
4874.1,749.8,762.5,66.2,2.22,4.7,12.89,43.1,0
5550.7,508.6,802.3,12.7,1.12,3.65,17.27,53.0,0
6003.3,973.6,855.7,210.6,1.06,4.22,24.18,43.8,0
3937.4,899.3,746.3,41.3,2.7,3.87,18.58,39.7,0
5306.2,821.6,904.2,212.0,0.39,1.4,20.48,44.5,0
6581.5,894.2,831.0,148.2,1.73,5.58,28.4,24.3,0
4083.8,725.9,954.0,152.8,1.31,1.01,21.51,39.3,0
7734.9,804.1,733.7,200.6,3.01,4.25,26.39,49.4,0
7904.4,773.7,615.7,127.2,2.74,4.58,21.12,56.7,0
4132.3,681.7,694.0,92.2,1.34,2.88,18.34,52.5,0
8036.4,1037.8,1167.4,41.9,0.66,2.62,18.53,46.7,0
5784.6,517.5,1060.3,141.2,3.16,2.64,21.65,45.2,0
6627.8,1272.2,1116.9,137.2,1.55,0.2,20.82,42.4,0
5255.0,975.5,1132.2,77.6,3.72,8.51,24.99,44.4,0
7384.6,444.4,747.4,148.0,2.03,5.75,29.78,50.5,0
6609.1,755.2,915.1,111.1,1.55,4.46,24.0,38.1,0
4778.8,766.3,866.7,195.3,1.19,2.25,20.75,44.6,0
4252.2,878.4,995.1,138.7,2.08,3.72,22.28,54.1,0
3809.5,602.1,786.4,224.7,0.44,2.84,22.27,52.1,0
6281.9,806.4,870.5,129.1,0.95,8.11,21.07,48.3,0
6858.7,775.8,865.9,214.1,3.31,0.2,18.38,36.5,0
6976.4,652.5,967.1,129.7,0.53,0.42,18.02,54.2,0
5823.0,624.6,994.3,138.3,2.94,0.2,21.44,27.0,0
4264.5,983.8,870.6,94.4,4.17,5.93,16.3,38.9,0
4976.9,460.7,877.3,102.0,1.03,2.24,19.74,47.7,0
7728.5,895.6,899.7,224.6,4.45,5.26,26.63,52.5,0
5273.1,959.5,1212.2,61.4,6.08,3.92,15.16,40.6,0
6215.1,756.3,469.4,37.9,1.07,6.48,18.25,49.2,0
4386.5,810.5,636.7,200.9,1.59,6.26,18.66,35.7,0
6504.9,1032.7,998.2,142.7,0.97,4.44,24.31,48.6,0
5313.5,659.0,909.4,75.5,1.93,6.26,21.83,54.7,0
7570.1,679.7,907.8,109.5,2.1,1.2,23.47,44.5,0
7160.3,700.9,996.8,130.7,1.03,0.2,24.62,58.5,0
5256.4,1033.1,897.1,146.2,0.86,5.04,29.98,48.1,0
5810.0,1058.5,727.0,198.8,2.32,3.85,12.56,51.7,0
5173.3,520.8,988.3,100.7,1.3,2.02,32.18,47.4,0
3870.9,1001.2,854.6,165.6,1.2,3.41,24.95,25.9,0
4713.8,963.8,751.5,202.0,2.3,0.2,29.6,55.6,0
6297.3,1110.7,1001.9,204.1,1.17,2.25,18.63,50.4,0
6487.9,877.0,993.2,68.5,0.89,7.47,20.82,46.3,0
6222.8,791.1,897.2,90.5,0.92,6.06,16.11,34.4,0
5547.4,1029.0,1227.8,146.8,4.01,6.19,13.86,44.6,0
7399.6,939.8,1141.9,213.7,2.0,3.14,20.2,42.0,0
6095.3,1249.0,1070.4,191.8,1.7,5.54,18.59,27.7,0
7054.9,991.7,1414.6,144.3,1.44,7.7,19.18,64.1,0
3339.3,830.7,817.8,236.3,1.45,6.5,16.87,56.5,0
800.0,565.2,747.7,111.0,0.3,5.89,21.83,37.9,0
6425.7,683.8,1039.3,203.8,0.51,0.2,21.12,38.9,0
3862.9,512.8,794.4,198.2,4.18,5.59,20.83,47.1,0
5681.3,757.0,852.6,218.8,0.44,3.37,16.79,52.4,0
5546.9,985.2,633.1,237.2,1.0,1.54,16.53,43.7,0
8381.1,799.3,983.5,124.0,1.24,5.6,20.45,48.3,0
6600.0,1004.3,526.4,55.0,1.03,4.18,15.82,39.0,0
6248.8,867.5,828.8,116.0,0.69,5.16,21.39,37.9,0
7255.5,719.4,846.6,206.4,2.84,2.45,15.56,40.5,0
6552.7,817.5,754.1,202.3,0.44,0.51,24.61,40.3,0
5313.5,894.4,463.4,87.3,6.04,8.93,17.52,32.0,1
7607.2,827.8,461.8,20.9,0.5,1.19,26.18,45.6,0
4335.4,830.1,685.8,127.3,3.65,2.55,22.45,57.6,0
6484.9,646.2,968.6,119.0,4.55,6.2,16.82,35.5,0
3678.6,713.4,913.6,29.7,0.3,7.48,21.51,40.6,0
6305.9,1251.7,846.4,192.8,1.79,4.56,25.04,38.8,0
6289.5,1045.7,655.4,75.2,2.24,6.26,17.27,35.1,0
8514.7,505.2,925.0,158.5,1.99,5.28,18.06,20.0,0
3652.5,326.6,454.2,33.3,2.34,1.68,21.33,38.5,0
5098.7,815.2,322.8,208.0,0.87,1.14,24.35,39.0,0
7234.0,978.7,796.5,180.0,3.03,6.51,19.55,54.0,0
6503.0,696.0,729.9,99.3,0.8,5.58,21.52,44.9,0
6270.5,1004.3,1072.9,154.8,1.08,10.91,25.46,53.0,0
4565.8,811.9,884.8,53.1,0.68,1.94,17.47,45.1,0
5113.8,767.4,1213.2,236.6,2.81,4.06,15.77,42.3,1
7867.6,951.2,729.4,193.1,2.63,4.28,24.68,61.7,0
5922.7,693.6,957.1,191.5,0.73,0.51,22.56,41.5,0
6563.0,742.7,794.5,45.3,1.25,2.65,14.13,45.6,0
5827.2,934.0,1154.0,14.1,4.17,5.26,26.38,40.5,0
4225.4,793.7,805.1,144.6,0.32,5.24,22.81,40.5,0
7400.7,1181.8,1038.0,43.1,5.69,2.4,21.93,54.9,0
6754.8,938.8,612.9,189.5,0.83,3.62,19.53,45.6,0
9458.5,925.8,758.7,105.7,1.25,8.89,17.89,36.0,0
4476.6,790.1,831.5,87.9,1.69,3.9,21.22,47.2,0
7233.9,975.0,1128.0,26.9,0.5,2.39,24.38,54.3,0
4032.7,735.5,366.6,239.1,2.65,9.21,16.51,39.0,0
6236.0,856.5,776.8,229.9,0.89,4.81,19.86,39.0,0
7464.8,616.7,769.4,40.3,0.93,1.86,23.53,39.3,0
2891.8,1007.9,393.1,86.5,7.07,6.62,24.42,42.8,0
5692.6,858.1,747.9,99.9,1.4,1.38,17.42,49.2,0
5155.2,1196.5,511.1,78.3,1.97,1.76,20.53,45.4,0
4947.1,1278.5,337.3,224.9,1.56,2.71,18.12,46.9,0
6577.8,952.7,792.3,175.9,3.19,1.8,20.6,57.4,0
7681.0,813.7,784.8,229.9,3.94,2.06,20.85,46.3,0
5800.1,610.8,796.1,211.1,1.95,1.24,20.75,52.0,0
6308.2,980.9,905.6,183.5,5.64,4.26,24.76,40.1,0
6171.5,842.1,656.5,170.3,3.58,0.9,20.42,49.6,0
6002.7,907.6,1244.0,209.2,0.91,0.62,13.67,47.9,1
4366.0,1146.0,842.7,167.4,8.06,5.15,17.01,42.6,0
7662.7,635.1,1133.0,53.4,0.72,3.44,31.21,47.8,0
6442.8,615.1,480.4,159.1,3.2,4.0,16.97,31.3,0
6592.3,752.7,666.4,128.5,1.81,3.35,22.14,49.4,0
4790.2,964.2,1001.0,235.8,1.19,9.54,25.6,33.2,0
5311.2,911.0,800.2,127.3,4.48,4.05,27.24,56.9,0
5735.8,620.9,613.9,18.8,1.81,3.54,20.73,43.4,0
3698.8,951.3,445.5,70.8,2.22,4.94,23.64,38.3,0
3467.9,559.8,1011.3,221.0,0.31,4.81,19.83,51.8,0
5098.9,632.5,993.4,231.3,3.21,6.41,17.11,48.6,0
6783.8,776.9,903.5,177.6,2.24,4.43,19.98,45.1,0
5020.3,689.3,740.9,23.1,1.3,5.05,17.47,21.0,0
4471.8,978.0,605.1,15.4,2.26,5.92,25.79,53.9,0
4778.0,857.3,838.3,120.3,2.53,6.7,27.3,45.8,0
5317.0,1153.1,560.6,239.9,1.87,2.87,20.93,40.1,0
5469.2,750.6,684.7,209.9,1.07,0.3,16.6,36.3,0
9248.3,775.6,1127.5,224.6,2.82,0.2,16.02,56.4,0
7581.9,1042.1,442.8,153.4,2.1,5.27,25.17,48.4,0
7537.2,781.8,999.1,207.6,0.47,4.53,17.01,59.9,0
7752.9,1098.8,1178.7,83.5,5.02,0.69,13.66,56.7,0
4501.8,908.2,1029.6,16.3,3.52,4.0,23.99,47.0,0
4166.5,329.4,937.6,221.2,3.65,2.91,22.15,49.1,0
4339.7,1035.5,748.0,60.2,1.91,2.03,15.66,31.7,0
8001.8,982.5,707.9,177.6,2.49,0.2,19.78,51.4,0
5179.2,990.3,355.4,161.6,1.5,3.04,23.63,46.5,0
4123.0,417.8,858.1,46.4,2.07,4.9,22.7,44.8,0
5353.5,667.4,761.5,55.0,1.24,8.49,18.9,41.0,0
5642.1,682.3,696.4,85.7,1.43,0.62,16.77,51.5,0
6402.6,631.8,845.6,184.1,1.81,2.9,17.33,40.4,0
6376.4,1148.4,863.7,19.0,1.06,8.05,21.23,35.3,0
4757.7,797.6,710.2,103.6,6.3,6.46,23.5,36.3,0
7028.5,792.7,1204.9,163.0,2.08,6.03,22.01,34.3,0
5041.2,910.4,1010.7,49.4,2.8,4.0,15.58,53.7,0
5765.6,913.9,1047.2,37.5,1.09,6.06,22.51,41.2,0
7030.2,150.0,827.3,99.7,3.08,1.98,14.14,44.2,0
5037.3,670.7,962.5,75.9,1.7,1.6,26.34,57.3,0
5146.0,517.4,652.9,159.3,0.84,0.2,26.93,36.3,0
6887.5,880.1,996.6,233.0,2.38,3.86,19.55,34.9,0
4713.4,742.2,805.0,11.0,4.32,5.63,17.47,46.5,0
5422.8,803.1,625.2,217.5,1.41,4.95,22.14,40.3,0
6833.6,384.3,845.0,109.6,1.82,8.29,17.88,54.2,0
9081.1,738.0,785.7,162.7,1.67,2.11,16.0,43.6,0
6908.1,1023.0,1361.1,205.7,1.81,6.74,13.24,38.3,1
6709.0,1081.9,945.8,141.9,2.01,4.34,25.45,38.9,0
6796.2,943.8,1197.5,32.4,4.72,6.6,23.52,52.4,0
4390.2,532.9,1098.9,42.3,2.05,3.88,17.78,42.2,0
6173.4,1051.9,858.3,191.5,0.6,3.95,21.98,48.4,0
5955.4,944.8,752.4,62.7,1.79,4.65,18.33,37.6,0
6482.4,776.6,467.2,140.9,2.44,4.07,19.03,36.0,0
6174.8,395.0,658.4,108.5,1.24,7.61,18.28,37.0,0
6569.5,990.7,995.8,79.8,4.44,0.2,23.33,38.5,0
5532.8,681.6,783.5,191.0,1.09,2.35,18.48,50.1,0
6087.9,869.2,932.7,178.2,0.94,2.44,16.99,32.0,0
4158.3,813.7,403.3,158.6,2.6,6.37,16.28,34.7,0
5520.1,1107.7,949.8,95.7,1.02,2.79,14.72,50.5,0
8086.3,774.9,1091.2,62.1,2.69,3.88,21.14,49.0,0
6478.2,797.0,459.3,128.7,1.49,3.09,14.44,50.2,0
5968.6,1115.7,931.7,197.9,1.35,5.72,25.02,34.3,0
8844.2,668.4,1145.6,142.4,0.75,3.69,21.49,44.7,0
3958.7,962.9,1219.6,233.1,1.7,6.15,8.84,30.3,0
4335.8,760.3,739.2,13.6,1.02,6.46,17.89,32.1,0
8569.1,599.5,1021.6,239.6,0.86,8.88,15.9,41.6,0
6068.9,800.2,1164.6,169.0,4.07,6.17,11.03,47.4,0
5636.1,938.3,938.3,201.5,2.41,5.21,23.48,54.3,0
4201.2,1070.7,1132.7,87.0,1.19,8.56,22.24,41.2,0
6671.5,1094.9,842.1,126.9,0.53,6.84,24.17,49.4,0
6816.7,741.0,936.7,193.3,0.3,4.23,20.86,36.7,0
4358.3,602.6,713.2,184.9,1.24,3.25,24.64,57.5,0
5789.6,736.3,813.8,86.8,3.65,7.04,22.12,51.8,0
5496.7,563.7,945.4,84.6,1.48,3.04,24.19,38.4,0
6384.0,756.5,696.7,162.4,1.05,5.05,22.9,41.2,0
4321.1,731.7,800.8,224.7,0.56,0.2,23.45,47.0,0
7877.9,945.5,1017.4,110.9,1.31,3.55,22.76,40.3,0
7373.7,358.8,1301.6,91.2,0.98,7.6,18.08,35.4,0
5455.2,653.3,399.1,215.8,0.52,1.4,12.97,47.7,0
5675.4,654.9,1284.8,167.1,1.16,5.92,22.52,45.2,0
5795.4,1037.4,792.8,99.3,2.61,0.2,18.44,39.8,0
4832.5,577.2,1062.3,23.2,0.3,7.16,15.33,46.9,0
5334.9,845.3,1105.4,175.9,1.6,2.02,19.69,31.3,0
5594.6,774.4,1194.2,91.2,0.3,3.14,19.25,48.4,0
8419.3,1008.6,689.8,26.2,0.81,7.53,22.28,46.7,0
7419.9,919.2,800.4,150.8,0.47,3.06,23.53,36.9,0
7402.0,824.2,838.2,84.3,3.2,6.34,21.53,28.5,0
6554.9,689.1,771.4,87.8,4.23,5.76,18.65,49.6,0
4324.0,429.5,1140.1,120.2,1.86,7.08,11.58,38.0,0
5937.8,849.4,833.1,175.0,0.95,6.46,18.08,50.0,0
7455.7,906.1,493.9,73.6,1.48,3.72,20.13,52.9,0
4112.6,485.0,710.7,28.6,0.3,6.95,27.26,62.5,0
6954.8,553.3,502.8,107.6,3.26,4.63,14.58,28.4,0
9483.9,850.5,799.8,22.6,3.28,4.6,11.71,51.5,0
7592.7,867.8,998.0,170.4,2.66,8.3,22.27,37.3,0
8121.0,601.9,706.0,230.6,1.8,4.86,20.16,50.2,0
6327.5,685.2,761.3,161.5,4.35,3.67,16.62,47.0,0
7451.9,432.7,789.6,73.3,1.09,8.18,22.95,59.1,0
4923.2,1075.5,881.0,51.8,0.3,4.11,15.05,48.8,0
7193.8,540.0,963.5,63.5,1.4,1.28,29.45,56.4,0
6981.6,908.5,1027.6,61.0,0.61,0.2,23.89,45.0,0
6434.9,793.0,1346.2,82.2,3.82,3.7,23.68,37.0,0
7974.0,1057.9,877.2,32.4,0.96,2.8,20.97,66.4,0
5191.8,641.5,1011.9,216.0,2.21,6.6,21.38,48.0,0
5719.4,812.3,500.7,213.6,4.85,2.63,18.41,41.5,0
6143.2,460.3,766.6,151.5,2.78,0.79,21.67,39.7,0
4455.6,412.3,790.5,24.2,0.9,4.02,21.34,53.8,0
6340.4,919.3,626.2,194.9,2.59,0.2,25.33,26.1,0
3421.6,443.0,732.1,24.2,1.73,4.14,19.77,32.7,0
7570.4,754.4,826.4,34.5,0.69,4.08,21.02,44.4,0
6070.0,1002.3,739.0,84.8,0.52,3.13,15.42,25.9,0
5218.7,949.3,1422.4,109.2,2.98,0.81,23.75,37.6,0
4748.4,667.1,962.7,91.4,3.4,2.29,20.49,45.1,0
5648.1,482.3,1290.2,48.0,1.53,3.55,21.68,53.5,0
7032.4,901.9,1178.4,35.8,0.71,0.82,22.82,53.8,0
6821.6,1068.5,709.4,207.7,1.2,4.92,21.84,50.8,0
4941.7,667.6,858.3,93.5,0.75,5.32,18.05,30.0,0
4730.9,639.3,754.3,60.3,2.14,4.22,24.73,34.6,0
6985.3,695.0,814.4,122.0,3.05,2.07,21.71,42.9,0
4916.5,914.3,635.2,18.5,3.12,3.38,19.68,55.1,0
6089.9,1045.7,752.9,148.1,3.05,7.71,22.81,51.3,0
6185.6,552.1,929.1,67.2,1.58,5.45,22.01,46.3,0
6468.1,500.3,923.3,147.6,1.33,3.59,18.35,26.1,0
7287.4,1268.0,905.7,151.2,1.72,5.73,24.28,51.9,0
4105.6,764.5,836.9,196.1,1.48,0.2,24.27,39.9,0
3133.3,850.6,1039.4,62.9,2.44,10.29,10.65,38.3,0
5148.8,661.6,793.5,116.6,3.03,0.97,15.45,51.8,0
8702.3,898.0,1156.1,231.2,1.91,4.68,14.39,38.2,0
9033.3,992.0,443.5,177.2,2.12,1.72,13.97,47.0,0
8746.8,860.0,994.5,234.3,1.69,1.28,24.46,46.6,0
5710.5,1148.2,957.4,223.3,1.01,6.6,16.55,61.6,0
3326.8,734.7,701.6,150.5,2.43,3.69,23.82,40.5,0
2485.4,747.4,771.8,70.7,0.3,4.42,21.73,52.1,0
5078.9,846.3,952.3,184.1,0.96,4.77,21.09,34.5,0
5702.9,893.0,1051.5,170.6,1.43,5.5,17.78,46.4,0
7950.9,845.6,465.1,145.4,3.73,5.31,16.78,41.6,0
7301.7,543.1,988.2,170.5,5.42,6.18,16.82,46.3,0
6341.1,862.5,749.3,151.1,1.67,0.2,22.41,47.2,0
4665.2,725.2,1097.6,129.5,3.55,2.04,21.26,55.8,0
4558.8,683.8,445.4,105.7,3.7,1.74,8.36,46.1,0
6381.2,806.5,1388.0,20.3,0.3,6.63,25.42,36.8,0
7045.6,607.7,655.0,209.1,1.81,5.89,18.96,30.5,0
6587.8,572.9,1164.6,209.1,1.46,5.65,20.49,39.8,0
4448.1,276.9,834.8,146.6,0.38,1.69,23.07,54.2,0
6976.0,1149.4,669.9,71.6,1.24,1.0,15.3,50.1,0
6638.9,911.1,908.3,16.5,3.6,0.2,14.04,41.9,0
4394.0,776.6,1076.4,10.3,2.67,4.86,16.51,39.7,0
4823.5,666.6,508.4,26.8,0.52,0.2,24.78,43.5,0
7032.7,224.8,1004.3,92.8,0.3,5.86,20.06,34.1,0
5648.2,654.3,847.3,53.3,0.87,2.28,24.38,47.9,0
8383.7,943.2,976.9,71.0,1.9,2.71,10.14,48.2,0
6751.7,988.4,852.4,170.9,1.75,3.26,19.23,58.3,0
5270.1,928.5,724.2,230.6,0.3,0.86,15.22,52.3,0
5984.7,831.7,605.1,57.6,2.35,6.26,24.14,26.0,0
6095.1,1060.8,998.0,117.1,0.96,1.17,18.25,54.9,0
4907.4,734.3,996.8,238.0,1.21,3.32,15.71,47.7,0
4631.1,1017.0,995.7,224.3,2.77,6.52,18.64,43.3,0
7052.1,723.1,944.1,91.0,0.64,0.2,13.14,46.4,0
7267.9,623.8,1057.8,83.5,4.64,0.61,20.11,47.2,0
6905.7,598.9,1159.3,65.7,3.66,2.7,15.27,51.4,0
8273.0,587.1,437.2,45.7,2.46,3.86,15.45,40.7,0
5187.3,931.8,334.8,115.8,1.23,5.39,19.89,53.0,0
8511.4,651.5,1227.9,88.5,4.45,4.28,11.32,69.5,0
4648.6,593.4,555.0,181.3,1.23,5.13,18.5,35.6,0
4481.0,942.7,611.0,64.5,2.67,4.89,17.69,39.1,0
3360.1,865.6,786.7,179.4,0.3,5.35,25.28,44.6,0
5331.3,992.5,486.1,76.3,1.4,0.58,22.73,32.2,0
5244.4,902.5,766.1,146.3,0.37,2.7,16.74,43.5,0
6788.9,649.4,641.4,156.8,0.31,3.61,16.49,53.6,0
6365.8,815.2,798.7,164.5,0.59,4.44,21.55,44.6,0
4210.5,825.0,911.6,50.3,1.75,3.24,19.93,33.3,0
5410.9,616.2,774.4,75.0,6.74,3.37,25.32,53.3,1
5442.8,579.1,763.3,66.6,1.27,2.75,20.85,47.9,0
3336.0,663.9,906.8,142.5,2.36,3.92,20.89,50.3,0
4528.6,1207.3,1079.7,27.4,2.21,9.67,22.71,50.8,0
4843.8,717.5,1202.7,129.2,1.36,4.17,26.35,53.1,0
8150.4,1046.6,801.9,30.1,0.3,1.19,20.46,44.8,0
6287.2,706.3,1251.5,87.5,1.94,6.39,23.13,48.0,0
6993.3,977.8,1042.9,167.9,0.82,0.2,19.82,49.3,0
3752.0,980.5,579.0,104.9,1.58,4.67,17.01,48.4,0
7791.3,990.5,572.5,74.5,3.16,4.05,22.69,43.8,0
7951.7,877.6,723.0,151.6,1.68,7.97,17.44,47.8,0
3002.5,1075.5,1167.8,180.3,1.01,4.6,15.25,31.5,0
4942.0,875.7,739.7,68.6,0.3,7.74,18.32,51.2,0
6743.6,1142.7,433.7,78.9,2.62,4.05,22.3,46.1,0
6966.6,476.0,799.6,157.3,2.14,4.99,19.72,40.0,0
