Belt_Speed,Belt_Tension,Motor_Current,Roller_Bearing_Temperature,Idler_Vibration,Belt_Slip_Percentage,Load_Weight,Ambient_Temperature,Conveyor_Failure
2.4,18.95,48.5,28.2,1.13,1.31,390.5,31.1,0
2.14,20.63,47.8,37.5,3.35,0.29,591.6,21.8,0
2.46,19.31,35.6,42.1,2.77,2.25,477.4,23.8,0
2.81,22.5,50.8,49.5,1.59,0.16,298.2,34.5,0
2.11,27.39,30.1,58.2,0.3,3.06,492.7,24.5,0
2.11,18.53,38.5,54.9,3.4,0.29,542.4,23.5,0
2.83,26.5,25.0,36.2,0.65,3.71,715.0,29.4,0
2.51,18.48,60.6,44.3,1.17,1.92,510.7,37.4,0
2.01,18.19,42.7,48.8,0.66,0.23,377.7,44.8,0
2.42,25.68,66.7,45.4,1.65,0.21,217.0,36.0,0
2.01,26.15,53.0,45.3,2.59,0.11,315.6,35.9,0
2.01,25.83,49.5,30.8,5.14,0.34,354.5,27.8,0
2.3,16.08,39.1,36.5,1.02,1.29,749.9,45.9,0
1.43,19.9,34.5,44.0,0.73,0.88,471.4,29.4,0
1.51,25.7,50.2,20.0,1.91,1.14,486.6,27.8,0
1.98,22.19,44.3,54.4,3.46,0.04,665.2,30.7,0
1.79,17.17,31.6,34.3,1.49,0.1,590.4,29.9,0
2.33,24.06,29.8,54.9,1.75,1.41,460.7,18.8,0
1.84,18.78,35.4,54.0,0.39,2.26,672.0,23.1,0
1.64,30.08,63.2,42.6,1.35,0.53,397.4,30.7,0
2.79,28.95,67.1,58.0,0.56,0.22,542.5,22.5,0
2.11,24.72,47.0,55.4,1.58,0.44,311.7,32.5,0
2.23,28.12,46.5,44.9,2.33,0.64,539.0,28.3,0
1.63,22.29,41.6,43.8,7.57,1.19,652.7,34.6,0
1.98,25.44,35.7,59.0,2.13,0.63,630.7,27.1,0
2.24,28.65,58.8,50.3,1.98,2.73,635.3,31.4,0
1.74,23.1,63.7,58.4,1.8,0.62,933.2,15.3,0
2.35,20.85,36.1,24.1,1.02,0.24,459.9,16.7,0
1.96,14.33,44.2,49.0,6.4,0.34,364.4,22.4,0
2.08,21.63,40.5,32.2,3.07,0.75,568.4,30.2,0
1.96,25.71,40.8,47.7,3.17,1.83,368.0,22.5,0
2.94,26.26,56.9,55.1,3.44,2.44,330.1,33.1,0
2.19,24.27,31.9,65.4,0.97,0.25,462.1,30.7,0
1.78,19.56,49.7,38.6,2.27,0.0,797.0,24.8,0
2.53,13.1,52.3,42.7,1.67,2.44,603.4,29.6,0
1.71,19.77,43.6,47.0,0.56,0.31,557.1,24.9,0
2.28,20.63,53.9,38.3,0.3,2.07,249.1,30.2,0
1.42,20.59,46.5,57.8,2.48,0.96,406.6,24.4,0
1.67,24.78,57.2,47.3,2.29,0.62,714.9,30.8,0
2.28,30.94,29.8,49.2,1.68,0.19,459.5,37.5,0
2.5,22.56,41.5,54.2,4.4,1.34,829.2,19.3,0
2.27,21.02,44.3,47.3,1.39,2.05,567.2,23.1,0
2.15,20.83,18.3,39.8,3.68,0.74,477.4,23.4,0
2.08,22.56,34.1,47.4,0.3,0.71,452.9,30.2,0
1.61,18.27,36.9,39.4,1.55,1.69,490.2,33.9,0
1.91,22.54,54.5,49.1,2.53,0.83,282.2,15.8,0
2.02,24.03,37.9,58.0,2.43,1.85,646.0,26.7,0
2.62,22.94,36.8,36.3,0.3,0.07,566.3,28.2,0
2.34,24.06,53.2,32.7,1.88,2.34,461.6,34.2,0
1.49,23.95,28.8,48.5,2.07,0.36,483.3,21.7,0
2.33,14.03,24.3,40.3,1.71,0.22,621.5,33.1,0
2.05,24.87,41.4,48.3,1.66,0.04,804.5,30.1,0
1.93,18.98,30.5,51.2,1.39,2.16,729.7,40.4,0
2.44,17.07,30.9,26.6,0.52,0.07,527.9,43.4,0
2.61,17.03,50.7,54.9,0.99,3.71,376.6,33.6,0
2.57,23.95,53.8,36.3,3.74,1.0,270.0,26.2,0
1.86,21.0,52.9,47.8,1.82,1.44,518.4,31.4,0
2.08,14.43,56.1,41.4,1.22,1.55,382.5,32.1,0
2.33,24.15,57.4,42.5,1.91,0.42,523.3,31.7,0
2.59,15.52,23.7,64.9,2.53,1.97,543.6,30.9,0
2.01,22.63,49.5,51.2,0.37,3.51,607.5,31.7,0
2.13,23.07,39.7,57.0,3.05,0.55,324.3,35.3,0
1.76,25.99,37.5,49.5,2.4,2.16,366.9,43.4,0
1.72,30.02,50.6,54.2,0.3,1.77,452.9,15.3,0
2.53,15.86,27.7,52.2,3.88,1.07,539.1,37.1,0
2.74,21.76,27.5,50.5,0.86,0.55,530.2,29.0,0
2.17,20.76,51.3,59.1,2.81,0.64,886.7,22.5,0
2.6,23.95,49.9,49.6,2.25,0.44,161.1,18.5,0
2.34,22.97,46.4,70.9,3.31,0.67,666.5,30.1,0
1.94,20.41,36.2,57.6,1.48,5.48,658.8,28.3,0
2.34,20.02,52.4,36.6,4.12,0.54,362.7,20.4,0
2.82,16.98,51.8,46.2,3.22,1.31,429.2,27.8,0
2.19,26.45,45.9,52.0,0.3,0.46,764.2,35.3,0
2.83,24.07,33.2,48.4,1.56,0.75,406.7,38.9,0
1.15,26.13,40.7,54.9,3.71,0.1,409.2,28.9,0
2.53,20.6,53.4,56.0,0.69,1.73,518.0,28.9,0
2.23,19.04,58.3,34.4,1.97,1.3,576.9,32.4,0
2.08,17.15,41.7,60.8,1.08,0.51,649.6,36.2,0
2.24,23.62,42.5,43.0,2.03,0.89,656.1,29.3,0
1.4,17.32,43.4,42.0,1.66,2.47,617.3,30.5,0
2.11,30.32,47.7,42.0,0.55,0.05,213.8,25.2,0
2.34,16.12,39.2,56.1,2.62,3.19,493.8,26.9,0
2.79,23.23,16.1,45.3,0.3,0.76,599.7,23.5,0
1.99,29.05,56.9,41.4,0.65,2.36,602.7,20.8,0
1.88,24.7,62.9,43.8,1.54,2.37,393.5,19.6,0
2.0,22.79,38.9,30.1,3.34,0.07,346.6,22.0,0
2.57,17.64,34.3,39.6,1.91,1.83,336.3,21.5,0
2.33,15.78,43.6,35.6,0.3,1.58,569.8,30.1,0
1.99,25.47,43.1,45.3,1.65,0.05,651.1,31.1,0
2.41,28.78,55.0,54.6,0.3,3.39,521.3,25.1,0
2.24,20.03,45.5,53.5,1.05,1.21,339.5,22.1,0
2.59,16.87,37.1,60.6,1.25,0.22,526.9,43.1,0
1.92,10.94,31.8,58.3,1.41,0.16,357.2,24.9,0
2.07,17.59,53.7,42.7,3.43,0.99,389.5,23.8,0
2.04,21.49,51.0,48.2,2.64,0.07,444.7,17.0,0
1.61,29.2,55.6,47.7,3.6,0.22,380.2,31.6,0
2.32,25.03,35.3,26.5,3.36,3.56,330.5,40.7,0
2.3,23.37,63.4,35.8,2.04,1.64,732.4,26.7,0
2.2,20.2,27.6,46.3,0.34,1.14,216.8,25.6,0
2.11,19.38,52.1,46.3,1.78,0.28,411.3,29.9,0
1.63,28.33,25.9,53.1,3.36,0.3,467.6,30.2,0
2.03,22.9,37.1,52.6,0.81,0.71,684.2,10.5,0
2.06,12.54,60.6,30.3,0.85,1.68,544.2,32.5,0
1.88,18.97,53.3,53.2,0.81,0.0,457.8,41.1,0
2.14,18.14,39.5,49.8,1.76,0.05,388.8,28.4,0
2.36,19.54,39.8,54.2,1.92,2.45,672.1,27.2,0
2.95,24.53,46.0,58.7,2.61,2.02,379.0,33.6,0
2.27,21.52,50.1,46.6,3.36,1.42,531.7,32.7,0
2.3,21.65,57.5,60.5,3.25,0.83,474.6,29.2,0
2.17,27.91,40.4,39.1,0.8,0.19,572.0,33.4,0
1.43,18.87,28.9,38.5,2.09,0.13,735.7,33.7,0
2.19,30.39,46.6,52.3,0.77,2.83,605.8,19.8,0
2.22,18.98,40.4,44.3,3.89,0.58,480.7,20.0,0
3.19,22.4,32.0,50.6,2.1,1.43,751.4,19.0,0
2.12,20.73,48.0,67.9,1.83,0.73,737.0,17.4,0
2.32,22.56,42.9,51.9,5.69,1.58,670.9,33.7,0
2.19,24.0,48.1,50.1,0.3,0.26,542.3,33.7,0
1.73,23.95,36.1,39.3,2.47,0.8,384.3,31.1,0
2.66,18.61,49.9,31.0,1.72,0.57,145.1,39.6,0
2.5,16.95,31.8,47.3,1.45,0.34,531.7,25.8,0
2.52,33.26,36.7,58.7,0.8,1.09,616.1,23.2,0
1.84,19.82,42.6,44.8,1.72,0.92,299.4,28.9,0
2.76,25.15,62.4,52.0,1.78,0.82,562.3,36.0,0
1.64,14.77,52.8,62.3,2.53,1.07,433.2,23.9,0
2.43,20.74,55.8,62.0,1.81,0.18,576.5,41.6,0
3.08,21.43,59.2,52.3,3.41,0.56,407.5,27.5,0
1.8,24.13,81.0,49.7,1.29,0.47,391.1,31.6,0
1.97,9.75,45.4,32.8,5.72,1.76,490.8,29.1,0
2.24,22.75,59.2,41.7,1.54,0.04,323.5,25.2,0
2.0,16.83,55.1,45.2,0.89,0.4,644.2,34.4,0
1.58,23.46,55.0,39.5,0.9,3.01,503.0,5.0,0
2.23,17.34,62.7,50.5,0.3,0.43,328.3,25.6,0
1.78,18.15,40.8,67.1,2.48,0.2,407.7,33.6,0
2.39,20.77,40.0,63.2,1.93,1.7,588.5,17.8,0
1.83,17.26,48.2,50.4,2.43,0.06,454.8,23.1,0
2.82,19.86,43.2,55.8,0.33,0.67,606.5,24.5,0
1.89,16.63,48.2,40.7,4.46,2.32,350.7,25.7,0
2.07,13.75,60.6,62.6,2.62,3.7,458.0,23.8,0
2.53,26.58,40.2,32.4,0.57,0.34,489.2,20.9,0
1.71,16.17,42.0,57.1,0.42,0.42,834.0,27.5,0
2.29,21.2,46.7,53.0,1.1,1.01,390.8,33.6,0
2.72,25.39,42.7,40.4,3.71,0.31,594.0,30.7,0
1.56,19.23,25.9,45.9,4.22,0.2,570.7,35.2,0
2.27,18.29,39.2,36.7,2.41,0.67,762.2,26.6,0
2.3,23.02,51.9,37.1,0.94,0.09,703.9,36.8,0
2.51,27.03,59.4,32.1,0.71,2.7,430.6,19.1,0
1.71,16.74,33.5,55.7,1.56,0.49,342.6,37.2,0
1.67,21.32,33.4,60.1,0.91,0.49,287.6,35.6,0
2.41,14.2,45.3,26.4,3.63,1.88,535.4,17.0,0
2.32,20.23,24.2,66.4,2.54,0.5,652.1,31.3,0
2.3,22.15,40.6,47.9,1.04,1.72,671.6,27.1,0
2.34,18.15,27.6,50.9,0.3,0.24,460.8,27.3,0
1.93,19.94,58.7,33.3,0.76,0.9,506.7,28.5,0
2.29,15.66,37.3,61.2,1.54,1.76,713.9,23.7,0
2.32,22.35,61.5,50.0,1.33,0.72,385.5,34.6,0
1.91,26.75,56.1,59.4,0.45,0.09,128.7,28.0,0
2.95,17.06,38.5,60.2,2.93,1.6,673.0,20.1,0
2.39,19.2,34.3,61.3,1.29,0.82,325.9,27.7,0
1.72,24.26,43.1,41.5,1.12,0.46,456.4,24.7,0
2.46,27.45,44.0,45.9,2.58,5.92,568.5,32.3,0
1.81,15.28,48.5,41.9,1.61,2.51,430.7,18.8,0
2.51,21.24,37.2,57.0,1.71,0.05,662.1,42.0,0
2.66,23.27,52.5,51.3,2.2,1.08,900.7,28.8,0
1.87,21.54,47.7,58.7,3.74,0.53,378.9,19.3,0
2.59,10.85,41.6,59.1,2.67,0.05,520.1,26.6,0
2.37,24.25,37.9,30.7,0.58,0.01,500.7,24.6,0
2.53,28.84,43.2,61.5,7.68,1.05,546.9,22.4,0
2.96,22.52,36.8,57.5,1.63,0.46,409.5,31.0,0
2.1,17.36,45.6,44.3,0.3,1.46,402.5,43.6,0
1.9,19.69,45.9,51.5,0.81,0.73,406.0,41.1,0
1.84,29.96,47.6,46.8,0.81,1.75,430.8,29.4,0
1.87,26.09,62.7,54.2,3.87,2.01,433.2,22.5,0
2.17,24.88,43.7,44.3,1.9,1.28,124.2,30.0,0
2.34,23.6,55.0,52.8,1.8,0.65,513.3,33.2,0
2.31,19.02,47.3,48.7,1.96,5.36,454.8,29.4,0
2.53,21.1,42.6,43.7,2.45,0.44,392.2,33.2,0
2.21,21.65,43.8,49.9,2.32,0.87,514.0,31.1,0
2.78,24.47,44.4,75.1,0.77,0.88,499.2,30.0,0
2.09,28.79,47.8,41.1,4.62,0.67,440.3,19.5,0
3.29,27.03,35.4,45.5,0.3,0.16,501.3,27.1,0
2.45,15.61,30.3,41.3,4.01,0.52,412.7,41.4,0
1.86,23.01,51.5,42.4,0.3,0.29,324.7,31.4,0
1.77,25.32,54.0,56.2,0.85,2.76,794.2,36.2,0
2.39,24.78,52.5,55.2,1.7,1.28,425.6,42.1,0
2.11,19.17,46.5,47.9,1.41,0.41,539.8,19.7,0
2.49,35.11,52.7,58.3,0.73,1.0,889.5,46.2,0
2.39,16.25,52.1,55.9,2.44,2.3,437.9,34.8,0
2.17,17.13,52.9,46.4,1.25,3.27,569.0,36.1,0
1.86,23.05,36.4,32.7,2.78,0.09,849.0,23.3,0
1.59,31.53,34.0,56.3,0.98,1.86,252.5,33.1,0
2.02,18.24,41.1,49.7,0.89,4.07,700.1,22.4,0
2.54,20.8,44.8,48.2,1.91,0.76,533.3,29.0,0
2.29,26.85,42.6,43.3,3.13,6.49,424.2,30.4,1
1.7,21.92,26.2,55.4,2.85,3.78,507.3,26.3,0
2.27,20.49,62.2,51.5,0.46,1.28,445.7,36.1,0
2.35,24.55,42.3,45.6,1.56,2.26,736.4,24.4,0
1.85,23.23,46.7,35.7,3.07,0.42,497.6,13.9,0
2.26,26.64,57.4,58.7,1.3,2.99,604.7,26.3,0
2.22,27.81,21.6,54.0,3.27,1.08,420.7,36.8,0
1.74,23.38,39.9,50.6,4.03,0.86,543.9,45.2,0
2.34,23.31,41.1,21.4,3.62,2.17,442.6,37.2,0
2.42,22.96,41.6,47.6,2.9,2.64,287.0,35.5,0
2.63,24.2,43.3,45.6,1.42,1.45,696.3,25.3,0
2.62,22.25,59.5,41.8,1.45,0.03,552.2,44.1,0
1.65,22.0,51.7,55.5,0.98,1.09,615.7,32.8,0
1.82,27.38,54.6,55.1,1.97,2.07,390.7,33.1,0
2.41,28.82,45.5,52.4,2.49,0.95,677.7,32.4,0
2.41,15.22,31.0,58.4,2.87,3.28,570.2,19.9,0
2.41,22.05,24.2,37.8,1.77,2.73,522.5,30.7,0
3.74,18.9,29.7,43.5,1.45,0.91,654.4,17.8,0
2.43,20.6,48.6,48.7,1.74,0.62,450.6,33.8,0
2.65,23.81,45.3,41.8,0.71,0.07,694.2,30.4,0
2.58,25.01,42.9,55.3,2.94,1.2,400.7,23.6,0
2.46,21.5,41.3,42.8,2.86,0.37,505.0,35.9,0
2.07,13.39,65.1,61.0,0.75,1.32,359.5,25.5,0
2.5,17.66,36.8,38.7,2.28,1.92,327.8,25.7,0
1.89,26.03,54.3,69.3,0.49,0.63,430.1,31.7,0
2.11,9.67,45.0,68.3,3.52,0.02,475.9,27.9,0
2.01,27.34,44.4,47.1,5.64,2.41,582.8,29.6,0
2.23,24.35,56.8,59.5,2.39,0.96,403.5,35.2,0
3.13,27.92,59.6,44.0,2.51,0.45,588.0,22.8,0
1.45,21.11,42.6,58.1,1.27,1.21,452.0,22.2,0
2.47,12.72,53.0,46.2,1.44,1.35,425.9,26.4,0
1.55,23.94,48.6,35.1,4.09,0.19,594.4,27.6,0
2.01,27.74,45.1,20.0,1.47,1.25,418.3,32.5,0
2.64,26.16,47.0,45.3,1.59,0.41,773.8,41.6,0
2.23,19.02,38.1,50.8,1.89,1.95,564.8,27.7,0
1.77,22.39,41.9,61.3,1.91,3.41,294.9,28.3,0
1.91,19.6,39.2,48.4,4.63,0.13,482.1,23.4,0
2.47,18.31,54.0,58.0,3.46,2.99,402.9,22.6,0
1.91,26.3,44.0,43.5,4.31,2.81,253.8,32.7,0
2.29,16.61,32.0,44.6,5.71,0.5,658.7,28.3,0
2.22,17.98,37.8,58.5,2.92,0.04,662.1,36.7,0
1.94,17.03,13.0,23.4,0.8,1.31,391.3,36.0,0
3.06,15.29,40.1,48.1,1.01,0.51,606.6,34.1,0
2.45,22.66,45.4,44.0,2.11,0.26,631.5,17.8,0
1.39,27.23,43.6,61.6,0.3,0.14,498.1,32.8,0
2.27,21.17,64.8,42.7,1.48,0.26,642.8,21.5,0
1.94,15.22,50.7,53.2,2.95,0.33,544.2,14.8,0
2.54,25.78,50.3,57.2,2.01,1.91,671.8,29.5,0
1.88,29.59,28.6,33.1,1.31,1.84,324.1,37.5,0
2.15,19.09,41.4,46.6,3.12,0.82,522.2,33.0,0
2.4,19.85,40.1,43.7,0.86,0.97,530.2,21.8,0
2.55,24.32,37.1,57.5,3.57,3.0,326.5,47.6,0
1.72,29.3,37.0,54.8,2.44,2.86,340.9,33.7,0
2.07,19.66,26.9,45.7,2.58,2.12,262.4,22.1,0
2.01,16.0,32.2,37.5,1.29,0.56,506.8,13.7,0
1.94,24.84,53.7,58.4,2.98,0.55,433.9,26.6,0
2.91,25.6,43.6,47.3,2.14,2.63,306.4,14.3,0
2.36,22.03,39.9,31.8,3.29,3.13,682.6,20.8,0
1.7,19.49,44.9,32.7,6.21,1.92,560.0,16.1,0
2.57,26.47,56.7,52.4,0.83,1.7,391.3,22.7,0
3.05,24.38,45.0,35.2,5.75,0.98,530.5,24.3,0
2.61,18.54,50.4,66.6,2.75,0.5,464.3,21.9,0
1.59,22.22,36.5,38.6,3.16,0.33,265.6,44.1,0
2.01,15.92,38.8,48.0,4.34,0.18,541.1,26.7,0
2.71,25.09,48.5,49.6,5.06,1.56,746.0,37.3,0
1.92,20.82,63.9,40.7,0.3,1.8,711.8,32.0,0
2.38,20.04,59.3,25.6,1.45,0.53,515.5,26.6,0
2.51,21.85,50.8,49.9,4.65,0.01,434.6,24.7,0
1.83,22.18,46.5,40.5,0.97,3.35,584.4,37.5,0
2.18,26.03,59.0,49.2,2.06,0.69,540.0,20.7,0
0.9,24.66,52.9,46.8,1.5,4.41,479.2,23.6,0
1.79,21.3,22.1,50.6,0.92,1.36,779.0,23.5,0
2.1,25.44,34.5,63.6,0.9,0.16,440.6,28.5,0
1.7,23.8,48.4,42.5,3.37,0.48,643.6,21.6,0
2.85,20.08,27.1,43.3,2.09,1.28,521.6,34.6,0
1.63,21.44,36.0,31.3,0.61,1.26,522.3,35.5,0
2.02,21.33,38.0,46.0,1.28,0.32,252.4,23.0,0
2.25,24.27,42.4,52.1,0.88,0.23,665.2,31.7,0
2.78,20.35,42.1,43.2,0.74,0.39,625.5,22.1,0
1.63,20.24,42.1,52.2,3.03,1.86,528.2,29.3,0
2.67,30.86,53.3,46.2,1.98,0.33,655.2,36.2,0
2.2,26.23,42.3,35.0,1.74,1.45,562.3,28.7,0
1.81,18.58,41.2,51.1,0.3,2.45,305.4,27.3,0
2.38,24.57,31.5,45.9,4.16,0.6,354.4,44.0,0
2.28,22.53,55.2,49.2,0.47,0.01,490.9,30.5,0
1.96,23.76,38.3,42.3,1.93,0.18,246.3,22.1,0
2.23,22.62,34.1,41.4,2.2,0.45,668.4,21.6,0
2.05,27.35,47.1,49.6,1.31,0.25,467.7,44.0,0
2.25,23.56,37.3,45.7,2.25,0.41,520.5,22.8,0
2.46,21.72,39.7,65.2,3.55,0.94,352.8,23.1,0
2.83,26.69,47.6,56.0,2.05,0.03,597.0,28.2,0
1.7,23.05,41.7,53.5,1.02,0.08,478.6,33.1,0
3.05,22.55,68.1,46.2,0.66,2.32,451.1,19.3,0
1.42,23.41,44.3,27.7,0.55,0.89,711.6,26.1,0
2.14,21.58,51.2,39.9,3.52,3.29,696.4,18.6,0
2.44,22.04,25.6,41.5,2.5,0.0,612.5,26.9,0
2.31,19.36,36.4,45.3,2.87,0.0,531.4,33.8,0
1.95,18.62,34.1,47.7,0.68,1.61,422.6,26.2,0
2.12,17.51,35.5,54.6,1.59,0.78,456.7,41.8,0
2.0,15.74,49.2,50.7,0.3,2.94,449.8,22.1,0
1.96,18.04,55.4,59.6,1.76,1.85,558.8,29.5,0
2.54,21.22,48.4,44.9,2.78,0.84,495.2,37.2,0
2.34,22.46,42.7,50.6,1.44,0.78,499.0,35.1,0
1.92,20.78,38.7,51.4,3.7,2.0,731.1,46.5,0
2.56,11.4,56.1,50.5,0.44,1.95,671.6,30.3,0
2.32,29.09,65.7,60.8,1.95,0.39,382.8,21.7,0
2.53,26.89,46.4,56.0,1.02,1.35,544.5,28.6,0
2.45,24.01,54.4,34.8,1.45,1.24,383.6,22.1,0
1.87,30.58,48.4,46.9,1.54,2.33,590.4,28.8,0
1.98,17.6,52.6,47.9,1.74,2.44,789.4,36.6,0
2.5,30.49,33.4,69.5,1.83,0.37,446.6,32.9,0
2.44,17.66,40.1,44.7,0.99,2.54,618.6,27.3,0
2.19,23.07,49.0,38.2,0.3,3.1,742.0,23.2,0
2.25,16.27,57.1,52.4,1.92,0.14,479.6,30.3,0
2.71,22.07,36.8,53.0,1.44,1.02,574.1,31.7,0
1.96,23.74,24.7,47.3,0.65,0.69,757.2,19.2,0
2.42,21.3,40.0,45.8,1.4,0.62,359.6,20.9,0
2.12,25.21,55.1,57.5,2.16,1.46,344.5,26.0,0
2.11,22.45,29.2,39.5,0.55,0.17,313.4,18.7,0
2.64,19.65,33.2,44.6,3.98,2.06,613.2,15.3,0
2.53,19.45,46.6,42.8,1.12,0.03,348.0,20.8,0
2.53,25.65,43.8,58.9,0.97,1.04,584.0,30.7,0
2.72,19.06,50.9,50.9,3.44,0.31,703.9,28.7,0
2.21,26.12,32.7,37.4,4.04,1.32,400.7,24.9,0
2.47,27.5,41.8,38.4,2.28,0.89,385.7,21.4,0
2.08,14.49,57.0,66.7,1.38,9.96,600.5,30.6,1
2.33,27.1,33.1,58.8,2.02,2.38,507.2,30.2,0
2.15,31.27,59.8,56.4,2.94,0.49,145.6,36.7,0
2.24,23.13,34.3,48.1,4.52,0.9,729.8,10.4,0
2.44,24.7,53.5,63.1,0.99,0.46,582.8,15.8,0
1.87,26.67,41.3,37.0,1.0,1.57,442.9,34.6,0
3.04,20.76,33.6,55.5,1.99,0.66,436.9,31.3,0
1.8,22.82,40.0,43.6,1.48,0.15,605.0,34.5,0
1.71,16.09,50.4,45.5,0.37,1.3,493.3,21.8,0
2.66,22.62,44.9,55.3,1.03,0.01,508.6,25.3,0
2.52,24.24,56.2,46.6,0.79,0.42,522.6,19.1,0
2.45,24.32,59.4,43.7,6.32,2.85,377.1,11.7,0
2.45,26.79,33.2,43.0,1.97,0.12,445.9,29.0,0
2.2,18.51,32.4,28.1,0.95,0.84,471.8,37.9,0
1.84,19.6,32.0,55.6,2.03,1.9,385.9,26.8,0
2.23,30.53,36.0,37.9,2.31,2.82,541.2,23.0,0
1.93,21.32,56.0,66.6,2.02,0.98,572.6,20.2,0
2.59,22.9,50.6,45.1,1.54,0.2,753.0,35.8,0
2.14,21.7,39.5,61.1,1.61,3.39,385.9,28.6,0
1.87,18.3,44.9,29.9,2.66,1.66,633.6,28.8,0
2.07,29.31,59.0,55.3,2.08,0.6,713.7,17.9,0
2.37,19.63,64.1,57.9,1.93,0.39,642.4,21.6,0
1.97,16.93,47.6,61.0,1.68,0.06,425.3,33.1,0
1.87,19.97,18.4,32.7,1.38,0.25,453.6,24.3,0
2.3,12.99,48.0,41.0,2.35,1.8,727.7,23.4,0
2.3,19.07,54.3,53.8,1.88,0.14,472.0,45.6,0
2.0,17.64,47.2,49.5,1.89,0.17,495.5,28.5,0
2.01,24.78,52.3,50.9,5.37,0.26,427.0,26.8,0
2.29,18.97,48.6,44.4,0.69,0.6,616.1,27.0,0
1.62,26.0,32.7,63.5,1.1,0.25,130.9,23.3,0
1.64,28.29,36.1,74.1,8.45,2.82,378.5,27.5,0
1.91,25.52,41.8,49.0,1.39,0.36,353.0,41.6,0
2.11,21.03,55.7,52.5,1.75,3.02,738.3,30.9,0
2.32,22.64,37.3,48.6,1.5,5.04,534.8,16.8,0
2.79,15.14,49.6,60.8,2.28,1.69,469.7,24.9,0
2.54,21.4,48.0,56.3,1.2,0.01,469.4,28.7,0
2.14,18.13,60.9,37.3,0.3,0.33,292.8,17.5,0
2.19,25.12,44.6,41.9,3.57,0.37,703.4,24.7,0
1.8,33.58,27.5,37.9,0.3,0.94,447.3,21.3,0
2.19,24.25,51.5,74.9,6.26,0.21,589.0,25.2,0
2.08,13.04,66.4,54.4,2.6,0.1,401.5,28.5,0
2.33,20.37,52.1,42.0,0.87,0.23,491.0,32.9,0
1.87,22.55,37.1,41.2,0.91,0.48,362.2,19.9,0
2.41,22.39,34.2,56.1,0.3,0.06,462.8,27.4,0
2.81,18.71,35.5,57.0,0.78,0.26,656.1,25.7,0
2.16,23.1,65.0,56.0,0.88,0.22,515.9,26.5,0
2.36,16.41,41.7,43.7,2.96,1.78,556.1,22.3,0
2.48,17.75,38.4,51.1,2.04,0.22,509.4,27.7,0
2.04,24.91,43.4,49.1,0.3,1.88,744.7,31.5,0
2.29,17.43,41.8,38.6,0.3,0.85,377.5,18.3,0
2.21,24.42,60.7,38.7,0.67,1.7,479.3,40.1,0
2.24,15.84,34.9,52.1,0.72,0.72,528.2,34.6,0
1.89,29.94,56.8,50.0,4.38,2.78,350.6,17.0,0
2.21,18.52,46.2,53.5,0.82,0.39,519.0,38.1,0
2.4,20.99,57.1,55.9,4.9,1.75,504.4,38.6,0
2.78,23.49,60.8,63.0,2.19,0.21,517.1,24.5,0
2.58,19.46,45.8,40.2,2.67,2.57,517.7,29.4,0
3.06,22.65,41.8,54.3,1.62,0.03,399.3,28.6,0
1.89,24.59,45.7,55.5,0.75,0.73,256.3,18.4,0
2.55,26.32,44.1,44.9,1.0,0.66,527.5,35.2,0
2.27,25.56,28.4,49.2,4.85,1.17,366.0,14.8,0
3.08,21.23,60.5,45.1,2.61,0.7,486.1,30.0,0
1.88,21.34,47.5,69.1,2.53,1.07,387.7,39.0,0
1.86,32.57,33.4,49.0,3.47,2.37,277.9,16.2,0
1.96,26.27,24.3,52.5,2.6,0.18,554.1,25.9,0
1.35,17.85,21.7,45.4,0.68,0.34,605.1,36.0,0
1.99,22.45,52.7,43.2,0.92,1.95,665.5,30.8,0
1.9,20.49,38.8,35.0,1.88,0.31,432.9,33.8,0
2.26,21.39,40.5,59.0,5.74,2.83,506.0,23.2,0
2.34,16.47,49.9,55.7,3.13,0.93,551.1,21.4,0
2.95,20.15,39.8,45.0,1.09,0.1,653.2,26.6,0
2.58,30.15,50.5,39.0,2.39,0.03,237.5,29.9,0
1.97,24.61,46.0,49.8,0.75,1.73,279.7,32.2,0
1.84,10.79,44.2,43.0,1.42,2.33,708.2,31.1,0
2.4,27.48,29.3,45.8,2.7,0.33,247.2,34.9,0
1.67,26.9,36.8,35.4,3.39,0.33,637.6,28.8,0
2.93,20.38,51.0,50.2,0.95,3.7,699.7,20.7,0
2.67,25.23,38.2,50.4,1.19,1.28,620.5,18.5,0
2.01,18.13,57.1,58.9,3.43,0.22,349.5,33.3,0
1.51,19.88,68.5,46.5,1.42,0.71,366.2,35.0,0
2.74,28.74,51.6,44.7,0.93,2.9,491.4,41.8,0
2.15,20.78,59.9,32.4,3.04,1.16,762.7,45.0,0
2.7,13.59,52.2,59.0,2.09,0.63,761.5,34.8,0
1.56,21.72,39.7,56.9,2.13,0.2,544.8,30.6,0
1.96,21.65,47.0,48.3,0.35,1.55,260.8,25.1,0
2.2,27.39,65.1,34.7,0.73,0.39,524.3,21.9,0
2.22,22.06,39.8,35.9,1.77,1.0,468.8,28.5,0
2.02,20.1,34.6,42.5,1.45,1.1,503.4,27.3,0
2.45,26.7,33.7,57.7,2.91,0.97,251.5,41.3,0
1.77,22.54,42.8,50.9,1.83,0.34,536.6,32.1,0
2.14,18.62,35.0,33.1,0.64,1.48,274.5,26.4,0
2.25,27.2,61.7,52.0,1.2,1.0,120.5,21.8,0
2.41,22.87,47.2,39.6,0.65,0.62,533.7,31.7,0
2.48,22.01,54.7,42.8,3.4,0.06,787.8,29.0,0
1.75,22.8,42.0,57.7,1.34,0.48,374.7,24.8,0
1.59,17.18,33.6,55.7,1.41,0.52,429.1,23.2,0
2.71,19.63,31.9,58.9,0.83,1.88,634.4,31.8,0
2.33,22.02,35.9,47.8,0.52,0.86,674.4,25.1,0
1.9,21.12,48.5,56.8,1.22,3.23,515.8,25.7,0
2.82,27.73,50.2,42.1,0.75,1.67,393.7,24.6,0
2.25,22.98,51.0,45.4,0.3,0.93,698.9,47.8,0
2.67,25.85,30.1,44.7,1.27,0.22,315.5,29.1,0
2.23,22.04,45.0,48.2,1.39,0.3,421.8,22.2,0
3.02,26.75,34.7,35.1,1.08,0.21,588.2,10.0,0
2.9,23.79,49.0,45.7,0.59,0.7,264.7,16.5,0
2.1,22.06,49.8,62.5,1.37,1.54,558.3,25.9,0
2.59,21.94,33.3,37.1,1.49,1.71,670.8,39.9,0
2.46,17.71,54.7,34.7,0.73,0.12,751.5,44.0,0
2.75,24.28,68.4,35.5,1.61,0.82,441.5,26.3,0
1.81,21.82,53.3,74.6,0.62,0.79,434.0,30.5,0
2.47,19.74,43.4,52.6,4.75,0.69,607.2,26.8,0
2.62,26.98,41.8,45.3,0.56,0.43,407.3,31.2,0
1.5,16.37,42.9,48.7,0.3,0.78,453.7,26.3,0
1.73,20.1,37.4,50.3,1.05,0.87,548.3,24.1,0
1.38,26.62,47.5,41.6,1.64,1.1,555.8,23.4,0
2.09,23.42,33.6,42.8,4.21,0.57,213.9,33.0,0
2.49,21.78,26.1,46.4,1.34,3.48,325.0,37.1,0
2.8,23.13,47.2,40.8,0.77,0.5,225.0,24.9,0
2.23,22.81,45.2,44.0,2.22,2.71,249.8,33.1,0
2.85,15.18,39.3,51.5,1.3,1.94,332.2,29.1,0
1.65,20.43,32.2,38.0,1.2,0.75,466.7,25.3,0
1.52,29.27,47.9,74.1,2.11,0.82,481.2,32.7,0
2.18,19.03,35.1,55.5,1.99,2.45,177.2,37.4,0
2.35,20.57,43.6,35.3,1.34,0.81,360.0,22.2,0
2.19,19.56,62.6,23.2,1.43,1.36,272.3,25.7,0
1.37,21.61,51.5,41.1,3.15,1.99,470.0,38.3,0
2.16,19.38,31.3,54.8,1.12,2.86,401.6,27.7,0
1.68,24.19,32.3,52.9,3.33,0.3,688.8,22.4,0
2.47,22.89,46.5,46.9,0.68,4.44,479.1,29.2,0
2.35,25.48,31.2,42.0,1.21,4.03,409.0,28.1,0
1.82,17.27,25.0,39.0,2.12,0.42,460.7,35.4,0
1.99,20.47,50.3,44.0,2.46,1.14,403.5,27.7,0
1.78,20.98,48.2,37.9,1.42,0.06,701.2,27.9,0
2.17,24.05,49.5,44.0,1.89,0.22,449.7,27.6,0
2.58,18.43,47.6,61.3,1.7,1.05,568.4,29.2,0
1.81,26.12,44.3,40.3,1.16,1.26,618.4,38.6,0
2.4,27.34,38.4,54.1,3.76,0.92,400.9,33.1,0
1.99,17.55,50.2,55.6,0.86,1.46,229.5,20.7,0
1.88,19.79,60.3,37.2,4.46,1.89,427.9,30.0,0
2.16,19.61,40.0,39.6,0.38,0.22,595.6,30.4,0
1.79,33.85,34.8,58.7,1.66,1.29,245.7,30.6,0
1.98,20.07,33.6,38.7,1.43,0.99,537.9,17.6,0
1.72,29.55,36.3,47.4,0.65,0.15,626.0,29.0,0
2.99,16.3,47.0,68.4,4.29,0.31,708.7,24.0,0
2.21,17.55,23.6,57.8,4.48,0.65,601.7,17.5,0
1.92,18.91,49.4,48.9,0.42,2.39,543.9,36.5,0
2.29,18.19,51.4,56.4,0.41,0.29,527.9,26.0,0
2.16,20.79,27.0,47.4,1.94,0.24,318.8,26.1,0
2.11,18.81,35.2,58.2,5.24,1.53,358.0,34.2,0
2.45,18.31,45.8,27.5,1.47,4.47,240.2,35.2,0
2.5,27.21,43.6,46.6,3.23,0.71,510.8,26.3,0
1.99,27.51,50.2,27.1,1.24,0.52,566.1,28.2,0
1.97,26.27,43.6,49.6,5.51,0.35,517.7,20.9,0
2.09,24.36,57.6,45.6,2.89,0.06,542.6,21.4,0
1.28,22.42,41.8,61.6,0.42,0.24,613.9,37.1,0
1.59,19.76,35.2,55.1,2.4,0.12,300.9,28.3,0
2.75,17.71,34.4,42.7,1.37,0.82,509.4,34.8,0
2.86,23.63,52.4,43.9,0.54,4.59,537.0,26.8,0
2.1,16.72,45.3,51.8,2.88,1.86,429.7,30.9,0
2.43,17.53,51.3,42.3,1.38,1.1,181.1,15.8,0
2.32,27.19,51.1,47.7,1.47,0.8,346.4,34.0,0
3.43,30.55,24.8,61.2,1.12,1.15,423.8,27.8,0
2.65,23.77,33.6,39.7,0.96,0.57,522.4,24.7,0
2.15,26.98,34.8,43.5,4.73,0.24,505.0,32.4,0
1.82,20.89,36.8,44.9,4.78,1.07,788.5,35.0,0
1.56,15.98,40.8,79.6,2.4,0.9,641.6,25.2,0
2.28,24.75,55.0,54.1,1.44,3.47,496.5,19.6,0
1.9,24.56,57.0,59.3,5.74,1.26,518.2,39.7,0
1.63,22.32,42.1,55.7,2.39,1.78,690.6,26.5,0
1.94,20.91,42.5,56.4,1.49,0.12,696.4,14.6,0
1.77,26.33,37.9,52.7,0.85,1.72,550.1,25.0,0
2.87,17.56,45.9,51.7,4.94,4.88,760.0,31.1,0
2.55,18.52,47.0,33.5,1.83,1.29,365.3,27.4,0
2.2,17.46,53.1,51.6,4.3,1.63,495.7,27.1,0
2.79,22.38,53.0,46.9,3.45,4.67,974.9,25.5,0
2.23,17.1,22.0,53.5,4.27,0.6,606.5,25.1,0
1.86,18.92,43.5,47.3,0.33,2.09,478.9,19.1,0
2.81,18.82,58.8,55.6,4.0,0.61,515.6,18.9,0
2.42,20.83,40.6,57.4,0.64,0.67,526.9,30.5,0
1.79,15.31,56.4,20.0,0.84,1.29,750.5,36.6,0
2.12,22.39,41.9,43.7,2.6,0.36,620.6,26.1,0
1.85,27.61,46.7,29.4,2.35,5.92,488.2,37.7,0
1.65,22.61,33.6,50.4,2.16,0.48,248.6,35.7,0
2.57,28.94,34.0,45.0,0.77,0.16,391.0,27.1,0
2.96,28.0,52.3,61.6,0.5,0.47,509.0,32.5,0
1.64,25.5,53.8,50.1,4.28,2.33,480.6,31.4,0
2.43,22.34,45.3,43.1,2.49,0.45,664.4,24.5,0
1.94,22.1,32.7,57.4,1.74,1.13,465.3,12.9,0
2.01,25.44,45.4,44.8,4.95,3.29,625.8,29.0,0
1.96,20.24,57.6,43.0,3.55,0.36,279.2,32.9,0
1.85,13.53,62.4,51.9,3.81,0.17,421.3,24.1,0
2.22,24.21,41.8,64.1,2.17,0.12,604.2,42.0,0
1.87,16.91,28.4,56.5,0.39,0.7,810.1,35.2,0
2.31,17.67,53.4,53.7,0.61,0.13,478.7,17.7,0
2.18,22.0,42.2,75.5,0.44,0.73,624.3,26.6,0
2.1,21.57,54.4,40.7,1.12,2.38,700.4,22.1,0
1.84,15.65,47.8,40.5,3.02,1.8,643.0,25.4,0
1.97,22.74,36.2,49.5,1.21,1.05,612.2,32.6,0
2.5,26.35,45.6,63.2,2.34,2.28,446.9,26.2,0
2.4,16.92,58.1,38.6,1.02,0.13,727.9,24.0,0
1.81,27.73,43.5,65.5,1.67,1.13,302.3,28.7,0
2.24,14.98,34.7,33.6,0.99,0.15,310.0,33.3,0
2.5,31.53,29.1,46.8,1.82,0.79,780.1,33.2,0
1.53,20.15,37.3,49.7,1.17,0.75,554.2,32.3,0
2.42,22.66,40.9,39.2,1.04,0.37,314.3,37.6,0
1.93,13.49,53.2,41.8,2.2,2.13,285.0,27.4,0
2.43,21.72,33.8,56.0,0.3,0.31,278.6,25.5,0
1.89,23.03,60.5,62.4,2.62,0.96,805.2,26.9,0
1.48,21.61,31.6,26.9,2.09,0.79,487.8,22.3,0
1.55,19.47,68.3,49.8,3.32,0.68,422.4,22.2,0
2.22,17.74,62.3,46.9,2.03,0.04,744.3,33.2,0
2.3,27.09,46.4,49.1,3.32,1.43,537.7,33.8,0
1.84,22.14,28.5,44.8,1.73,0.02,450.9,9.5,0
2.46,28.93,44.4,35.1,0.66,2.06,659.1,34.6,0
1.54,19.63,41.1,63.4,1.19,0.37,589.7,25.1,0
2.17,20.04,32.3,59.6,2.6,0.15,590.1,23.6,0
1.72,25.67,47.9,47.0,2.14,0.65,459.5,25.7,0
1.94,14.7,36.8,43.1,0.86,0.98,365.7,19.2,0
2.22,16.54,37.9,41.9,1.38,0.45,348.4,26.8,0
1.86,26.94,43.0,22.1,2.65,0.16,515.4,41.4,0
2.05,16.73,39.3,51.5,1.2,0.02,501.1,17.2,0
2.6,13.81,65.8,55.8,2.74,1.46,572.4,32.3,0
1.97,30.41,39.6,49.4,1.07,2.61,436.3,34.8,0
2.53,15.73,49.4,47.1,0.79,0.13,692.0,32.1,0
1.75,22.83,46.5,49.3,0.53,0.31,301.2,38.7,0
2.41,22.31,48.5,39.5,2.49,0.02,562.7,34.9,0
2.78,9.35,49.3,43.0,0.96,2.6,363.6,32.7,0
1.21,20.8,53.8,46.3,2.09,0.71,463.5,35.3,0
1.88,24.02,47.7,55.0,0.52,3.11,361.9,34.9,0
2.43,23.59,47.2,61.8,1.09,0.76,444.9,25.6,0
2.12,26.07,45.6,45.7,1.54,2.38,339.5,32.4,0
2.35,20.26,43.6,37.6,2.85,3.64,349.9,26.1,0
1.96,25.21,35.9,48.4,0.39,0.49,644.6,18.7,0
2.23,18.9,44.4,68.1,1.03,1.23,291.6,40.9,0
2.14,15.65,47.4,38.4,2.04,1.32,597.5,24.1,0
2.67,16.16,49.0,56.9,2.48,0.03,627.8,35.7,0
2.3,15.42,46.8,61.4,0.86,0.69,609.6,31.7,0
2.34,26.54,42.7,44.4,3.24,2.32,496.0,21.7,0
2.04,15.18,44.4,41.0,1.14,3.51,336.2,22.6,0
2.0,23.23,39.5,53.7,0.75,2.75,268.2,30.8,0
2.03,20.8,48.1,51.5,0.46,4.33,323.0,30.8,0
2.36,21.54,42.8,54.9,2.73,1.27,323.9,25.4,0
2.03,28.14,46.8,68.7,3.92,0.32,541.3,16.9,0
2.32,20.03,55.0,49.7,2.11,1.03,287.7,33.6,0
3.03,24.75,37.9,36.1,5.39,0.66,469.0,7.5,0
2.55,22.17,51.0,48.7,1.12,0.36,506.0,30.4,0
2.07,21.32,45.3,50.4,1.8,1.78,454.5,35.9,0
2.68,32.35,65.2,60.7,1.51,1.19,459.4,15.1,0
2.04,15.51,42.8,46.0,0.3,1.87,691.5,29.1,0
1.38,27.8,52.0,43.9,0.35,0.38,575.0,25.3,0
1.8,24.95,45.2,34.3,0.9,2.81,605.5,29.4,0
1.45,19.84,31.1,53.5,3.63,0.33,444.3,34.8,0
2.06,29.33,39.8,81.5,1.24,1.11,617.7,18.6,0
2.21,13.68,53.8,45.8,4.53,0.07,545.6,26.4,0
2.87,19.65,40.7,52.5,0.9,0.93,531.5,26.8,0
2.33,16.56,22.8,42.5,5.02,0.12,441.3,14.4,0
2.11,23.85,44.7,35.2,0.65,0.48,535.5,32.0,0
2.53,16.99,34.1,52.3,0.55,2.37,816.2,39.4,0
1.32,23.95,46.3,48.3,2.56,2.69,590.5,32.7,0
2.29,21.16,60.5,24.1,0.3,1.75,756.4,28.9,0
2.51,19.84,52.7,64.1,0.38,0.55,217.0,34.2,0
1.61,23.75,60.4,52.2,2.43,1.04,510.8,23.8,0
2.66,20.79,39.4,48.7,5.24,0.3,623.1,21.8,0
2.34,17.1,43.6,43.8,3.65,1.36,558.0,31.6,0
2.03,34.61,34.6,52.1,1.99,0.51,577.3,29.6,0
2.45,19.81,38.2,52.5,2.22,0.3,441.7,30.2,0
3.11,12.02,35.7,52.0,1.41,1.06,681.7,22.0,0
2.27,18.21,31.9,58.7,0.55,0.14,259.9,17.5,0
2.3,16.3,58.7,61.0,1.7,1.39,477.6,20.7,0
2.02,25.72,24.1,68.1,0.86,0.25,518.6,22.0,0
1.86,23.45,58.7,39.6,2.5,0.97,414.1,13.7,0
2.53,23.79,57.5,42.3,4.16,0.6,504.2,31.3,0
1.86,20.33,50.0,51.6,0.55,1.0,205.3,19.0,0
2.23,20.74,33.9,40.2,0.3,0.34,305.5,18.6,0
2.01,20.33,29.2,41.8,6.41,0.45,690.5,26.2,0
2.39,21.63,39.5,52.8,3.84,0.18,536.5,21.7,0
2.33,25.76,51.3,57.0,0.3,1.8,443.2,17.0,0
2.62,23.51,45.0,60.8,3.02,0.09,647.0,17.7,0
2.0,24.25,34.6,46.1,1.51,0.57,708.1,31.7,0
2.09,24.25,56.5,52.6,4.26,0.72,771.5,25.6,0
1.81,25.98,61.8,50.4,2.44,0.26,217.0,17.4,0
2.02,23.3,42.7,48.2,2.75,0.58,707.4,38.2,0
2.35,23.61,46.1,39.8,3.03,0.65,325.9,23.0,0
2.5,27.35,29.9,38.6,0.3,0.3,545.2,31.7,0
1.83,19.01,40.9,54.7,2.68,1.22,591.7,27.2,0
2.55,18.15,50.1,39.7,4.15,0.04,741.3,28.7,0
2.74,16.66,48.5,30.2,1.82,0.26,570.4,28.1,0
2.37,22.82,39.9,47.7,0.58,1.17,541.8,18.3,0
2.95,13.66,42.3,62.6,1.39,1.19,374.3,43.7,0
1.89,24.08,40.5,20.1,1.27,0.37,246.9,22.7,0
1.7,21.51,42.2,45.1,1.88,1.38,370.4,33.8,0
1.49,27.11,49.2,54.8,4.8,0.76,711.0,22.5,0
2.8,18.98,25.3,29.8,1.31,0.9,504.9,20.3,0
2.46,21.09,44.3,45.9,0.86,0.49,749.2,37.6,0
2.18,27.05,48.5,36.6,3.6,4.98,392.4,38.9,0
2.31,28.22,39.3,37.9,0.9,1.6,617.8,31.2,0
1.75,18.94,40.2,44.0,1.63,0.34,525.2,33.6,0
3.18,22.82,40.5,36.8,3.64,0.32,694.3,19.2,0
2.25,23.32,40.2,35.9,1.04,1.79,466.5,32.6,0
2.24,23.68,45.1,47.4,3.04,0.59,480.9,32.5,0
2.49,20.82,46.3,70.3,1.38,0.12,682.6,31.1,0
2.39,27.77,24.0,55.6,0.44,0.04,186.6,39.5,0
2.29,13.5,51.5,58.1,2.41,0.64,478.5,12.0,0
1.88,20.1,42.1,56.0,2.01,0.64,250.8,26.7,0
2.39,24.02,64.3,41.0,2.05,1.47,495.6,38.4,0
2.95,24.06,33.1,51.1,0.44,1.03,436.9,20.2,0
2.74,28.09,36.3,59.0,2.24,1.76,590.3,32.5,0
2.84,27.39,43.0,56.3,2.29,0.46,569.9,24.6,0
2.0,20.72,49.1,49.9,4.43,1.17,457.2,28.6,0
1.8,27.85,25.5,53.2,2.17,2.6,355.7,20.6,0
2.15,18.79,36.7,72.6,0.89,0.09,511.7,43.8,0
2.22,26.19,50.9,56.4,3.34,1.48,695.8,20.0,0
2.64,30.15,35.5,44.8,5.02,1.51,353.0,27.1,0
1.52,27.47,58.7,47.3,2.66,1.9,274.5,26.2,0
2.81,22.48,40.5,37.5,1.56,0.38,223.5,35.5,0
2.14,20.51,36.0,71.5,0.47,0.65,269.8,28.5,0
2.03,15.12,51.1,64.0,1.45,0.33,498.9,17.0,0
1.8,23.4,61.1,48.8,3.36,0.44,289.2,23.5,0
1.54,16.98,49.2,69.8,1.29,4.15,443.8,12.9,0
2.53,18.43,57.6,54.3,0.41,0.71,569.2,28.5,0
2.23,16.64,61.8,43.7,2.53,2.27,180.7,40.5,0
1.68,19.93,35.8,57.1,1.65,1.9,648.0,26.6,0
1.68,21.87,54.4,52.0,1.1,0.71,714.1,30.4,0
2.07,23.23,29.8,56.4,0.82,5.82,779.7,35.7,0
2.87,19.3,49.2,34.3,1.23,2.2,721.1,23.2,0
2.1,26.81,44.3,39.9,0.63,0.79,861.9,35.7,0
1.6,21.06,57.4,62.9,2.05,0.44,534.5,41.4,0
2.1,18.46,56.7,64.9,0.81,0.09,620.9,15.6,0
2.09,23.02,50.7,62.2,0.3,0.75,462.3,36.0,0
1.12,30.84,48.0,70.2,2.89,0.54,599.4,17.6,0
2.18,23.51,50.1,53.8,2.28,1.49,520.6,22.6,0
2.11,20.37,45.6,53.1,1.39,0.02,250.6,35.9,0
2.48,15.13,44.4,38.9,0.57,2.14,274.4,30.3,0
2.94,21.01,59.4,42.2,4.46,0.65,771.3,24.8,0
2.65,23.06,60.6,28.1,3.07,0.76,523.3,43.6,0
2.09,20.26,43.6,44.8,0.4,0.24,713.0,25.7,0
1.76,14.51,47.4,27.4,2.06,3.33,415.0,35.7,0
3.23,18.17,45.8,58.8,1.03,0.61,366.1,25.9,0
2.22,28.55,28.9,51.9,0.77,2.22,487.1,31.2,0
2.21,28.45,41.6,27.7,3.76,0.33,617.8,31.4,0
2.19,18.01,61.0,46.1,3.33,0.12,708.8,28.6,0
2.28,25.03,37.5,67.7,0.77,1.21,527.9,18.1,0
2.14,16.7,66.1,46.7,1.45,4.99,598.0,29.9,0
1.97,28.32,56.7,38.0,1.14,1.25,478.5,23.9,0
1.98,23.1,49.0,30.1,0.92,1.13,718.4,24.8,0
2.19,26.27,50.6,30.4,1.88,0.7,720.7,32.2,0
1.98,14.28,35.8,53.4,0.62,0.4,382.2,31.7,0
1.91,25.05,42.3,43.7,0.51,0.68,557.5,22.7,0
2.24,21.97,59.4,44.5,1.36,0.19,350.7,29.5,0
2.1,25.83,38.9,43.7,1.23,0.36,622.4,28.1,0
2.8,26.12,55.6,46.6,0.32,0.8,440.8,22.0,0
1.14,22.3,31.2,35.7,3.29,0.19,380.4,22.4,0
2.64,19.3,33.0,51.2,6.43,1.88,194.0,22.5,0
2.7,25.51,64.0,33.8,3.94,0.01,662.5,27.9,0
1.37,21.73,44.9,40.4,0.46,0.47,528.9,25.9,0
2.06,18.07,39.6,58.1,3.66,0.87,537.7,29.5,0
2.05,17.86,58.6,51.8,0.58,3.17,624.8,21.8,0
1.64,15.35,57.5,54.9,2.31,1.02,385.7,26.8,0
1.89,19.7,54.2,69.5,1.15,0.42,362.3,27.3,0
1.76,26.96,39.3,47.4,2.65,0.52,582.4,30.3,0
2.9,22.8,42.1,48.2,1.55,0.5,673.7,38.3,0
2.57,19.62,48.1,45.4,3.08,0.24,579.8,35.5,0
2.71,25.62,51.9,43.6,4.02,0.19,740.4,27.5,0
2.49,18.25,39.9,37.9,1.8,0.79,584.7,16.8,0
1.75,22.43,46.7,48.8,0.89,0.38,576.5,24.4,0
1.99,21.19,47.7,51.6,2.26,0.12,623.3,34.4,0
2.4,25.51,57.9,52.1,7.0,0.29,465.2,27.6,0
1.71,14.9,52.5,48.6,0.68,0.88,313.6,19.2,0
2.49,18.17,29.9,57.3,0.66,0.36,502.9,26.6,0
2.1,14.63,42.9,48.3,1.27,0.33,607.1,24.7,0
2.05,20.83,35.7,43.9,1.34,1.16,371.1,36.8,0
2.48,27.45,50.7,38.7,1.44,1.4,289.1,23.9,0
2.38,19.73,54.2,32.5,3.96,0.33,391.1,30.9,0
2.06,19.7,46.0,62.6,2.55,0.77,700.3,32.8,0
2.66,25.92,42.3,41.0,2.3,1.74,574.3,19.3,0
1.77,26.81,45.7,38.7,1.71,1.41,481.1,22.8,0
2.45,21.6,47.1,43.8,0.91,0.09,354.8,25.0,0
2.44,25.08,38.6,45.2,1.3,0.54,541.3,29.0,0
2.08,17.15,32.8,64.4,1.12,1.54,527.8,23.8,0
2.33,28.2,24.5,44.7,1.7,0.24,568.4,18.4,0
1.7,31.67,57.7,74.3,0.5,0.26,875.6,20.9,0
2.57,24.35,50.0,48.6,0.62,1.19,574.1,34.6,0
2.13,12.62,48.6,68.6,0.59,0.4,395.9,42.5,0
1.99,19.49,57.7,56.9,0.32,0.47,292.2,30.1,0
2.62,24.76,32.4,51.6,3.16,0.89,416.1,35.6,0
1.92,20.1,27.6,63.8,2.99,1.67,431.5,30.5,0
1.64,27.72,48.8,59.2,1.46,0.83,624.3,32.9,0
1.58,24.65,47.9,54.3,1.63,2.69,407.3,33.2,0
2.44,18.82,27.7,71.2,0.51,0.14,351.2,32.7,0
1.69,22.15,48.6,43.0,7.5,1.68,580.7,30.5,0
2.9,17.98,41.0,38.1,1.76,0.94,407.2,29.0,0
1.37,21.18,36.9,41.2,1.89,2.04,586.5,25.2,0
2.88,19.5,41.7,65.5,2.26,0.46,373.1,31.7,0
2.28,27.29,20.6,62.5,3.39,0.79,429.2,30.2,0
2.16,31.52,39.1,42.7,2.38,2.08,412.7,21.6,0
1.98,15.56,38.0,24.5,1.76,2.14,561.7,36.3,0
2.36,13.35,50.6,45.9,1.6,0.57,478.4,34.9,0
2.18,20.9,43.4,37.9,0.6,2.07,316.7,29.4,0
2.64,15.17,51.4,43.1,3.42,1.38,304.2,36.2,0
2.25,22.21,19.5,37.5,2.37,0.63,452.6,33.1,0
2.26,25.37,36.6,31.9,1.79,4.2,287.7,24.9,0
2.05,28.72,50.6,66.8,1.28,0.04,437.9,15.3,0
2.18,22.91,41.9,41.2,1.43,0.58,538.5,15.1,0
2.32,21.13,53.5,62.1,1.53,0.44,322.6,36.8,0
1.52,13.1,27.0,45.8,0.95,3.29,627.3,27.8,0
1.66,22.12,52.3,36.7,2.84,0.13,707.5,25.4,0
2.5,22.32,38.6,53.1,0.84,1.19,662.5,23.4,0
2.27,24.88,37.6,44.1,3.09,1.51,600.3,28.4,0
2.13,18.81,54.9,45.9,2.56,0.24,563.3,34.4,0
2.21,20.04,56.6,49.4,1.6,0.19,536.0,22.3,0
2.34,15.35,55.3,39.9,0.47,0.06,555.5,28.7,0
1.98,11.69,65.4,31.8,1.9,0.21,409.3,46.6,0
1.89,17.01,57.7,47.5,1.26,1.98,496.2,40.7,0
2.28,14.93,37.0,57.6,2.87,3.46,522.3,12.4,0
1.81,23.52,46.4,39.0,1.72,2.78,596.2,15.3,0
2.36,19.67,41.4,49.5,2.75,0.55,261.5,40.6,0
1.52,19.58,65.3,63.1,0.55,1.55,531.7,34.3,0
2.61,17.57,56.0,47.1,1.53,2.11,659.3,28.4,0
2.39,7.45,43.1,48.9,0.59,2.01,409.6,31.7,0
2.3,28.79,53.8,48.6,0.8,0.08,483.6,25.8,0
2.59,17.5,32.7,41.2,2.06,0.29,220.5,23.3,0
2.87,20.14,47.5,38.1,0.61,3.36,510.0,33.1,0
2.61,15.45,35.6,38.1,0.62,1.62,276.7,27.3,0
1.46,26.37,28.1,51.7,1.85,2.16,417.0,34.1,0
1.69,22.65,52.8,55.6,0.63,0.87,492.7,24.2,0
1.95,18.28,54.1,56.1,3.53,0.6,409.0,33.0,0
2.21,20.23,49.6,44.2,0.3,1.26,475.4,30.2,0
2.41,29.55,43.2,58.9,3.75,0.77,556.0,18.7,0
1.91,21.67,32.3,51.1,2.59,0.56,494.2,38.3,0
2.27,21.18,33.4,48.7,0.42,0.51,521.2,18.1,0
1.9,17.76,35.3,20.0,1.01,0.21,219.5,37.3,0
1.96,13.47,42.7,39.8,4.86,0.9,476.4,31.2,0
1.64,21.28,55.8,32.8,1.88,0.88,167.0,32.5,0
1.83,23.46,55.6,54.3,1.51,1.07,440.6,24.5,0
1.66,26.95,28.5,49.0,5.34,0.15,776.2,25.4,0
1.81,11.88,38.1,37.3,2.78,2.96,640.5,28.0,0
2.62,16.94,37.8,51.0,1.38,1.63,285.9,19.0,0
1.82,19.39,19.7,33.8,2.28,0.17,418.5,32.0,0
3.25,21.98,50.7,37.6,1.04,0.1,473.6,25.5,0
2.4,21.35,42.5,40.9,1.81,1.24,576.0,13.2,0
2.27,21.45,43.9,53.4,3.74,0.5,627.6,41.2,0
1.86,23.84,58.5,62.0,1.47,0.46,744.4,29.9,0
2.48,17.94,45.9,42.1,1.76,2.2,356.8,30.3,0
1.97,26.2,40.7,61.2,0.83,0.51,532.7,23.2,0
2.25,23.95,50.7,48.5,3.69,1.2,235.5,30.3,0
3.22,20.56,55.6,50.4,1.49,0.92,561.5,33.2,0
2.16,29.2,48.0,47.4,1.02,0.37,573.9,17.8,0
2.66,29.0,51.9,46.0,0.99,0.48,503.0,32.2,0
1.92,26.2,43.5,52.4,3.51,3.44,598.0,20.6,0
2.19,8.42,44.2,55.4,1.65,0.48,370.8,19.0,0
2.91,29.11,46.1,39.2,3.0,1.84,302.1,21.8,0
1.95,25.58,37.5,46.1,1.03,2.37,357.4,42.7,0
2.92,31.03,39.3,64.7,2.11,0.09,555.5,33.5,0
2.48,27.57,58.8,49.8,3.45,1.31,696.6,27.9,0
1.98,29.1,65.1,50.9,4.12,1.66,371.2,39.9,0
2.45,25.95,60.9,59.7,1.7,0.68,397.5,21.5,0
2.59,28.07,31.8,43.0,1.74,1.01,517.3,20.8,0
2.45,30.97,30.8,47.7,2.96,0.21,1016.9,21.6,0
1.57,22.97,33.1,56.2,1.45,0.46,432.9,41.1,0
1.91,14.92,46.3,60.4,2.37,1.48,644.6,34.1,0
2.1,20.62,16.9,24.3,2.56,1.11,473.2,22.3,0
2.17,23.75,39.1,40.6,0.36,0.18,419.0,23.2,0
2.45,22.34,59.1,38.0,2.99,5.31,300.6,30.0,0
2.27,16.39,54.8,46.8,3.69,3.33,454.4,20.1,0
1.67,14.66,39.9,38.8,1.36,0.3,627.4,26.8,0
2.35,18.66,40.7,54.6,3.3,2.5,369.5,21.0,0
2.44,25.63,50.7,49.7,1.69,0.37,514.5,27.5,0
2.42,29.11,54.4,56.9,2.99,1.0,371.9,33.7,0
2.63,26.12,39.7,57.5,1.2,1.83,437.4,40.2,0
2.53,26.76,42.7,54.8,1.31,0.51,272.8,17.0,0
2.38,21.64,39.3,44.6,0.63,0.97,847.7,32.2,0
2.17,14.16,31.7,49.0,1.87,0.72,546.0,32.7,0
1.54,19.95,42.8,43.4,1.37,1.71,451.0,26.4,0
2.37,20.84,42.0,34.4,0.33,0.78,693.6,23.9,0
2.28,19.76,32.4,57.5,3.56,1.0,486.4,23.8,0
2.31,22.25,51.5,47.2,5.05,2.24,568.9,15.0,0
1.69,23.99,49.8,33.0,2.29,1.44,734.4,33.5,0
1.77,25.84,52.0,53.4,3.42,0.9,721.1,22.6,0
2.62,20.75,37.3,45.8,0.84,0.74,328.5,16.3,0
2.18,13.43,25.2,27.4,1.3,0.16,501.9,30.3,0
2.47,19.83,49.7,34.3,2.37,0.07,691.6,30.2,0
2.21,22.2,38.4,41.0,1.84,3.66,337.8,33.9,0
2.21,27.5,36.1,50.1,1.29,0.25,461.3,40.7,0
2.58,19.44,32.4,55.9,7.06,0.39,455.9,28.3,0
1.99,24.31,42.2,55.5,0.74,1.13,575.2,25.9,0
2.24,23.31,60.8,54.0,6.71,2.11,620.4,25.3,0
2.02,22.2,39.9,47.7,2.39,2.15,672.5,25.9,0
2.03,26.19,34.1,65.2,1.84,2.12,512.4,22.8,0
2.08,19.03,51.5,55.0,1.44,4.58,343.9,25.0,0
2.29,19.41,46.7,50.2,0.8,0.07,446.8,23.0,0
2.01,21.95,23.8,53.7,0.9,0.61,341.3,20.7,0
2.7,19.12,51.6,44.0,4.38,2.94,397.7,40.2,0
1.84,24.29,66.3,47.4,6.27,0.76,606.3,37.7,0
2.13,18.79,19.0,27.2,1.2,2.46,284.7,15.0,0
2.02,23.02,32.6,44.1,1.44,0.02,417.1,30.2,0
2.78,21.55,16.5,65.6,4.01,0.84,633.6,27.5,0
2.28,22.97,44.2,49.5,1.09,3.07,602.7,29.0,0
2.61,19.93,54.9,49.1,0.3,0.36,379.7,17.8,0
1.61,20.47,46.1,58.0,0.67,3.19,365.0,15.1,0
2.31,22.43,58.9,51.6,1.14,0.01,736.3,27.6,0
2.56,22.91,53.3,40.1,1.46,0.1,556.2,25.4,0
2.23,21.98,62.0,48.2,1.12,0.78,378.1,24.2,0
2.63,29.67,56.6,36.6,1.76,0.13,493.8,26.6,0
1.99,17.54,41.0,49.8,0.96,0.31,663.0,32.2,0
2.76,21.71,45.7,39.6,2.59,0.42,365.9,34.2,0
3.12,14.92,36.3,57.3,3.87,0.79,362.8,21.1,0
2.05,23.67,42.7,42.9,0.75,0.59,533.1,21.8,0
2.02,16.98,45.6,39.8,1.48,3.06,297.2,29.1,0
2.78,20.75,44.2,46.9,0.98,2.61,399.0,36.6,0
2.83,20.33,58.4,51.7,2.9,1.65,434.7,26.5,0
1.99,23.26,41.7,35.9,0.72,1.29,101.5,29.0,0
2.03,19.51,35.7,42.8,2.78,0.27,512.5,18.5,0
2.09,19.32,36.3,49.1,1.39,1.11,591.9,12.6,0
1.66,28.46,51.6,61.4,5.52,0.19,792.5,44.2,0
1.83,23.28,31.0,22.7,2.8,0.72,589.5,29.9,0
1.8,19.48,43.0,54.2,4.21,0.74,346.1,20.9,0
1.89,20.87,58.3,44.2,4.26,1.4,432.2,13.0,0
2.19,29.4,47.9,43.1,1.09,2.16,779.2,38.1,0
2.29,20.94,44.3,41.2,2.26,0.46,568.1,21.4,0
2.82,18.9,44.6,44.4,3.74,0.05,657.2,21.4,0
1.8,18.92,34.7,54.2,2.68,0.06,414.0,23.0,0
2.59,19.53,36.4,42.6,0.3,2.49,467.6,29.0,0
2.11,19.32,43.0,64.6,0.47,0.8,489.7,32.5,0
2.18,16.24,47.7,54.2,1.02,0.34,638.1,25.9,0
2.47,16.94,54.5,50.0,0.39,0.04,435.7,20.7,0
1.75,18.27,45.9,46.3,5.74,0.9,590.4,44.1,0
2.35,24.66,58.5,59.9,5.56,0.18,499.9,24.6,0
2.27,20.28,61.1,61.4,0.79,0.65,318.0,28.1,0
2.4,21.07,53.0,36.4,1.85,0.87,499.6,17.5,0
2.32,27.72,57.2,41.0,0.78,0.31,665.6,32.1,0
3.18,27.83,35.1,54.3,2.44,0.27,500.9,35.6,0
1.94,20.73,33.5,57.4,1.09,0.02,450.7,22.0,0
1.99,19.16,50.2,45.0,1.23,1.06,713.6,15.1,0
1.95,18.11,31.6,40.6,6.16,0.27,558.5,25.3,0
1.98,25.12,42.1,48.8,2.33,2.53,292.8,41.3,0
1.95,21.08,52.7,62.8,3.67,1.11,456.7,23.5,0
2.68,20.26,59.1,48.4,3.08,0.98,540.2,45.7,0
2.77,18.34,42.5,35.4,2.17,0.84,535.3,24.1,0
1.97,18.54,38.5,49.1,0.76,0.29,576.6,15.2,0
1.87,23.44,48.2,55.8,0.3,4.18,475.8,24.4,0
2.39,16.08,34.3,47.0,1.51,4.1,468.2,14.9,0
1.98,26.48,43.3,60.6,1.14,0.47,502.1,23.0,0
2.45,19.6,44.9,56.7,0.39,1.8,619.2,30.7,0
2.28,21.33,44.7,47.4,1.89,0.15,397.3,24.7,0
1.59,15.98,45.9,48.4,0.79,1.82,489.2,35.7,0
2.82,21.94,36.7,29.6,5.76,0.4,537.2,24.2,0
2.92,20.52,37.7,60.1,1.7,0.41,419.3,17.6,0
1.95,21.77,37.5,44.7,0.3,0.85,569.4,29.0,0
2.04,28.62,28.8,44.0,2.48,0.6,552.3,27.0,0
2.31,22.8,48.4,42.5,2.6,0.15,189.7,27.8,0
2.33,18.42,53.9,52.6,1.92,1.08,505.1,19.1,0
2.46,18.8,53.0,36.7,2.96,0.29,712.6,29.9,0
3.0,24.68,42.4,38.2,1.72,0.71,724.5,37.7,0
2.13,27.84,36.9,47.5,1.02,0.32,602.4,18.8,0
1.88,23.27,52.4,41.7,3.46,2.34,690.5,14.6,0
1.65,25.1,51.4,51.4,0.53,0.5,477.1,17.2,0
1.91,24.74,47.2,42.1,3.01,2.62,585.4,27.8,0
2.19,28.39,62.4,64.0,0.72,0.47,524.6,16.7,0
2.92,13.23,44.7,54.9,4.42,0.24,600.3,30.3,0
1.99,25.0,42.4,54.8,1.07,1.03,776.7,30.5,0
2.29,26.43,41.0,42.0,1.2,0.97,650.3,30.6,0
2.19,15.98,29.4,72.1,0.46,1.16,448.6,46.1,0
2.68,18.01,51.6,43.6,1.71,0.43,737.1,14.9,0
3.21,18.17,43.9,40.9,1.73,0.46,537.2,16.0,0
1.99,18.72,50.1,55.1,6.81,0.33,597.8,37.0,0
2.0,19.83,63.4,50.0,3.7,3.16,464.6,31.7,0
2.62,23.09,41.1,39.8,0.93,1.38,610.6,36.0,0
2.47,25.9,21.6,70.0,2.11,1.69,559.8,13.7,0
2.94,26.87,49.8,57.8,1.38,0.26,669.8,18.5,0
2.43,18.23,46.7,48.0,0.87,1.3,424.6,34.9,0
2.06,18.2,37.7,72.0,1.01,1.73,642.6,26.8,0
2.44,27.92,49.0,56.1,1.2,0.5,134.2,37.2,0
2.64,24.91,52.9,47.9,1.74,0.21,407.6,25.1,0
2.53,22.37,35.5,70.8,1.2,1.43,298.2,26.5,0
2.4,24.13,42.0,54.6,0.3,1.13,550.6,44.0,0
2.63,21.87,59.8,54.2,1.48,1.03,644.2,20.7,0
2.67,24.36,37.8,44.1,1.7,0.24,498.6,33.2,0
2.75,20.49,45.7,48.5,3.19,0.37,703.4,17.0,0
2.46,23.21,18.8,43.9,0.72,1.18,383.8,21.9,0
2.13,15.2,30.2,62.4,2.41,1.14,289.8,33.2,0
2.26,18.9,46.6,31.9,6.31,0.97,608.5,18.1,0
2.68,18.95,57.3,61.7,1.02,1.75,675.6,34.1,0
1.87,20.32,31.4,39.2,1.73,2.02,515.8,26.5,0
2.35,17.83,45.7,47.4,5.35,0.39,773.3,21.2,0
2.04,19.6,41.2,45.0,1.66,0.21,576.3,27.3,0
2.21,15.19,54.5,42.8,0.5,0.27,559.7,23.9,0
2.71,24.47,32.8,54.9,1.54,0.4,435.5,23.0,0
2.28,21.63,49.3,47.9,5.13,3.54,304.5,24.5,0
2.22,14.33,38.5,41.3,5.53,0.18,460.0,18.3,0
1.66,18.24,47.2,49.5,3.34,2.53,737.1,15.7,0
2.5,23.51,45.7,41.0,2.61,0.27,528.6,13.1,0
2.46,19.56,42.5,42.6,1.27,0.51,441.3,31.5,0
3.07,18.86,49.8,33.0,1.39,0.16,364.3,31.0,0
2.08,21.66,45.4,43.5,0.75,0.13,580.8,22.4,0
2.29,23.55,43.7,52.9,0.65,0.12,331.3,27.1,0
2.3,15.54,41.4,48.4,2.79,0.5,553.5,37.7,0
2.83,24.48,45.8,66.2,1.37,0.89,430.8,23.6,0
2.16,18.4,47.2,74.1,2.75,0.27,460.9,26.1,0
2.31,21.92,35.1,43.4,0.41,3.24,596.3,41.6,0
2.44,21.84,41.5,39.7,1.1,1.06,357.5,30.7,0
2.27,19.63,34.4,59.3,0.33,2.6,501.0,34.3,0
2.02,17.39,44.6,51.4,4.58,0.19,270.9,33.0,0
2.28,20.71,39.1,59.4,2.9,0.19,483.0,31.5,0
2.63,29.31,52.7,52.0,1.67,2.25,574.5,22.9,0
1.79,15.87,51.7,46.1,4.19,1.01,618.7,21.2,0
2.25,29.62,35.8,46.1,0.75,3.35,670.1,32.7,0
1.92,20.83,45.0,52.3,4.2,0.19,598.8,31.7,0
2.68,22.16,51.4,45.9,0.3,0.03,439.0,29.6,0
1.59,17.11,43.2,60.2,2.22,2.98,228.4,30.0,0
1.98,18.53,37.7,35.0,0.39,1.44,648.6,22.6,0
2.35,19.74,34.1,60.1,1.95,1.98,421.3,19.8,0
2.83,17.29,53.5,29.3,1.19,0.42,283.0,22.9,0
2.17,21.06,54.0,49.5,1.48,0.0,780.7,26.2,0
1.98,20.17,42.9,44.7,4.5,0.79,490.9,23.8,0
2.95,30.33,52.7,32.8,4.1,5.53,573.3,39.0,0
1.62,16.75,15.3,27.4,4.02,2.86,534.2,38.3,0
1.32,22.46,58.3,37.0,5.14,0.09,497.8,34.0,0
2.38,23.12,43.4,48.5,1.54,0.25,441.9,36.5,0
2.0,17.18,46.4,42.0,1.67,0.45,412.4,18.9,0
1.79,25.09,41.8,37.6,1.36,2.13,833.8,33.0,0
2.48,20.21,59.0,61.5,1.76,2.09,281.4,27.8,0
2.3,10.78,34.4,35.7,7.14,0.25,435.0,24.8,0
1.97,24.97,59.7,54.8,2.7,0.91,366.5,26.0,0
1.69,16.97,49.0,39.1,0.82,0.84,577.7,26.1,0
2.55,17.29,51.2,36.8,0.36,0.64,437.9,25.3,0
2.46,25.1,41.7,42.0,0.3,0.92,425.2,23.7,0
2.16,20.44,31.9,54.2,0.45,0.42,596.3,18.6,0
2.94,26.13,54.3,34.3,1.91,0.91,790.3,17.0,0
1.77,27.45,48.1,50.9,0.73,1.39,375.4,30.8,0
1.59,19.1,58.6,38.4,2.0,0.08,267.3,8.3,0
1.92,25.57,43.1,40.2,0.49,4.1,509.4,41.6,0
2.18,18.6,40.8,52.0,1.82,0.22,625.6,23.6,0
2.3,32.05,58.9,69.7,0.61,0.54,467.7,15.4,0
2.1,18.88,64.1,38.9,0.74,0.76,594.9,31.7,0
2.34,26.62,45.1,55.2,1.66,0.05,417.8,27.1,0
1.7,25.8,37.5,44.9,1.04,0.95,858.8,21.4,0
2.78,23.42,53.1,43.3,2.94,2.45,592.1,24.0,0
2.17,18.98,42.5,58.7,2.9,2.78,427.3,27.4,0
2.65,21.32,51.0,39.6,1.84,0.47,387.2,35.6,0
2.34,12.31,42.4,36.5,3.98,0.98,540.6,9.5,0
2.38,23.01,60.6,52.6,0.72,1.8,601.1,30.2,0
2.43,23.57,38.0,63.9,0.59,0.35,303.9,39.5,0
2.38,22.6,49.8,55.5,0.32,0.9,501.7,22.3,0
2.46,8.62,40.1,33.9,1.96,0.55,611.4,33.2,0
2.73,16.3,42.2,41.8,0.44,0.57,550.1,32.7,0
2.28,18.63,40.9,57.8,1.13,0.12,593.6,41.2,0
2.48,23.31,52.4,63.8,0.83,0.63,723.6,29.6,0
2.16,23.3,54.2,50.3,0.38,0.21,40.0,32.9,0
2.78,21.23,50.6,42.2,1.18,0.43,532.8,35.5,0
1.93,24.86,43.9,64.5,0.91,0.48,147.3,32.3,0
2.92,17.38,46.4,47.3,1.33,0.68,493.2,21.7,0
2.18,24.75,54.0,41.9,1.92,2.99,694.9,22.9,0
1.63,24.14,54.3,40.3,0.88,1.2,480.7,29.9,0
2.25,23.7,18.1,36.0,2.43,4.4,359.8,34.1,0
1.93,21.18,42.3,76.3,0.59,1.07,623.8,30.4,0
2.54,30.24,42.8,62.2,4.86,1.96,521.0,20.7,0
1.94,24.22,51.7,41.4,1.38,2.16,528.4,26.3,0
2.02,17.64,44.3,65.3,3.97,1.61,823.6,18.3,0
1.44,23.12,52.2,53.3,2.07,1.33,273.9,32.1,0
2.02,25.39,34.2,52.7,2.37,0.65,404.5,41.9,0
1.23,19.35,47.6,40.8,0.3,1.01,556.4,31.7,0
1.57,26.9,54.0,42.9,4.32,0.26,682.9,14.3,0
2.5,23.72,30.3,47.6,2.81,1.16,355.9,28.7,0
2.51,11.46,70.1,28.3,7.48,0.87,438.4,27.9,0
2.37,23.35,56.9,43.1,1.77,1.96,489.7,24.3,0
1.81,20.17,45.0,48.0,3.47,2.79,477.2,13.7,0
2.18,24.42,36.7,61.1,3.13,0.17,604.6,31.3,0
2.2,26.25,43.2,41.8,2.97,1.41,492.5,34.6,0
1.74,22.88,45.8,56.1,2.82,3.6,597.4,21.8,0
2.8,29.49,49.4,27.4,0.73,3.0,319.6,21.7,0
2.55,21.2,60.0,59.7,1.68,2.16,521.7,25.8,0
2.11,24.81,40.2,39.0,0.7,0.06,505.2,40.2,0
2.21,25.62,50.6,49.3,2.0,0.35,626.6,26.0,0
2.28,21.56,32.1,52.1,2.23,0.19,878.0,22.6,0
1.38,25.5,40.9,50.1,0.5,3.14,643.4,25.2,0
2.1,19.32,48.8,46.9,0.79,1.66,394.5,32.1,0
1.93,20.1,51.9,35.6,1.26,0.91,595.0,13.8,0
1.8,16.09,37.5,39.1,0.71,4.66,492.5,26.4,0
2.09,23.09,40.6,58.0,0.85,0.26,449.2,25.6,0
2.92,23.46,59.6,42.0,2.18,1.23,420.7,27.2,0
2.46,27.31,56.6,47.0,1.32,1.13,412.7,23.1,0
1.97,25.56,47.1,33.1,2.95,0.5,328.3,18.7,0
2.43,20.72,22.6,56.6,1.3,0.8,305.7,34.5,0
2.76,16.7,70.1,34.8,2.38,0.32,598.3,15.1,0
2.57,23.95,44.8,57.2,0.84,1.36,446.6,39.0,0
2.22,27.0,41.9,37.4,1.25,0.65,527.3,30.4,0
1.94,25.4,39.8,58.1,1.99,0.03,369.5,32.8,0
2.48,26.88,48.8,48.1,1.66,3.61,586.9,28.4,0
2.36,21.05,48.9,42.4,0.33,0.84,394.5,36.2,0
2.56,19.9,54.5,64.0,1.47,1.47,299.2,31.8,0
2.45,18.68,35.7,47.3,2.76,0.26,735.2,37.1,0
2.62,21.75,41.9,44.4,1.68,0.16,531.2,33.9,0
1.99,21.65,65.3,57.1,0.5,2.79,453.2,35.8,0
2.73,22.93,47.2,33.2,3.17,1.07,471.2,23.0,0
2.28,21.42,43.3,22.7,0.3,0.82,446.1,25.3,0
3.03,21.4,35.6,59.6,2.35,0.88,574.0,28.1,0
1.92,18.5,50.1,39.6,0.75,0.32,267.9,28.0,0
2.89,26.24,55.3,56.6,1.86,2.93,229.2,32.0,0
2.28,22.34,53.7,48.5,0.36,0.29,516.9,22.8,0
1.94,21.22,42.4,36.4,1.79,0.21,238.6,28.0,0
2.01,18.64,48.6,54.1,4.75,3.19,214.0,32.4,0
2.07,16.01,61.7,43.9,1.28,0.36,635.4,14.6,0
2.37,27.89,55.7,37.2,1.6,2.38,525.0,35.4,0
2.41,24.5,37.2,37.5,2.18,1.78,527.0,42.3,0
1.97,14.69,19.5,30.7,1.38,0.58,332.2,21.6,0
2.19,25.43,48.0,52.0,4.31,0.35,708.5,38.4,0
3.06,26.15,53.0,38.6,0.38,1.71,650.9,29.6,0
2.89,22.56,34.1,47.7,1.68,1.09,296.1,21.8,0
2.37,29.19,44.9,46.2,2.34,0.35,483.7,33.8,0
2.22,22.98,42.4,38.6,2.21,2.66,438.6,41.6,0
2.25,15.62,46.0,32.8,1.0,1.53,493.3,25.2,0
2.45,23.64,39.6,73.3,3.87,2.88,663.2,20.5,0
1.79,23.1,57.9,47.5,3.08,0.69,442.9,12.4,0
2.1,19.29,46.5,66.2,0.66,0.16,647.6,27.0,0
1.53,24.58,36.2,59.6,3.95,3.09,240.4,29.1,0
2.36,14.5,54.2,44.8,0.47,1.1,407.7,40.7,0
2.46,26.46,32.4,49.8,1.45,1.12,439.7,41.0,0
2.01,18.05,57.8,49.5,2.83,1.05,418.9,23.4,0
2.83,17.57,54.9,66.4,0.62,0.77,503.7,33.7,0
1.71,21.49,58.9,56.3,3.26,0.35,523.7,19.9,0
1.61,23.95,43.4,39.9,1.31,1.14,534.6,28.5,0
2.29,22.74,40.0,51.5,2.6,1.52,632.9,27.1,0
2.62,18.66,45.8,56.0,3.62,2.98,610.0,21.9,0
2.87,19.72,44.2,36.2,1.25,0.09,274.7,27.2,0
2.02,16.9,38.5,52.9,3.91,0.35,522.5,33.9,0
2.63,20.99,39.5,61.5,1.35,1.8,408.2,35.7,0
2.18,26.84,41.3,39.4,5.12,1.79,622.9,27.0,0
2.13,21.98,33.3,40.8,0.32,0.29,694.3,27.4,0
2.55,25.87,51.8,59.6,1.75,0.25,626.2,15.1,0
2.46,28.55,44.5,44.5,3.13,0.55,785.9,29.9,0
1.57,19.35,41.9,38.2,2.4,0.08,613.0,26.1,0
2.79,21.16,33.9,56.8,0.9,1.57,649.8,27.4,0
2.75,31.77,33.4,53.8,5.4,1.33,380.9,24.6,0
1.95,28.5,64.4,48.9,0.94,2.35,496.3,21.4,0
2.36,14.47,38.7,59.2,2.98,0.67,603.5,21.9,0
2.4,23.74,51.1,60.0,1.43,1.22,543.3,23.3,0
2.3,22.0,46.6,47.2,1.46,3.69,363.0,18.7,0
1.98,25.72,17.2,67.7,4.06,3.83,361.5,30.0,0
1.93,18.65,62.9,63.8,1.2,0.09,228.4,31.9,0
2.19,18.22,51.8,28.2,1.38,0.0,555.8,27.0,0
2.67,18.96,37.3,37.7,0.67,3.86,345.4,29.2,0
2.42,19.43,44.7,25.4,3.28,0.92,600.7,26.4,0
2.05,25.67,33.5,44.8,0.78,1.45,608.6,36.0,0
2.51,16.68,63.3,35.9,5.19,2.92,533.3,28.4,0
1.06,19.2,35.9,39.9,4.14,0.68,559.2,29.9,0
2.66,13.95,39.8,58.9,2.46,0.7,652.8,33.6,0
1.5,26.53,37.7,30.5,0.37,0.22,672.5,27.8,0
2.06,27.72,45.8,49.3,0.86,2.84,165.4,37.8,0
1.75,20.53,58.7,49.2,4.64,1.25,605.8,23.3,0
1.68,20.66,62.9,47.2,0.88,0.24,573.1,40.1,0
2.66,24.04,41.0,49.3,1.07,0.98,544.4,26.6,0
2.01,28.64,48.8,25.7,1.8,0.48,571.0,23.4,0
2.34,23.84,45.8,39.9,2.28,0.19,452.7,17.0,0
2.18,18.86,35.2,63.4,1.61,0.24,140.4,34.1,0
2.39,14.72,69.2,36.0,4.3,0.98,409.2,25.4,0
2.23,16.98,58.6,64.7,3.75,1.0,225.8,29.0,0
1.69,22.33,46.9,33.9,1.0,1.87,252.2,29.8,0
2.6,19.05,60.8,32.7,1.28,0.34,660.4,24.6,0
2.0,22.88,57.1,38.5,1.79,2.97,418.3,35.5,0
1.58,19.51,45.8,59.3,3.0,0.88,540.3,31.2,0
2.03,17.24,48.3,42.5,1.0,0.27,500.7,22.0,0
2.8,16.7,60.1,51.5,2.16,0.64,700.8,18.6,0
2.54,29.03,35.5,48.7,3.19,3.08,511.2,33.5,0
2.06,26.0,61.7,47.5,1.22,0.78,410.4,26.3,0
2.06,29.79,42.7,60.7,3.85,2.49,722.1,32.9,0
2.07,24.43,60.2,55.7,1.68,0.21,425.2,26.3,0
3.03,20.07,44.9,36.6,2.47,2.94,562.6,29.5,0
2.35,27.96,48.4,45.2,3.08,0.68,574.7,33.6,0
2.37,21.85,44.7,65.4,0.55,3.3,313.7,17.5,0
2.61,22.99,39.7,51.2,2.48,2.41,638.1,39.8,0
2.3,21.81,42.3,32.9,1.46,1.29,703.1,30.6,0
2.1,8.74,58.8,33.6,1.12,1.34,329.9,13.7,0
2.12,29.22,21.9,56.9,4.11,0.29,504.4,37.4,0
2.17,24.21,32.6,55.0,5.09,1.11,701.0,34.9,0
2.19,23.48,37.7,38.8,3.28,0.96,256.2,26.7,0
2.49,21.72,34.2,55.5,0.83,0.49,594.3,37.8,0
2.22,22.74,60.1,64.0,0.3,0.85,312.6,23.5,0
2.49,19.31,57.6,62.6,2.59,3.18,452.1,27.1,0
2.17,24.77,50.9,64.0,4.64,0.01,468.3,44.4,0
2.23,16.12,38.6,53.6,1.55,0.65,323.3,31.6,0
1.4,22.84,58.4,46.2,2.0,0.49,363.4,35.6,0
2.57,24.53,29.1,44.0,5.36,3.9,489.1,33.7,0
2.34,21.11,66.4,47.8,4.88,4.37,706.5,18.3,0
2.6,23.67,38.2,39.2,1.98,1.06,572.1,30.1,0
1.04,17.54,42.4,44.4,2.66,0.96,254.1,29.5,0
3.04,17.65,40.7,60.8,1.85,2.8,569.9,36.3,0
2.14,23.07,34.3,31.9,0.74,0.01,506.2,38.5,0
2.64,25.05,64.3,32.6,1.37,0.99,405.0,37.0,0
1.78,13.56,52.9,56.3,1.7,0.03,434.4,24.7,0
2.45,24.35,57.2,44.5,1.57,4.14,574.6,17.9,0
1.78,19.56,32.8,28.7,0.76,0.46,264.2,31.5,0
1.95,21.13,46.8,47.4,0.92,0.88,403.0,27.4,0
2.97,15.97,50.2,46.0,0.64,0.65,328.2,20.6,0
2.12,18.17,47.7,43.7,3.57,2.69,380.1,23.1,0
2.29,26.35,33.4,54.9,4.72,10.33,549.4,27.6,1
2.55,22.15,55.8,34.7,2.07,0.09,507.3,29.8,0
2.4,20.28,46.2,48.1,0.3,1.58,600.7,24.1,0
2.26,21.48,35.5,45.9,0.33,0.55,162.0,27.9,0
2.35,24.2,26.4,48.4,2.46,0.18,459.5,27.5,0
3.16,23.98,51.1,30.7,1.53,0.62,484.0,29.9,0
2.18,21.66,69.5,42.8,0.3,7.55,254.3,21.2,1
2.28,26.92,34.8,48.2,4.01,0.53,396.7,23.1,0
2.62,26.37,46.7,53.4,1.54,0.39,496.8,37.4,0
2.64,23.86,56.1,66.5,1.1,2.25,548.1,26.2,0
2.67,22.25,32.3,56.1,1.95,2.43,552.1,31.3,0
2.46,24.96,40.2,52.6,1.46,0.5,204.3,19.5,0
1.74,23.41,36.4,60.7,0.66,0.43,405.5,36.3,0
2.85,26.77,54.8,45.0,2.18,1.25,270.6,36.1,0
1.74,26.05,58.3,63.5,1.34,0.28,499.1,30.1,0
2.32,17.42,46.6,59.2,0.3,0.79,435.3,23.7,0
1.9,17.11,36.6,43.5,2.15,0.18,406.2,17.9,0
2.17,18.84,40.6,67.2,0.79,0.44,975.1,43.9,0
2.33,26.39,38.7,52.5,3.01,0.42,342.2,25.2,0
2.33,14.91,35.2,69.9,1.66,1.42,497.5,18.0,0
2.37,23.78,44.0,51.0,1.65,0.4,571.8,23.8,0
2.85,23.63,50.7,42.4,0.54,2.75,553.7,30.8,0
2.38,27.23,49.9,40.3,2.56,4.89,586.8,19.3,0
2.1,22.81,44.9,44.4,1.74,0.1,553.3,23.9,0
2.59,15.96,45.6,42.3,2.51,0.61,450.4,17.9,0
2.68,17.68,44.2,60.7,1.39,0.43,501.7,38.1,0
1.71,16.68,32.0,47.7,0.49,0.52,401.6,27.4,0
2.44,19.58,46.6,31.9,3.56,0.37,388.7,17.8,0
2.48,21.18,39.2,50.1,3.29,0.58,302.3,21.7,0
2.08,16.76,31.5,49.3,0.96,0.18,618.1,23.5,0
2.75,28.62,48.7,43.3,1.2,0.39,665.6,28.2,0
2.14,16.04,38.9,50.7,0.48,1.65,411.9,21.6,0
2.25,28.06,47.3,47.6,0.49,0.51,488.4,25.4,0
2.13,27.33,53.5,54.3,1.91,0.28,740.0,23.5,0
2.21,26.04,35.5,53.7,2.39,0.14,668.3,17.9,0
1.76,18.88,45.9,51.6,2.24,0.51,633.7,21.6,0
1.62,23.54,26.9,35.0,2.5,1.24,540.4,22.6,0
2.84,16.25,60.3,69.2,4.64,0.35,405.8,19.5,0
1.86,26.1,31.4,32.4,1.41,0.66,422.7,17.9,0
1.8,21.67,39.9,46.7,3.7,3.65,535.3,23.8,0
1.34,20.16,58.4,37.1,5.7,0.96,565.8,34.1,0
1.94,16.49,42.7,52.0,0.46,0.91,354.7,27.0,0
1.67,10.85,33.0,49.4,2.17,0.63,686.9,5.7,0
2.86,17.33,52.1,46.3,1.59,0.98,711.1,35.1,0
2.6,27.01,51.9,63.2,0.95,5.01,619.1,23.1,0
1.92,20.19,38.7,59.1,1.19,0.35,725.5,38.1,0
3.1,21.24,39.8,44.7,0.3,3.42,595.7,33.6,0
2.59,24.95,40.6,56.0,0.55,0.19,541.1,25.9,0
2.07,30.13,42.9,63.6,2.48,0.14,507.7,26.6,0
1.2,27.96,26.1,59.0,2.62,1.28,452.5,20.0,0
3.12,17.62,43.2,46.6,1.65,0.35,499.2,32.6,0
1.64,13.26,62.8,32.1,2.83,0.71,343.9,39.3,0
1.54,32.62,36.0,51.2,1.3,1.57,487.5,22.9,0
2.61,32.21,39.2,54.7,1.35,0.92,324.7,23.8,0
3.18,22.85,33.2,40.3,1.29,0.02,379.9,41.8,0
2.75,16.28,51.1,48.2,1.21,0.44,684.3,28.6,0
2.43,26.33,57.0,47.2,0.8,0.08,677.3,17.3,0
2.44,21.51,56.8,61.9,1.18,3.13,374.4,18.5,0
2.54,21.49,32.5,66.5,3.05,1.9,630.5,39.9,0
2.5,26.03,50.0,59.8,3.48,4.95,411.7,31.3,0
2.31,23.5,59.3,47.1,0.31,2.6,400.4,20.6,0
2.24,16.66,50.1,59.5,3.63,0.77,708.8,30.4,0
2.17,20.54,49.8,54.5,0.82,2.57,335.8,22.2,0
1.9,24.98,40.3,47.3,1.28,1.34,231.9,14.6,0
2.09,24.3,47.2,68.9,2.02,0.89,400.2,25.6,0
1.52,23.18,57.4,40.6,6.29,0.56,409.7,27.9,0
2.16,26.2,48.3,54.0,1.11,1.37,444.0,17.0,0
1.8,20.37,32.5,56.4,3.96,1.07,241.9,19.2,0
1.76,22.8,40.4,45.1,0.77,1.14,552.7,21.0,0
2.27,6.81,57.1,53.6,0.37,0.61,784.5,26.6,0
2.76,19.98,48.2,57.5,3.29,1.61,545.2,28.9,0
2.57,25.44,46.2,50.4,1.4,0.1,466.8,17.9,0
1.57,20.24,39.5,52.7,3.91,1.55,600.2,23.9,0
1.8,19.9,56.9,49.1,4.38,1.57,511.2,24.7,0
2.58,17.31,61.6,56.0,0.77,0.87,508.6,15.8,0
1.81,26.52,57.6,45.7,0.76,0.37,487.7,29.6,0
2.11,24.47,59.4,44.9,1.66,0.88,532.6,32.2,0
2.42,25.71,41.4,48.2,3.86,0.16,438.4,30.2,0
1.81,14.23,40.0,59.8,3.34,0.4,255.8,18.7,0
2.24,21.28,43.4,30.5,0.6,0.66,777.3,32.2,0
1.67,20.74,45.4,38.9,0.95,1.34,579.5,27.3,0
1.96,20.74,59.3,70.8,1.98,0.25,394.8,34.9,0
2.33,19.23,56.7,50.8,0.3,0.21,552.7,31.3,0
1.56,20.44,50.4,43.9,0.3,1.12,330.5,30.2,0
2.38,25.82,30.7,55.9,4.03,1.37,557.1,26.0,0
2.19,13.39,28.1,40.1,0.88,0.1,611.4,34.7,0
2.42,30.0,47.4,27.0,1.8,0.04,654.9,20.0,0
2.29,24.18,53.8,51.5,0.63,0.19,585.3,19.2,0
2.75,21.81,44.2,40.7,4.61,2.78,471.5,47.2,0
2.25,26.08,64.1,49.0,1.31,1.34,653.6,14.4,0
2.03,15.47,34.2,51.3,1.62,3.05,417.2,19.7,0
2.25,19.01,32.9,49.4,1.63,1.31,544.7,33.6,0
2.42,21.46,38.4,30.9,0.81,4.03,390.6,16.6,0
2.22,28.15,38.0,48.3,2.24,0.69,534.5,33.2,0
2.22,21.79,50.3,52.4,4.22,1.1,724.1,36.6,0
1.92,24.03,40.8,34.0,6.4,1.1,615.9,37.4,0
1.93,19.35,29.5,32.8,0.59,0.0,638.3,28.5,0
1.64,24.19,53.9,37.3,1.51,0.03,667.1,19.8,0
2.9,29.55,27.4,55.5,0.3,0.19,489.5,21.6,0
1.7,26.48,34.3,28.0,0.44,0.86,369.0,36.9,0
1.92,21.63,28.8,56.3,1.97,0.68,222.0,14.9,0
1.91,25.04,47.1,51.9,2.0,0.93,337.4,33.8,0
2.56,24.6,46.9,45.4,1.04,1.93,517.6,16.7,0
2.08,24.28,64.2,33.2,1.18,2.07,195.1,27.3,0
2.7,27.0,54.1,40.0,0.38,4.53,526.6,23.6,0
1.93,26.97,59.4,55.8,2.4,0.98,574.1,24.9,0
2.31,21.43,47.9,60.6,0.71,0.51,265.4,37.4,0
1.87,24.89,35.2,37.7,6.42,0.44,631.9,24.2,0
3.06,20.28,46.3,59.4,4.6,0.5,436.8,35.3,0
1.72,17.85,50.9,54.9,0.97,0.47,254.7,23.0,0
2.32,20.79,52.0,47.9,0.77,0.6,246.1,29.8,0
2.45,21.66,40.3,40.6,2.99,0.09,491.7,27.1,0
2.37,14.52,49.9,42.2,0.99,1.2,512.7,18.4,0
2.13,25.87,35.7,66.2,0.3,1.01,497.8,18.5,0
2.15,9.55,34.6,49.8,2.9,0.74,655.5,26.2,0
2.22,34.22,33.8,61.3,1.7,0.1,509.3,25.2,0
2.14,28.76,45.2,50.4,1.91,0.12,412.9,32.7,0
2.59,20.83,33.2,43.5,0.82,0.95,451.9,15.0,0
3.08,22.04,40.8,53.8,8.14,0.04,662.2,22.2,0
1.98,23.36,54.0,69.6,5.65,1.55,331.9,31.0,0
1.65,19.35,34.7,41.6,0.3,6.1,523.9,26.3,1
2.16,22.87,40.0,57.1,1.07,1.09,530.8,17.8,0
3.23,21.35,45.7,49.9,0.6,1.54,653.4,30.5,0
1.88,21.58,47.5,33.5,2.05,0.69,516.8,33.9,0
2.86,22.82,40.0,33.3,2.61,1.32,356.5,21.0,0
2.87,16.09,52.9,43.5,8.05,1.27,528.8,34.8,0
1.98,22.18,50.9,51.5,4.44,2.09,607.9,23.8,0
2.43,22.74,56.4,56.8,1.24,1.49,521.0,25.5,0
2.85,22.58,44.2,32.3,4.71,1.66,664.5,24.3,0
2.05,21.03,39.9,54.5,1.27,0.98,304.0,35.1,0
2.12,27.12,38.2,46.8,2.25,0.8,476.4,26.9,0
1.97,20.41,48.1,48.0,0.61,0.74,500.9,33.4,0
1.79,23.02,41.2,53.9,0.92,0.6,615.9,24.6,0
1.94,27.84,39.3,65.5,0.76,0.37,634.9,30.5,0
1.71,21.64,40.5,51.0,1.71,0.04,503.6,20.4,0
2.21,22.97,38.2,34.4,2.71,1.33,445.9,35.0,0
1.89,21.57,47.0,46.1,1.57,2.77,528.2,25.9,0
2.29,27.57,30.9,56.5,3.6,3.2,328.9,36.7,0
1.58,20.84,48.0,56.9,2.03,1.04,426.6,27.6,0
2.33,27.78,51.8,54.7,3.34,0.12,585.5,28.7,0
2.53,21.53,39.2,42.9,1.27,2.53,553.0,44.0,0
1.4,18.13,64.2,34.3,0.46,1.65,400.7,33.2,0
2.35,25.06,45.2,53.9,1.15,0.35,382.7,29.4,0
2.69,20.63,29.4,35.9,1.32,1.95,380.1,19.5,0
1.72,24.79,42.2,54.9,1.67,0.77,390.4,22.7,0
2.87,9.72,45.6,54.9,3.9,2.62,522.1,33.5,0
2.37,22.02,49.5,43.3,2.49,0.34,680.2,25.7,0
1.92,19.93,42.4,46.9,1.64,1.94,698.3,26.6,0
2.18,17.22,34.9,50.0,1.1,1.49,361.7,20.4,0
2.42,19.51,34.1,41.9,0.59,0.02,549.5,30.8,0
2.23,19.42,38.5,34.2,1.29,0.99,542.3,28.7,0
2.42,21.78,39.4,47.6,6.18,1.51,531.8,33.0,0
1.83,15.85,33.7,48.7,0.43,0.2,353.5,36.7,0
2.27,23.42,37.7,61.6,1.38,0.91,388.7,31.1,0
1.63,28.15,51.6,40.2,1.51,0.44,551.7,19.8,0
2.16,23.26,61.5,58.7,1.14,1.43,442.3,17.4,0
1.84,25.64,52.6,36.5,1.53,0.93,513.6,33.1,0
1.91,26.93,58.1,34.6,0.87,1.17,348.0,28.8,0
2.69,27.56,54.7,45.0,4.31,0.09,426.6,40.3,0
2.64,30.42,53.3,38.6,0.61,0.18,299.9,28.2,0
2.44,19.75,41.6,34.4,0.8,0.96,539.6,15.9,0
1.76,18.77,46.4,67.4,0.89,0.24,447.8,19.1,0
2.07,25.53,40.8,43.5,0.61,0.83,539.9,22.7,0
2.69,25.19,42.8,71.1,1.19,1.41,445.0,40.2,0
2.26,25.49,45.7,38.1,3.6,1.99,535.3,36.2,0
3.13,30.5,52.1,30.9,0.44,0.19,770.8,24.2,0
2.36,22.05,49.2,60.9,2.28,1.63,421.4,26.6,0
2.28,23.92,43.4,40.7,1.65,0.54,573.7,18.5,0
2.08,17.59,45.6,49.4,2.81,1.36,401.1,18.2,0
2.25,31.61,49.3,34.4,1.5,0.19,480.2,35.8,0
2.14,20.49,51.7,47.6,3.32,0.87,570.9,34.6,0
2.48,20.61,29.8,34.3,1.47,2.18,542.5,26.1,0
2.58,20.44,34.2,47.3,0.33,0.14,603.6,40.9,0
1.89,19.1,56.1,43.3,1.77,2.11,643.5,31.0,0
1.67,18.72,44.4,50.3,2.86,0.72,599.7,29.5,0
1.47,19.64,40.8,54.3,0.3,2.08,638.0,29.5,0
2.4,15.85,42.4,50.4,2.39,3.82,532.0,20.6,0
1.76,18.47,42.4,52.5,1.28,0.21,390.7,34.6,0
1.34,30.77,50.6,46.9,1.33,1.35,620.1,34.7,0
2.36,25.31,33.9,43.6,1.17,0.32,442.8,29.7,0
3.2,26.17,45.2,52.7,1.82,0.17,604.1,20.2,0
2.2,27.3,47.5,46.9,3.19,1.19,311.7,35.6,0
2.54,30.25,49.0,47.3,0.91,0.14,446.6,15.4,0
2.23,14.03,47.2,52.0,2.54,0.75,396.3,22.6,0
2.16,16.47,50.2,37.7,0.67,1.21,558.9,32.1,0
2.57,18.38,39.3,62.3,2.47,0.83,413.4,25.1,0
2.08,19.89,35.6,45.5,2.53,1.43,497.7,21.1,0
2.31,20.65,69.6,49.2,2.92,1.94,478.2,37.7,0
2.33,19.99,42.0,47.6,1.89,2.47,654.0,35.9,0
1.93,22.99,43.2,54.5,2.89,0.98,570.6,35.5,0
2.6,22.16,51.8,51.4,0.57,0.39,543.5,30.3,0
2.13,18.75,61.0,47.5,3.75,0.86,503.1,28.2,0
1.9,12.21,39.6,62.5,1.71,0.59,384.9,40.2,0
2.41,17.53,35.0,20.0,4.43,0.31,368.5,38.0,0
1.84,19.53,32.6,60.4,1.44,0.9,541.6,27.4,0
2.21,20.89,60.9,57.2,1.28,0.03,287.9,47.0,0
2.2,16.92,34.6,29.6,0.84,1.12,494.4,27.1,0
2.63,19.79,44.7,57.3,1.85,2.07,516.1,30.7,0
2.39,16.91,35.2,58.6,2.16,8.98,288.4,37.7,1
2.19,21.43,30.5,53.6,0.71,3.06,491.6,30.6,0
2.53,17.17,42.1,32.4,0.83,0.11,500.9,26.1,0
2.76,18.18,35.6,54.8,0.56,0.21,811.8,30.7,0
2.42,16.11,38.1,58.1,1.57,0.18,501.4,28.0,0
2.2,21.31,65.1,42.3,4.19,0.98,631.3,13.1,0
1.68,18.1,49.2,52.4,1.24,0.06,567.0,35.0,0
1.77,26.08,54.3,44.5,0.76,3.32,538.7,23.6,0
2.08,23.83,53.2,56.9,0.84,0.08,624.5,19.9,0
1.96,21.69,44.0,44.9,0.85,0.6,283.5,36.4,0
2.13,18.41,40.6,42.2,3.2,2.69,486.7,30.6,0
2.22,23.71,47.5,47.6,3.15,3.56,542.2,32.8,0
2.41,25.11,46.7,34.6,1.27,0.75,355.6,27.1,0
2.17,22.64,39.3,46.6,3.55,0.8,493.0,29.6,0
2.39,29.22,46.3,51.6,1.54,1.21,514.1,25.9,0
2.23,24.07,37.9,56.7,1.18,0.63,474.7,22.0,0
1.41,26.11,43.3,50.5,2.13,0.47,366.9,32.8,0
1.82,22.6,41.6,33.7,4.65,1.61,386.9,29.7,0
2.14,25.04,32.3,61.5,0.65,1.09,451.9,40.1,0
1.72,18.41,21.5,62.4,2.51,0.79,557.7,12.4,0
2.44,19.94,35.6,49.1,3.12,0.13,514.3,36.3,0
2.81,23.57,63.0,40.5,3.81,0.09,529.9,25.3,0
2.69,23.54,41.9,42.7,3.03,0.86,465.3,24.6,0
2.11,24.28,52.8,46.0,0.46,1.16,373.9,32.1,0
2.8,26.95,23.8,50.8,2.42,1.29,454.0,21.8,0
2.26,15.59,34.9,45.0,1.56,2.7,375.1,24.9,0
2.07,17.61,31.5,39.4,7.82,2.03,45.8,32.2,0
1.95,23.03,43.0,58.2,5.61,0.18,498.0,24.3,0
2.08,18.74,69.2,50.6,1.68,1.9,461.0,23.1,0
2.04,37.2,49.6,37.5,1.43,1.35,685.5,23.0,0
2.27,24.32,62.0,50.9,3.91,2.11,603.4,30.5,0
2.26,21.65,42.5,49.6,0.51,2.22,571.4,19.6,0
2.2,19.68,58.6,40.8,1.37,0.51,350.1,33.3,0
2.37,19.84,65.7,60.0,2.72,0.37,652.9,42.8,0
2.68,22.14,43.9,49.3,0.71,0.97,521.2,28.0,0
2.58,22.5,39.6,45.8,0.3,0.43,446.4,31.0,0
1.61,19.94,31.8,47.2,2.46,0.52,382.6,29.9,0
1.18,20.77,41.9,52.4,1.98,0.09,401.8,21.5,0
2.57,28.05,45.8,47.3,3.73,5.7,461.5,30.2,0
1.65,28.23,65.3,47.2,0.65,0.44,346.0,29.6,0
2.11,23.13,32.1,58.7,1.21,1.82,505.7,40.4,0
1.73,15.96,45.6,33.8,0.67,5.98,475.2,29.7,0
1.48,24.42,26.9,35.5,2.49,4.17,603.0,36.7,0
2.42,28.99,40.7,55.8,0.3,1.21,477.6,31.0,0
2.5,28.16,48.1,72.2,2.02,0.93,226.9,24.4,0
1.97,25.3,50.1,56.8,4.64,0.44,453.6,19.7,0
1.16,28.4,50.9,66.6,5.2,2.37,330.6,30.2,0
1.98,22.24,49.0,43.7,2.61,0.49,410.5,33.3,0
2.36,24.83,50.8,41.6,1.98,0.14,358.4,27.4,0
1.61,18.94,45.5,52.6,4.31,0.42,813.5,23.6,0
2.27,23.32,34.5,57.5,1.48,0.45,449.0,37.8,0
2.19,27.98,26.5,34.9,2.01,1.52,607.6,24.9,0
2.43,19.35,39.5,45.9,2.22,0.22,454.0,19.9,0
2.25,18.12,43.7,47.7,1.53,0.46,466.0,27.5,0
1.81,22.44,57.5,41.2,1.05,0.1,428.7,28.5,0
2.68,20.98,44.0,42.4,2.49,2.26,395.6,22.9,0
2.14,24.92,43.0,56.4,2.01,1.55,398.8,27.4,0
2.19,19.96,48.9,52.7,2.62,0.69,556.2,16.1,0
1.83,29.73,42.3,56.0,1.12,0.67,491.0,31.0,0
2.02,16.2,53.1,51.4,1.74,0.22,699.4,20.7,0
1.85,27.64,64.8,39.3,1.98,0.58,467.0,25.3,0
2.13,18.56,66.9,52.2,2.81,2.85,458.6,23.3,0
2.88,13.92,46.0,38.5,1.01,0.18,506.1,37.8,0
1.65,23.07,48.4,44.9,2.19,1.74,590.9,25.9,0
1.55,20.85,60.8,37.6,2.46,0.06,517.4,22.1,0
2.79,17.01,43.5,41.9,0.5,0.45,701.9,42.6,0
2.12,14.43,51.8,48.9,1.5,2.25,886.7,40.6,0
1.93,21.96,33.6,43.4,2.26,0.71,622.9,33.9,0
2.62,26.39,41.9,39.2,0.78,1.46,556.4,31.9,0
1.96,24.63,56.6,59.4,3.88,0.13,199.9,21.9,0
2.93,22.26,37.8,46.8,2.06,1.38,707.7,35.6,0
2.47,24.15,43.7,42.7,2.2,2.05,684.1,30.6,0
2.0,21.88,29.3,37.2,4.42,1.96,730.2,23.5,0
3.06,15.57,65.1,29.3,1.29,0.69,619.4,29.0,0
1.96,15.61,57.6,45.8,3.49,2.81,357.6,24.8,0
2.5,21.09,46.9,34.2,2.17,1.03,355.2,17.3,0
2.32,21.28,50.1,55.1,1.98,2.04,336.4,37.6,0
2.72,25.83,49.0,48.3,3.62,0.29,512.1,15.3,0
2.82,25.41,58.8,63.6,2.51,0.28,394.8,43.1,0
2.21,24.72,39.8,50.2,3.75,1.68,628.9,26.5,0
1.9,20.74,52.3,40.7,0.6,1.25,414.2,31.2,0
2.38,15.79,55.8,29.2,3.63,1.35,451.1,31.7,0
1.93,23.85,57.2,56.1,0.82,0.32,539.7,21.1,0
3.01,24.36,22.4,35.0,0.3,0.61,428.3,26.5,0
2.25,11.25,39.0,43.9,0.3,0.36,363.8,27.3,0
2.05,18.25,34.8,64.7,4.5,0.08,228.1,23.8,0
2.27,18.89,46.5,54.1,3.88,0.27,639.6,35.3,0
1.66,22.53,24.8,51.9,3.64,6.4,361.8,19.5,1
1.81,18.38,24.5,57.4,0.3,0.32,442.5,29.4,0
2.68,21.83,66.7,57.1,0.74,0.21,444.4,16.0,0
1.94,21.05,51.2,63.8,2.74,1.43,190.8,29.7,0
1.78,21.28,46.2,42.0,2.65,1.11,543.0,29.2,0
2.41,18.78,48.6,44.2,2.5,1.64,710.7,41.4,0
2.67,19.12,46.5,38.8,1.3,1.27,643.9,23.7,0
2.49,17.14,55.0,47.7,1.87,0.3,443.6,26.8,0
2.6,23.71,38.7,46.7,1.37,0.83,658.2,26.3,0
1.9,24.57,46.9,30.5,1.87,0.23,239.9,39.8,0
1.63,18.53,47.3,41.5,4.37,0.35,624.8,24.0,0
2.8,28.84,34.5,62.4,1.37,5.2,390.3,29.6,0
2.07,20.58,57.8,50.4,1.83,1.57,645.2,25.9,0
2.1,28.89,40.5,55.2,0.3,1.83,505.3,26.9,0
2.73,19.11,55.2,46.8,4.71,0.04,319.4,28.1,0
2.42,12.88,46.1,29.1,4.29,0.58,537.1,35.7,0
2.38,23.81,61.3,46.7,0.84,0.97,500.1,38.2,0
3.07,23.12,34.6,58.4,1.11,0.19,535.7,18.3,0
1.94,22.15,34.2,36.1,1.11,2.26,379.7,33.5,0
2.57,19.11,35.9,55.5,0.55,0.18,324.3,36.8,0
2.22,21.84,46.3,31.0,3.62,1.21,592.0,30.4,0
2.31,19.7,60.4,48.2,1.03,0.97,489.9,36.3,0
2.81,20.64,60.9,53.4,1.5,2.27,585.9,19.3,0
2.4,25.79,21.9,44.9,0.68,0.45,583.2,31.6,0
2.42,22.83,47.5,72.7,0.91,0.4,606.2,36.7,0
2.63,24.74,12.9,43.1,0.69,2.25,742.8,23.6,0
2.05,20.96,53.0,42.2,0.76,0.3,529.9,19.0,0
1.86,20.46,56.2,50.0,0.46,1.64,350.4,36.0,0
1.78,16.81,44.6,40.5,0.3,0.25,383.9,25.0,0
1.41,20.33,45.8,33.6,1.59,2.5,456.5,24.0,0
3.02,7.05,45.7,37.0,4.51,2.19,531.7,14.8,0
1.76,19.34,37.2,55.6,2.09,1.86,706.8,24.4,0
2.11,21.63,49.3,45.0,2.64,0.81,478.9,23.1,0
2.09,24.54,42.7,65.0,2.09,0.04,751.9,15.4,0
2.32,20.79,54.3,43.6,0.3,0.17,765.2,23.9,0
2.53,23.56,43.9,55.1,0.3,0.73,564.6,36.3,0
2.54,12.19,36.4,53.1,0.77,0.05,594.5,30.4,0
1.97,21.74,29.6,43.4,1.81,0.08,431.1,16.5,0
2.13,14.44,26.4,39.2,3.01,0.16,752.1,30.7,0
2.31,16.56,58.1,30.7,4.52,0.36,404.4,33.1,0
2.1,21.16,40.4,53.5,0.97,1.66,680.3,28.7,0
2.84,27.74,48.4,60.0,1.39,0.06,345.1,27.8,0
2.4,23.67,62.8,32.1,2.5,4.94,596.0,22.4,0
2.49,22.08,39.4,44.3,2.1,0.38,667.2,30.9,0
2.47,21.91,38.7,41.3,2.02,0.46,636.3,32.1,0
2.67,18.79,43.7,53.5,0.69,0.34,429.9,30.0,0
2.27,19.55,45.3,44.7,0.8,1.11,459.6,40.2,0
1.68,23.92,63.9,61.2,0.33,0.02,730.7,26.6,0
2.36,15.77,60.7,44.2,0.94,0.12,424.1,18.9,0
1.94,24.67,51.2,35.6,0.3,0.12,429.3,39.7,0
1.99,20.25,59.5,43.3,2.39,1.31,725.7,14.8,0
2.43,25.72,43.2,44.4,3.32,0.48,490.6,25.2,0
2.7,26.32,48.0,53.3,1.23,0.69,491.7,21.6,0
2.21,14.47,42.0,44.3,1.46,3.59,775.8,27.3,0
2.32,19.38,32.1,52.4,2.26,0.27,403.2,27.0,0
2.88,18.15,57.0,40.1,3.51,0.09,390.3,21.3,0
2.3,13.84,50.3,45.1,2.97,0.7,526.9,35.5,0
3.24,17.35,45.2,40.1,5.6,0.22,504.9,27.1,0
2.43,32.99,45.0,39.5,2.53,0.19,383.2,36.5,0
1.5,24.74,29.9,60.7,2.59,0.63,620.9,19.8,0
2.5,30.63,35.2,40.8,2.15,1.33,502.3,20.4,0
2.35,25.73,48.4,44.5,2.16,0.33,509.7,20.3,0
2.72,18.66,39.7,58.4,1.03,2.5,499.4,31.6,0
2.47,20.28,42.8,55.5,1.54,0.54,343.1,40.2,0
2.14,24.65,44.0,64.4,1.12,3.26,377.4,25.9,0
1.71,23.97,38.2,52.8,0.47,0.81,262.7,11.8,0
2.12,19.4,35.3,42.0,4.34,1.56,670.8,31.3,0
1.86,15.21,28.9,68.6,6.04,2.27,500.3,32.7,0
1.97,36.79,43.5,53.8,2.14,0.91,649.2,20.8,0
2.44,21.36,51.2,46.5,1.38,2.28,432.5,32.0,0
2.87,20.53,28.6,48.6,1.1,0.57,672.2,33.7,0
2.36,22.51,44.8,49.8,1.08,0.54,257.5,13.7,0
1.72,20.91,47.8,45.6,3.74,1.9,645.8,35.8,0
2.38,22.55,35.1,34.2,0.86,0.33,488.3,36.3,0
2.68,27.79,59.2,64.3,1.98,1.51,292.2,25.8,0
1.96,21.44,41.1,47.8,1.19,0.1,76.6,32.5,0
2.15,16.77,44.0,49.8,4.92,1.21,575.3,41.8,0
2.21,21.27,43.4,68.8,0.98,3.41,648.5,23.4,0
1.89,19.91,27.3,41.2,1.3,0.73,509.3,36.1,0
2.46,28.41,55.1,54.6,0.48,0.65,590.5,29.7,0
2.15,27.27,35.4,40.1,0.76,0.93,567.0,20.0,0
2.37,22.48,42.6,51.2,1.57,1.53,508.3,15.3,0
1.85,16.25,51.0,50.0,1.28,0.53,643.9,33.1,0
2.03,16.48,59.6,55.9,1.1,0.0,278.4,18.9,0
2.49,22.07,34.2,60.1,2.05,0.84,514.8,34.8,0
2.05,23.51,40.5,42.2,1.42,0.65,602.4,12.7,0
2.89,20.31,58.8,62.2,2.57,0.91,433.1,29.0,0
2.04,19.84,49.6,62.9,1.63,1.51,538.4,25.8,0
2.29,19.33,51.7,45.5,1.47,0.4,323.4,39.7,0
2.57,21.89,34.5,47.9,1.58,0.84,511.3,29.6,0
1.63,11.28,41.2,43.1,0.3,0.35,391.9,32.3,0
1.5,17.04,43.3,44.9,2.06,0.74,422.4,25.0,0
1.59,19.18,36.4,36.0,3.47,0.51,585.8,26.7,0
2.71,27.43,28.3,55.8,0.32,0.55,235.8,35.4,0
1.98,18.34,39.9,27.5,2.17,1.04,336.4,28.1,0
3.22,22.81,58.5,41.0,1.31,1.4,608.7,21.6,0
1.97,23.02,45.6,47.5,2.01,0.02,476.5,36.0,0
2.27,27.84,58.7,61.0,3.74,2.51,389.8,39.8,0
2.82,27.68,46.8,42.5,1.11,0.54,567.6,38.5,0
3.0,21.74,37.4,52.3,2.76,1.24,333.9,37.0,0
3.02,19.86,57.8,47.2,0.99,0.16,329.1,26.0,0
2.68,19.01,47.1,57.5,4.92,1.02,468.8,21.1,0
2.61,20.92,54.6,51.8,2.35,1.36,479.2,19.7,0
2.44,20.05,34.3,56.3,3.97,0.21,388.6,18.8,0
2.51,24.49,55.4,42.5,2.95,2.92,460.4,27.3,0
1.98,23.89,55.7,37.9,1.18,1.7,700.0,40.4,0
1.87,24.66,47.9,51.7,2.55,0.92,494.6,16.4,0
2.2,27.67,36.9,43.1,2.18,0.22,327.5,28.1,0
2.13,30.38,44.5,48.3,1.95,2.41,503.7,25.8,0
2.02,22.56,51.1,51.2,1.89,0.09,182.1,19.8,0
2.48,26.95,47.3,60.4,3.76,0.15,741.8,26.2,0
2.58,20.42,51.0,55.9,2.17,1.44,322.0,37.0,0
2.24,27.33,55.1,41.2,0.3,0.35,531.0,29.6,0
2.79,26.78,38.5,36.5,3.23,0.74,524.3,32.4,0
1.74,26.54,33.4,65.1,0.35,0.93,382.9,35.5,0
2.12,22.42,44.6,32.2,4.26,0.74,694.9,30.7,0
1.91,18.99,41.7,43.5,0.3,0.11,808.6,25.4,0
1.45,15.72,52.9,54.5,2.8,1.6,387.8,28.7,0
2.17,21.82,34.3,64.4,3.22,0.33,606.7,20.5,0
2.15,28.9,55.2,46.1,1.91,1.61,351.9,28.4,0
2.81,20.61,58.5,48.3,1.16,2.41,698.2,28.9,0
2.45,25.53,45.0,39.2,3.76,0.92,689.7,37.2,0
1.79,25.8,45.6,49.3,0.8,1.47,651.4,25.7,0
2.94,20.72,37.3,36.5,0.3,0.05,251.5,25.7,0
2.69,27.92,39.6,40.5,1.31,0.04,418.6,17.4,0
2.43,8.91,40.9,55.6,2.58,0.26,420.7,32.5,0
2.11,16.5,59.4,43.7,2.03,0.53,410.6,17.7,0
1.82,17.88,44.3,57.2,3.33,0.24,699.3,24.5,0
2.05,18.31,31.8,46.5,0.3,1.21,228.3,23.0,0
2.64,23.51,47.6,34.3,2.44,0.39,558.5,34.2,0
2.95,23.31,53.3,59.7,3.12,2.24,611.6,31.4,0
2.82,23.77,44.7,34.8,1.92,0.99,394.6,33.0,0
2.0,24.68,59.7,42.0,5.56,0.57,575.7,34.6,0
1.75,17.72,52.8,46.0,1.05,2.68,566.3,23.5,0
2.26,16.52,34.5,58.1,1.88,2.11,459.2,21.9,0
1.49,23.78,39.5,42.7,1.47,2.06,663.0,16.2,0
2.33,19.16,47.3,38.7,3.65,1.56,418.5,28.9,0
2.14,14.93,28.3,49.6,4.25,1.14,663.4,22.5,0
2.01,26.37,48.4,45.9,0.91,0.55,519.8,31.2,0
1.56,28.28,27.4,43.3,0.71,0.66,453.3,36.1,0
2.41,29.01,55.2,50.2,2.3,1.25,466.4,34.5,0
1.99,22.84,54.1,36.0,1.69,0.23,291.7,28.8,0
1.73,24.82,50.0,30.8,2.6,2.11,445.7,28.5,0
1.05,28.16,38.2,69.4,2.57,3.35,331.7,27.9,0
2.19,19.11,46.7,49.0,1.27,0.12,539.7,42.9,0
2.91,27.0,39.9,49.7,0.32,0.03,635.1,23.9,0
2.86,23.24,34.7,40.2,1.26,0.18,568.5,28.6,0
2.02,26.11,41.6,57.0,0.97,1.71,393.0,26.7,0
1.96,22.84,52.0,42.7,1.02,0.14,460.2,22.5,0
2.39,27.83,45.4,20.1,3.76,0.56,541.5,25.3,0
1.8,23.01,59.5,42.3,0.75,0.08,549.4,28.2,0
2.32,15.32,52.7,45.2,0.57,0.68,745.6,19.7,0
2.51,28.53,51.6,46.3,1.8,1.11,593.5,39.5,0
2.69,17.74,28.9,46.0,1.16,1.19,522.2,33.1,0
2.16,27.64,42.1,41.6,2.78,0.88,515.6,35.6,0
2.12,21.59,34.4,40.6,2.19,3.34,447.8,26.9,0
1.85,27.29,43.2,45.0,2.43,0.91,500.0,25.8,0
1.87,27.11,38.1,31.5,2.27,2.35,607.6,26.5,0
2.11,23.94,41.2,28.4,2.14,5.96,394.0,23.1,0
2.35,24.29,55.6,49.0,1.3,0.31,561.6,37.1,0
2.57,23.9,49.8,49.1,1.91,0.37,483.7,37.8,0
1.88,12.94,55.1,56.8,1.53,0.89,757.7,31.8,0
2.8,22.53,29.0,45.4,0.57,0.24,544.3,39.9,0
2.09,16.98,45.6,36.1,2.13,1.0,549.2,44.8,0
2.19,22.77,54.7,28.6,0.64,1.38,371.6,40.9,0
1.9,16.86,60.1,39.1,2.89,0.07,719.6,24.7,0
1.23,16.67,29.5,52.2,0.73,1.37,576.0,11.1,0
2.55,29.22,41.5,62.4,1.02,0.21,704.6,33.2,0
2.49,26.81,55.3,48.5,0.84,0.43,472.4,31.0,0
2.09,21.98,43.1,35.9,3.11,1.61,499.8,28.8,0
2.23,22.83,35.9,39.2,2.76,0.21,294.4,26.4,0
2.41,20.88,29.5,39.5,2.38,0.91,776.7,37.5,0
1.57,24.56,35.5,43.9,1.13,1.07,555.4,17.2,0
1.99,18.96,28.1,59.2,2.29,0.22,778.4,38.7,0
2.52,26.47,45.6,60.0,3.01,0.39,447.6,40.1,0
1.7,20.86,54.0,46.3,1.62,1.12,570.8,29.1,0
2.32,20.11,32.4,49.8,0.87,0.74,648.9,30.0,0
1.66,22.1,47.6,40.0,2.42,1.29,549.5,19.7,0
2.39,19.34,53.5,30.9,3.21,2.31,450.1,35.0,0
2.19,23.48,45.0,65.9,2.85,0.17,428.8,36.9,0
1.55,19.58,28.9,24.8,3.07,0.09,447.9,33.4,0
2.67,24.11,48.9,29.6,2.05,1.32,900.6,19.3,0
1.91,27.47,44.5,66.0,3.17,1.77,406.8,16.7,0
1.88,18.76,43.4,48.2,3.59,0.72,202.0,26.3,0
2.28,21.41,39.5,36.7,1.52,0.6,505.6,28.6,0
2.66,24.08,45.9,54.8,1.44,1.09,503.7,35.1,0
1.79,20.04,50.1,55.7,1.24,0.96,452.8,26.3,0
2.22,24.09,68.9,34.7,0.56,0.81,406.9,35.4,0
2.37,24.5,46.1,42.7,0.46,2.05,458.9,35.9,0
2.48,26.87,60.1,56.8,5.93,0.23,302.0,31.3,0
2.27,19.27,48.6,39.8,0.3,1.37,766.8,34.1,0
2.05,17.76,44.0,50.8,1.48,1.62,536.8,25.1,0
1.87,20.62,46.5,62.2,3.87,2.78,517.7,20.0,0
2.23,17.65,32.8,24.1,1.07,3.48,657.7,24.0,0
1.77,24.54,48.1,44.6,0.94,0.85,906.5,22.2,0
1.03,16.77,25.1,50.6,0.56,0.68,439.7,36.5,0
2.37,32.5,36.4,30.1,1.56,0.84,546.0,34.0,0
2.56,27.83,46.1,42.7,3.1,1.58,620.3,13.8,0
1.25,22.06,56.9,58.4,1.33,0.02,603.7,29.3,0
1.8,25.9,59.3,41.0,1.74,0.23,635.7,15.5,0
2.45,14.63,42.6,33.2,2.54,2.86,637.6,20.4,0
3.02,33.36,46.6,59.3,0.81,0.26,438.3,33.8,0
2.21,19.34,54.8,52.4,0.6,0.31,679.3,15.9,0
1.91,21.46,31.7,47.3,2.92,3.37,483.2,18.5,0
2.13,13.65,49.0,47.0,1.5,0.42,542.1,20.8,0
2.75,24.19,36.7,58.3,0.58,0.41,592.2,16.9,0
1.94,17.02,43.3,50.9,4.91,3.09,393.3,18.1,0
1.88,22.46,40.4,54.5,0.43,0.56,565.1,27.6,0
2.01,19.55,49.4,41.1,1.33,0.82,593.1,16.2,0
1.82,17.15,50.5,28.8,6.67,0.99,216.0,26.3,0
2.25,18.38,53.9,54.2,1.94,2.43,710.2,28.1,0
2.85,23.02,48.5,59.0,3.55,0.1,377.2,33.3,0
2.33,16.23,46.7,45.8,0.81,0.36,541.0,34.5,0
2.1,18.63,63.5,56.9,2.34,1.06,729.4,18.4,0
2.08,24.98,29.8,44.6,1.42,0.68,598.1,18.7,0
1.57,33.71,62.0,47.1,1.9,0.39,656.1,18.3,0
2.55,24.15,42.1,65.5,0.92,0.63,666.5,33.5,0
2.17,17.87,50.7,45.1,1.64,4.07,426.2,30.4,0
2.13,20.35,41.7,44.5,5.12,0.03,344.5,25.5,0
3.48,22.14,38.0,29.3,2.13,0.19,562.3,19.7,0
2.32,20.43,49.8,54.9,3.84,0.02,606.9,29.1,0
1.9,26.06,55.4,40.9,2.92,1.08,665.5,37.6,0
2.03,22.98,49.7,49.5,4.44,0.02,617.1,37.1,0
2.66,26.09,39.6,44.8,3.64,0.73,426.2,17.7,0
2.25,20.59,81.1,43.5,4.93,2.35,632.0,35.5,0
1.62,27.96,57.0,46.8,1.64,0.12,184.8,17.6,0
2.57,21.25,54.3,47.6,1.91,0.55,690.8,25.2,0
1.93,17.63,41.5,59.8,1.25,0.57,366.6,24.4,0
2.95,31.8,38.7,63.2,0.56,0.54,363.4,29.9,0
2.63,13.79,42.2,54.5,4.38,1.56,873.2,21.0,0
2.02,18.68,55.8,60.7,0.78,0.01,508.6,28.7,0
2.71,19.18,35.1,56.5,0.36,1.82,461.7,20.4,0
2.23,33.29,34.3,52.9,1.17,2.19,327.0,29.2,0
2.54,30.13,50.4,62.6,2.98,0.68,566.4,18.8,0
2.39,28.72,48.2,34.9,4.18,2.62,619.0,25.2,0
1.86,20.51,37.3,41.2,2.92,0.58,447.3,28.0,0
1.94,32.92,34.1,39.8,2.7,1.42,177.8,26.2,0
2.61,23.66,59.4,45.0,6.84,0.59,744.0,33.9,0
2.07,26.4,48.6,54.9,0.53,0.05,456.7,12.2,0
2.04,22.81,31.4,36.8,1.89,0.1,453.3,29.2,0
1.82,21.78,32.1,53.0,1.08,0.7,494.7,22.2,0
2.37,20.87,41.4,42.1,2.49,5.54,379.2,32.1,0
3.03,21.06,52.3,44.5,1.17,0.23,691.1,28.2,0
1.77,24.74,51.0,50.0,0.3,2.71,609.0,35.6,0
2.21,23.65,56.3,64.8,2.49,3.02,573.2,26.4,0
2.76,21.86,30.1,40.9,2.3,0.63,846.7,36.6,0
2.17,28.79,47.2,47.2,1.07,0.74,395.4,29.1,0
2.38,8.65,59.3,37.2,1.24,0.84,691.5,18.9,0
1.78,24.29,58.3,40.8,0.68,1.77,166.4,22.3,0
2.37,25.23,48.6,37.1,1.6,0.16,596.6,23.9,0
2.13,27.16,68.5,50.4,9.86,0.48,838.8,28.8,0
2.59,21.71,51.1,52.3,5.4,0.22,342.5,34.3,0
2.67,22.94,55.4,54.9,1.29,2.53,746.6,32.3,0
3.24,26.44,45.4,40.5,1.86,0.09,292.6,32.7,0
2.43,28.71,37.2,53.1,0.91,1.65,811.7,22.8,0
2.33,20.65,36.2,49.1,3.65,0.7,430.9,34.2,0
2.28,23.2,46.8,47.4,0.39,1.5,388.9,28.7,0
2.06,29.55,42.9,35.6,0.66,2.65,419.7,33.6,0
2.34,12.44,27.3,49.5,0.9,0.5,504.8,17.7,0
2.08,18.89,34.7,49.8,0.81,0.31,477.2,31.2,0
2.27,28.6,41.8,49.0,0.51,1.26,492.1,23.7,0
2.73,26.92,52.3,52.0,1.02,7.2,547.4,19.1,1
1.8,24.35,44.8,54.9,1.84,1.57,535.9,32.5,0
2.66,19.98,44.3,37.0,0.9,1.91,500.9,25.0,0
2.73,18.03,35.1,45.8,0.54,1.19,433.7,31.7,0
2.15,19.34,45.2,53.2,1.17,0.55,564.3,21.2,0
1.35,28.97,58.2,45.3,1.89,1.28,556.4,42.2,0
1.96,19.17,46.6,57.6,0.5,0.17,549.3,27.2,0
2.72,22.46,29.9,48.9,2.31,0.81,499.7,24.7,0
2.19,18.61,32.5,28.5,0.34,1.02,396.1,34.9,0
1.8,25.79,50.9,56.4,1.16,2.85,511.1,27.4,0
2.0,19.58,42.8,46.8,1.08,3.03,458.4,50.2,0
2.54,21.56,44.3,30.3,0.3,0.07,190.1,36.2,0
2.42,14.42,38.9,45.5,5.78,1.2,649.9,24.7,0
2.1,14.74,50.0,35.3,1.64,1.91,539.0,28.5,0
2.05,22.03,42.0,55.5,0.96,0.92,497.0,28.5,0
2.04,16.04,43.1,47.6,0.3,0.12,578.7,20.6,0
1.83,31.47,36.5,38.8,2.57,0.32,386.8,37.0,0
2.85,12.72,54.2,56.1,1.1,0.45,703.9,25.0,0
2.07,18.4,42.8,52.6,2.55,1.3,681.0,26.3,0
2.69,22.08,51.1,45.6,0.88,0.08,325.7,29.5,0
2.81,20.36,33.1,35.5,2.65,0.96,405.1,21.6,0
2.6,17.03,62.3,39.6,0.46,0.14,601.3,29.5,0
2.03,17.69,57.8,39.4,4.31,0.6,537.0,24.5,0
2.36,17.54,25.9,55.5,1.44,0.67,497.4,24.7,0
2.19,20.71,37.0,31.2,1.89,0.72,566.0,26.9,0
1.84,30.78,49.8,47.5,2.78,1.49,219.2,22.9,0
2.33,22.35,31.8,45.5,1.65,0.1,361.7,17.0,0
1.73,27.32,43.7,58.4,2.59,0.37,409.7,29.2,0
2.68,24.28,49.3,50.3,0.45,1.23,614.4,12.0,0
2.01,27.01,43.2,53.4,1.63,3.45,176.9,12.2,0
2.28,9.4,50.4,42.7,3.64,1.16,527.2,28.3,0
2.31,20.63,38.1,35.7,1.54,2.58,443.5,26.7,0
2.1,27.88,22.6,44.7,4.13,4.15,597.7,29.8,0
2.43,19.43,54.8,55.8,1.53,2.58,621.2,32.7,0
2.01,29.93,54.8,55.7,1.72,4.3,754.7,14.2,0
2.55,28.68,70.0,43.7,0.61,1.8,323.9,23.7,0
1.66,19.89,22.9,39.4,0.52,2.62,376.8,24.9,0
2.25,19.74,52.5,37.4,1.81,0.81,507.3,30.2,0
2.98,17.44,25.3,46.6,1.46,0.51,711.5,29.6,0
1.8,19.17,62.6,49.4,0.3,9.78,565.6,25.2,0
1.93,16.45,49.9,62.7,3.31,0.12,515.8,28.3,0
2.41,23.93,35.5,49.2,0.47,3.81,683.7,26.1,0
2.27,15.45,52.8,54.1,1.65,0.68,440.4,21.6,0
2.34,24.72,39.5,40.2,1.73,0.03,675.4,28.4,0
2.4,24.83,48.0,48.4,3.11,1.95,760.3,13.0,0
2.45,14.52,47.1,49.4,4.53,0.7,477.0,29.7,0
2.64,28.97,62.4,46.6,4.51,1.92,267.6,37.9,0
2.36,24.31,63.1,47.8,1.62,0.06,521.8,25.6,0
2.1,25.37,39.0,49.3,3.58,4.39,746.6,42.4,0
2.47,18.59,55.6,52.8,2.09,1.33,574.0,32.2,0
2.96,24.8,48.5,59.7,1.64,0.06,293.6,38.2,0
2.15,27.07,30.9,25.3,1.07,0.01,690.5,30.7,0
1.81,21.56,38.0,59.1,0.8,1.08,619.3,31.9,0
2.64,31.01,68.4,30.9,3.02,4.5,649.9,29.0,0
2.15,22.2,48.6,51.1,0.73,0.89,669.9,17.0,0
1.33,27.13,55.0,71.6,1.76,0.52,418.6,14.2,0
2.54,23.32,42.9,47.6,3.24,3.35,658.8,26.3,0
1.99,24.63,39.6,49.8,0.77,4.96,403.2,23.8,0
2.16,14.48,45.3,44.9,1.73,1.84,322.8,24.0,0
2.33,23.67,42.3,54.7,1.25,1.52,375.7,19.2,0
2.28,18.69,30.1,51.6,1.5,0.0,603.9,35.8,0
2.48,18.19,35.0,41.2,1.94,0.45,438.6,20.8,0
2.03,29.85,52.1,46.9,1.3,3.11,721.3,20.3,0
2.41,21.04,41.2,36.8,3.67,0.55,667.2,28.3,0
2.1,17.49,45.3,46.8,0.35,0.49,601.1,35.6,0
2.5,20.38,47.3,43.8,2.75,0.92,707.0,33.9,0
2.45,16.15,48.1,49.4,1.36,0.71,323.7,23.5,0
1.83,28.45,56.5,40.9,0.45,2.35,643.5,26.5,0
2.63,18.87,34.0,45.9,1.31,0.1,586.1,39.5,0
1.99,24.38,50.7,48.1,6.01,1.29,309.0,35.7,0
2.52,28.1,52.6,48.8,0.87,1.43,392.0,34.1,0
2.35,19.75,54.9,50.7,0.85,2.55,476.2,30.7,0
2.94,24.39,30.9,46.3,1.89,0.64,471.9,28.7,0
2.11,17.36,47.5,40.1,2.7,0.42,493.8,42.1,0
2.06,33.01,62.2,48.8,3.22,1.18,407.1,35.9,0
2.19,26.21,44.0,46.2,3.49,1.55,721.9,28.9,0
2.08,21.13,49.8,58.2,1.26,0.23,314.8,33.1,0
2.52,18.52,52.8,59.5,2.16,0.21,319.3,26.3,0
1.55,21.49,34.7,34.3,0.3,0.37,358.6,16.8,0
1.78,20.47,63.3,54.2,1.38,0.34,404.7,20.8,0
1.77,30.79,50.0,56.2,2.8,1.67,393.0,24.8,0
2.58,16.49,50.2,34.5,0.39,0.91,752.0,24.3,0
2.88,22.61,28.4,53.8,2.35,0.95,401.2,22.9,0
2.16,21.92,52.9,57.0,0.67,0.02,481.8,23.3,0
2.13,21.47,50.1,38.5,0.37,6.19,310.7,37.1,0
2.23,21.51,61.2,45.6,0.86,2.12,429.6,40.8,0
2.66,21.48,41.9,49.9,2.19,0.7,590.2,37.2,0
1.83,25.93,35.1,53.7,2.61,0.08,602.1,12.9,0
2.3,24.74,38.2,38.1,0.75,1.42,647.6,35.5,0
2.59,23.89,40.0,59.6,8.09,0.92,350.4,33.2,0
2.4,8.35,33.8,27.7,2.3,1.36,399.0,27.7,0
2.28,23.35,57.9,61.2,1.07,1.36,622.6,24.5,0
2.6,14.55,58.3,53.5,1.18,0.2,496.4,25.9,0
1.12,24.91,43.0,41.8,4.42,0.48,490.9,34.9,0
2.47,28.64,41.1,56.6,3.11,0.02,588.5,30.7,0
1.94,17.83,26.8,37.5,1.41,4.84,649.5,36.5,0
1.47,20.82,52.0,49.1,1.5,1.97,395.2,33.7,0
2.4,19.3,61.5,50.4,0.3,3.17,484.4,38.1,0
2.75,27.56,38.6,50.4,4.46,0.05,482.0,32.4,0
2.15,22.43,43.8,39.6,0.7,0.83,354.7,20.0,0
2.58,29.78,49.3,43.0,1.09,1.65,545.0,16.8,0
2.84,23.86,62.2,49.3,1.16,0.13,419.1,32.5,0
2.73,23.09,47.0,40.7,5.76,1.8,499.2,32.2,0
2.86,22.31,47.0,50.7,1.7,1.25,597.4,23.7,0
2.5,25.68,46.8,41.9,3.31,5.04,540.3,29.7,0
2.23,14.18,30.7,58.0,0.3,0.18,366.9,24.8,0
1.56,22.38,30.5,63.6,1.07,1.19,530.6,24.5,0
2.1,21.68,36.9,45.0,2.43,3.53,520.8,18.0,0
1.86,25.26,55.1,57.2,1.6,1.63,415.8,28.3,0
3.07,21.16,41.6,45.9,7.22,0.49,370.5,24.4,0
2.13,17.33,39.7,38.6,2.87,0.15,523.1,30.6,0
2.25,22.03,39.5,43.7,2.5,3.98,290.4,15.7,0
2.42,17.13,43.6,48.9,0.75,0.09,339.8,32.2,0
2.22,13.34,62.0,30.1,3.1,4.43,307.5,24.4,0
2.88,25.27,43.5,54.3,4.57,0.43,318.2,20.5,0
1.95,24.61,37.1,48.9,1.51,2.36,428.2,24.9,0
2.28,24.1,45.3,58.0,1.88,0.97,659.3,16.8,0
1.9,27.86,62.6,54.1,5.69,2.92,592.8,26.0,0
1.67,19.01,40.0,49.2,3.41,0.67,668.5,28.9,0
1.96,15.56,33.2,44.4,1.02,2.27,408.4,28.5,0
2.19,21.68,40.0,63.2,5.58,0.33,198.3,31.2,0
2.03,20.44,46.3,69.7,2.6,0.75,410.4,24.0,0
1.92,18.21,51.9,44.6,2.07,2.25,669.1,33.5,0
1.64,21.64,55.1,58.4,3.89,0.15,441.0,29.9,0
2.17,19.25,34.5,40.9,2.75,1.57,496.7,33.7,0
1.6,13.74,35.5,42.1,1.22,0.69,467.8,39.6,0
2.5,20.01,41.8,44.1,2.76,0.86,604.6,17.1,0
2.23,16.89,51.8,54.8,0.98,1.04,624.6,25.3,0
1.62,23.04,32.4,37.3,3.89,0.39,267.6,22.7,0
2.08,19.05,38.9,63.5,1.63,0.12,135.5,43.0,0
1.9,27.0,39.1,57.4,0.49,0.02,598.2,32.2,0
2.33,29.22,54.4,54.6,1.36,0.68,468.1,30.0,0
2.74,25.06,50.3,45.1,3.36,0.38,598.3,36.4,0
1.45,15.02,54.0,56.3,1.34,1.2,457.9,28.1,0
2.25,28.77,58.4,20.0,2.0,1.51,578.1,31.3,0
2.14,29.09,41.9,52.4,0.3,0.84,479.7,24.8,0
2.47,22.08,33.1,49.6,1.25,1.16,392.1,18.4,0
2.29,27.95,33.2,29.1,0.35,0.99,440.5,34.3,0
1.9,19.52,26.6,52.1,1.34,0.01,474.7,21.3,0
2.07,13.6,40.4,53.9,3.09,2.21,591.7,33.2,0
1.88,18.58,41.2,29.5,1.54,0.07,474.3,35.6,0
2.63,29.78,52.9,36.1,1.14,0.63,339.2,12.3,0
2.21,15.29,45.2,68.6,0.3,0.14,749.7,35.3,0
2.96,22.0,40.1,46.1,0.74,1.3,546.7,29.8,0
2.18,22.15,43.8,57.8,0.68,0.47,704.2,21.2,0
1.92,19.69,34.6,59.3,2.44,0.09,336.1,15.8,0
1.59,20.0,55.3,51.9,1.48,0.06,462.0,27.5,0
1.48,22.33,37.1,58.2,2.81,0.32,528.6,26.7,0
1.57,19.47,33.6,26.9,3.04,1.32,598.7,35.6,0
2.31,15.6,53.2,45.7,1.68,1.52,216.9,28.5,0
2.4,22.97,50.7,20.0,1.44,0.16,221.3,20.4,0
1.57,26.83,27.8,30.5,2.49,0.18,400.8,17.1,0
2.56,25.91,53.6,42.5,1.11,1.08,582.0,29.0,0
2.01,18.36,37.6,41.3,0.33,3.78,399.1,28.0,0
2.26,16.37,41.3,48.4,2.86,0.97,481.0,37.2,0
2.84,20.72,46.9,47.8,1.45,1.49,507.8,24.6,0
2.56,29.06,50.9,49.3,2.73,1.03,375.8,30.9,0
2.09,24.91,49.5,49.7,0.88,0.13,719.6,27.1,0
1.84,25.17,44.5,51.3,0.93,3.51,380.7,9.1,0
1.34,26.0,40.8,38.4,3.32,0.09,190.2,33.0,0
1.91,23.89,49.1,40.8,0.49,1.71,352.6,25.0,0
2.12,22.54,43.8,47.6,0.66,4.66,375.0,32.6,0
1.81,24.98,63.1,47.8,0.58,0.46,526.0,29.2,0
2.15,19.54,50.9,37.2,2.53,0.23,533.8,21.1,0
2.23,15.63,35.8,58.8,2.65,1.0,588.0,26.8,0
2.11,25.25,40.2,55.2,0.85,1.9,781.9,27.8,0
1.94,27.57,45.5,39.4,2.35,3.58,504.3,29.3,0
2.27,16.97,58.0,45.9,0.52,1.42,626.7,31.6,0
2.38,25.7,59.1,68.1,3.93,0.49,433.2,28.2,0
1.76,29.56,41.0,49.6,1.1,0.82,543.4,40.2,0
2.76,21.99,35.7,52.0,1.57,1.72,447.7,33.9,0
2.16,18.32,34.4,41.9,1.16,1.86,477.6,35.0,0
2.21,22.55,47.5,44.9,2.1,0.09,525.0,33.8,0
2.48,19.52,68.0,63.1,1.63,1.14,647.6,28.5,0
2.29,19.22,50.4,49.1,2.86,4.11,491.9,33.1,0
2.58,23.95,29.1,47.3,1.37,1.85,491.5,36.7,0
2.31,14.78,37.7,48.1,1.23,0.01,547.0,28.9,0
1.96,15.5,38.8,73.5,0.41,0.31,631.8,35.4,0
2.34,22.09,36.8,48.4,3.02,0.71,288.8,18.9,0
1.74,21.9,41.1,39.7,0.94,1.47,536.6,35.7,0
2.24,23.55,48.7,41.4,0.7,0.97,300.3,22.6,0
2.19,30.44,51.8,55.8,0.3,0.1,696.4,18.9,0
2.12,22.47,55.9,33.7,3.97,1.61,550.8,26.0,0
2.15,24.69,50.2,52.5,3.39,2.19,684.0,29.5,0
1.45,17.61,25.5,40.8,0.75,0.28,250.3,30.3,0
1.98,25.46,34.4,29.4,4.67,0.08,474.7,37.0,0
2.24,19.63,43.4,38.2,5.99,1.88,630.6,24.1,0
2.26,22.32,46.5,48.3,1.34,1.23,710.6,39.5,0
1.79,21.51,53.6,62.0,4.48,1.95,552.6,39.5,0
2.71,26.65,45.4,57.1,0.44,1.0,435.9,29.6,0
1.85,16.11,45.5,45.1,2.95,0.67,459.5,22.2,0
2.59,11.73,47.4,57.7,1.61,3.96,343.7,45.4,0
2.37,21.04,42.4,44.4,1.82,1.82,719.4,40.1,0
1.94,24.11,45.9,33.3,2.74,0.64,597.7,29.3,0
2.91,22.69,56.3,48.2,1.59,2.86,473.1,18.5,0
1.72,27.54,44.2,32.9,1.73,6.04,581.6,32.3,0
2.57,23.97,44.7,55.9,1.13,0.44,483.4,23.9,0
2.6,19.46,44.7,56.1,2.8,2.68,454.8,34.1,0
1.93,11.54,58.0,39.2,2.59,0.06,386.7,29.6,0
2.76,20.93,33.9,49.5,1.7,0.29,389.3,16.8,0
2.1,26.63,62.8,49.4,5.22,0.21,557.1,19.7,0
2.32,20.24,33.2,56.7,0.75,0.53,657.1,22.7,0
2.3,22.13,38.5,35.5,1.11,0.99,449.5,39.5,0
2.15,23.9,52.4,54.0,1.14,1.53,381.1,23.5,0
2.52,17.43,55.3,34.8,0.85,2.8,642.9,12.1,0
2.52,24.8,31.0,55.8,1.21,0.21,511.9,26.6,0
1.5,29.37,34.1,58.6,1.03,1.04,165.2,26.2,0
2.72,21.22,47.8,41.3,0.32,0.97,394.2,39.1,0
1.54,16.92,68.4,60.2,0.96,0.74,570.3,38.6,0
2.61,21.7,57.5,32.3,3.92,1.42,381.5,18.8,0
2.65,11.99,42.5,59.0,1.24,0.86,507.7,30.8,0
1.76,23.52,20.8,62.4,5.05,0.96,313.4,33.5,0
2.04,24.04,45.8,51.5,1.15,2.8,438.3,27.2,0
1.76,29.54,48.6,46.0,2.08,2.36,337.0,29.2,0
2.11,21.13,41.2,51.1,2.67,1.03,315.2,35.7,0
2.08,23.84,36.5,42.0,0.93,0.2,386.2,30.0,0
2.51,18.12,46.6,74.2,2.31,3.82,630.9,32.7,0
2.72,20.4,35.6,42.1,1.9,1.17,562.5,37.8,0
2.76,15.14,63.7,61.2,0.69,1.98,807.8,24.9,0
1.98,21.12,60.2,40.6,1.72,0.07,410.3,33.6,0
2.12,20.63,51.6,64.0,4.27,2.73,652.9,24.9,0
1.53,23.35,45.9,68.1,1.29,1.42,778.7,35.5,0
1.88,19.19,38.4,51.9,5.11,1.39,667.7,23.7,0
2.59,22.38,44.8,50.9,1.19,0.14,670.4,31.0,0
2.85,20.5,61.4,38.4,2.23,1.5,518.1,26.4,0
1.71,20.51,53.7,37.2,1.28,0.1,534.7,32.1,0
1.96,22.36,47.0,51.0,1.92,0.07,361.8,22.1,0
2.19,22.18,54.2,62.6,1.44,0.47,99.2,26.1,0
2.31,25.43,50.5,42.5,4.98,0.03,530.7,27.6,0
1.88,21.46,49.0,70.1,2.68,0.21,356.1,20.5,0
2.37,20.43,54.8,41.9,3.81,1.55,436.2,23.7,0
2.01,21.19,50.2,50.3,3.35,2.16,376.1,16.5,0
2.19,18.78,53.6,50.3,0.3,0.24,548.6,30.6,0
2.42,20.38,46.6,47.0,2.13,2.08,470.1,33.6,0
2.2,31.14,42.5,27.6,3.19,0.79,688.6,18.3,0
2.03,17.89,39.5,41.8,0.92,3.8,391.5,19.8,0
2.16,20.75,38.3,50.0,1.55,0.18,527.1,21.3,0
2.16,20.26,28.9,47.0,0.54,0.07,471.3,19.1,0
2.05,20.89,35.9,54.4,5.22,2.24,455.9,30.8,0
2.1,20.51,35.6,55.6,2.42,0.54,488.4,23.2,0
2.84,23.26,39.9,45.6,1.88,0.73,728.1,29.8,0
2.42,14.3,60.6,38.4,0.83,0.86,626.5,22.8,0
2.08,26.67,43.4,63.5,0.69,2.09,431.6,25.6,0
2.48,24.85,47.4,34.4,0.76,0.09,408.4,35.3,0
2.07,16.41,47.7,42.0,0.56,0.96,382.6,19.9,0
2.67,11.79,60.9,39.5,1.36,0.68,517.3,24.1,0
2.35,17.6,39.2,55.5,3.11,0.5,272.6,30.9,0
2.16,20.91,42.8,61.2,2.23,0.51,467.7,25.8,0
2.38,33.61,43.9,46.3,1.59,3.2,557.3,29.3,0
1.57,24.44,56.4,50.3,1.72,0.37,391.2,28.0,0
1.75,13.87,58.4,52.3,0.94,0.73,506.1,17.5,0
1.72,18.9,49.7,66.0,0.55,0.81,539.8,37.8,0
2.26,21.76,57.3,30.3,2.44,1.53,235.7,27.3,0
2.89,23.14,46.8,55.4,1.76,0.88,531.0,39.2,0
3.09,16.08,43.3,51.8,0.43,1.17,431.2,30.4,0
2.46,21.39,56.8,44.3,5.15,0.61,777.1,37.2,0
2.4,18.77,49.9,51.3,0.3,1.52,529.7,35.2,0
1.48,17.03,37.6,55.4,4.33,0.75,362.2,36.6,0
1.98,23.17,55.0,53.8,0.4,0.3,227.4,26.4,0
1.88,25.48,42.9,69.6,1.01,2.04,492.6,40.5,0
1.95,25.78,41.7,49.3,4.32,1.74,695.9,24.7,0
2.13,24.58,53.9,48.3,1.76,1.18,409.2,30.5,0
2.01,19.76,44.1,46.2,1.28,0.89,547.2,34.0,0
1.41,25.22,48.9,53.5,1.43,0.28,611.0,50.2,0
2.5,23.39,51.6,47.7,0.74,2.43,603.2,35.7,0
1.77,22.6,37.2,48.1,1.09,0.12,499.4,24.3,0
2.3,19.25,48.8,48.2,1.82,0.58,401.3,29.9,0
3.03,19.76,58.5,46.7,1.06,2.3,461.0,18.6,0
1.83,22.33,35.4,41.9,1.06,1.09,339.5,38.3,0
1.19,32.98,49.5,52.2,2.85,0.69,358.6,6.1,0
2.09,23.36,36.7,45.1,1.68,1.88,648.5,26.8,0
2.64,19.25,55.2,54.1,3.97,5.47,550.3,43.4,0
2.98,18.25,55.1,49.1,1.52,0.25,543.1,33.3,0
1.71,19.79,41.5,44.1,0.43,0.06,392.4,31.4,0
2.4,31.8,67.1,63.6,1.29,0.75,679.6,19.7,0
2.01,20.2,56.1,47.0,1.25,0.41,465.1,37.3,0
2.16,26.08,52.1,54.2,5.28,1.32,519.7,21.6,0
3.26,20.31,51.5,41.0,4.73,0.82,674.7,21.7,0
1.6,23.18,54.8,27.7,1.2,0.83,391.6,37.3,0
2.3,25.56,35.0,42.3,0.42,0.53,404.7,21.4,0
2.39,19.43,46.9,26.6,0.73,0.28,655.0,17.8,0
2.63,19.11,48.8,45.6,0.76,0.29,622.1,21.3,0
2.24,29.46,41.0,62.7,2.5,0.59,551.5,29.3,0
2.32,26.43,49.6,38.9,1.29,1.37,173.3,24.5,0
2.04,25.56,57.3,26.9,2.5,0.49,691.9,40.7,0
2.31,25.54,40.8,63.0,3.3,0.47,408.5,28.2,0
2.06,24.07,44.5,43.2,4.37,0.66,413.0,19.3,0
2.45,31.08,36.8,47.8,1.59,5.63,470.0,14.9,0
2.05,22.2,27.1,55.9,0.71,0.11,320.3,34.3,0
2.35,24.6,52.8,53.2,3.12,0.42,682.8,30.1,0
2.19,15.47,44.7,55.5,4.33,0.41,525.8,32.3,0
2.65,18.29,45.5,57.0,1.75,4.4,604.9,25.0,0
2.18,16.6,35.1,30.5,1.86,0.63,383.8,29.1,0
1.49,27.73,43.1,33.9,0.59,1.0,648.0,36.3,0
2.7,10.51,56.0,59.7,1.39,0.26,713.6,28.0,0
1.84,20.19,45.0,40.2,0.3,0.02,308.8,20.0,0
1.94,8.53,45.3,41.3,2.89,0.5,331.3,33.1,0
1.96,18.26,47.1,35.4,1.82,1.22,379.2,25.6,0
2.75,19.79,32.6,44.0,1.42,1.41,638.7,34.8,0
1.35,28.23,51.2,44.5,1.06,1.68,527.1,28.2,0
3.46,23.78,32.4,38.6,0.37,2.37,490.1,34.0,0
2.62,18.25,35.6,37.5,0.36,0.15,555.1,31.5,0
2.29,26.8,34.5,51.2,1.73,0.1,789.8,37.1,0
2.18,22.08,43.2,39.9,1.95,1.86,238.1,34.7,0
2.31,22.17,41.5,41.9,2.07,0.69,453.5,18.9,0
2.41,16.59,45.0,26.1,5.99,3.53,40.0,14.9,0
2.46,17.54,35.9,67.4,0.3,3.45,576.0,27.5,0
2.42,18.29,55.1,57.4,0.57,0.18,663.1,32.2,0
2.24,22.21,53.3,43.1,5.17,1.41,454.0,22.9,0
2.12,22.35,43.3,39.0,1.01,0.08,597.9,31.1,0
2.14,28.95,40.2,48.1,4.61,0.62,269.6,30.8,0
2.12,23.73,39.2,47.8,1.2,2.21,571.8,27.5,0
2.65,9.82,41.9,35.2,0.95,0.74,868.2,23.6,0
2.44,23.18,31.0,22.5,2.28,0.04,442.7,20.9,0
1.02,15.47,35.4,42.7,0.45,0.33,562.6,45.4,0
2.46,17.65,53.6,32.4,0.3,0.11,411.5,13.2,0
2.28,18.35,48.0,49.7,0.59,0.63,526.4,19.3,0
2.19,19.01,61.3,49.8,2.44,1.43,666.2,46.2,0
2.04,15.81,42.0,38.3,3.21,1.3,589.9,20.8,0
2.65,22.92,41.4,42.7,4.07,1.52,484.6,24.1,0
2.58,15.65,40.9,65.6,1.92,0.58,482.2,32.8,0
1.89,23.61,41.8,55.8,6.84,0.37,319.8,31.4,0
2.36,32.07,38.4,43.5,1.48,0.07,652.7,31.1,0
1.81,16.02,47.7,70.9,1.01,3.41,612.4,38.5,0
1.65,20.72,45.3,36.0,0.56,0.15,311.7,21.3,0
1.95,10.64,39.9,39.9,4.99,0.24,526.4,29.2,0
2.54,20.65,57.5,46.9,1.51,0.03,361.0,27.6,0
2.58,24.89,64.0,32.7,3.9,0.46,431.7,21.8,0
2.41,25.24,56.7,65.9,2.17,2.05,621.7,28.7,0
2.49,22.35,50.6,49.8,2.67,0.48,648.4,31.9,0
2.41,26.0,52.6,40.1,2.33,1.32,606.7,32.1,0
1.94,33.46,63.6,52.5,0.6,4.04,459.4,35.5,0
2.37,29.71,52.6,49.5,2.81,2.68,569.1,27.7,0
2.52,19.65,39.1,45.0,1.17,0.24,384.1,20.9,0
2.5,15.47,48.9,35.9,1.09,0.53,612.9,18.3,0
2.68,20.17,51.3,33.6,10.25,1.67,497.3,24.8,0
2.48,17.74,35.1,69.9,4.25,4.56,428.8,18.5,0
2.34,24.03,42.2,34.5,2.04,1.51,390.7,23.0,0
2.63,16.68,56.0,65.0,4.86,0.35,601.8,19.7,0
2.19,21.67,26.8,39.6,1.95,0.17,479.5,23.4,0
1.85,25.77,32.5,55.9,1.82,0.82,426.6,40.5,0
2.13,21.55,43.2,52.7,1.85,0.26,426.0,27.1,0
1.9,17.74,48.5,54.7,0.3,0.31,313.5,39.0,0
1.93,27.29,31.4,55.3,0.87,1.21,525.0,30.9,0
2.14,13.54,43.7,31.9,1.24,0.87,543.1,23.6,0
1.88,20.52,56.5,41.2,2.73,0.15,277.7,27.1,0
2.08,21.81,45.7,34.3,2.58,0.2,338.6,16.4,0
1.44,22.07,54.4,49.9,2.42,0.02,252.8,25.7,0
2.29,22.81,39.1,34.8,1.07,0.3,680.7,18.8,0
2.2,24.75,36.9,28.2,7.09,2.62,592.8,32.2,0
1.87,21.84,53.5,45.6,2.36,1.89,665.6,25.0,0
2.46,20.34,48.7,25.9,0.87,0.64,743.0,25.9,0
2.58,20.17,33.1,50.6,5.8,1.63,565.9,25.1,0
1.56,19.25,37.0,35.4,1.95,0.63,491.0,34.3,0
1.89,25.54,60.6,39.6,1.03,1.88,529.3,21.8,0
1.89,19.09,35.8,25.2,1.08,0.24,403.3,21.3,0
1.82,25.81,54.3,64.5,0.39,0.2,379.5,30.4,0
2.53,22.09,40.2,33.4,3.74,0.1,436.9,35.6,0
2.12,19.65,45.0,44.4,0.67,0.33,462.8,30.3,0
2.09,24.78,47.9,30.1,0.3,0.19,251.0,43.3,0
1.4,18.73,24.0,39.6,0.89,1.92,314.5,21.5,0
2.45,24.87,30.4,65.5,2.48,0.33,309.5,12.8,0
1.7,22.96,45.9,51.0,1.86,0.87,303.2,31.4,0
2.22,19.32,37.8,40.8,2.79,1.69,595.6,26.9,0
2.31,24.38,55.0,47.7,2.89,1.36,449.8,31.3,0
2.74,24.46,28.9,42.4,1.61,0.27,471.1,34.0,0
1.68,27.21,50.7,47.1,1.9,0.1,557.4,17.3,0
0.99,26.35,31.2,55.4,1.23,2.91,623.4,26.0,0
2.27,24.21,41.5,44.7,2.96,1.17,568.3,32.1,0
2.92,16.93,34.4,50.2,0.55,1.47,745.7,29.8,0
2.7,33.02,64.0,50.4,0.84,0.59,505.9,26.8,0
2.28,15.68,31.6,44.7,2.91,0.33,529.6,33.2,0
2.0,26.27,43.8,40.6,3.26,0.91,409.2,35.0,0
2.52,23.94,27.7,42.7,4.83,0.1,215.9,13.6,0
1.81,16.72,61.0,55.0,1.67,1.93,511.8,39.0,0
2.39,21.44,49.0,55.8,2.55,1.28,629.6,19.4,0
2.4,21.65,46.4,36.6,2.12,1.72,388.7,32.2,0
2.62,27.88,59.7,45.4,1.45,1.01,423.4,25.7,0
3.3,18.79,46.5,40.5,1.46,1.04,644.1,36.8,0
2.36,20.82,47.2,56.0,4.02,1.1,492.7,33.0,0
2.0,11.49,46.3,43.3,1.55,1.84,361.5,32.1,0
2.19,29.81,50.6,70.0,2.27,0.31,356.3,29.6,0
1.49,17.18,40.1,50.2,1.09,1.37,598.4,24.2,0
1.92,23.47,42.9,59.8,1.17,0.97,480.3,21.1,0
2.04,21.54,53.1,37.9,0.44,0.82,478.2,18.3,0
1.99,21.56,47.8,48.1,0.68,0.93,293.0,23.6,0
2.26,25.64,43.9,54.2,2.33,0.38,571.6,34.4,0
1.87,29.52,31.0,37.7,1.22,0.05,654.9,21.0,0
2.65,23.13,60.0,48.2,1.02,1.71,445.6,36.5,0
2.2,24.95,38.4,58.5,3.04,2.97,561.4,20.8,0
2.2,23.48,54.9,44.7,2.28,0.79,439.0,26.8,0
2.07,26.58,46.8,39.5,1.65,2.18,589.1,31.2,0
2.26,19.92,32.1,66.0,0.54,0.97,574.1,35.2,0
2.53,26.84,57.5,36.3,1.97,3.2,442.4,25.4,0
1.85,27.0,47.5,49.6,1.65,0.85,180.9,31.4,0
1.94,26.87,58.4,40.9,2.09,0.28,380.1,29.5,0
2.08,19.03,43.2,38.6,2.01,2.45,551.7,26.3,0
1.66,21.24,52.0,55.4,2.73,1.93,632.6,20.7,0
1.87,23.08,27.4,45.9,0.59,0.61,409.3,31.1,0
2.01,15.83,40.0,52.1,1.59,2.21,701.7,28.2,0
2.55,29.18,32.3,25.4,1.36,0.01,724.1,25.8,0
2.31,21.94,41.3,53.0,1.23,1.93,604.8,28.8,0
2.28,23.28,49.7,40.8,4.33,1.4,329.6,32.0,0
2.54,19.4,39.0,29.2,0.87,0.57,606.7,16.2,0
2.15,16.03,53.6,66.8,2.02,1.88,419.2,24.2,0
2.36,19.28,36.4,54.0,0.73,0.16,411.0,21.2,0
2.16,22.99,53.9,50.3,0.41,0.27,567.9,21.7,0
2.31,25.03,58.1,60.5,1.65,0.92,564.3,22.5,0
1.97,22.73,55.1,50.5,2.44,2.55,568.4,35.7,0
1.22,23.56,41.6,40.0,0.3,0.17,598.5,30.3,0
2.15,20.48,23.7,46.3,1.38,1.0,491.5,20.3,0
2.77,24.23,50.8,41.2,1.99,1.68,282.7,29.3,0
2.57,28.67,43.7,43.0,1.85,1.63,812.4,31.0,0
2.59,25.17,35.2,35.4,2.03,1.19,441.4,25.5,0
2.69,25.64,39.4,38.3,2.91,3.39,393.1,19.0,0
2.24,23.32,59.3,56.9,0.3,0.79,317.8,20.4,0
2.28,15.24,33.6,51.3,0.71,2.55,522.8,16.9,0
1.95,17.3,49.7,43.0,1.68,1.16,505.4,43.0,0
2.07,24.05,47.2,37.7,1.26,1.6,482.0,15.9,0
2.45,21.95,41.4,43.9,1.78,0.75,724.8,19.2,0
2.68,23.98,51.4,31.2,0.62,0.22,598.8,27.8,0
2.14,29.54,61.3,49.3,1.94,0.14,347.3,15.2,0
2.02,25.27,42.0,57.5,3.74,1.38,811.1,19.9,0
2.2,27.66,42.6,71.7,4.29,0.57,272.7,28.8,0
2.44,22.43,51.2,37.0,4.49,1.01,482.6,29.4,0
1.62,18.37,54.2,57.0,1.05,1.64,390.5,30.9,0
1.28,21.74,43.7,40.9,1.35,1.85,555.6,33.0,0
1.98,18.38,41.9,36.7,3.12,0.86,595.4,27.7,0
1.71,29.01,22.8,36.7,0.57,0.45,438.1,23.2,0
2.0,25.56,37.2,49.4,3.9,1.79,657.6,31.2,0
2.14,24.34,33.6,38.7,1.71,0.64,529.9,37.7,0
2.02,27.56,51.8,41.9,1.36,3.31,719.2,32.3,0
2.78,12.91,42.6,43.6,1.76,2.09,639.4,22.0,0
2.33,24.65,42.2,40.6,0.84,1.65,429.3,32.3,0
2.32,16.1,44.9,39.9,1.45,0.33,658.3,31.9,0
2.45,21.97,36.3,23.7,2.98,0.54,403.2,19.3,0
1.74,20.6,60.5,48.9,1.89,2.27,594.0,26.4,0
2.62,24.98,58.0,48.7,4.4,0.03,579.0,32.0,0
2.17,23.03,61.2,40.0,3.41,1.82,422.4,36.1,0
2.47,28.05,51.8,51.6,1.46,0.62,200.9,23.5,0
1.77,19.29,44.7,62.0,3.93,1.93,721.7,17.8,0
1.58,25.19,61.1,48.2,0.72,0.96,562.8,31.6,0
2.53,22.73,38.2,61.3,0.9,0.9,503.1,26.3,0
2.35,14.64,36.3,70.4,1.33,1.45,502.8,29.7,0
1.84,17.87,39.0,73.3,0.58,1.97,646.2,29.3,0
1.85,21.33,50.2,36.1,1.01,1.42,827.8,29.0,0
2.65,27.01,37.4,36.2,1.18,0.72,635.4,25.1,0
1.72,24.09,43.4,43.6,2.93,0.46,555.1,34.3,0
2.86,16.75,29.0,49.3,4.26,2.24,542.9,22.1,0
1.84,21.37,49.8,63.9,3.03,0.88,554.6,29.9,0
2.46,31.08,29.8,54.3,2.44,1.84,349.4,30.7,0
2.07,22.5,35.7,36.0,0.88,6.54,587.8,26.6,1
2.44,20.53,57.2,41.9,0.3,1.24,303.4,33.6,0
1.98,24.21,56.8,47.6,0.87,0.39,566.3,24.7,0
2.13,25.44,48.7,33.1,0.56,2.41,429.3,44.1,0
2.22,19.95,47.8,48.1,2.47,0.38,629.9,29.7,0
1.8,24.26,39.7,36.1,0.3,0.36,557.1,36.7,0
2.5,20.52,37.3,31.5,3.58,0.09,447.4,34.2,0
1.99,25.24,41.4,38.5,2.27,0.1,348.4,38.0,0
2.11,22.76,29.9,52.1,2.94,2.38,721.4,28.6,0
1.8,24.17,47.5,52.0,5.32,0.31,487.0,35.9,0
1.18,18.58,45.5,49.0,2.92,0.14,761.0,38.2,0
2.12,18.3,35.7,57.9,0.38,0.52,315.3,30.0,0
3.17,26.25,60.7,56.9,1.59,1.5,462.1,23.1,0
2.51,21.64,51.1,50.0,0.38,0.5,162.4,40.8,0
2.19,23.28,51.9,48.7,0.44,0.44,613.4,28.1,0
2.09,20.62,40.1,49.3,1.18,0.8,625.7,28.6,0
2.21,26.04,45.0,46.5,4.33,0.03,409.2,29.9,0
2.42,19.26,51.3,26.3,1.22,0.81,401.8,22.5,0
1.73,21.39,46.5,59.4,0.44,5.53,441.7,30.4,0
2.65,25.54,61.0,52.0,1.97,1.93,464.0,30.4,0
2.49,27.28,43.0,35.8,3.56,0.09,416.1,27.9,0
2.49,19.64,40.0,62.3,1.97,1.28,662.1,27.5,0
2.38,30.82,51.3,42.1,0.69,0.74,429.7,26.4,0
2.21,23.41,32.4,46.9,2.13,2.1,215.6,25.3,0
2.47,17.31,54.2,58.2,0.43,0.12,461.8,33.1,0
2.44,23.66,32.0,50.2,1.06,0.32,423.1,30.0,0
2.06,20.28,51.4,61.4,2.24,1.88,303.8,34.5,0
1.97,23.95,38.5,44.5,0.91,2.27,528.4,24.3,0
2.24,21.81,49.8,64.9,0.74,0.9,211.1,35.9,0
2.82,22.33,54.1,40.2,0.3,0.02,557.1,34.2,0
1.7,17.9,46.5,61.2,0.88,2.69,495.0,26.3,0
1.61,26.46,33.0,25.3,2.27,0.58,415.5,23.3,0
2.27,16.8,36.0,37.0,0.3,0.05,328.1,32.2,0
2.22,17.01,37.7,51.0,2.34,2.05,280.5,16.9,0
2.27,23.65,26.0,44.0,3.55,0.65,632.3,25.1,0
2.3,29.21,56.3,47.3,3.23,0.25,455.1,29.9,0
2.11,20.41,46.1,48.4,1.02,1.94,248.2,27.0,0
2.8,25.15,33.6,36.1,1.24,0.73,498.2,20.5,0
1.56,26.83,59.6,36.8,0.62,1.12,459.0,28.6,0
1.87,25.67,38.0,50.3,0.75,2.08,711.9,21.0,0
2.16,20.6,47.5,41.3,1.17,0.89,438.2,29.8,0
1.54,17.09,36.7,61.4,2.07,0.14,646.9,25.3,0
2.13,12.07,24.8,46.1,3.17,3.98,467.2,27.0,0
2.86,20.82,31.4,55.2,0.87,0.41,322.8,22.2,0
2.21,27.3,40.5,52.4,1.17,6.19,570.7,33.4,1
2.29,16.94,54.0,42.0,1.11,0.01,682.6,27.0,0
1.7,25.15,48.5,28.2,0.92,0.79,636.0,22.8,0
1.95,17.72,46.4,59.8,3.23,1.46,547.1,27.2,0
2.05,22.48,24.9,38.2,2.48,2.84,649.6,40.1,0
2.07,25.19,57.7,44.0,3.76,1.82,525.5,30.3,0
2.71,19.03,47.2,46.5,1.92,0.35,512.3,35.5,0
2.42,22.77,43.8,47.5,0.98,0.33,279.1,16.7,0
1.76,20.13,56.3,57.6,0.76,0.53,531.8,26.6,0
2.3,25.17,57.5,48.1,0.3,0.14,726.2,21.0,0
2.4,23.06,56.5,46.7,0.82,1.33,254.6,24.4,0
2.66,22.25,42.5,58.2,0.58,3.4,303.2,22.6,0
2.83,29.01,35.0,54.0,2.8,1.23,450.9,37.0,0
1.79,24.98,54.9,40.6,3.0,0.91,296.6,33.0,0
1.88,18.89,31.3,36.5,0.63,0.84,602.6,22.7,0
1.7,21.61,64.5,39.8,1.55,1.08,240.9,24.7,0
2.11,21.66,45.3,47.5,0.79,1.49,602.1,30.5,0
2.39,22.36,34.4,35.5,3.7,1.9,650.7,34.2,0
2.59,33.36,32.7,48.9,0.93,1.44,598.5,35.3,0
2.17,23.67,32.2,46.7,1.82,1.47,503.1,32.4,0
2.07,12.84,46.4,22.6,4.51,3.64,580.1,40.7,0
2.26,19.56,44.9,33.9,2.66,2.76,326.7,31.0,0
1.87,13.3,32.6,20.0,1.77,2.08,539.0,24.9,0
3.04,20.52,41.4,44.6,1.58,0.05,407.2,22.3,0
1.56,13.06,31.3,58.7,0.54,1.33,633.6,20.4,0
2.27,18.08,50.9,29.1,1.25,0.73,606.5,19.5,0
3.01,15.16,44.5,34.8,1.8,1.15,378.4,32.7,0
2.2,23.73,41.2,46.4,2.68,1.39,552.7,39.1,0
2.12,22.0,32.1,37.4,1.19,1.5,559.0,28.7,0
2.06,23.36,42.0,37.3,2.26,2.44,428.9,40.8,0
2.13,21.53,40.9,53.4,1.06,2.89,503.4,28.2,0
2.75,15.73,48.2,43.1,3.21,1.12,576.7,32.2,0
1.32,24.31,46.7,33.1,2.37,2.7,431.5,16.9,0
2.81,30.65,52.9,27.1,2.76,1.74,367.1,33.7,0
1.63,23.84,40.2,70.1,4.64,0.27,534.2,23.5,0
2.09,20.08,26.4,59.3,3.63,0.04,722.5,33.8,0
2.03,15.57,54.9,43.5,0.69,0.01,477.1,37.0,0
2.44,17.91,35.6,48.9,1.78,1.06,447.2,30.1,0
1.56,24.04,33.9,43.1,3.75,0.88,381.1,31.0,0
2.38,26.83,44.6,53.1,2.68,1.43,672.5,28.8,0
3.01,23.17,48.0,39.5,0.49,2.22,631.3,32.5,0
1.65,25.6,39.7,42.6,0.82,0.22,478.1,41.1,0
2.28,25.18,39.6,52.6,2.06,2.33,381.9,28.1,0
1.94,24.28,41.1,62.5,2.09,0.12,380.5,29.2,0
2.37,19.04,59.2,55.4,0.51,2.58,371.7,15.6,0
2.21,22.78,45.0,60.3,1.06,2.28,426.0,31.0,0
1.94,18.18,35.3,44.9,2.82,1.43,415.9,22.5,0
2.4,22.08,35.4,41.8,1.23,0.43,389.3,26.6,0
2.92,23.49,42.5,28.6,3.17,0.12,667.3,31.3,0
2.12,29.55,47.4,48.7,1.4,1.81,737.8,16.7,0
2.49,16.11,49.8,51.8,2.34,0.29,336.6,31.3,0
1.68,24.17,46.2,45.0,0.96,0.7,414.3,29.8,0
1.82,28.67,36.6,40.2,3.0,0.91,357.8,32.9,0
2.39,25.41,40.8,60.4,3.63,1.39,547.8,23.5,0
2.79,25.75,52.3,54.3,0.86,0.8,449.0,35.8,0
2.34,24.64,33.5,61.1,2.68,1.42,345.4,30.1,0
2.07,27.84,40.3,38.5,2.8,2.02,747.9,23.0,0
2.2,17.11,51.0,40.9,1.49,1.5,573.2,18.4,0
1.7,15.76,53.8,60.0,3.7,0.43,353.1,24.2,0
2.44,21.97,43.1,47.5,0.3,2.7,726.0,34.1,0
2.55,12.27,40.9,42.3,0.59,0.96,328.0,31.1,0
2.02,27.54,31.8,43.0,4.38,0.75,592.2,13.0,0
2.01,27.49,50.3,47.9,3.3,1.03,862.7,25.7,0
2.31,20.05,58.2,58.0,0.99,0.79,480.3,28.9,0
2.03,20.33,70.7,46.4,3.71,1.69,456.8,41.4,0
2.17,21.67,48.9,55.9,4.12,0.66,525.1,37.0,0
3.04,22.23,44.5,52.7,3.18,1.8,833.8,26.8,0
2.1,22.57,35.8,39.2,2.15,1.71,721.4,29.3,0
2.06,24.51,26.2,39.2,1.64,0.39,433.5,18.5,0
1.94,21.22,46.8,43.5,3.09,0.12,545.7,9.6,0
2.5,26.24,68.5,34.6,1.5,2.28,638.4,25.2,0
2.13,24.01,57.7,42.9,1.96,0.22,435.7,35.0,0
1.94,19.27,56.2,63.1,0.87,0.04,330.3,29.3,0
2.73,28.01,47.5,47.7,0.71,0.62,662.7,22.8,0
2.77,15.89,48.6,40.3,1.89,0.35,576.5,34.4,0
1.96,21.59,20.8,67.2,1.69,0.3,547.8,40.6,0
1.45,26.35,52.6,38.7,4.55,0.23,666.0,17.6,0
2.6,18.75,39.2,38.4,4.08,1.66,328.2,27.6,0
1.93,23.39,38.0,60.3,0.64,1.84,465.2,24.3,0
2.52,24.45,41.8,54.6,2.74,0.06,895.7,28.3,0
1.41,18.13,41.4,46.7,3.09,0.95,585.1,24.8,0
2.56,21.67,37.8,56.3,1.47,0.17,594.2,47.5,0
1.72,21.3,45.1,51.0,2.47,0.83,515.9,27.2,0
2.49,19.52,39.4,36.1,7.56,0.51,223.8,30.1,0
2.21,32.36,46.0,24.0,1.5,0.27,377.3,29.2,0
1.82,18.57,30.1,42.3,0.3,3.55,637.0,19.2,0
2.04,26.52,42.9,58.8,4.43,3.77,418.7,29.4,0
2.47,20.23,34.0,43.7,2.19,1.0,474.5,17.7,0
2.24,17.11,38.6,52.6,2.39,0.25,543.7,40.6,0
2.43,22.46,46.4,49.8,4.67,1.05,353.5,34.3,0
2.99,24.92,29.0,31.1,0.62,3.17,307.6,24.0,0
1.57,26.14,36.8,43.9,3.88,0.57,498.1,26.8,0
2.85,29.03,50.7,51.6,1.45,0.18,444.4,35.2,0
2.24,35.25,30.9,40.1,0.3,1.42,534.2,29.9,0
1.84,23.13,62.8,44.4,3.94,1.28,285.2,16.4,0
1.67,19.02,57.0,51.9,1.76,0.0,419.8,29.2,0
2.12,24.04,40.1,48.7,3.35,2.31,603.3,35.6,0
2.57,20.8,37.1,58.5,4.09,1.3,941.9,11.7,0
2.15,26.17,47.0,51.8,2.89,0.26,517.9,29.0,0
2.8,16.16,30.5,38.4,0.87,0.0,600.6,22.2,0
1.62,32.66,25.0,43.2,1.57,4.3,573.1,36.9,0
2.2,25.85,40.4,48.2,1.67,1.69,544.0,24.8,0
1.7,14.42,43.7,61.4,1.13,0.55,602.3,24.1,0
2.35,18.81,45.9,43.3,1.18,0.68,356.2,33.8,0
2.55,25.67,38.9,30.7,2.87,0.93,446.4,21.7,0
2.03,27.29,57.7,52.4,0.66,1.52,537.5,28.6,0
1.16,16.27,30.0,40.4,0.94,0.23,355.0,30.0,0
2.28,25.21,33.6,35.1,2.62,0.26,565.0,26.6,0
2.37,13.24,49.9,48.2,3.35,0.06,212.5,18.9,0
2.36,21.6,33.4,57.7,3.61,5.1,621.8,21.9,0
2.69,27.0,33.0,42.3,4.03,2.5,477.4,27.1,0
1.77,19.52,46.2,53.0,1.21,0.97,604.1,14.7,0
2.47,15.22,34.5,54.8,0.67,0.68,649.5,28.6,0
2.68,22.66,43.7,55.9,1.21,0.33,711.5,26.2,0
1.49,19.28,38.0,40.7,0.6,1.08,540.3,32.0,0
2.33,24.83,36.4,36.8,2.28,1.41,240.0,32.5,0
2.0,18.02,24.0,38.2,2.82,1.4,235.8,20.1,0
2.17,18.52,46.4,55.9,2.7,0.01,310.3,24.4,0
2.34,12.91,32.5,54.7,1.28,1.45,608.0,21.5,0
2.01,22.76,43.3,38.4,2.75,2.42,288.7,24.3,0
1.93,21.28,39.9,69.3,2.25,0.15,464.9,26.2,0
2.21,16.65,42.9,37.2,3.39,1.69,436.7,35.8,0
1.77,22.87,43.5,58.0,3.28,2.08,554.1,23.8,0
1.77,26.62,46.9,63.2,2.59,0.39,607.3,34.2,0
2.47,21.03,37.7,49.1,5.66,1.49,514.2,29.8,0
1.74,23.21,57.4,40.3,2.19,0.12,620.3,37.7,0
2.47,23.23,26.5,40.5,0.82,1.26,334.9,25.5,0
2.39,16.58,42.7,45.4,3.84,0.86,653.1,22.3,0
1.51,31.25,53.4,58.8,0.8,2.28,519.7,29.0,0
1.93,19.88,49.8,36.0,1.91,0.72,613.9,16.7,0
2.68,24.95,35.3,29.6,1.83,0.67,422.4,29.1,0
1.81,25.46,36.9,51.6,1.73,3.26,192.4,32.0,0
2.01,21.37,34.9,53.8,0.44,3.27,599.8,35.7,0
2.38,24.73,51.0,67.7,1.55,0.04,478.5,30.8,0
2.51,23.11,37.6,34.2,4.81,0.8,680.3,27.0,0
2.1,15.62,47.6,46.7,1.52,0.21,563.3,41.6,0
1.96,20.5,47.6,59.6,0.3,0.38,942.8,27.9,0
2.77,19.24,68.7,49.2,1.75,1.32,690.6,20.6,0
2.9,19.92,48.1,46.0,2.7,0.17,462.7,27.8,0
2.59,16.13,36.9,55.9,1.9,0.01,262.3,18.6,0
2.23,27.07,30.4,42.0,1.27,1.56,369.3,19.4,0
1.88,29.21,42.2,56.5,0.74,1.23,359.4,29.7,0
1.87,26.4,43.8,35.5,1.2,2.8,421.8,18.7,0
2.41,27.72,22.9,32.8,2.58,0.94,481.2,23.7,0
2.37,20.45,37.9,45.3,3.04,3.49,547.7,19.8,0
2.76,19.14,48.0,22.4,0.94,1.13,706.1,29.0,0
2.46,18.5,39.7,48.8,3.33,0.59,369.4,23.0,0
1.6,24.9,54.7,30.7,2.01,1.13,291.7,31.7,0
2.62,23.02,29.4,50.8,2.19,1.66,624.6,31.2,0
1.8,21.65,51.8,49.9,2.36,0.51,699.8,18.9,0
2.05,27.83,54.1,47.3,1.15,0.56,426.4,34.4,0
2.3,23.82,54.6,52.4,4.48,1.19,656.2,26.8,0
3.0,18.23,29.3,50.0,5.02,0.73,615.5,19.4,0
3.44,18.94,48.1,45.1,0.66,0.9,243.7,30.6,0
2.44,25.07,38.3,66.3,0.47,4.83,404.5,40.3,0
2.13,26.69,30.9,51.9,2.1,0.05,428.5,26.6,0
2.41,24.48,40.9,55.7,0.85,1.25,798.3,16.5,0
2.56,30.54,36.0,58.7,2.63,3.07,576.3,34.5,0
2.07,29.36,54.2,54.7,2.12,0.32,424.5,39.0,0
2.92,23.98,50.1,68.6,1.2,0.29,395.4,20.4,0
2.29,18.23,33.5,49.7,0.45,0.54,264.5,22.4,0
2.4,16.11,37.8,47.9,1.89,0.09,659.9,28.2,0
2.47,20.26,41.2,41.5,0.3,0.99,559.3,14.5,0
2.37,25.39,44.3,45.4,3.01,1.24,592.9,42.6,0
2.54,30.22,55.1,40.7,0.7,2.06,307.2,27.6,0
1.95,23.88,51.9,54.8,1.87,0.08,610.4,28.3,0
1.98,27.26,45.5,38.9,0.68,0.69,464.3,30.5,0
1.76,20.9,42.4,48.7,1.56,1.84,390.9,26.2,0
2.38,24.8,27.3,53.6,0.45,1.75,577.0,24.4,0
2.51,25.71,57.9,49.5,5.09,0.09,320.0,21.4,0
2.38,13.09,40.5,39.0,1.88,0.01,526.9,19.8,0
2.87,20.14,60.5,55.0,0.49,1.84,460.2,30.8,0
2.2,26.27,47.0,47.1,0.85,0.18,660.9,37.5,0
2.47,23.24,65.3,20.0,0.9,1.03,633.8,34.6,0
1.76,16.62,51.1,38.2,2.65,0.12,513.6,26.0,0
2.05,11.06,30.7,62.0,2.22,0.42,542.1,26.7,0
2.48,20.35,38.9,62.8,0.93,0.21,589.8,39.3,0
2.54,21.68,43.3,53.3,1.09,1.6,498.6,22.4,0
2.08,18.02,36.3,55.8,1.37,1.34,377.3,16.3,0
2.17,22.64,41.2,40.2,0.87,0.17,427.6,29.8,0
1.59,24.28,31.3,45.4,0.85,0.07,316.9,34.0,0
2.06,25.02,45.1,60.4,1.82,0.75,638.8,10.6,0
2.56,11.4,47.4,52.3,2.9,0.26,559.7,30.8,0
2.43,16.09,35.0,48.6,1.29,0.01,436.5,20.1,0
2.4,20.63,64.4,46.1,1.09,0.37,391.3,18.1,0
2.22,24.57,45.6,59.7,1.86,0.29,535.4,26.0,0
2.2,24.2,36.8,59.2,0.3,1.39,288.1,19.9,0
1.94,24.12,28.7,54.5,2.28,2.37,339.7,15.6,0
2.48,20.27,45.6,48.7,4.23,0.33,497.1,28.8,0
2.37,20.53,42.4,44.4,1.7,0.3,866.2,27.7,0
2.4,18.72,52.8,54.9,1.14,0.59,567.9,16.0,0
1.99,25.46,43.6,37.0,1.23,0.23,527.8,18.2,0
1.34,17.86,33.1,39.1,0.78,3.52,324.4,31.3,0
2.64,25.83,61.7,33.5,1.6,0.33,360.0,31.7,0
2.01,22.94,49.4,60.4,3.65,0.12,703.4,9.5,0
1.85,21.8,42.5,40.8,1.81,0.98,430.7,19.2,0
2.48,19.04,46.6,52.0,1.7,0.93,510.6,27.4,0
2.04,15.9,49.7,46.7,2.01,1.2,588.8,31.0,0
2.62,19.09,30.7,77.0,1.61,4.08,437.0,30.9,0
2.45,20.51,46.6,52.4,1.17,0.47,423.8,32.2,0
2.47,11.34,40.5,29.4,4.63,0.53,241.3,23.0,0
1.65,21.11,50.1,59.8,2.85,0.49,317.6,29.2,0
2.68,26.16,37.6,44.1,0.96,1.19,588.0,25.2,0
2.3,24.55,39.0,46.0,2.26,1.11,434.2,24.1,0
2.05,19.77,61.6,41.3,0.93,0.9,600.3,17.4,0
2.26,22.21,57.3,50.0,0.92,0.54,262.3,30.1,0
1.49,19.5,12.0,49.8,0.3,0.67,621.7,16.5,0
2.36,22.67,56.6,41.5,1.14,1.89,494.1,19.8,0
1.79,28.93,44.3,42.9,1.09,1.13,279.4,32.8,0
1.66,26.36,37.9,49.0,1.75,1.51,669.4,26.8,0
1.59,24.34,34.9,24.6,2.4,0.39,289.0,35.4,0
2.65,19.78,35.5,33.6,2.73,2.91,661.6,25.6,0
1.95,25.37,38.2,64.7,2.05,0.04,495.2,24.1,0
2.81,14.41,33.7,51.3,1.74,1.09,366.0,36.0,0
1.99,20.86,31.5,42.8,3.18,2.01,777.3,25.2,0
1.52,24.63,34.6,31.0,1.45,2.41,560.8,30.0,0
1.75,25.33,48.2,47.4,0.3,0.46,682.2,26.9,0
2.69,25.01,45.5,57.9,1.09,0.74,564.9,28.8,0
2.14,23.33,50.6,74.4,1.51,0.04,467.5,26.5,0
1.98,21.12,44.3,66.9,1.18,1.87,369.4,34.1,0
2.26,24.42,31.9,39.1,0.3,0.16,472.8,28.5,0
2.4,17.71,49.9,43.0,2.88,0.67,524.5,25.7,0
2.65,18.2,35.0,33.3,0.93,5.63,622.5,29.8,0
2.78,22.28,51.5,39.6,1.1,3.0,441.0,17.2,0
2.06,22.78,33.3,45.9,1.9,0.48,577.0,35.1,0
1.67,13.78,38.1,44.3,2.05,0.3,751.8,17.5,0
2.03,24.05,41.4,68.5,0.73,0.35,523.7,23.4,0
2.3,25.48,51.7,34.8,0.6,1.39,206.1,24.8,0
1.81,21.65,46.8,47.5,0.34,1.55,507.3,29.7,0
1.82,32.69,45.2,27.4,2.66,0.29,485.8,39.3,0
2.34,18.93,63.9,51.3,2.01,0.33,481.0,35.2,0
2.18,20.38,26.6,34.6,1.32,0.47,260.6,17.7,0
2.21,20.22,34.6,59.0,0.33,0.68,541.5,21.8,0
1.9,21.66,34.2,45.1,1.57,2.99,420.2,18.2,0
2.11,20.52,27.3,34.0,5.28,0.03,484.2,18.9,0
1.83,15.67,37.8,27.0,1.36,1.22,642.2,23.9,0
2.56,19.54,51.9,38.2,1.47,2.37,378.3,37.2,0
2.61,21.56,39.1,50.4,1.38,1.54,484.6,26.3,0
1.46,27.53,41.7,52.2,0.65,0.29,469.7,27.2,0
1.83,31.91,27.8,43.0,0.3,0.78,475.1,29.6,0
1.6,28.01,37.0,57.3,2.62,2.89,433.4,21.4,0
1.94,18.51,40.4,36.6,1.03,0.15,441.5,27.5,0
2.17,18.87,51.4,20.0,0.47,5.26,751.3,29.7,0
1.62,21.28,28.3,50.8,1.46,0.19,436.6,45.2,0
1.83,30.03,40.4,60.9,3.23,0.18,540.6,34.5,0
1.8,21.26,55.9,61.0,0.91,2.01,515.7,39.5,0
2.28,16.03,40.5,35.0,0.37,2.11,510.9,28.2,0
2.23,19.74,23.8,42.6,4.98,0.05,572.0,31.7,0
1.91,25.41,57.8,55.2,1.55,0.22,405.1,29.8,0
2.27,25.1,52.3,41.7,2.64,3.56,710.2,15.5,0
1.98,21.1,53.7,49.1,3.21,0.39,362.0,10.8,0
2.09,25.08,27.6,40.8,0.44,0.01,475.3,20.1,0
2.87,11.77,60.1,37.1,0.85,0.35,322.0,36.7,0
2.74,22.47,37.3,39.0,1.68,1.6,634.6,25.2,0
1.68,25.87,39.9,57.6,1.2,2.98,361.8,33.4,0
2.53,18.25,38.0,48.1,0.81,0.2,613.4,37.1,0
2.52,18.24,54.5,60.7,2.23,0.3,539.7,19.0,0
1.74,13.6,43.2,53.2,2.14,0.7,526.4,38.3,0
2.53,29.15,49.8,64.1,2.07,1.66,667.4,19.9,0
2.82,18.76,45.8,56.2,1.82,1.29,409.3,26.6,0
1.75,23.08,44.0,55.6,2.15,0.48,720.0,20.4,0
1.83,24.72,35.5,46.8,3.07,0.08,442.4,29.7,0
2.61,28.8,63.1,78.1,1.07,0.35,564.8,26.9,0
2.31,21.31,30.4,49.1,4.17,0.3,471.0,33.6,0
2.42,19.57,49.1,28.3,1.09,0.03,592.6,35.0,0
2.34,22.78,48.8,50.7,1.71,4.43,349.6,39.1,0
2.36,27.78,56.5,38.2,1.45,0.35,516.1,33.3,0
1.67,21.23,58.9,58.2,0.61,2.17,502.7,33.7,0
2.62,17.7,43.6,55.3,5.14,0.8,565.4,24.9,0
2.67,15.07,50.3,46.1,1.91,4.3,560.8,26.8,0
2.11,16.5,62.6,39.1,1.81,0.19,370.9,30.2,0
2.18,25.89,44.3,49.5,2.49,0.14,695.9,19.3,0
1.59,20.56,34.3,41.6,4.01,0.0,491.4,35.9,0
2.41,19.27,41.2,55.9,1.56,1.52,609.6,27.1,0
2.43,18.78,32.0,53.6,1.04,0.44,310.9,29.4,0
2.18,22.38,48.7,77.4,1.26,2.45,437.8,17.4,0
2.65,20.92,55.6,43.5,4.03,1.21,661.8,25.5,0
2.07,20.77,43.8,45.0,3.47,1.03,745.3,34.0,0
2.43,28.07,28.8,46.5,5.3,0.8,563.6,30.9,0
1.79,28.92,55.2,46.9,0.84,0.36,486.8,33.8,0
2.19,14.75,27.2,58.3,1.54,0.08,340.7,25.6,0
2.13,23.47,29.5,45.2,1.43,0.7,619.6,28.9,0
2.29,18.5,43.2,67.7,7.79,0.13,546.0,27.3,0
2.05,20.88,47.5,53.8,3.39,2.83,147.0,32.7,0
2.15,23.39,49.2,43.1,1.56,2.12,240.1,29.8,0
2.53,21.04,44.3,40.6,3.88,1.16,552.5,25.3,0
2.03,23.04,62.6,58.4,1.45,0.72,375.2,10.1,0
1.56,25.03,45.7,48.3,0.58,0.73,344.1,29.2,0
2.9,23.33,55.3,48.1,2.01,0.75,484.4,16.3,0
2.75,19.09,52.9,42.0,1.04,1.64,551.5,32.8,0
1.68,19.17,32.1,47.4,0.68,0.16,714.6,33.8,0
2.48,15.52,43.3,41.6,0.75,0.91,377.4,12.0,0
2.0,18.16,66.2,61.6,3.61,2.01,565.4,30.1,0
2.31,30.83,40.0,55.2,7.48,0.86,346.0,29.9,0
2.32,18.44,38.3,46.3,1.06,0.02,425.7,30.6,0
2.11,16.63,46.7,46.1,3.1,0.34,528.3,19.4,0
1.89,23.44,40.3,48.9,2.02,1.33,477.9,31.3,0
1.92,21.5,37.1,47.9,0.42,3.27,295.1,19.2,0
1.83,21.12,40.2,38.4,5.93,2.69,577.0,32.8,0
1.87,28.34,59.3,29.0,4.56,2.08,611.2,31.0,0
2.17,24.47,43.6,40.0,1.75,3.6,853.9,25.7,0
1.91,19.62,31.7,46.7,1.9,0.39,533.3,31.0,0
2.47,20.09,29.9,40.6,2.94,0.01,526.1,21.4,0
2.79,19.74,67.1,56.2,10.95,0.53,545.5,24.1,0
1.97,25.94,42.8,45.7,2.36,1.03,295.4,36.1,0
2.3,20.61,49.3,66.7,3.25,0.46,305.7,35.9,0
2.4,13.93,37.3,42.4,0.46,0.05,487.6,20.3,0
2.39,21.78,48.2,49.4,4.36,0.85,155.4,23.7,0
2.23,15.08,59.6,45.1,1.57,0.27,330.4,24.1,0
2.5,31.83,38.5,52.4,3.87,1.56,425.4,28.4,0
2.39,17.65,49.6,58.7,3.39,0.11,651.3,27.1,0
1.7,21.27,30.9,54.1,0.93,3.81,538.9,37.0,0
2.55,23.16,65.2,27.7,1.57,2.51,272.3,38.7,0
2.55,20.7,47.7,53.0,1.35,2.48,494.0,40.6,0
1.89,20.69,40.9,37.9,1.03,1.87,587.5,43.1,0
2.22,23.9,42.0,44.9,0.79,1.2,607.1,16.9,0
2.47,28.87,39.9,54.9,2.63,0.07,656.8,26.7,0
2.12,25.45,40.4,36.8,0.87,1.3,679.7,23.1,0
2.63,28.65,20.5,59.6,0.73,1.65,585.5,21.7,0
3.15,17.29,44.0,44.5,1.75,0.17,573.1,37.9,0
1.89,23.43,43.6,69.7,1.07,1.15,534.9,30.9,0
1.65,22.7,49.9,48.7,1.5,0.78,626.4,16.9,0
2.32,23.58,39.8,65.1,1.73,0.77,381.8,46.2,0
2.49,28.19,37.3,60.0,4.06,0.27,469.3,15.3,0
2.11,21.01,44.9,41.9,1.32,1.61,395.1,25.5,0
2.78,20.18,28.9,35.0,4.24,3.11,565.0,28.6,0
1.66,24.4,46.4,49.1,2.83,1.86,461.2,20.1,0
2.48,14.0,26.4,42.2,3.46,0.55,652.0,31.9,0
1.96,20.93,56.2,63.8,0.3,4.98,507.8,23.7,0
2.89,21.4,51.8,45.5,1.73,0.54,659.5,33.8,0
3.0,17.86,35.7,45.0,1.42,0.32,183.3,30.8,0
1.89,26.76,51.6,34.0,1.18,4.13,392.0,10.5,0
1.98,17.22,46.1,52.2,2.31,1.87,640.7,17.1,0
2.54,21.39,34.9,36.3,1.9,1.72,503.0,33.9,0
2.05,23.32,24.8,52.4,5.18,0.1,658.4,30.8,0
2.18,28.09,48.2,53.8,3.46,0.26,537.6,20.8,0
2.21,21.95,37.1,40.5,1.33,0.02,359.9,23.3,0
1.43,26.21,55.9,57.6,1.06,1.8,769.0,27.4,0
2.19,25.15,45.1,45.3,0.67,0.39,400.5,13.8,0
1.92,22.56,38.0,33.3,3.27,0.17,388.2,43.9,0
2.0,17.1,63.0,63.5,2.98,0.24,623.0,21.1,0
2.78,15.54,50.8,38.8,4.35,1.23,363.3,28.2,0
1.7,22.48,10.0,53.1,1.72,0.68,306.0,39.7,0
2.53,19.56,40.1,52.3,3.46,3.4,384.9,26.7,0
2.09,26.14,31.2,51.9,2.91,0.55,623.0,30.3,0
2.09,25.36,37.0,51.7,1.65,2.15,820.9,21.3,0
2.52,21.17,43.6,38.3,1.97,0.95,500.7,24.2,0
2.34,16.79,48.5,64.9,0.56,1.47,391.4,21.5,0
2.43,24.3,47.6,57.6,6.04,0.22,685.2,37.0,0
2.59,17.42,55.8,52.8,1.83,1.66,407.7,23.3,0
2.07,18.59,51.4,34.7,1.2,0.11,433.4,22.8,0
1.96,17.59,50.7,38.2,0.54,1.41,562.5,22.0,0
1.77,21.38,47.0,54.6,5.04,0.75,671.2,30.7,0
1.87,27.27,57.9,28.0,1.35,0.31,510.6,32.1,0
3.38,21.98,41.8,51.4,0.69,0.79,446.8,14.0,0
2.7,20.01,42.1,34.7,1.89,2.32,848.2,28.5,0
1.66,15.13,25.9,39.3,2.4,0.2,399.4,30.1,0
1.67,24.48,55.6,33.9,3.55,0.22,416.0,37.8,0
2.39,18.49,44.2,50.5,0.32,0.92,441.8,19.4,0
2.42,22.53,74.3,59.2,0.97,1.18,582.7,20.2,0
2.42,20.41,40.9,51.5,1.83,0.65,429.9,32.5,0
2.1,25.77,45.9,52.6,2.26,0.37,622.6,27.6,0
2.15,21.29,50.5,49.7,2.45,0.08,492.2,37.7,0
2.33,21.73,34.0,54.8,1.18,0.06,452.1,35.7,0
2.23,24.19,48.6,52.7,0.9,0.05,415.7,30.0,0
1.31,31.48,45.3,20.8,0.43,2.78,496.2,27.5,0
2.11,26.0,42.0,57.1,2.11,0.17,567.1,26.9,0
1.86,21.6,56.7,56.0,0.58,0.42,494.7,27.8,0
2.27,22.01,36.0,44.4,1.41,5.11,534.9,28.4,0
3.39,19.64,47.7,28.3,0.71,3.15,383.7,37.9,0
2.35,17.73,59.5,50.4,1.46,0.05,392.6,13.7,0
2.07,19.51,37.9,51.3,1.63,0.96,499.3,25.1,0
2.57,18.53,42.0,43.6,2.4,1.2,517.9,29.4,0
2.39,24.94,68.5,49.9,0.47,0.07,507.2,23.8,0
2.37,17.18,49.7,58.7,2.63,1.56,411.5,26.0,0
2.44,28.0,39.9,72.0,2.72,5.29,510.9,24.9,0
3.02,25.38,53.0,49.5,0.76,0.67,503.8,37.1,0
1.75,22.09,39.3,51.3,0.71,0.72,481.8,25.0,0
2.39,22.0,29.4,39.8,1.07,1.29,402.2,23.0,0
1.83,19.49,58.7,43.0,4.25,1.6,577.9,33.5,0
2.42,23.22,34.0,46.6,0.4,1.87,498.2,24.3,0
1.83,26.9,69.5,59.8,2.57,0.1,387.5,26.8,0
2.03,18.84,40.1,56.2,2.08,1.94,481.3,20.3,0
2.08,15.1,66.3,67.3,4.6,2.39,412.6,25.2,0
2.59,25.16,31.3,33.1,2.88,0.06,500.5,27.8,0
2.57,23.46,55.3,34.8,0.3,0.05,714.2,19.1,0
1.7,16.96,50.0,59.0,3.36,0.96,522.2,27.3,0
2.22,18.7,53.4,62.5,1.04,0.82,530.2,31.6,0
1.92,18.13,54.7,48.3,1.26,4.7,713.6,14.1,0
1.7,18.74,40.0,20.0,0.59,0.42,540.7,23.4,0
2.11,20.54,31.9,40.6,2.86,1.07,565.1,45.9,0
2.08,20.8,44.5,51.4,0.34,0.85,521.6,26.6,0
3.17,19.07,47.2,39.0,1.54,0.92,442.3,36.0,0
2.37,18.59,40.3,49.9,4.71,1.29,567.2,27.8,0
1.65,20.97,47.8,67.0,2.96,0.93,755.3,25.7,0
1.97,22.75,48.3,62.3,2.25,0.01,301.9,34.5,0
2.61,20.58,35.9,56.1,1.15,2.23,431.4,36.4,0
3.04,27.21,48.9,47.4,3.24,0.27,372.1,21.8,0
1.57,24.29,42.3,43.1,0.96,0.32,388.8,20.3,0
1.45,14.84,38.0,55.6,2.5,1.25,683.5,18.4,0
2.95,24.36,52.9,48.3,3.47,0.78,476.3,21.9,0
2.36,24.72,37.2,48.6,0.9,1.03,608.4,36.0,0
1.85,20.04,40.4,32.5,1.8,0.83,399.9,28.2,0
2.41,15.27,45.7,40.9,1.75,0.65,403.3,36.3,0
1.15,22.04,58.7,55.5,2.68,0.79,347.3,20.8,0
2.2,21.97,46.9,37.0,0.78,0.18,716.8,21.0,0
2.33,16.95,50.3,50.7,2.07,4.18,616.3,25.3,0
2.57,15.47,42.0,52.1,1.45,1.03,342.4,30.1,0
1.79,21.61,44.2,52.7,3.62,0.41,671.3,27.0,0
2.23,20.95,44.5,53.6,2.32,1.5,461.1,32.9,0
1.83,20.12,47.9,54.3,2.43,2.55,568.0,30.9,0
2.3,21.62,42.0,41.8,2.19,0.42,507.1,31.4,0
1.84,17.04,58.4,33.3,1.03,0.47,284.5,32.8,0
2.04,20.04,41.3,39.3,0.84,0.69,375.8,35.7,0
1.8,24.4,27.9,55.3,2.6,0.29,703.1,10.8,0
2.46,20.43,72.4,36.0,0.3,1.99,640.9,27.9,0
2.54,14.48,41.7,37.6,0.98,1.05,346.8,33.9,0
2.11,19.87,58.1,37.5,1.71,0.07,531.2,45.7,0
2.22,17.18,59.0,29.5,2.35,6.86,467.8,27.3,1
1.62,23.2,54.5,36.5,0.55,1.03,671.3,12.6,0
2.08,23.43,43.0,58.0,1.52,2.65,469.3,38.0,0
2.18,14.54,47.9,40.8,1.8,0.84,384.8,19.5,0
3.25,25.42,32.3,30.5,1.57,1.05,610.6,31.2,0
1.76,17.0,64.9,42.9,1.84,0.73,678.4,31.8,0
2.79,29.02,36.5,53.1,1.11,0.66,559.0,28.9,0
2.6,21.78,42.5,29.7,3.13,0.3,585.8,13.1,0
2.31,16.39,46.0,57.5,2.24,3.93,320.7,25.5,0
2.9,16.86,43.9,33.6,1.47,0.24,308.3,17.0,0
2.35,23.57,38.4,44.0,0.3,0.9,297.5,31.2,0
2.36,20.24,58.9,43.9,2.03,0.11,657.6,21.8,0
2.18,21.57,54.5,42.4,0.53,6.02,441.9,13.1,0
2.69,29.26,48.2,47.4,0.31,0.97,623.9,33.0,0
2.64,18.85,41.0,55.8,0.75,2.02,410.0,19.1,0
1.95,22.27,55.6,47.6,2.26,0.99,497.8,28.9,0
1.67,28.39,40.4,41.9,2.27,1.96,379.1,22.8,0
2.12,23.22,60.7,52.6,0.3,0.92,450.9,34.1,0
1.88,14.77,46.1,50.1,2.23,0.71,243.6,33.8,0
2.17,24.27,57.3,41.3,0.35,0.73,452.4,29.7,0
2.69,16.77,43.9,48.4,3.19,0.0,439.1,27.2,0
2.02,28.33,45.7,40.5,2.73,0.56,245.8,24.9,0
2.18,18.3,57.3,39.3,0.3,3.64,563.7,19.6,0
2.22,35.36,66.9,56.1,2.01,1.35,586.1,23.9,0
2.54,28.6,60.6,52.5,1.11,3.02,400.7,31.3,0
1.3,18.42,53.8,55.7,3.14,0.27,319.2,41.7,0
1.96,22.09,50.9,54.4,0.95,0.81,759.6,32.0,0
2.28,25.39,39.9,39.1,4.08,0.04,538.4,33.0,0
2.68,25.53,48.0,58.0,2.84,1.36,143.0,27.2,0
2.0,23.99,35.9,45.0,0.58,1.84,435.8,31.7,0
1.45,27.63,48.8,57.3,4.46,1.65,402.3,13.0,0
2.45,21.45,49.4,46.7,2.0,0.11,391.2,22.9,0
1.95,20.35,25.4,51.1,1.55,0.34,663.8,32.9,0
1.72,20.44,45.4,51.4,0.84,1.28,537.9,33.1,0
1.95,25.86,49.1,56.1,1.87,1.71,595.3,24.2,0
2.13,23.64,44.2,31.7,3.2,0.38,479.3,18.8,0
1.96,23.31,48.6,32.2,2.24,0.63,628.0,27.5,0
1.32,25.58,31.6,54.7,2.33,0.52,444.0,25.0,0
2.56,12.77,37.2,51.6,1.77,0.01,534.9,34.6,0
2.71,23.4,55.3,40.2,3.64,1.03,573.1,32.9,0
2.46,22.98,45.0,51.6,2.01,1.33,406.6,38.8,0
1.74,29.51,48.4,33.9,0.88,0.39,185.5,35.8,0
2.12,15.12,39.5,80.6,1.04,1.4,246.0,26.1,0
2.2,29.01,45.2,61.1,1.66,0.33,846.8,30.4,0
2.44,22.34,22.0,54.2,1.42,1.51,597.7,42.2,0
2.47,24.2,53.5,48.8,3.34,0.73,604.7,25.2,0
1.91,29.54,63.1,41.8,2.37,2.47,713.2,29.2,0
2.23,24.52,34.3,34.9,1.67,0.94,331.3,28.0,0
2.38,23.8,35.6,46.9,0.97,0.24,391.4,28.1,0
2.78,23.09,49.4,39.4,1.33,2.07,334.3,21.9,0
2.48,19.82,59.7,40.0,1.2,1.8,853.5,37.2,0
2.52,21.87,45.0,33.8,2.78,0.11,350.3,21.6,0
2.23,18.78,32.7,50.5,0.3,0.06,688.1,41.0,0
2.76,21.8,42.9,44.2,0.94,0.18,401.2,39.5,0
2.36,11.49,34.7,53.4,0.54,2.24,512.8,29.8,0
1.86,23.93,38.3,52.6,0.93,0.46,690.5,28.0,0
2.76,21.45,42.0,50.3,2.31,0.84,542.9,22.6,0
2.48,20.49,35.7,74.6,2.37,1.11,480.3,28.5,0
2.02,22.99,37.2,56.2,2.2,1.63,840.3,35.6,0
2.01,15.55,45.7,35.4,0.51,2.13,224.9,23.2,0
2.32,30.68,47.2,52.6,1.79,0.87,358.4,38.3,0
2.39,21.54,30.8,47.5,3.81,0.64,453.6,35.2,0
2.28,21.34,49.0,34.6,1.32,0.26,656.6,27.3,0
2.32,17.66,41.2,33.8,1.49,1.12,424.5,33.6,0
2.88,22.11,52.2,52.5,1.02,0.96,645.2,21.6,0
2.63,28.24,52.8,55.0,1.63,0.41,241.6,27.3,0
2.28,26.66,39.6,37.5,1.75,0.71,672.2,43.5,0
2.58,25.84,51.1,57.7,1.66,1.61,634.0,36.4,0
1.79,24.46,36.6,50.8,1.55,1.18,338.8,31.5,0
2.36,20.39,58.2,60.0,0.3,0.79,494.8,28.5,0
2.92,15.47,37.0,58.9,5.58,0.38,459.6,27.5,0
2.11,21.1,48.5,46.4,4.04,1.32,567.5,27.8,0
1.86,20.94,43.1,64.4,2.58,1.19,674.2,22.6,0
1.94,26.72,34.8,36.8,1.46,0.74,397.5,32.6,0
1.76,23.39,54.0,71.9,3.16,0.33,555.4,35.3,0
1.89,29.26,38.9,39.2,2.5,0.23,536.8,26.2,0
2.05,27.39,28.0,47.5,3.63,0.5,518.7,31.3,0
1.64,19.95,16.2,42.3,1.29,2.87,718.3,22.9,0
2.21,13.92,36.2,44.2,1.28,1.68,524.1,27.5,0
2.56,28.24,58.8,77.2,5.08,2.66,317.8,22.1,0
1.84,28.12,57.6,43.4,3.32,2.22,610.7,26.4,0
2.81,15.85,37.8,56.5,2.84,0.74,740.1,28.8,0
2.4,28.79,41.3,45.6,0.69,0.91,521.0,32.2,0
2.61,23.72,40.4,57.4,0.94,0.22,702.8,23.7,0
1.94,22.72,31.7,42.6,0.37,1.53,437.1,31.3,0
2.54,29.27,35.5,50.6,0.54,0.66,562.1,21.3,0
1.76,28.05,54.8,54.3,1.45,0.21,265.6,30.2,0
2.56,24.93,50.0,40.8,1.09,0.12,408.5,43.5,0
2.27,24.13,47.7,75.6,1.62,1.43,525.3,25.4,0
2.42,24.77,31.6,54.8,2.06,0.79,600.5,18.7,0
1.73,20.2,46.0,45.7,0.79,0.01,565.5,34.3,0
1.84,21.75,22.0,41.0,2.17,2.09,692.0,30.0,0
2.44,17.94,53.4,48.9,1.92,1.16,270.7,31.2,0
1.82,20.5,47.6,35.8,0.98,0.05,720.5,36.9,0
2.39,20.35,31.5,65.8,3.18,0.44,392.9,23.0,0
1.65,19.14,61.2,52.3,1.52,1.54,315.7,23.2,0
2.54,22.62,27.0,47.1,0.48,0.07,655.5,31.8,0
1.71,20.54,50.3,58.5,0.57,1.6,333.1,35.3,0
2.42,24.26,50.6,40.8,2.77,0.84,712.0,29.7,0
2.45,14.7,32.6,36.4,1.83,1.83,172.7,27.5,0
1.92,21.49,44.6,46.7,1.49,2.32,386.6,30.3,0
2.43,22.59,28.6,49.3,1.53,1.75,631.6,33.1,0
2.3,20.6,16.5,53.3,0.75,0.1,600.8,17.9,0
1.98,21.22,34.3,33.2,1.53,0.74,104.9,21.1,0
1.8,14.87,38.8,43.4,0.75,0.46,400.4,27.4,0
1.41,23.6,51.4,20.0,1.63,0.85,242.6,32.8,0
2.34,24.91,45.7,36.2,1.87,4.05,520.8,43.2,0
1.57,24.22,45.9,55.2,0.65,0.16,507.7,27.2,0
2.24,26.67,34.9,57.6,0.94,2.41,462.8,29.7,0
2.09,22.91,39.7,36.6,2.39,5.63,484.0,23.3,0
2.47,24.15,35.7,44.8,3.0,5.53,334.8,32.6,0
2.08,22.7,32.8,48.3,2.96,1.91,389.9,20.3,0
2.07,25.09,39.1,58.8,1.48,0.75,660.0,27.9,0
2.49,14.9,45.7,63.3,3.54,0.24,426.5,21.3,0
2.33,17.98,39.3,49.5,0.94,1.12,414.3,13.2,0
2.33,29.14,41.8,45.4,0.38,1.13,671.0,46.9,0
2.39,10.93,51.9,33.6,1.15,0.46,323.2,33.6,0
1.59,21.37,40.0,49.1,1.07,1.15,721.9,33.7,0
2.5,27.28,31.7,68.7,0.89,0.15,734.7,34.4,0
2.44,21.58,50.6,60.9,2.71,1.21,347.7,38.0,0
1.79,20.18,47.7,49.7,1.71,2.72,638.1,29.1,0
2.1,22.58,48.3,51.0,3.56,0.77,175.7,34.1,0
2.18,20.41,51.3,41.1,1.12,1.74,515.3,24.5,0
2.15,22.14,49.6,44.4,1.38,1.21,348.7,26.8,0
2.33,18.92,45.3,49.5,2.37,0.0,575.8,17.3,0
2.77,26.99,68.9,49.5,3.08,0.16,547.2,29.4,0
2.63,28.4,32.2,58.1,4.83,1.79,458.5,24.3,0
1.68,21.4,39.1,57.6,1.42,0.05,336.0,27.1,0
2.45,15.76,54.7,53.2,0.3,3.76,637.6,33.8,0
2.73,19.64,46.4,38.0,0.3,2.69,495.3,30.1,0
2.35,21.17,52.6,38.4,6.14,0.54,393.9,35.2,0
2.64,24.27,46.7,39.1,1.34,0.45,423.0,23.9,0
3.0,17.46,58.7,50.4,4.84,1.14,485.7,30.7,0
2.61,18.54,34.9,27.7,1.79,1.14,485.1,23.5,0
2.3,24.3,58.4,47.9,3.8,0.11,546.5,26.8,0
2.62,26.23,56.7,62.1,3.0,0.29,643.4,25.9,0
2.26,19.2,32.9,54.7,0.63,1.21,657.1,20.9,0
2.21,16.0,51.3,44.5,4.54,1.94,466.0,25.1,0
2.06,36.78,44.6,41.0,0.77,0.26,563.8,32.0,0
2.83,25.52,38.9,56.1,3.2,1.45,469.9,21.6,0
1.87,20.8,26.1,51.1,2.7,2.45,682.0,23.4,0
2.81,25.91,34.9,45.5,3.47,0.15,480.1,36.7,0
2.4,21.44,52.1,42.1,1.68,0.69,518.1,37.9,0
1.64,25.9,53.1,48.8,3.14,2.28,496.1,33.8,0
2.35,22.72,42.9,45.0,0.82,0.56,569.2,40.0,0
1.36,22.41,53.2,55.8,1.57,0.38,594.7,37.6,0
2.45,21.49,54.5,60.4,3.04,1.64,707.8,27.4,0
2.55,15.49,46.5,34.3,3.64,0.61,681.7,41.9,0
1.96,30.72,37.8,35.7,0.82,1.47,506.5,38.9,0
2.25,17.76,49.4,61.5,3.07,0.16,493.5,27.5,0
2.98,15.88,49.9,49.7,2.92,0.97,466.2,29.8,0
2.0,21.04,51.7,36.7,2.68,0.57,651.2,23.4,0
1.78,17.67,53.7,57.8,1.37,7.1,536.8,27.3,0
2.79,21.77,31.4,51.4,0.3,1.07,869.3,17.1,0
2.99,25.09,39.9,70.0,2.89,1.38,490.5,23.9,0
2.2,26.48,26.0,45.6,3.67,0.17,728.2,33.6,0
2.6,25.67,52.5,59.1,4.06,5.79,729.5,20.8,0
2.74,20.62,42.9,33.5,0.5,0.06,725.5,25.8,0
1.9,22.22,49.3,62.0,0.3,0.09,450.6,31.9,0
2.01,23.84,30.2,57.4,1.19,0.09,487.4,26.0,0
2.69,14.09,59.0,64.0,2.43,2.45,475.7,36.1,0
2.87,24.57,33.1,59.1,2.79,1.56,721.0,36.4,0
2.43,15.44,52.7,47.0,1.26,4.34,432.5,23.7,0
1.85,31.18,46.2,36.3,1.46,0.08,413.3,24.9,0
2.99,20.18,43.1,42.0,1.59,1.41,604.1,28.3,0
1.99,21.17,42.3,30.4,0.61,0.91,300.8,23.3,0
2.07,18.54,38.6,38.8,2.37,1.22,615.2,39.4,0
2.34,19.17,58.0,52.3,5.42,0.86,328.8,25.1,0
2.82,32.23,45.1,47.5,2.2,1.35,438.2,34.4,0
2.54,26.23,32.3,45.8,3.27,2.85,673.3,17.5,0
2.37,15.03,41.2,40.1,1.15,1.06,416.6,22.6,0
2.39,28.77,46.3,30.3,1.22,2.72,546.0,20.4,0
2.22,27.37,54.0,49.8,1.67,1.83,681.3,19.3,0
2.42,20.73,39.0,51.8,1.25,2.4,329.2,24.4,0
1.19,23.38,39.6,38.1,0.75,1.29,526.0,30.6,0
2.08,21.93,45.2,42.7,2.28,0.88,597.0,38.7,0
2.3,30.88,53.7,63.4,0.83,0.09,287.0,26.6,0
1.74,18.42,31.3,59.6,1.0,2.16,344.3,28.6,0
2.35,22.66,50.1,33.2,2.97,0.33,742.4,30.4,0
2.12,20.07,40.4,47.2,2.84,0.04,328.1,22.9,0
2.9,15.55,41.8,62.5,1.3,0.88,447.6,27.8,0
2.83,31.86,65.0,45.8,2.15,1.2,197.6,42.6,0
2.01,16.68,43.0,45.3,7.29,1.3,382.1,30.7,0
2.14,22.99,52.5,58.9,0.3,1.33,616.4,42.6,0
2.17,14.17,52.2,57.9,1.1,1.27,643.8,28.2,0
2.02,20.2,33.2,57.4,2.92,1.98,619.1,23.7,0
2.28,23.9,26.5,45.4,0.97,1.76,494.8,35.3,0
1.9,18.29,53.2,54.6,1.02,2.01,338.7,36.8,0
1.75,24.64,34.2,62.9,0.42,0.74,562.0,24.5,0
2.45,20.79,28.4,47.5,1.36,0.08,433.8,30.6,0
2.45,27.22,55.3,44.0,0.91,1.22,258.8,27.6,0
1.88,28.13,34.8,60.3,1.46,0.28,504.3,18.3,0
2.56,19.36,37.3,68.5,1.28,2.36,690.5,18.7,0
1.95,22.35,64.7,69.2,1.68,1.53,666.5,26.6,0
2.3,22.83,28.4,44.3,1.67,1.74,676.6,36.1,0
2.53,24.79,32.4,45.3,2.94,0.4,545.4,34.0,0
2.19,22.06,40.4,37.7,1.72,1.2,360.6,21.6,0
2.38,22.86,42.6,49.2,0.99,0.9,588.1,20.1,0
1.99,20.9,36.1,37.3,3.42,0.38,522.7,21.9,0
2.12,22.52,33.4,42.7,0.85,2.01,461.4,21.3,0
2.12,27.84,60.1,55.0,3.03,0.96,600.0,21.8,0
1.9,24.91,47.6,51.9,0.86,0.25,568.5,13.8,0
2.13,25.16,50.9,29.9,7.44,0.44,407.0,10.9,0
1.58,25.25,43.6,63.7,1.01,0.31,400.1,10.1,0
2.0,21.31,47.9,37.1,3.52,0.45,327.1,17.1,0
2.09,23.43,54.3,38.4,0.49,0.25,538.5,36.2,0
2.1,17.12,35.0,35.6,8.66,0.56,636.1,52.0,0
2.1,27.71,47.6,41.4,1.29,1.42,411.3,42.1,0
2.18,9.48,52.0,39.0,0.74,3.84,340.1,29.7,0
2.39,21.61,60.4,39.3,2.25,0.28,575.5,22.6,0
2.55,27.13,64.5,23.4,2.39,0.43,736.8,25.0,0
1.94,15.86,45.7,49.3,1.81,0.0,798.5,29.0,0
1.72,23.8,56.4,50.3,1.1,0.31,727.3,42.5,0
1.78,18.94,18.3,70.4,1.19,0.65,492.6,21.1,0
2.01,20.34,60.5,52.9,0.97,0.74,364.9,28.0,0
2.06,26.26,37.7,43.0,2.15,0.37,591.2,28.7,0
1.89,22.89,42.6,36.0,1.13,0.2,489.4,27.4,0
1.68,12.85,49.4,47.0,3.35,0.99,470.1,13.9,0
2.02,17.61,43.5,52.5,2.76,0.63,785.1,26.1,0
2.27,26.39,47.0,43.0,2.57,0.67,707.8,18.5,0
2.44,24.02,60.9,48.6,0.91,2.7,595.5,44.0,0
1.98,29.87,41.2,67.0,0.67,0.99,485.5,32.0,0
2.03,29.57,34.1,44.2,2.54,0.59,501.1,35.8,0
1.83,20.46,63.1,29.1,2.06,0.35,268.4,21.8,0
2.19,33.26,50.3,56.7,2.36,0.67,656.9,24.9,0
1.86,22.11,64.2,51.1,1.29,2.38,694.6,42.3,0
2.43,17.67,53.6,30.9,1.05,4.03,385.3,35.2,0
1.49,19.15,31.8,52.3,2.69,0.57,405.8,31.0,0
2.06,11.84,51.5,38.0,0.93,0.28,646.3,37.4,0
2.32,29.23,35.2,52.4,2.96,2.95,451.3,41.7,0
2.27,29.18,45.1,67.1,2.23,0.19,670.3,38.6,0
3.28,17.43,44.2,46.2,1.02,0.42,382.7,35.3,0
2.34,20.97,28.8,58.8,2.21,0.27,453.2,36.0,0
1.8,22.43,36.9,35.7,2.59,1.0,577.8,25.7,0
2.16,17.68,67.1,32.8,3.37,0.63,451.4,29.4,0
1.49,14.1,47.4,68.2,1.0,0.41,442.8,32.8,0
2.17,21.05,43.2,51.1,1.27,1.75,439.4,30.2,0
1.87,20.56,63.1,54.4,3.78,1.31,604.2,31.5,0
2.57,20.25,41.0,59.5,2.22,6.49,644.4,27.0,1
1.98,23.0,44.1,42.7,1.05,0.45,573.9,8.9,0
2.15,28.43,54.9,56.3,3.13,2.24,395.4,32.7,0
1.95,20.64,41.0,54.7,3.85,0.43,705.2,28.8,0
2.9,22.77,37.5,35.1,1.88,0.01,538.3,28.9,0
2.07,25.27,22.5,63.1,3.15,0.2,657.6,43.4,0
2.93,24.49,35.6,61.1,1.44,0.85,306.5,30.5,0
2.53,19.24,35.5,35.2,2.08,1.99,675.1,22.4,0
2.39,22.43,46.6,50.0,2.22,0.07,444.2,32.8,0
2.35,24.46,38.9,45.7,0.85,2.14,433.6,28.6,0
2.36,16.92,66.6,62.2,1.08,1.51,560.8,35.8,0
1.43,27.69,34.4,33.9,2.24,0.04,192.4,23.8,0
2.09,28.44,59.0,84.0,5.09,0.13,552.5,22.3,0
2.54,18.75,47.2,46.3,0.99,0.09,458.5,24.2,0
2.18,22.87,53.1,55.4,1.56,1.36,712.1,15.9,0
1.64,24.89,52.5,61.9,2.89,0.99,540.7,24.9,0
2.18,19.54,22.8,46.0,2.34,0.53,351.0,39.1,0
2.88,24.17,44.9,46.9,1.08,0.11,379.8,22.9,0
2.7,22.73,42.4,43.0,5.22,0.6,131.1,18.5,0
2.18,15.39,33.7,39.1,2.04,1.38,864.3,24.3,0
2.58,24.07,49.6,50.7,1.91,0.12,124.4,29.5,0
2.05,17.05,62.2,46.6,1.94,2.33,418.9,22.8,0
1.52,26.23,18.3,42.9,1.43,0.08,611.2,28.5,0
1.83,18.98,39.7,43.5,5.24,1.12,720.1,29.8,0
2.83,21.27,32.5,53.8,0.37,0.25,770.6,28.0,0
2.09,28.18,45.7,40.0,1.43,0.12,485.1,27.4,0
2.1,24.23,41.7,45.5,0.74,0.53,575.3,40.3,0
2.08,17.14,38.9,57.0,1.39,1.32,454.2,29.2,0
2.96,17.43,51.9,50.5,3.93,0.15,266.6,22.5,0
2.85,19.3,61.4,37.5,5.69,0.77,343.2,33.3,0
3.09,23.78,71.6,47.8,0.92,0.63,242.5,27.6,0
2.14,23.61,37.6,52.4,1.96,0.67,547.4,28.5,0
2.32,18.21,26.8,57.9,2.06,3.45,448.7,35.1,0
1.59,16.75,50.6,40.4,1.05,0.52,471.9,37.4,0
2.79,23.27,61.1,42.4,2.06,5.74,600.8,20.0,0
1.73,21.18,53.1,41.0,4.88,0.93,537.1,40.1,0
2.29,31.71,61.1,41.5,0.58,2.22,599.4,27.5,0
1.76,22.16,42.7,52.1,2.14,0.51,771.7,27.6,0
1.96,30.16,38.9,53.9,2.5,0.11,380.9,20.9,0
1.87,16.73,46.2,58.5,4.27,0.11,219.0,33.2,0
1.96,14.92,41.7,47.1,1.05,1.02,413.0,18.0,0
1.98,16.96,51.6,33.9,0.64,3.19,469.0,31.8,0
1.98,27.35,54.7,54.7,1.02,0.09,565.3,39.6,0
2.53,29.9,55.5,49.6,1.49,1.4,608.6,25.8,0
1.76,18.48,50.1,48.6,2.36,0.99,340.3,35.6,0
2.29,19.93,47.5,35.2,3.78,1.27,318.1,28.6,0
2.69,16.74,52.9,46.0,2.52,0.29,704.7,18.3,0
1.99,13.85,25.4,36.1,0.89,0.09,547.8,28.8,0
1.91,25.23,47.1,52.8,1.68,0.09,553.0,26.7,0
2.11,23.0,45.5,43.7,1.78,0.34,539.6,34.3,0
2.67,22.05,47.1,42.8,2.11,0.29,522.2,25.5,0
2.28,15.7,44.1,32.6,1.61,0.16,466.3,31.5,0
1.99,29.38,49.3,58.3,2.36,0.37,393.6,20.6,0
2.39,19.73,39.3,45.4,1.21,0.92,419.1,31.0,0
1.76,24.4,56.3,48.9,4.15,3.58,824.9,28.2,0
2.47,15.45,49.7,40.6,3.01,3.07,770.7,27.1,0
2.36,21.14,46.5,31.5,2.39,0.38,639.1,28.2,0
2.08,23.31,38.0,42.7,1.37,0.08,489.9,26.0,0
1.86,23.47,53.2,44.3,1.85,6.52,584.8,29.0,0
1.85,22.7,47.1,50.9,1.1,0.78,286.4,26.6,0
2.41,24.23,37.4,44.4,3.28,4.6,649.5,21.2,0
2.69,16.91,44.4,40.8,4.25,0.93,464.0,18.9,0
1.95,22.89,51.3,33.0,3.59,2.61,502.3,24.5,0
2.38,22.51,50.5,48.5,0.5,0.71,514.7,25.8,0
1.37,23.04,49.9,40.0,1.92,1.17,473.1,7.0,0
1.97,22.33,45.9,61.2,0.41,0.92,620.6,28.1,0
2.19,16.27,55.3,49.5,3.52,0.3,739.2,43.4,0
1.84,16.07,57.4,53.6,1.57,1.73,628.5,32.8,0
1.83,12.04,52.4,45.5,0.3,0.07,509.9,26.8,0
1.93,25.68,39.1,50.0,1.65,0.54,340.1,22.3,0
2.32,25.72,34.4,39.1,4.47,2.45,505.9,16.1,0
2.13,25.8,39.6,36.2,4.9,0.84,488.4,34.2,0
1.3,23.38,64.5,48.2,1.39,0.1,623.7,31.0,0
1.35,12.4,47.8,53.7,2.37,0.28,403.3,19.4,0
1.96,17.38,66.3,28.5,1.53,0.14,366.8,34.7,0
2.38,22.77,43.8,43.0,4.0,0.39,544.8,33.9,0
1.1,22.61,42.4,66.4,2.07,0.22,638.1,23.3,0
2.0,21.0,44.3,52.8,1.14,1.49,522.9,26.0,0
1.99,23.66,44.1,63.4,2.47,1.29,645.0,29.7,0
2.76,22.05,37.3,41.7,2.48,0.17,308.6,31.9,0
2.05,22.54,33.5,43.4,1.69,0.71,571.0,20.3,0
2.35,19.12,50.0,57.7,1.61,0.42,307.7,32.0,0
2.26,26.42,55.5,54.2,4.07,0.49,900.1,28.4,0
1.35,20.06,69.4,47.1,1.95,1.03,701.1,35.8,0
2.51,16.01,40.7,35.4,0.57,2.75,557.7,33.3,0
2.29,18.53,41.5,59.6,0.83,2.73,259.4,28.4,0
2.4,20.43,37.3,73.1,2.04,0.64,293.7,34.4,0
3.77,26.47,56.3,32.3,1.64,0.6,784.3,17.4,0
1.37,21.81,53.1,62.0,1.6,0.88,326.4,25.4,0
2.89,21.16,36.2,43.3,0.61,0.77,575.0,21.2,0
2.09,16.38,36.0,44.7,2.72,0.08,773.5,24.1,0
2.31,25.53,54.5,50.7,2.21,1.04,515.9,24.0,0
2.18,19.07,48.8,35.9,1.82,1.05,320.8,19.2,0
2.03,21.55,52.6,47.6,0.48,0.72,233.7,34.7,0
1.97,28.66,36.2,31.9,0.93,0.64,557.4,33.3,0
2.33,24.29,26.2,52.8,0.58,3.36,334.4,23.8,0
1.59,14.67,36.3,70.3,0.68,1.1,500.3,11.8,0
2.5,14.04,51.9,41.6,0.76,2.03,340.2,24.5,0
2.03,21.71,66.1,46.3,0.72,3.69,409.8,27.7,0
1.75,16.54,40.7,46.8,0.92,1.99,414.6,37.5,0
2.02,24.92,67.8,57.9,5.32,3.44,460.8,24.1,0
2.7,22.19,53.3,52.1,1.92,1.71,388.9,34.8,0
1.99,22.74,31.1,57.2,1.46,0.22,542.7,24.5,0
2.34,18.82,47.1,42.9,2.47,0.31,649.6,32.0,0
1.91,29.84,53.6,52.3,0.3,0.26,446.0,33.7,0
2.5,34.79,20.7,20.0,1.65,0.47,539.1,32.0,0
2.47,20.75,51.4,54.7,2.61,0.53,359.7,21.3,0
2.94,23.59,56.7,35.8,4.96,2.0,264.9,25.5,0
2.13,22.44,49.0,44.7,1.7,0.54,560.3,32.1,0
2.47,20.83,44.4,55.5,1.11,1.56,631.9,16.9,0
2.24,18.26,43.3,32.6,0.63,2.81,213.0,33.5,0
2.72,17.12,42.7,58.9,1.71,0.15,486.3,19.5,0
1.91,16.89,33.2,46.8,1.12,0.0,564.8,18.5,0
2.5,23.82,38.1,62.5,1.25,2.63,543.4,24.3,0
2.12,19.66,40.8,39.0,1.81,0.33,411.5,23.2,0
2.17,10.4,46.1,29.9,1.02,0.2,507.1,29.3,0
2.24,24.0,39.4,47.7,0.47,0.42,639.0,29.9,0
2.3,21.83,36.3,53.9,2.08,0.25,371.0,28.5,0
2.15,28.06,52.6,54.7,0.93,1.89,733.2,21.1,0
2.29,23.68,48.7,36.6,2.89,1.21,291.8,36.5,0
2.83,15.35,39.6,31.8,0.72,0.22,634.7,28.5,0
2.59,11.97,50.1,44.9,3.59,1.05,508.1,34.5,0
2.55,18.76,40.5,53.2,1.09,0.28,422.8,11.9,0
2.02,19.19,45.6,52.7,4.55,0.26,223.7,31.7,0
1.84,26.24,54.8,63.7,0.46,1.09,678.5,24.0,0
2.58,21.96,39.0,44.3,3.32,1.31,359.9,33.3,0
2.55,27.1,33.3,29.6,0.99,0.51,495.5,40.5,0
2.79,16.04,43.5,60.0,0.37,1.73,570.7,19.8,0
1.96,26.34,31.4,50.0,0.81,2.18,856.9,34.0,0
2.11,25.24,42.2,50.8,4.66,2.98,446.6,23.8,0
1.54,12.92,42.2,55.7,1.23,1.18,507.7,14.9,0
2.04,27.95,20.4,60.6,2.2,0.3,562.1,34.5,0
2.6,22.42,50.3,47.8,1.24,1.66,517.5,40.7,0
2.01,23.76,43.2,59.8,1.71,0.14,385.8,42.8,0
2.46,18.11,56.8,53.5,1.22,0.24,722.8,30.1,0
2.12,27.74,47.2,41.4,0.89,2.15,430.9,17.9,0
2.33,16.66,52.4,45.7,2.27,2.9,570.2,26.5,0
1.74,25.74,56.9,54.2,0.37,0.08,467.5,27.2,0
2.23,25.69,43.7,40.9,0.63,0.45,409.1,35.7,0
1.0,17.62,45.0,56.9,2.5,1.19,657.2,27.8,0
2.13,30.93,29.3,49.6,1.58,3.35,539.4,13.5,0
1.55,23.04,57.4,51.8,3.08,1.01,172.3,32.4,0
2.68,24.94,43.5,62.4,5.09,2.06,544.7,28.5,0
2.51,15.13,34.9,51.6,2.52,3.07,405.9,34.3,0
2.39,31.53,52.4,48.7,5.09,0.88,261.7,29.7,0
2.81,16.49,23.2,47.2,3.24,1.62,643.5,32.8,0
1.82,26.61,40.7,46.7,1.24,1.3,385.5,28.1,0
2.9,17.52,54.1,51.1,2.85,1.34,539.4,30.0,0
2.57,19.21,40.6,61.6,4.37,0.87,638.0,21.5,0
2.11,25.55,37.8,41.9,2.22,1.17,463.6,30.5,0
2.65,26.62,40.8,41.1,2.48,0.97,537.7,26.7,0
1.76,16.28,24.9,60.9,0.82,1.22,397.9,31.4,0
1.87,26.91,52.2,42.3,2.54,0.84,665.6,19.7,0
1.96,26.7,43.8,50.2,1.74,0.3,472.7,37.8,0
1.99,17.78,42.3,42.1,1.23,1.42,580.6,29.7,0
1.78,29.19,42.3,31.2,3.46,0.58,725.8,33.6,0
2.69,15.44,45.1,50.0,0.43,0.16,222.3,28.0,0
2.1,19.19,51.5,59.2,2.28,2.29,397.2,32.2,0
2.34,24.16,44.5,47.4,2.87,0.24,474.1,12.3,0
1.97,18.16,31.4,33.2,1.51,0.93,519.1,27.2,0
1.47,23.19,50.8,49.1,4.79,1.53,592.3,22.4,0
2.31,23.08,50.0,40.4,1.69,1.25,683.1,25.5,0
1.44,21.16,47.1,21.8,0.81,0.21,388.2,35.1,0
2.17,25.75,55.8,47.2,0.79,0.26,469.7,16.8,0
1.65,20.97,45.3,53.2,1.75,0.19,668.3,33.2,0
2.99,23.04,56.1,59.8,0.7,0.09,550.7,31.2,0
2.56,27.16,59.1,65.6,5.71,0.4,244.9,37.0,0
2.24,25.56,50.8,54.5,1.17,0.89,232.5,13.5,0
2.71,25.54,37.5,57.3,4.19,0.23,426.6,32.1,0
1.86,16.83,43.7,35.2,3.72,4.24,582.8,29.8,0
2.42,24.36,57.4,64.2,2.15,1.44,580.0,27.6,0
2.28,18.05,30.0,60.7,1.48,1.05,366.0,38.1,0
2.31,16.23,41.1,44.3,1.74,1.37,599.5,13.2,0
2.71,21.68,41.6,54.8,3.21,0.69,537.8,28.9,0
2.49,17.93,36.3,53.8,2.0,0.76,337.8,35.2,0
2.32,25.56,53.7,62.7,3.48,2.63,409.8,16.6,0
1.54,25.67,48.8,46.5,0.9,1.54,208.3,32.2,0
1.82,13.44,37.9,40.5,2.2,1.06,321.4,30.3,0
2.15,18.27,51.1,43.1,1.18,3.6,217.4,13.1,0
2.24,15.43,43.4,57.0,1.08,1.3,268.0,35.7,0
1.75,19.92,36.1,28.8,1.24,0.61,751.9,21.8,0
3.16,24.05,37.9,20.0,2.67,0.06,440.0,39.0,0
2.81,20.91,49.4,56.9,2.39,0.59,233.9,32.0,0
2.44,19.35,54.4,50.7,0.3,3.11,562.8,30.1,0
2.23,27.85,40.1,48.2,4.71,0.05,543.5,35.1,0
2.12,11.63,50.4,34.9,2.18,0.24,528.9,34.3,0
1.82,27.57,60.8,30.9,0.99,1.98,369.0,14.3,0
2.23,19.55,32.4,41.7,2.95,0.54,593.4,16.1,0
2.3,21.65,48.6,51.6,3.64,0.25,335.3,27.0,0
1.7,19.63,53.3,42.1,1.91,2.03,619.0,20.5,0
2.33,28.94,44.0,57.0,1.64,0.98,632.7,39.6,0
2.14,16.46,57.4,38.5,1.26,0.95,490.4,21.1,0
1.44,22.05,67.0,42.8,2.67,0.42,280.4,28.6,0
1.86,24.37,48.4,55.0,2.53,1.35,620.4,32.1,0
2.03,14.75,42.7,44.2,3.26,2.38,412.5,45.1,0
2.96,17.86,54.8,44.7,2.84,1.66,541.2,36.0,0
2.42,21.33,53.4,41.6,2.35,1.14,603.6,23.4,0
1.67,18.01,19.8,39.7,2.0,0.52,378.6,31.7,0
2.39,18.33,45.0,51.5,2.14,2.32,821.9,32.9,0
1.58,20.43,41.1,52.8,3.13,1.0,493.4,32.4,0
2.63,24.92,49.0,50.3,2.98,2.64,399.4,21.1,0
2.01,20.46,43.1,41.8,1.63,0.35,649.9,42.2,0
2.16,26.85,44.1,46.0,1.44,1.27,732.5,19.4,0
2.73,17.51,36.4,64.0,5.18,3.28,190.0,32.8,0
1.69,16.37,52.3,33.8,0.51,0.56,292.8,21.8,0
1.64,30.67,61.6,66.9,1.07,3.63,383.7,30.7,0
1.97,19.04,36.5,49.0,2.08,0.6,817.0,26.6,0
2.62,16.1,31.0,46.2,4.0,0.69,428.1,18.9,0
1.59,14.16,45.2,57.5,3.57,1.97,728.1,10.7,0
1.07,26.84,44.7,27.3,1.89,0.36,533.0,34.2,0
2.02,20.46,56.7,61.8,0.52,1.47,282.5,24.1,0
2.42,20.86,32.7,66.6,1.15,0.43,632.1,29.0,0
2.68,21.28,39.6,58.9,2.21,1.08,547.5,40.6,0
2.01,26.56,23.5,27.0,2.74,1.8,370.7,32.4,0
2.04,21.19,58.7,55.6,3.81,0.03,400.9,7.7,0
2.66,32.55,47.5,64.5,1.72,0.11,342.6,19.4,0
1.45,22.6,40.4,63.4,0.66,3.27,406.3,15.1,0
2.04,26.78,31.8,33.9,0.51,2.03,598.8,22.2,0
2.28,25.62,32.7,58.2,1.46,2.51,364.4,26.1,0
2.38,21.84,49.1,66.0,2.98,0.69,512.7,45.9,0
2.0,19.36,33.9,48.3,1.73,1.51,547.1,35.0,0
2.21,23.49,46.0,33.5,0.45,7.64,491.8,30.5,0
1.2,24.3,65.4,56.3,1.35,0.68,257.7,31.1,0
1.94,19.42,41.5,58.5,3.72,2.25,612.3,31.3,0
2.38,22.75,35.4,46.6,0.3,0.1,325.2,15.7,0
1.81,27.56,48.8,36.1,1.39,0.94,413.7,18.1,0
2.22,31.31,32.7,57.8,3.55,0.49,431.0,31.2,0
2.38,25.84,62.2,40.3,0.97,0.89,495.2,28.0,0
2.06,30.38,59.0,52.0,1.88,0.15,514.4,30.1,0
2.27,19.17,43.4,63.6,2.89,0.55,602.9,39.2,0
1.81,25.16,36.0,31.4,6.07,0.1,453.2,23.2,0
2.12,28.02,40.7,57.1,3.03,0.72,317.5,25.4,0
2.44,17.97,42.0,45.9,0.68,0.7,663.1,29.7,0
2.26,19.81,48.8,46.2,4.19,0.48,439.8,16.1,0
1.97,29.82,55.4,53.1,2.03,3.56,472.3,17.7,0
2.29,17.61,34.6,40.3,0.6,0.1,349.9,37.5,0
2.49,15.96,55.1,36.2,0.3,2.09,370.2,25.9,0
1.38,28.88,51.2,30.2,0.5,0.53,716.4,24.6,0
2.66,27.39,39.9,60.3,1.14,0.27,293.7,29.7,0
2.07,23.94,34.1,44.3,1.64,0.38,315.9,16.3,0
2.37,21.79,46.2,53.7,2.08,2.79,430.7,25.9,0
2.68,20.03,34.4,43.1,2.89,2.09,547.7,24.0,0
1.65,23.27,55.2,36.4,0.52,0.02,354.9,30.6,0
1.92,29.11,33.8,54.5,0.98,0.19,263.3,13.2,0
2.08,23.07,50.5,51.3,1.81,1.35,316.9,22.4,0
1.89,31.75,44.2,45.6,1.7,0.46,437.6,24.8,0
2.89,17.96,39.4,51.0,2.13,3.02,349.9,24.6,0
1.86,21.91,44.0,38.4,1.41,1.85,833.5,35.4,0
1.98,20.32,55.8,58.6,3.3,2.5,797.3,22.5,0
2.28,17.12,33.1,60.9,2.46,0.26,674.8,49.5,0
1.72,21.31,40.9,55.6,2.43,0.2,556.5,33.2,0
2.04,23.88,37.5,44.3,0.56,3.22,556.8,24.6,0
2.33,24.36,44.6,48.6,3.63,0.62,698.3,32.2,0
2.07,31.77,38.2,63.7,3.94,0.64,519.6,33.1,0
2.16,24.09,27.3,60.8,0.55,1.38,376.5,25.8,0
1.99,27.18,34.4,67.9,5.69,0.61,818.5,36.1,0
1.59,22.3,61.4,40.2,1.93,2.5,586.3,21.2,0
2.33,29.55,47.5,39.3,1.11,3.84,718.0,32.1,0
2.9,32.79,47.1,49.3,1.06,0.49,771.8,27.3,0
2.21,24.39,42.2,52.1,0.44,0.28,234.2,30.0,0
2.29,17.53,44.5,46.6,4.28,0.09,370.4,29.6,0
2.48,19.53,40.7,44.1,1.15,0.29,469.5,28.1,0
1.69,23.27,50.3,60.7,1.3,0.18,575.1,41.8,0
2.88,24.05,46.0,47.1,0.52,0.04,637.5,23.9,0
2.28,25.14,33.3,35.8,2.24,0.06,490.5,22.5,0
2.85,24.07,47.5,37.0,1.81,0.85,693.9,27.4,0
1.91,22.03,20.4,50.5,4.39,1.48,591.4,37.1,0
2.93,19.14,49.1,78.0,0.4,4.91,589.6,28.3,0
2.51,23.81,30.9,38.2,2.15,0.2,458.5,27.5,0
2.42,30.35,44.0,44.9,0.58,1.44,547.4,24.1,0
2.29,26.59,33.1,72.0,0.94,0.97,546.3,24.6,0
2.1,24.41,45.0,43.2,1.81,0.78,644.4,35.5,0
2.68,26.63,50.8,52.6,5.12,1.54,302.4,27.6,0
2.26,20.33,60.0,66.8,0.3,0.33,605.3,29.8,0
1.41,19.71,29.6,38.5,0.3,0.45,253.0,23.1,0
1.75,18.63,54.8,44.9,0.6,0.58,372.0,33.4,0
2.13,21.44,46.3,43.2,1.78,0.24,591.2,36.6,0
2.32,20.1,40.5,32.8,0.48,0.78,374.3,21.5,0
2.18,27.44,52.6,63.7,0.3,0.17,504.1,21.7,0
2.69,19.86,42.6,42.1,2.27,0.46,361.8,22.1,0
1.42,18.39,52.2,39.2,1.25,0.14,589.9,35.2,0
2.26,30.74,35.1,43.6,3.62,0.04,507.1,21.3,0
1.47,19.97,38.7,57.3,2.29,0.53,496.3,25.6,0
2.5,22.69,54.4,49.1,2.32,1.15,665.0,21.1,0
2.16,24.03,59.9,40.1,0.95,0.2,562.5,39.8,0
2.37,16.88,44.6,52.1,3.9,6.04,574.1,24.3,1
1.85,27.56,17.1,56.1,0.68,0.38,666.3,39.6,0
2.71,24.87,43.0,47.8,1.33,0.03,681.8,27.8,0
2.62,29.01,45.3,45.7,1.89,0.03,357.5,24.5,0
2.43,18.94,42.7,58.2,3.55,1.32,610.5,33.6,0
2.15,22.45,48.4,46.2,0.49,1.33,565.0,27.7,0
2.43,22.18,40.2,64.1,2.38,2.8,696.8,37.9,0
1.92,23.19,53.4,40.4,0.86,0.11,307.0,26.5,0
2.54,15.45,33.3,40.2,1.37,0.57,396.4,24.8,0
2.86,22.5,57.4,39.0,3.48,2.64,470.4,24.8,0
2.63,15.58,60.5,45.6,1.4,1.92,710.4,36.7,0
1.91,23.61,35.9,48.0,1.36,0.32,457.0,29.8,0
2.34,12.42,35.9,34.7,0.69,2.65,493.8,22.8,0
1.68,13.67,49.1,49.0,0.67,1.37,397.4,18.0,0
2.43,25.68,33.1,53.7,2.48,0.37,617.6,29.5,0
2.38,19.54,40.1,33.3,1.9,0.06,601.5,21.4,0
1.45,17.55,56.0,42.8,2.26,0.83,418.4,15.6,0
1.74,27.72,52.4,53.7,1.39,1.5,343.3,35.6,0
2.09,23.47,64.8,37.1,1.45,0.38,615.8,19.4,0
2.08,25.92,46.7,44.8,2.53,0.22,576.3,15.5,0
1.72,21.25,38.9,58.9,1.91,0.09,400.4,27.0,0
2.36,34.06,45.5,66.0,0.3,2.21,604.1,25.9,0
2.3,19.28,43.5,52.4,4.57,0.07,595.9,21.9,0
2.12,29.85,43.6,46.3,1.03,1.13,684.5,29.5,0
1.9,21.72,44.8,43.0,3.32,1.73,627.0,25.9,0
2.62,14.55,35.7,57.1,3.39,1.82,449.2,43.4,0
2.86,24.17,47.8,59.3,2.61,1.27,385.7,26.7,0
2.01,23.42,30.9,36.4,2.92,1.27,802.3,19.1,0
1.96,17.27,37.8,57.1,5.91,0.77,422.9,30.1,0
2.4,17.85,43.8,41.9,0.3,0.65,224.8,30.7,0
2.06,21.89,22.4,39.4,2.42,0.18,318.8,25.7,0
2.14,23.57,52.7,46.5,3.35,0.92,195.9,16.4,0
2.5,10.88,24.5,57.9,0.41,0.09,683.2,38.8,0
1.44,26.74,51.7,51.1,2.89,0.76,773.2,19.2,0
2.73,19.77,32.1,50.8,0.66,1.58,537.5,34.2,0
2.23,16.01,41.0,51.5,1.22,0.7,259.4,36.6,0
2.04,26.23,50.2,52.7,1.47,0.85,680.3,25.8,0
2.16,21.89,67.0,46.9,0.95,2.22,569.9,34.2,0
2.18,27.47,46.2,54.3,1.61,1.25,684.6,34.8,0
1.51,23.97,25.2,41.4,2.03,0.16,588.5,20.5,0
2.8,21.99,54.5,54.5,0.51,0.94,292.3,38.3,0
2.22,21.31,42.7,56.6,3.72,0.54,599.2,30.3,0
2.38,24.17,45.7,55.0,2.13,0.28,266.7,12.8,0
2.58,20.14,50.6,55.5,3.32,1.25,384.2,29.4,0
1.79,18.16,22.7,52.6,1.9,0.59,655.0,24.1,0
2.39,24.74,45.1,59.7,5.54,1.75,647.6,31.1,0
2.09,21.35,40.9,25.3,3.47,1.06,358.4,23.5,0
2.54,22.15,57.2,56.5,1.5,0.13,329.0,23.6,0
1.35,26.9,52.3,67.8,0.9,0.52,504.0,20.7,0
2.16,21.49,28.7,41.8,0.94,0.38,800.5,29.6,0
1.96,22.07,57.6,40.7,0.99,0.19,584.1,31.6,0
2.37,19.3,49.5,60.9,3.11,1.93,852.9,28.0,0
2.39,23.94,29.5,38.7,1.91,0.57,475.3,25.9,0
1.92,23.57,45.6,41.3,5.23,1.14,632.5,28.7,0
1.92,26.05,55.3,49.7,1.61,2.56,452.6,35.4,0
2.16,19.39,32.9,40.0,1.54,0.94,380.0,20.7,0
1.84,19.94,58.8,56.8,1.11,0.36,357.3,18.6,0
2.54,25.56,29.9,40.1,1.05,1.88,553.0,19.6,0
2.05,23.13,37.1,51.6,0.36,0.69,694.2,16.5,0
1.04,17.92,35.6,50.8,3.84,1.0,451.0,20.9,0
2.05,27.88,58.8,64.6,0.55,2.79,713.2,36.0,0
1.78,14.36,40.1,59.7,0.93,0.81,774.6,16.1,0
1.55,25.53,33.4,42.7,1.45,0.49,630.2,26.2,0
1.71,16.31,49.5,35.4,0.39,1.56,549.0,32.7,0
2.24,30.49,51.6,56.4,1.2,0.17,399.4,28.1,0
2.73,15.05,51.7,41.5,0.69,2.94,695.4,34.1,0
2.33,27.19,42.3,44.6,1.6,2.97,328.9,23.9,0
1.96,21.63,47.5,37.4,7.05,1.04,591.1,24.6,0
2.38,20.35,38.5,54.8,1.36,0.2,306.6,25.3,0
2.02,22.83,61.7,41.5,2.21,0.72,341.4,31.9,0
1.92,24.84,56.4,47.6,3.09,0.66,490.8,47.1,0
1.74,17.93,55.8,47.8,1.01,0.43,605.6,27.9,0
1.5,18.33,52.9,49.8,0.3,0.23,650.7,26.3,0
2.04,24.92,50.2,54.6,0.55,0.37,500.6,21.3,0
2.26,14.32,32.6,45.6,1.91,0.97,437.4,40.2,0
2.16,19.37,51.3,40.6,0.42,1.39,381.5,25.3,0
2.03,35.68,46.1,29.4,1.73,4.67,605.0,23.7,0
1.82,17.64,57.6,49.0,1.98,0.29,599.2,26.5,0
2.44,27.17,53.1,46.4,0.64,0.27,526.6,40.8,0
1.67,19.36,50.5,40.9,1.83,0.15,545.2,24.1,0
2.51,24.29,28.2,48.6,1.17,3.36,740.2,27.8,0
1.8,24.94,44.1,56.6,2.31,0.58,652.5,10.4,0
1.9,27.08,39.4,59.1,2.69,3.09,287.7,34.9,0
1.61,21.1,47.5,32.6,0.99,2.64,633.1,26.0,0
2.0,30.95,40.8,44.4,5.7,0.05,707.2,34.4,0
2.59,19.35,42.2,57.6,0.39,0.39,377.1,32.4,0
2.41,23.05,49.6,64.0,0.73,0.43,642.2,29.1,0
2.59,23.1,40.7,39.8,0.97,0.39,950.9,24.9,0
2.41,16.95,46.2,61.8,2.3,0.66,572.4,28.4,0
1.76,20.71,29.8,34.5,0.42,0.83,464.6,18.6,0
2.07,22.73,36.7,59.5,4.22,1.7,484.9,29.6,0
1.89,20.06,51.6,45.2,1.07,0.37,519.7,31.9,0
2.73,32.98,32.7,63.6,1.29,0.43,263.4,28.6,0
1.72,18.23,57.5,43.4,0.69,1.1,256.5,28.3,0
2.56,27.31,54.7,44.9,2.11,0.24,540.6,23.8,0
2.56,25.85,42.3,46.7,2.8,0.77,492.7,26.9,0
2.93,21.94,75.0,32.6,1.29,0.35,599.5,20.3,0
2.04,18.11,57.4,30.4,4.01,0.26,457.6,24.2,0
2.48,18.54,35.5,53.1,1.24,1.91,512.4,42.5,0
3.11,19.67,52.5,57.9,1.42,1.47,642.6,28.6,0
1.95,13.96,45.7,54.1,1.13,0.34,158.6,31.4,0
1.59,17.48,37.2,35.5,2.38,0.64,362.5,27.8,0
1.45,15.33,34.3,52.8,1.76,0.2,421.5,28.5,0
2.49,28.06,54.9,38.1,1.06,0.07,476.2,28.9,0
1.45,24.78,39.0,52.1,1.83,1.06,287.4,26.3,0
2.05,25.54,44.0,59.3,2.46,0.54,363.7,32.2,0
2.37,24.65,35.8,51.7,2.07,0.28,604.9,23.0,0
2.27,22.75,37.5,62.7,1.01,0.15,569.7,17.6,0
2.37,28.57,43.7,46.5,1.98,1.37,81.1,29.4,0
2.29,19.25,48.9,45.8,0.81,0.38,466.2,35.8,0
2.71,22.48,19.1,48.7,1.29,2.86,478.7,23.5,0
1.82,25.36,45.2,34.6,0.87,0.26,363.0,33.5,0
1.93,16.05,37.5,44.0,1.61,0.34,478.7,32.7,0
1.89,35.93,59.0,44.8,2.55,2.29,558.9,38.9,0
2.53,22.13,74.4,45.2,5.26,1.02,607.3,41.0,0
2.56,22.64,41.4,50.7,3.92,0.14,515.2,32.1,0
2.38,27.66,27.8,33.2,5.68,0.96,597.0,27.2,0
2.67,26.12,46.2,36.5,3.13,0.44,501.6,16.7,0
1.73,22.17,42.9,59.3,4.26,1.6,157.3,34.8,0
2.87,22.59,64.7,27.9,0.3,0.1,479.9,35.9,0
2.81,15.23,61.7,54.2,6.88,3.0,315.7,26.2,0
2.49,19.5,53.7,44.3,1.54,0.78,517.0,30.5,0
2.91,24.33,39.1,49.6,6.93,1.59,467.0,20.8,0
1.54,24.0,51.8,63.6,5.05,1.46,465.6,23.8,0
1.99,27.5,47.7,46.7,1.88,0.24,374.3,18.7,0
1.91,21.46,47.4,54.3,0.3,2.55,440.2,29.9,0
2.49,15.76,29.4,48.6,3.18,0.32,546.0,25.2,0
1.78,26.76,55.6,46.9,0.3,0.25,363.0,36.7,0
2.5,28.46,46.1,45.7,2.78,0.88,406.8,29.6,0
2.75,26.04,44.0,55.0,0.37,5.0,237.1,30.5,0
2.48,21.26,39.0,40.7,1.77,0.45,541.9,28.1,0
2.31,26.7,37.1,36.7,3.07,4.0,308.6,39.1,0
1.8,37.43,48.2,48.7,2.6,0.69,504.2,38.2,0
1.86,22.52,27.5,49.9,2.79,2.16,606.0,26.8,0
2.7,16.1,52.9,29.8,2.79,0.91,690.7,30.1,0
2.51,19.36,34.5,47.9,3.25,0.28,451.8,37.9,0
2.18,24.81,24.4,35.7,1.05,2.54,593.7,19.8,0
2.03,14.78,63.2,54.3,3.84,0.09,498.9,30.1,0
1.39,22.76,36.4,30.0,0.76,1.38,219.1,25.5,0
1.77,23.71,37.8,67.3,3.82,2.13,277.1,38.3,0
2.96,28.91,56.3,44.6,2.61,2.14,627.1,31.7,0
1.69,27.9,63.5,39.4,1.92,1.28,673.6,15.8,0
2.28,25.89,29.7,45.2,1.0,0.35,182.2,25.1,0
2.6,12.27,35.4,53.6,0.49,0.91,550.1,37.8,0
1.7,26.14,36.2,56.9,0.96,1.19,540.3,34.2,0
2.27,25.17,54.3,45.3,1.0,2.65,379.6,20.7,0
2.58,23.15,61.4,33.6,3.15,0.21,381.2,21.1,0
2.2,14.21,34.2,35.9,0.54,0.75,341.5,28.5,0
3.35,18.5,59.1,50.9,2.11,0.49,211.8,27.6,0
1.53,16.75,37.9,57.9,2.38,0.67,341.9,26.2,0
2.62,12.93,48.4,59.2,0.58,0.24,604.5,25.2,0
2.13,21.99,32.3,49.7,3.08,0.29,447.4,23.9,0
2.51,18.41,43.8,57.7,2.2,1.76,610.1,43.8,0
2.38,33.81,43.9,67.1,3.94,0.78,199.8,25.4,0
1.91,21.24,41.8,59.9,3.41,0.87,565.9,23.4,0
2.29,27.82,48.8,57.2,2.15,2.73,616.6,31.5,0
1.46,14.94,34.9,39.9,0.9,0.33,108.0,27.3,0
2.44,19.61,36.2,57.6,0.9,0.48,421.0,21.5,0
2.32,22.44,49.4,52.6,0.58,0.44,551.6,26.2,0
2.46,17.91,58.4,54.5,0.72,1.29,695.5,27.6,0
2.62,20.1,44.8,60.6,2.43,0.99,293.2,31.0,0
2.35,21.02,50.0,51.6,1.84,0.77,708.1,30.2,0
2.26,20.95,52.6,47.0,0.41,1.32,565.8,20.9,0
1.85,30.35,53.3,37.3,2.5,0.79,349.6,32.3,0
1.92,23.7,35.5,45.0,3.5,2.03,648.9,34.2,0
2.67,24.16,37.2,50.1,3.64,0.63,845.4,20.5,0
2.77,24.43,38.1,50.8,0.36,2.66,449.7,22.6,0
2.1,24.76,64.3,50.4,3.46,0.15,437.3,26.8,0
2.22,21.63,50.1,57.6,2.47,0.12,357.2,29.5,0
1.84,20.56,49.6,56.7,1.23,1.28,775.7,29.8,0
2.67,22.75,48.7,47.4,4.82,0.59,390.6,27.7,0
2.47,27.21,31.8,39.5,0.94,0.73,354.7,18.0,0
2.98,27.07,64.4,51.8,0.3,1.43,406.4,35.1,0
1.85,20.92,49.8,70.5,1.27,0.29,408.1,21.1,0
2.05,25.46,52.2,51.2,1.07,0.05,413.2,37.5,0
2.29,21.12,27.3,45.0,2.32,0.69,381.7,36.2,0
2.46,22.15,52.8,53.4,2.65,2.7,392.6,20.2,0
2.11,19.87,41.4,54.0,2.74,0.72,521.5,30.5,0
1.85,21.18,31.8,53.8,1.81,1.02,702.5,37.5,0
2.55,28.04,35.5,61.7,1.89,0.28,351.2,32.1,0
2.49,22.42,32.4,51.9,4.66,0.75,304.6,16.1,0
1.83,22.61,32.2,61.3,0.3,0.79,548.9,27.7,0
2.74,15.49,45.6,50.3,2.83,0.32,579.9,33.8,0
2.67,20.61,41.1,63.1,2.01,0.21,731.1,39.8,0
2.25,20.91,48.3,60.1,1.27,0.52,711.3,27.1,0
2.23,18.27,61.8,57.2,1.6,0.05,262.2,16.3,0
2.42,22.1,43.7,55.9,2.04,0.22,200.4,43.3,0
1.86,20.07,22.6,71.0,0.79,1.58,584.8,27.1,0
2.21,22.36,42.6,58.8,2.43,1.26,580.8,38.1,0
1.34,22.55,56.9,39.5,2.62,0.45,722.3,26.2,0
2.55,17.7,44.1,50.5,2.79,0.96,558.9,31.8,0
1.58,20.21,60.3,45.4,4.03,2.12,415.6,23.2,0
2.8,22.35,49.5,68.6,0.73,2.19,655.9,23.3,0
2.07,27.33,26.6,60.5,1.01,1.27,343.3,40.7,0
2.12,23.16,46.1,68.3,0.52,0.16,801.0,34.6,0
1.95,19.02,48.0,40.4,2.06,0.21,540.9,27.8,0
2.08,23.8,55.8,59.0,1.41,0.41,389.4,34.5,0
2.77,29.68,63.2,34.4,3.46,1.33,367.0,23.3,0
1.2,26.13,54.1,32.1,4.88,0.36,529.3,28.0,0
2.71,24.46,49.4,44.0,4.43,0.75,488.0,28.7,0
2.34,25.27,51.8,63.1,2.07,2.1,479.5,22.7,0
1.72,28.48,43.3,38.1,6.58,2.67,303.5,21.8,0
1.77,26.84,30.4,47.8,2.41,2.19,475.7,14.8,0
2.87,24.55,45.4,59.9,0.81,0.15,624.0,21.2,0
1.82,26.81,48.7,56.5,0.79,2.9,386.8,40.8,0
1.74,17.13,33.0,70.2,2.26,1.38,538.4,15.6,0
2.65,15.24,58.3,48.0,2.82,1.16,667.8,27.8,0
2.34,22.71,55.1,43.6,0.83,0.34,594.5,29.1,0
1.82,22.31,31.3,37.1,1.51,3.16,318.5,26.3,0
2.29,19.55,58.7,44.3,0.3,0.02,548.2,34.1,0
1.79,25.72,41.9,37.0,0.3,0.1,719.7,26.1,0
2.64,13.62,37.2,30.0,0.68,0.2,574.6,34.7,0
2.62,19.59,55.8,67.6,1.48,1.42,677.0,31.8,0
2.41,19.82,44.5,48.5,2.07,1.17,647.0,18.5,0
2.34,14.64,64.0,73.9,1.29,3.47,329.3,36.1,0
2.9,28.73,36.5,39.6,1.01,0.52,767.0,25.8,0
2.2,15.88,27.7,43.7,2.42,0.51,688.1,15.5,0
1.73,19.35,42.2,40.2,1.86,1.33,457.5,31.3,0
2.38,26.09,52.9,41.6,1.59,0.23,694.4,26.0,0
3.03,24.91,35.7,56.7,0.61,0.75,480.8,39.4,0
1.79,17.01,31.7,53.7,1.66,0.02,486.6,35.7,0
2.06,25.07,47.3,56.8,1.11,1.08,365.9,21.7,0
2.37,23.3,30.4,61.4,0.35,1.84,344.8,34.6,0
2.18,32.5,48.1,59.1,2.44,0.27,522.4,23.1,0
1.81,23.82,41.6,37.9,3.38,0.44,462.0,16.4,0
2.65,21.36,49.9,42.8,1.05,0.17,276.9,23.7,0
3.13,18.15,31.2,49.2,1.66,1.15,552.5,18.7,0
2.28,18.65,58.0,85.3,0.71,1.0,576.6,27.9,0
1.84,18.28,43.2,55.7,0.84,2.1,544.9,41.5,0
1.58,28.17,52.6,49.1,1.58,4.22,543.5,28.6,0
2.3,22.08,54.6,54.7,3.18,4.94,561.2,31.2,0
2.64,24.54,33.4,42.0,2.48,0.14,525.0,21.0,0
2.39,28.81,53.8,50.6,1.63,0.97,552.4,24.2,0
2.2,11.39,30.7,57.5,1.05,1.87,575.8,31.8,0
1.96,27.75,31.3,47.7,0.77,1.29,412.2,27.5,0
1.76,22.25,64.6,40.4,0.82,2.73,310.1,23.0,0
2.53,23.96,56.1,47.2,0.65,0.7,547.9,35.0,0
2.57,18.27,65.7,44.8,3.91,0.67,522.7,29.0,0
1.58,18.6,41.3,34.4,0.57,0.03,568.0,42.4,0
2.84,24.2,46.0,42.3,1.76,0.02,670.7,32.6,0
2.43,32.73,50.3,34.1,4.9,1.42,494.8,20.1,0
2.76,26.51,44.9,35.6,1.21,0.77,480.0,28.8,0
1.66,27.69,37.5,36.6,4.43,1.3,570.2,19.6,0
1.65,21.14,36.0,57.5,2.09,0.33,346.9,42.0,0
2.14,19.3,47.1,62.9,3.0,2.39,506.3,21.1,0
2.4,18.49,34.3,32.6,0.71,2.8,484.7,35.8,0
2.92,19.8,34.1,63.8,1.78,1.3,631.5,34.7,0
2.48,12.76,48.9,36.7,1.29,0.39,431.2,23.2,0
2.1,18.74,44.0,55.5,0.75,0.29,513.6,30.3,0
1.79,19.48,54.4,50.6,1.47,1.18,476.7,29.8,0
2.69,21.21,40.8,54.4,2.93,3.39,126.9,33.8,0
1.81,22.59,39.2,36.3,1.97,1.04,420.8,29.2,0
2.85,23.63,49.2,29.9,0.3,2.19,498.7,23.3,0
2.09,21.93,36.9,40.0,0.81,1.0,366.3,31.9,0
2.84,19.38,38.4,52.3,0.33,1.35,481.7,31.9,0
2.47,13.16,38.8,67.6,2.35,1.01,700.8,21.5,0
2.15,19.41,42.9,37.7,4.85,1.03,644.5,11.9,0
1.99,17.62,62.7,47.0,1.77,1.61,220.1,32.1,0
2.06,24.1,31.2,40.5,0.58,0.61,613.9,30.6,0
2.37,26.09,58.0,47.8,0.34,2.81,584.3,31.0,0
2.23,26.22,52.4,28.7,4.75,2.39,486.0,37.2,0
1.96,25.41,60.7,63.0,0.69,1.55,148.3,34.1,0
2.13,21.4,76.4,48.2,0.93,1.63,617.4,37.1,0
2.23,19.65,59.3,57.2,1.8,0.64,435.6,33.5,0
1.35,18.64,54.3,45.7,0.77,2.14,531.6,29.0,0
2.38,15.22,31.9,49.9,1.29,3.24,354.8,19.4,0
1.81,26.46,33.1,59.3,2.42,1.9,388.7,38.8,0
1.74,21.21,48.6,49.3,2.01,0.17,640.4,26.5,0
1.53,16.39,28.0,49.7,1.91,1.85,743.4,23.8,0
1.48,18.28,51.2,40.1,1.52,0.75,435.9,32.5,0
1.66,18.1,23.7,42.7,1.86,1.13,726.9,15.2,0
1.92,22.19,56.5,37.9,3.36,5.67,435.7,22.8,0
2.98,26.8,41.8,40.6,0.61,0.53,433.9,23.6,0
1.99,20.43,46.3,60.5,2.44,0.51,287.3,23.4,0
2.27,11.86,37.5,66.1,2.49,0.37,574.6,41.5,0
2.36,21.15,26.0,35.5,0.58,0.16,470.7,27.4,0
2.25,21.3,57.3,52.0,3.32,0.22,479.1,23.5,0
2.17,20.99,58.4,44.8,1.08,0.87,443.1,27.7,0
1.72,19.18,41.5,62.0,1.08,2.89,351.2,34.0,0
2.78,22.98,51.6,49.3,1.07,1.99,593.8,14.7,0
2.92,22.3,41.1,47.9,5.09,0.24,490.8,28.8,0
1.53,21.89,47.9,40.6,1.55,0.99,621.2,24.8,0
1.79,23.86,52.6,32.7,1.3,2.25,358.4,29.9,0
2.09,20.07,50.6,55.6,1.64,0.93,535.9,20.0,0
1.81,19.81,58.4,51.5,1.47,2.91,820.6,26.7,0
2.4,28.21,50.2,51.8,1.38,2.86,393.3,27.0,0
1.91,24.52,45.3,42.0,1.15,0.51,427.3,19.1,0
3.07,25.72,37.4,46.5,4.37,2.49,425.5,41.1,0
2.68,27.52,40.2,55.9,1.42,1.06,343.6,30.9,0
2.29,24.37,53.1,57.8,0.89,0.78,748.6,34.4,0
2.61,26.18,30.0,36.2,3.94,1.79,154.5,25.5,0
2.64,14.89,56.1,41.7,2.53,1.87,316.6,29.5,0
1.97,22.92,42.2,34.1,3.23,1.35,570.2,19.6,0
1.87,21.18,36.8,50.0,0.88,2.0,390.5,23.5,0
2.23,29.55,34.0,56.8,1.66,3.63,495.4,21.7,0
2.54,26.17,51.7,45.2,3.24,2.48,495.7,30.1,0
2.26,19.16,44.9,41.4,4.44,0.09,574.6,39.9,0
1.57,23.68,60.9,44.6,1.82,2.28,512.3,34.3,0
1.88,22.75,32.4,71.1,1.88,1.83,441.7,40.7,0
2.17,24.04,39.2,59.9,2.38,3.14,519.4,33.6,0
2.17,17.42,44.1,55.3,4.11,1.61,473.2,30.9,0
2.99,23.62,37.5,51.2,2.22,2.52,754.2,21.5,0
1.65,20.97,45.1,47.9,5.08,0.01,413.7,30.3,0
2.4,23.27,48.2,38.9,2.35,4.57,583.3,24.7,0
2.8,18.74,49.8,37.4,1.96,0.25,637.0,33.8,0
3.11,19.37,60.1,42.3,1.7,2.4,301.8,18.5,0
2.04,27.28,32.0,38.5,1.72,3.18,333.1,27.2,0
2.4,17.27,48.4,41.9,3.66,0.0,789.6,28.1,0
2.43,17.6,38.5,47.0,1.36,2.94,398.4,40.5,0
2.28,21.77,49.3,47.7,0.76,2.12,501.8,20.8,0
2.16,18.53,49.3,41.8,1.13,3.07,473.9,36.2,0
2.37,18.02,35.1,53.0,3.45,0.23,494.3,33.8,0
1.19,22.47,36.0,46.1,0.88,1.8,444.2,26.2,0
2.47,15.23,50.1,50.1,2.92,0.8,518.2,30.9,0
2.25,17.46,45.2,40.6,1.13,0.36,378.1,26.3,0
2.11,31.24,42.8,54.9,0.68,1.69,466.4,28.1,0
3.02,24.07,51.6,42.7,1.28,0.77,204.3,33.3,0
1.93,18.64,52.3,64.1,3.36,2.76,482.5,45.8,0
2.04,23.88,39.7,45.8,4.84,1.49,550.2,34.7,0
3.0,24.55,36.5,47.1,1.33,0.18,643.9,29.7,0
1.87,26.47,32.4,53.9,3.07,0.35,672.1,38.0,0
1.98,21.43,45.3,56.1,1.05,0.37,443.4,18.1,0
2.14,26.39,30.8,57.2,0.3,0.51,626.1,25.2,0
2.54,12.83,46.0,65.8,1.24,1.32,327.3,28.5,0
2.28,17.25,57.2,54.6,3.7,2.7,422.4,20.7,0
1.68,22.74,41.5,47.3,0.47,1.08,743.1,24.2,0
1.99,23.48,39.6,42.7,0.9,1.67,527.4,16.4,0
1.96,17.9,65.0,46.7,3.6,0.46,534.9,19.0,0
2.17,23.17,60.1,62.8,2.18,0.89,473.2,26.3,0
2.37,19.19,37.4,34.1,1.94,0.84,780.3,21.4,0
2.37,20.75,46.4,39.8,0.6,1.45,579.6,30.9,0
1.49,26.61,48.3,45.8,1.01,0.88,722.7,29.9,0
2.63,26.09,47.0,39.7,1.7,0.49,411.2,30.5,0
2.3,17.51,63.1,43.9,2.48,0.34,354.2,24.5,0
2.75,17.24,45.9,66.1,6.68,0.35,385.2,35.6,0
2.38,20.15,47.4,45.0,2.29,4.75,594.4,31.5,0
2.64,21.88,51.9,52.1,2.0,0.53,747.1,29.6,0
2.39,19.04,56.9,31.4,2.29,1.97,612.5,29.6,0
2.74,26.68,54.4,37.0,0.42,0.09,631.6,26.5,0
2.41,23.56,50.4,57.3,2.74,0.11,525.9,37.2,0
2.16,23.83,29.4,64.7,0.39,1.39,309.0,36.0,0
3.11,16.3,40.1,50.2,4.26,0.73,803.5,25.4,0
2.56,27.25,53.2,44.9,0.78,2.55,599.6,29.2,0
2.43,9.31,47.5,53.0,0.63,2.38,578.5,25.2,0
1.69,25.75,53.3,22.0,0.56,1.69,631.1,45.3,0
1.68,26.2,63.9,50.3,1.95,2.03,242.9,26.2,0
2.32,20.05,33.2,37.5,1.61,2.45,424.8,36.4,0
2.26,27.73,56.4,55.9,2.47,1.84,593.3,46.8,0
1.95,21.72,41.7,26.1,1.57,0.9,478.3,30.2,0
2.26,22.28,54.4,41.7,1.71,0.37,488.5,15.8,0
2.84,23.53,44.6,47.6,0.44,1.86,692.2,38.6,0
2.48,36.34,66.3,40.4,2.63,0.46,517.6,24.4,0
1.74,28.05,46.3,44.2,2.5,0.34,856.7,23.2,0
2.16,25.16,38.6,57.0,2.99,0.23,493.9,40.5,0
1.88,17.89,49.2,47.8,1.7,1.18,620.7,18.9,0
2.04,22.65,48.2,38.7,2.02,0.33,572.6,38.0,0
2.03,18.34,56.4,57.4,2.65,0.56,413.9,26.4,0
2.01,25.7,49.5,50.5,2.72,1.48,345.3,15.0,0
1.7,22.63,69.8,50.9,2.53,1.89,505.6,34.2,0
2.15,16.94,43.9,39.1,3.09,0.45,788.1,12.2,0
1.98,22.37,44.0,22.5,3.57,2.22,441.0,27.7,0
1.03,18.18,39.0,38.9,1.4,0.07,577.8,16.6,0
3.02,22.68,45.9,37.9,1.76,5.11,461.4,25.7,0
2.64,18.13,47.3,41.9,2.66,0.65,533.2,32.9,0
2.05,22.12,47.8,39.6,0.93,0.47,671.3,31.0,0
2.21,25.38,45.7,49.1,0.78,3.09,517.2,29.5,0
1.73,21.76,38.9,56.8,0.79,0.17,407.7,35.1,0
2.88,20.24,36.2,58.8,1.01,0.53,740.9,28.0,0
2.96,22.91,41.2,56.4,1.2,0.53,409.3,26.5,0
2.26,25.14,56.4,39.0,2.44,0.66,601.5,30.0,0
2.61,17.02,58.6,48.6,1.71,2.26,276.4,23.4,0
2.27,23.17,44.2,63.7,5.43,2.27,692.7,34.0,0
1.67,27.93,35.6,32.2,0.88,1.07,890.7,28.5,0
2.04,24.58,44.2,61.5,6.85,5.76,495.9,33.0,0
2.25,22.26,65.9,38.0,2.82,2.23,346.1,26.8,0
2.02,24.88,55.0,50.9,0.8,1.37,615.1,31.5,0
2.11,24.04,50.5,52.1,0.32,0.27,513.6,32.7,0
2.16,25.39,54.6,49.9,0.73,0.96,821.2,13.9,0
2.17,12.89,60.4,70.3,0.31,0.29,410.1,17.8,0
2.22,15.01,33.5,45.0,1.72,0.43,299.5,24.1,0
1.78,26.52,41.1,31.6,2.58,1.39,545.6,27.1,0
1.91,15.23,39.7,51.6,1.48,0.24,587.5,36.9,0
1.69,23.81,50.9,46.3,1.06,0.11,384.7,31.2,0
2.59,20.42,46.6,53.5,0.78,0.91,644.1,31.7,0
1.36,17.52,52.6,56.8,3.98,0.0,508.4,38.8,0
2.66,23.57,39.9,47.7,1.21,1.13,459.4,37.6,0
2.75,22.9,58.7,52.4,3.59,2.78,581.7,20.9,0
2.08,31.5,44.3,49.4,0.34,0.25,456.9,36.6,0
1.16,19.19,51.9,65.9,4.9,0.58,389.7,28.7,0
2.06,28.48,57.0,44.3,2.01,2.98,257.9,24.4,0
2.17,23.59,56.2,41.1,1.07,1.46,407.4,25.9,0
1.8,19.03,48.6,56.8,0.85,0.17,874.2,23.6,0
1.99,25.6,53.2,38.7,2.11,0.58,505.4,29.0,0
2.81,24.55,62.4,51.9,1.77,1.69,347.4,27.4,0
2.47,22.16,50.1,46.3,1.18,1.31,690.0,36.7,0
1.83,23.2,37.7,47.0,0.34,0.2,493.0,41.5,0
1.56,19.31,50.8,72.4,1.65,0.08,543.8,25.2,0
2.07,18.28,44.6,60.3,7.84,1.37,541.1,18.9,0
2.11,25.42,21.5,58.2,1.71,1.13,722.8,32.7,0
2.4,20.99,49.6,53.3,0.54,0.07,300.7,34.6,0
1.99,21.64,46.2,41.1,0.5,4.42,718.9,30.7,0
2.4,23.26,56.6,50.6,0.39,0.35,611.8,17.2,0
2.97,23.19,37.5,53.8,2.76,0.59,511.6,22.5,0
2.53,15.57,29.9,50.0,4.39,0.23,371.9,29.0,0
2.18,27.79,46.7,48.9,0.63,2.12,463.0,23.7,0
2.13,22.55,48.8,44.0,0.83,3.94,506.4,21.0,0
2.06,21.09,45.9,50.7,3.88,0.29,771.3,43.0,0
2.67,23.94,45.2,42.7,2.5,0.4,715.3,21.0,0
1.95,23.06,34.3,55.0,0.4,1.47,441.8,36.4,0
2.22,25.45,43.6,27.8,2.62,0.9,801.4,30.9,0
2.22,24.42,41.5,61.6,2.57,0.13,642.6,32.3,0
2.0,25.23,55.7,34.9,5.63,3.17,570.7,36.0,0
1.65,28.08,48.8,37.3,1.44,1.13,457.8,23.2,0
2.33,25.98,42.2,52.1,1.22,0.43,413.4,25.9,0
2.18,21.28,62.2,53.4,0.46,0.81,581.4,31.3,0
2.4,16.95,42.3,68.8,1.75,0.83,557.6,15.1,0
1.99,29.51,50.6,51.0,1.14,0.89,441.4,39.5,0
2.69,20.93,43.3,47.6,2.41,0.83,667.1,28.8,0
1.85,19.87,61.3,49.9,2.62,0.99,524.5,21.4,0
2.88,14.18,45.9,63.9,1.83,0.6,562.7,35.7,0
1.5,23.52,46.2,72.2,4.56,0.19,660.9,28.6,0
2.37,22.67,43.6,46.2,1.12,1.31,624.0,22.9,0
2.39,15.18,47.0,53.4,1.04,1.89,257.0,34.6,0
1.88,24.04,57.0,47.3,3.83,2.21,614.3,11.7,0
2.37,19.76,53.5,47.1,2.21,0.03,504.2,30.9,0
2.71,34.11,45.3,66.8,1.46,0.62,432.9,37.2,0
1.31,19.44,62.0,38.7,4.12,4.6,507.8,22.2,0
2.4,20.04,53.7,24.7,1.48,0.08,454.1,19.0,0
1.2,18.06,40.6,51.2,1.04,1.85,519.0,31.0,0
1.81,27.75,31.2,60.0,1.31,0.16,496.9,23.3,0
2.85,20.32,40.8,50.2,1.46,2.09,603.1,43.7,0
1.97,18.74,49.1,53.0,0.78,1.34,270.2,24.3,0
1.73,25.18,51.0,55.5,1.53,1.55,527.6,26.6,0
2.12,15.79,58.6,49.1,1.76,4.54,495.7,31.6,0
3.03,24.81,34.1,53.6,2.85,3.37,837.7,15.3,0
1.47,30.02,40.6,53.4,3.79,0.44,206.4,28.4,0
1.78,24.55,33.2,28.4,3.83,0.56,638.3,35.8,0
2.8,24.87,31.6,49.1,1.72,0.63,565.0,27.4,0
2.94,25.92,38.7,32.3,0.95,0.24,614.9,20.0,0
2.16,29.69,48.7,47.6,0.74,0.58,432.9,25.0,0
1.7,27.44,52.7,43.0,0.94,4.64,547.9,14.6,0
3.04,23.98,35.5,58.3,0.44,0.81,521.8,26.0,0
2.84,26.07,36.9,50.4,0.9,3.66,1030.4,35.8,0
2.47,18.01,27.2,52.7,8.39,0.09,453.6,23.6,0
1.88,25.49,47.1,46.1,4.15,0.05,382.2,32.9,0
2.18,17.47,37.7,58.5,1.93,1.03,800.2,17.6,0
2.14,20.35,61.6,32.0,1.33,1.6,551.6,41.2,0
2.33,8.13,49.1,39.0,2.34,0.29,577.1,35.9,0
2.78,23.81,43.3,60.9,0.73,0.84,669.0,24.6,0
2.55,19.1,38.6,43.6,1.43,2.48,511.5,18.7,0
1.77,27.0,30.1,26.5,2.35,1.72,437.1,24.4,0
2.75,23.76,31.3,62.5,3.91,0.32,519.9,30.0,0
2.33,27.06,38.8,58.8,0.95,0.49,373.9,35.6,0
2.47,17.12,38.0,55.1,0.64,0.44,282.1,13.2,0
2.79,26.67,35.0,48.9,0.96,1.53,373.5,36.4,0
1.76,31.48,48.8,64.6,0.3,4.14,145.7,29.8,0
2.19,25.44,50.1,60.6,0.87,0.39,445.3,19.9,0
1.99,25.56,40.4,63.5,1.05,1.06,425.0,10.2,0
1.57,22.76,64.4,55.0,5.49,5.36,590.5,29.0,0
2.34,19.64,27.5,49.2,1.98,0.21,519.4,29.5,0
3.2,25.43,45.6,44.0,0.83,1.29,479.1,23.7,0
1.46,15.22,42.8,35.3,1.22,0.48,676.6,34.4,0
2.19,20.12,39.5,53.0,1.02,5.75,437.4,42.2,0
2.46,14.03,38.0,53.9,1.05,0.14,333.5,25.2,0
2.25,18.83,44.9,44.5,2.37,0.72,120.9,22.8,0
2.15,24.89,42.7,54.1,0.73,0.35,503.7,40.0,0
1.68,24.27,41.1,44.7,0.61,0.04,492.0,26.5,0
2.29,22.23,32.0,56.7,3.39,3.98,690.4,32.6,0
1.9,22.77,28.8,39.2,2.04,1.01,369.9,23.7,0
1.32,13.51,42.1,37.4,0.3,1.45,612.5,36.0,0
2.68,20.32,41.0,45.6,1.86,1.16,127.5,19.3,0
2.58,18.93,43.0,56.3,0.63,0.19,305.1,29.0,0
2.22,19.03,43.9,36.4,0.5,0.22,557.5,30.1,0
2.29,24.7,39.8,58.5,3.73,1.18,603.4,26.7,0
2.63,18.13,42.9,31.6,0.83,1.82,251.1,23.5,0
2.29,19.28,36.5,45.5,1.32,1.13,380.8,40.6,0
2.56,12.61,60.2,33.9,1.69,1.01,506.8,33.7,0
2.08,20.68,37.0,21.9,3.83,1.64,485.7,21.9,0
2.72,17.1,41.3,51.7,0.61,0.34,582.1,14.8,0
2.33,22.36,37.8,46.2,2.12,1.58,637.0,38.3,0
2.28,17.72,37.6,34.0,1.82,0.64,308.3,21.5,0
1.69,22.47,45.2,42.8,2.22,1.35,566.6,28.4,0
2.31,21.35,44.0,52.4,1.96,0.39,392.1,28.6,0
1.87,29.52,40.4,44.3,1.35,0.18,550.3,30.0,0
1.94,24.24,42.2,46.0,1.67,0.04,430.0,16.2,0
1.87,13.72,37.8,44.0,4.58,1.95,661.5,25.6,0
1.77,16.31,49.0,42.2,2.12,0.26,588.0,27.9,0
3.05,22.25,65.6,42.0,1.98,0.54,351.7,27.6,0
2.73,17.82,36.3,41.8,0.88,1.76,248.2,33.0,0
2.97,8.64,48.9,40.5,5.31,0.72,678.4,29.2,0
1.71,28.07,45.4,37.8,1.99,0.29,394.1,31.1,0
2.23,25.24,51.7,44.2,2.85,0.26,409.7,23.8,0
1.68,24.34,52.0,41.6,0.62,0.63,611.3,39.9,0
1.92,19.27,47.1,37.3,1.11,1.0,346.5,26.0,0
1.83,23.92,44.6,55.7,0.83,0.6,529.9,30.3,0
2.7,18.83,40.7,60.3,2.46,2.82,502.8,28.8,0
2.04,22.92,37.4,48.0,0.43,0.0,487.8,31.2,0
2.63,17.86,44.0,48.7,2.5,0.62,679.3,36.4,0
2.44,28.82,32.2,41.1,2.42,1.63,569.9,22.1,0
3.12,14.93,39.1,58.7,0.3,2.66,646.9,33.8,0
1.61,27.55,56.1,65.4,2.34,0.53,462.5,33.2,0
2.7,22.18,46.0,46.4,1.23,1.34,391.4,29.2,0
2.66,19.8,53.9,42.8,5.45,1.04,655.8,29.6,0
1.81,22.75,59.7,51.4,2.68,0.27,414.4,19.9,0
2.6,25.3,43.2,49.3,1.21,1.37,518.5,25.6,0
2.33,28.15,47.1,43.0,1.79,0.34,563.5,14.6,0
2.11,23.41,42.0,52.7,3.06,1.84,384.6,25.9,0
1.87,17.99,36.9,57.4,0.35,2.41,385.0,27.6,0
1.91,22.25,35.5,40.1,1.6,0.78,459.3,18.2,0
3.02,30.18,53.4,73.4,2.95,0.07,611.6,30.1,0
2.2,28.06,47.1,32.7,1.34,1.6,551.9,36.5,0
2.51,26.09,63.5,39.5,2.33,0.76,297.0,29.5,0
1.88,25.58,54.7,50.3,1.54,0.12,792.9,28.0,0
1.89,25.15,37.7,70.5,0.3,0.48,557.0,24.3,0
2.63,27.21,53.4,42.4,2.51,0.41,436.5,30.6,0
1.66,19.95,41.9,37.3,3.76,1.56,477.1,20.9,0
2.03,15.9,57.2,53.5,0.58,0.66,463.7,11.1,0
2.21,22.31,40.1,45.5,1.8,1.06,444.2,39.1,0
2.24,18.32,34.5,54.7,0.68,0.83,674.9,34.7,0
2.13,17.25,37.0,47.3,0.59,1.55,856.5,20.3,0
2.36,18.76,37.6,39.4,1.02,1.52,423.1,17.9,0
2.48,33.18,36.6,71.5,2.42,0.71,431.4,28.7,0
2.49,22.61,39.3,20.0,0.96,0.17,486.5,28.5,0
1.81,23.63,53.6,66.2,0.85,0.63,293.5,33.7,0
2.09,16.5,63.0,57.3,1.19,0.21,579.2,25.7,0
2.68,13.7,31.7,40.5,1.33,3.84,528.0,36.1,0
2.56,18.31,57.6,66.7,1.63,3.6,522.4,26.5,0
1.65,28.47,40.2,34.3,5.08,0.73,222.1,36.5,0
2.34,23.5,48.5,58.1,5.97,0.03,160.7,26.7,0
1.41,24.69,28.5,27.2,1.68,0.56,444.9,22.0,0
2.22,25.32,50.2,36.5,2.5,2.71,599.2,25.4,0
2.96,19.34,24.9,36.5,0.3,0.41,233.3,32.6,0
1.82,28.25,48.1,40.5,3.7,1.17,634.3,30.5,0
1.87,19.15,47.6,48.1,1.89,0.24,454.5,28.4,0
2.51,28.33,46.9,39.7,0.32,2.09,375.7,20.7,0
1.58,23.99,37.7,27.6,3.15,2.67,512.5,27.6,0
1.95,13.95,50.5,52.6,2.4,1.15,305.4,23.4,0
2.44,18.63,48.9,48.5,2.71,1.17,119.3,23.2,0
1.95,13.97,42.9,52.1,6.92,0.57,680.9,35.0,0
2.11,27.23,51.7,49.7,1.69,1.47,492.7,22.6,0
2.5,21.89,44.0,57.5,2.21,0.78,391.8,22.2,0
2.37,11.97,50.3,47.2,1.86,1.64,413.3,30.2,0
2.31,23.69,43.7,58.1,1.02,4.15,383.8,21.6,0
2.06,19.58,47.2,40.2,3.48,2.07,447.1,24.1,0
2.35,15.32,50.7,40.8,1.76,0.87,483.1,41.5,0
2.15,29.55,41.0,61.8,2.13,4.63,603.1,26.8,0
2.38,22.48,32.7,61.6,4.21,1.12,395.6,32.7,0
2.0,20.68,47.8,53.7,2.19,0.08,341.4,45.6,0
2.13,20.2,56.9,39.1,3.44,1.57,419.6,29.4,0
1.8,15.19,48.0,38.3,0.39,2.06,869.6,31.7,0
2.19,16.13,48.2,61.3,1.11,0.17,523.5,30.2,0
1.88,27.78,44.6,60.7,3.12,1.36,560.0,25.7,0
1.75,19.87,52.4,47.4,1.49,3.04,461.8,28.9,0
2.3,22.1,43.1,71.4,6.98,0.35,760.0,26.7,0
2.29,12.8,40.5,52.6,1.09,1.06,629.0,21.6,0
2.51,16.07,56.1,36.9,6.46,0.39,343.9,33.8,0
2.03,24.74,39.7,45.2,0.58,1.79,523.6,15.3,0
2.36,23.7,53.9,48.1,0.3,1.04,442.0,28.1,0
2.42,29.89,56.1,48.9,0.57,0.67,561.7,26.0,0
2.38,28.04,50.7,60.5,3.46,0.04,649.5,20.7,0
1.87,20.96,32.5,38.4,0.4,3.48,316.5,32.4,0
2.26,24.13,45.3,34.7,0.68,0.83,553.8,20.8,0
2.35,20.58,43.0,54.0,0.98,1.96,378.9,25.1,0
2.2,31.25,40.0,42.9,4.81,0.6,712.5,33.1,0
1.37,27.17,46.4,72.2,2.62,2.27,645.0,14.5,0
2.26,22.76,52.7,57.4,1.53,0.21,201.5,35.5,0
3.09,22.9,40.4,42.7,0.3,0.32,331.0,27.7,0
2.06,28.5,43.3,60.1,2.02,0.49,298.4,25.8,0
1.91,24.61,42.6,55.3,0.45,0.11,490.8,18.3,0
2.35,29.01,56.6,54.3,2.2,0.7,545.2,28.6,0
2.32,12.13,42.4,46.8,2.74,0.8,618.7,28.2,0
2.68,24.08,32.7,52.2,2.15,0.15,463.1,31.8,0
1.7,19.68,29.3,27.0,3.53,0.67,457.6,24.7,0
2.49,29.9,48.6,61.2,0.98,0.26,542.6,21.2,0
2.44,28.96,37.4,20.0,3.67,2.5,972.6,30.2,0
2.14,22.15,51.7,43.6,1.09,0.85,272.8,24.0,0
2.34,28.91,31.7,32.0,0.64,3.64,218.1,31.5,0
2.61,30.02,39.6,43.0,1.04,0.5,419.6,20.8,0
2.55,22.33,31.7,47.3,1.68,0.5,392.2,33.6,0
1.74,33.12,49.3,36.0,0.56,0.5,389.3,38.4,0
2.53,21.86,51.5,20.3,1.52,0.37,498.2,26.8,0
2.17,21.03,48.4,50.1,2.23,1.84,324.5,37.4,0
2.23,25.9,34.1,68.9,0.96,0.4,410.7,33.3,0
2.23,20.41,37.5,44.5,3.37,0.41,455.8,30.4,0
2.14,22.38,47.3,57.6,1.48,0.06,459.3,27.9,0
2.68,28.34,28.1,63.0,0.3,4.04,478.8,24.2,0
2.17,22.09,42.6,29.0,1.44,2.61,477.6,36.4,0
1.75,14.37,60.2,43.4,0.41,0.42,378.9,35.0,0
2.04,23.65,43.2,35.2,0.38,0.88,461.7,20.7,0
2.27,18.87,30.1,39.9,0.75,0.79,499.2,28.8,0
2.69,25.89,38.9,65.0,3.05,0.11,644.0,22.3,0
2.44,25.13,38.7,50.2,2.05,0.91,277.9,31.3,0
1.86,28.62,66.4,55.9,0.3,0.14,503.7,33.2,0
3.19,26.08,61.7,47.6,3.2,0.68,524.7,17.1,0
2.31,26.91,52.3,35.9,4.4,0.11,527.7,27.4,0
2.71,18.99,41.6,54.8,1.9,1.07,534.7,31.0,0
2.14,25.62,57.0,60.5,0.89,0.06,303.0,28.6,0
2.41,30.86,33.7,51.2,1.24,1.19,524.1,40.5,0
2.54,18.9,55.8,52.9,2.35,1.47,515.9,17.0,0
2.69,30.1,54.3,35.7,0.3,1.02,582.2,37.5,0
2.62,19.53,43.5,55.1,1.22,0.76,475.0,21.8,0
2.55,18.17,56.4,61.5,0.44,0.08,419.1,13.0,0
2.07,23.33,40.5,52.0,1.96,0.01,650.2,30.2,0
1.97,25.22,32.3,30.0,0.62,0.5,317.3,27.1,0
2.33,26.1,54.8,64.4,5.19,1.77,293.9,28.6,0
2.57,17.67,44.1,38.6,2.26,1.25,313.9,31.7,0
2.11,23.96,51.0,51.9,2.1,0.16,551.9,31.8,0
2.63,18.92,63.2,57.5,1.39,1.4,391.6,24.3,0
2.78,15.3,37.8,58.8,0.8,1.03,483.3,33.7,0
1.83,17.82,43.6,30.0,0.47,0.22,707.8,13.9,0
1.87,18.62,60.7,49.2,2.42,1.69,323.4,27.3,0
2.14,24.35,51.7,48.5,0.48,2.13,244.8,35.9,0
2.32,27.18,38.0,62.4,1.32,0.32,624.5,30.0,0
1.99,15.37,35.4,52.6,1.13,1.21,374.8,28.3,0
2.74,23.58,39.7,62.5,3.27,0.57,324.2,25.6,0
2.37,16.7,37.6,53.4,2.66,0.07,483.9,30.4,0
2.22,24.83,47.4,47.3,4.04,2.37,471.3,26.0,0
1.63,19.2,45.8,49.9,0.71,2.06,369.8,32.4,0
1.67,17.27,47.8,63.2,1.25,0.46,584.3,24.4,0
2.31,25.6,36.6,35.0,2.93,0.91,383.1,38.7,0
1.35,19.36,44.3,57.1,2.17,0.86,376.3,31.8,0
2.61,20.58,24.4,41.7,1.04,0.23,220.2,40.7,0
2.14,12.01,46.5,39.6,7.35,0.19,131.8,25.3,0
3.5,26.26,56.8,58.2,4.09,2.23,535.4,36.6,0
3.12,25.69,30.8,39.2,2.25,2.42,301.9,19.1,0
2.13,22.02,49.8,51.8,0.3,1.55,477.1,33.1,0
2.16,15.13,38.9,43.1,1.74,0.09,789.1,27.2,0
2.6,27.44,53.0,24.4,1.33,2.88,569.8,28.8,0
2.88,19.0,46.6,52.8,2.95,4.74,504.2,33.1,0
1.54,19.96,49.0,49.3,0.71,1.79,563.6,33.2,0
1.49,32.4,45.6,28.9,1.18,0.52,823.6,33.9,0
1.95,18.83,58.3,41.0,3.11,0.62,217.1,30.5,0
2.43,25.34,48.5,29.9,2.41,2.44,479.6,31.8,0
2.4,24.53,37.9,55.3,0.52,0.39,721.2,26.4,0
2.63,23.76,46.0,61.9,3.45,0.18,546.2,23.5,0
1.72,23.27,41.3,56.5,1.78,2.08,680.7,29.2,0
1.27,23.69,46.6,57.9,1.19,0.26,406.2,13.0,0
2.54,23.22,40.8,42.8,4.07,2.85,312.4,30.9,0
1.87,21.77,38.2,53.5,1.23,1.09,786.7,34.1,0
1.39,28.8,47.0,47.9,2.75,0.97,511.3,32.3,0
2.26,16.09,45.6,49.9,4.89,1.79,623.9,23.7,0
2.52,26.6,55.6,57.6,2.75,0.02,633.3,13.7,0
2.15,25.7,40.9,59.8,1.84,1.5,691.9,32.6,0
2.02,25.14,25.2,44.1,2.12,1.1,544.2,22.5,0
2.14,27.03,41.4,33.9,0.3,0.89,550.7,19.0,0
2.05,21.58,28.7,46.1,2.3,0.29,574.6,34.6,0
1.66,13.59,49.2,45.8,1.63,2.12,403.8,18.5,0
1.91,21.67,28.3,50.8,2.14,0.35,657.6,26.8,0
2.41,17.54,35.1,56.3,0.48,0.81,414.3,40.4,0
2.33,18.71,41.4,28.9,4.63,0.21,666.0,23.3,0
2.27,16.41,60.4,41.3,0.51,4.37,619.2,20.5,0
1.8,19.85,34.3,38.4,0.78,0.26,169.0,31.6,0
2.13,19.32,45.1,60.5,2.7,1.95,621.0,30.3,0
1.33,11.3,50.8,45.9,1.16,0.37,535.0,16.4,0
2.27,25.15,59.8,42.9,1.26,0.35,700.1,28.4,0
2.77,31.99,52.8,53.4,1.16,0.66,759.9,36.2,0
1.61,24.73,55.9,42.1,1.02,2.24,516.6,37.8,0
1.97,21.09,53.6,47.8,2.91,1.4,553.6,26.2,0
2.33,21.75,32.9,66.1,6.05,2.46,307.5,31.5,0
2.7,20.11,48.6,65.9,1.73,0.06,474.7,31.8,0
2.02,22.41,53.5,43.9,1.58,3.74,748.4,35.1,0
1.92,21.83,35.4,46.2,0.84,0.1,500.1,27.4,0
1.41,18.22,39.2,41.8,2.19,1.53,639.1,37.1,0
2.24,29.57,37.0,28.7,1.46,0.28,496.7,22.9,0
3.02,15.31,52.7,58.4,3.38,2.21,482.5,33.5,0
2.31,25.23,44.3,72.2,0.58,2.38,586.2,21.0,0
2.19,21.54,41.8,43.6,1.38,0.96,63.2,15.5,0
2.33,30.55,32.2,39.8,2.8,0.62,555.8,32.3,0
2.2,23.53,44.3,45.3,2.57,1.89,162.6,48.7,0
1.87,20.38,39.3,48.9,1.73,2.49,487.6,30.2,0
2.53,20.89,47.4,36.6,1.01,1.61,374.7,26.5,0
2.29,22.18,33.6,43.4,1.0,2.85,326.7,36.7,0
2.21,16.86,46.8,58.1,2.62,1.18,721.7,24.9,0
1.81,18.55,40.6,49.3,3.33,1.33,667.9,15.6,0
2.72,13.97,32.5,60.7,3.54,1.02,446.6,34.6,0
2.47,17.85,31.7,51.6,1.4,0.8,856.7,38.9,0
1.98,22.42,33.2,37.1,1.11,1.28,649.1,28.9,0
2.6,23.35,42.9,42.2,2.14,0.99,476.3,30.2,0
2.0,13.09,46.2,50.5,1.47,1.58,216.9,23.7,0
1.89,21.38,47.7,36.8,1.15,3.27,485.2,26.9,0
1.9,24.54,48.1,35.5,1.35,0.56,405.3,29.6,0
1.49,21.27,37.4,36.1,2.52,0.64,430.6,28.3,0
2.39,19.15,55.6,53.2,1.15,0.02,562.0,28.3,0
1.47,20.15,40.6,44.3,1.13,0.9,405.8,6.0,0
1.71,19.57,49.5,59.8,1.53,0.17,698.1,29.2,0
1.37,19.13,43.4,39.0,0.76,1.51,420.5,18.7,0
2.17,22.78,48.8,23.4,2.38,1.81,346.7,31.3,0
2.14,32.38,42.9,46.7,0.81,1.54,597.4,35.4,0
2.07,18.65,48.9,64.5,1.56,0.95,495.8,31.9,0
1.78,20.57,44.9,48.3,1.86,0.92,628.3,20.0,0
1.73,21.77,53.1,34.3,0.3,1.25,525.7,22.2,0
2.39,18.91,36.8,31.8,1.31,0.97,291.6,27.5,0
1.98,26.94,27.3,60.0,2.38,1.66,545.6,34.0,0
2.33,11.33,35.3,39.9,0.54,2.7,363.8,35.0,0
1.85,19.61,55.7,63.4,1.6,0.92,521.9,30.5,0
2.27,25.68,43.5,54.5,1.27,0.14,410.3,21.3,0
2.72,20.68,45.9,40.3,0.98,0.17,469.2,36.2,0
2.43,18.31,34.5,59.7,0.88,0.57,506.5,27.8,0
2.04,23.98,45.7,38.8,1.3,0.82,610.1,25.2,0
2.3,26.08,34.8,33.5,3.62,0.31,417.3,24.6,0
2.1,22.95,36.2,39.3,2.18,0.72,81.6,17.3,0
2.2,18.39,41.0,55.7,1.55,0.18,356.5,35.7,0
2.07,24.05,49.5,59.4,2.84,0.33,520.1,27.1,0
2.13,20.19,50.5,44.0,2.0,1.59,677.3,23.2,0
2.28,25.35,50.8,29.3,3.02,5.09,545.0,32.3,0
1.8,28.67,29.1,32.4,1.02,0.25,649.4,33.5,0
1.79,10.27,44.9,37.3,1.41,0.5,523.6,15.9,0
1.64,22.5,43.0,35.1,4.06,0.52,532.7,38.9,0
1.56,14.19,29.7,50.7,0.41,0.3,463.7,43.5,0
1.71,32.99,45.2,67.4,2.71,0.27,657.4,28.7,0
2.26,19.89,42.5,56.0,1.8,0.17,746.9,29.7,0
1.84,25.36,50.1,36.7,1.28,2.86,355.3,44.8,0
2.41,21.84,45.8,41.1,7.49,1.26,533.7,20.4,0
2.21,18.39,39.5,43.0,0.56,0.41,321.2,24.3,0
1.41,17.85,54.3,51.9,0.3,0.36,750.7,32.1,0
2.46,29.14,22.8,63.7,2.55,1.07,525.6,36.0,0
2.52,26.3,44.4,43.3,0.5,1.43,497.0,28.3,0
1.8,30.75,27.4,63.4,2.15,0.35,329.2,22.3,0
2.37,22.25,35.9,69.0,1.78,0.51,466.2,37.0,0
1.86,23.3,50.2,44.5,0.3,0.41,488.7,27.9,0
2.24,20.8,32.3,44.2,4.37,0.11,338.9,28.0,0
1.69,20.71,30.8,44.4,0.91,0.59,522.6,34.5,0
1.48,17.31,68.8,48.6,1.79,0.92,371.2,38.5,0
2.05,22.38,31.4,44.4,6.04,1.28,565.2,29.7,0
2.15,18.45,61.5,56.8,5.22,0.65,352.1,31.3,0
2.04,23.99,43.3,32.5,5.7,4.92,523.6,35.3,0
1.73,22.77,39.8,42.7,2.06,1.18,470.9,26.4,0
2.04,23.29,50.7,51.3,2.34,2.61,545.2,24.2,0
2.31,29.54,58.4,56.7,0.87,2.97,524.8,25.4,0
2.18,21.83,33.5,70.0,1.01,2.07,514.2,21.6,0
2.27,25.41,39.9,35.1,3.47,0.38,389.1,20.4,0
1.93,31.23,53.5,41.5,3.7,0.68,583.1,43.5,0
2.67,27.88,47.9,25.3,0.84,0.0,543.1,21.7,0
1.73,27.19,56.0,36.9,1.12,0.72,595.6,29.9,0
2.4,20.62,50.2,30.3,2.8,0.42,496.2,27.4,0
2.67,23.03,63.1,42.8,0.46,0.14,473.1,35.3,0
2.39,16.07,46.8,45.7,2.55,2.19,347.8,28.8,0
2.12,24.25,47.2,52.7,0.91,1.34,400.9,37.7,0
1.99,23.24,48.2,45.0,2.85,8.42,429.0,27.1,1
2.61,22.11,43.6,52.7,3.76,0.83,644.2,29.7,0
1.63,26.62,53.5,49.1,1.12,0.48,313.3,33.3,0
1.81,16.57,47.4,37.7,1.4,0.37,299.1,29.4,0
2.04,29.36,52.9,31.1,4.13,0.69,489.4,31.7,0
2.7,26.06,54.4,53.8,4.84,0.45,385.0,30.0,0
2.35,21.68,49.3,64.5,1.38,5.62,442.6,18.1,0
1.81,21.33,50.0,73.4,2.17,0.24,434.1,33.4,0
2.08,24.16,34.9,57.4,0.91,0.02,405.4,36.2,0
1.95,28.84,39.5,62.6,0.59,0.17,385.5,27.1,0
1.92,22.46,53.4,52.6,0.88,2.67,360.2,26.6,0
2.59,22.65,59.2,51.0,1.78,1.42,444.6,30.1,0
1.65,22.08,25.6,49.1,1.43,1.84,280.6,41.6,0
2.84,30.02,39.3,46.9,0.55,0.46,590.8,26.0,0
2.53,20.34,45.2,54.1,0.3,1.17,367.3,32.4,0
2.64,21.87,36.2,42.8,0.64,1.48,568.0,26.8,0
2.01,28.59,36.8,46.5,2.86,0.47,401.1,32.2,0
2.14,22.66,49.7,36.2,3.0,1.55,655.6,19.1,0
1.63,27.12,60.8,52.7,3.5,1.19,506.0,40.6,0
1.99,17.9,24.7,38.4,2.08,0.42,338.5,30.6,0
2.4,21.08,43.3,48.3,5.81,0.07,874.7,26.0,0
2.72,28.68,49.6,53.0,1.43,0.33,437.3,26.2,0
1.76,18.96,52.8,53.9,1.62,1.16,416.5,29.9,0
2.05,21.32,48.2,55.7,1.54,1.1,426.8,42.0,0
2.14,23.16,62.6,45.9,1.0,0.85,559.7,38.8,0
1.64,17.55,45.3,52.9,2.11,0.35,282.1,26.1,0
2.44,20.14,58.1,43.1,0.3,0.71,520.4,28.7,0
1.91,22.51,38.5,28.3,2.64,0.19,247.2,29.0,0
2.12,22.21,45.6,53.3,3.18,1.3,488.9,14.3,0
2.02,27.76,32.9,51.0,3.28,2.44,669.0,26.4,0
1.88,28.94,54.0,58.1,0.74,0.75,416.8,29.5,0
2.2,18.15,43.8,47.7,0.92,0.29,633.2,21.6,0
2.11,22.5,48.6,32.0,2.2,2.11,249.6,40.1,0
2.05,25.03,41.9,47.1,1.24,0.45,406.8,20.1,0
1.91,28.82,50.9,56.9,3.17,1.08,316.3,20.9,0
2.33,25.23,49.0,52.8,1.56,0.09,786.2,32.8,0
2.86,23.31,35.1,46.5,1.08,1.52,438.8,30.0,0
2.26,25.0,35.6,31.4,1.31,0.74,402.4,24.8,0
2.6,25.03,44.7,37.7,2.28,0.66,461.3,35.1,0
1.64,17.83,51.6,52.8,0.7,3.28,501.0,29.7,0
2.26,22.87,63.6,31.3,5.93,0.81,444.3,40.9,0
1.76,28.57,48.0,44.8,3.17,0.02,321.3,15.6,0
1.61,21.07,55.1,48.4,1.12,3.86,702.4,24.3,0
1.9,22.58,28.9,59.5,0.99,0.01,663.2,39.6,0
2.68,20.91,65.1,54.1,0.83,0.92,550.0,31.4,0
2.58,11.59,51.1,57.6,1.6,1.2,542.0,27.3,0
2.3,22.09,44.5,51.0,0.62,2.7,532.3,25.2,0
1.59,23.36,43.4,39.5,1.57,1.36,431.5,30.4,0
2.12,19.69,33.9,41.9,1.35,2.0,415.2,20.0,0
2.32,16.8,36.8,38.7,0.51,1.76,739.1,18.0,0
2.27,18.04,64.1,53.9,1.21,0.29,593.8,31.9,0
1.46,25.44,35.1,41.1,0.95,1.45,300.5,34.0,0
1.84,30.88,34.9,44.1,1.78,1.22,432.3,34.6,0
2.17,28.22,38.0,48.2,0.48,0.34,573.1,25.0,0
2.41,15.95,33.0,64.4,0.44,0.16,555.2,24.7,0
1.32,25.85,45.2,54.6,1.21,1.67,579.2,28.0,0
2.14,19.02,55.9,40.3,1.7,4.25,277.1,21.0,0
2.26,19.38,38.9,49.5,1.42,1.61,548.0,32.6,0
2.54,19.92,31.3,64.5,1.1,1.66,667.3,25.9,0
2.48,25.18,47.9,54.2,1.88,0.22,274.2,27.5,0
2.43,26.32,44.4,32.0,0.65,0.34,760.9,26.8,0
1.88,21.56,55.0,38.8,0.5,1.06,549.5,31.6,0
1.44,21.64,40.5,38.1,0.41,0.04,516.5,30.0,0
2.04,24.09,42.4,62.4,2.07,1.32,357.3,41.3,0
2.6,24.56,43.5,60.6,5.64,0.19,404.5,25.3,0
2.76,27.29,45.9,41.7,0.79,0.64,443.4,40.5,0
2.48,16.22,41.1,41.5,0.54,0.46,286.1,15.3,0
2.37,22.09,39.5,48.4,2.77,0.14,452.8,31.4,0
2.35,17.19,26.5,48.7,3.16,1.04,366.2,16.9,0
1.98,21.77,39.3,38.4,0.98,0.54,602.4,20.8,0
2.15,20.98,52.2,45.5,1.37,0.05,43.1,21.2,0
2.87,21.79,53.5,33.5,1.73,0.71,462.9,20.6,0
1.82,18.4,40.3,60.7,5.27,1.07,354.8,23.7,0
2.85,15.31,58.0,30.4,0.57,0.17,500.4,43.4,0
2.07,12.58,44.7,30.3,0.75,1.06,853.1,21.9,0
2.73,21.41,31.6,52.4,1.26,0.43,751.1,16.7,0
1.64,20.06,28.5,35.6,0.3,0.36,425.8,31.5,0
2.43,18.96,57.2,43.0,2.16,1.9,472.2,29.7,0
1.91,27.95,41.3,48.6,2.15,0.76,374.3,43.5,0
1.63,18.13,32.9,54.8,0.7,0.57,477.4,27.7,0
2.29,28.38,22.4,45.8,1.67,2.01,610.4,12.0,0
2.6,29.31,41.0,65.8,2.14,2.89,302.9,25.0,0
1.86,13.22,49.0,48.0,1.49,0.45,735.0,24.9,0
1.6,22.42,38.0,59.9,0.43,0.06,637.2,19.4,0
2.16,20.2,34.5,50.8,3.44,0.93,630.6,24.1,0
2.17,8.9,39.5,69.3,0.97,1.51,557.4,27.0,0
2.42,15.5,57.4,58.6,2.42,1.06,364.5,27.6,0
2.58,25.49,31.1,48.4,2.51,1.4,651.8,18.3,0
2.18,31.09,38.6,54.3,2.01,1.25,452.0,32.3,0
2.94,26.06,57.1,45.4,0.81,3.75,246.7,39.5,0
2.29,23.46,49.9,45.3,1.67,2.41,511.9,30.0,0
2.06,21.9,46.8,35.0,0.96,0.17,326.1,35.7,0
1.56,29.57,38.5,39.9,4.47,0.72,409.2,29.3,0
2.09,31.67,45.3,68.6,0.3,0.73,606.0,20.7,0
2.07,19.36,39.6,36.0,1.41,0.73,482.1,29.9,0
2.58,13.0,36.4,41.4,1.89,3.2,494.4,24.5,0
2.38,12.56,34.2,47.1,0.88,0.48,675.3,20.2,0
1.73,27.95,52.8,47.4,3.5,1.14,161.6,27.5,0
2.27,21.79,44.4,51.8,2.51,2.72,668.7,33.7,0
2.47,22.82,48.1,43.3,3.26,0.06,522.1,25.6,0
2.81,13.94,46.5,52.5,2.64,2.53,489.6,41.6,0
2.56,18.61,49.4,59.4,0.76,1.74,494.3,34.7,0
2.5,20.67,42.5,60.7,0.61,0.28,596.0,24.2,0
2.22,22.94,40.2,45.3,0.41,0.47,653.9,24.0,0
2.36,20.21,36.8,54.1,0.72,0.45,464.5,43.0,0
2.7,17.33,30.9,36.5,1.11,0.3,479.9,25.6,0
1.67,18.47,33.8,40.8,2.63,1.22,591.3,30.5,0
2.06,27.44,41.3,36.3,0.83,4.88,185.3,31.0,0
1.89,23.1,29.0,47.5,2.04,0.22,485.2,15.9,0
2.35,24.75,31.2,39.4,1.3,0.32,574.7,16.0,0
2.69,17.96,55.4,32.8,2.34,0.41,426.0,34.0,0
1.96,8.71,47.2,44.1,3.02,3.33,380.2,20.7,0
1.24,19.65,40.5,30.7,1.83,1.18,477.1,28.1,0
2.04,18.1,67.7,61.3,0.51,0.29,412.3,17.4,0
2.57,23.57,28.5,42.4,1.94,1.96,463.2,25.7,0
2.42,36.79,54.8,57.9,3.99,3.07,429.2,29.5,0
2.37,25.13,43.9,43.1,0.7,0.62,734.2,13.6,0
2.09,34.31,52.9,36.1,3.79,0.23,329.1,28.4,0
1.69,24.56,46.1,59.8,0.91,0.45,625.2,28.8,0
2.41,19.17,26.3,48.9,1.53,0.29,411.9,24.7,0
1.87,23.57,46.0,66.9,0.77,0.27,548.9,20.3,0
3.07,30.01,48.4,43.3,1.36,0.22,597.1,25.4,0
2.43,30.23,23.1,43.6,4.27,2.51,729.6,25.4,0
1.97,19.41,64.4,58.0,0.41,0.11,558.9,41.5,0
1.96,23.14,48.1,58.1,3.65,0.64,440.5,27.2,0
2.16,15.57,51.7,49.5,1.14,0.02,509.9,24.7,0
2.1,25.71,33.3,81.4,1.27,0.42,787.8,27.1,0
2.65,28.99,51.9,45.2,0.4,1.47,524.5,31.0,0
2.27,22.18,55.9,35.3,0.72,0.27,303.8,30.7,0
1.91,19.0,47.5,38.0,2.47,8.0,442.5,31.1,1
2.96,23.62,44.9,45.3,2.15,0.06,438.6,32.2,0
2.22,23.88,36.1,63.2,3.67,0.18,609.5,17.8,0
2.51,22.37,42.8,46.1,0.63,1.86,316.7,31.6,0
1.96,22.8,39.9,63.7,2.12,4.48,423.8,29.3,0
2.35,21.22,50.7,52.3,1.36,3.7,532.0,23.6,0
2.32,26.48,36.5,58.8,2.72,1.92,457.9,28.7,0
1.44,25.31,50.6,51.9,0.3,4.33,513.6,27.2,0
3.01,17.58,36.6,51.8,1.48,2.21,522.1,27.9,0
2.72,17.45,42.4,55.5,1.77,0.07,532.2,29.2,0
2.04,20.86,51.2,42.3,1.58,2.24,361.0,16.3,0
1.76,25.32,38.0,42.4,0.79,0.79,619.6,29.8,0
2.34,22.67,51.5,51.5,2.34,0.73,419.7,32.6,0
2.23,19.11,50.5,67.4,1.68,0.0,498.3,29.7,0
2.34,23.18,42.3,32.6,0.45,1.16,318.2,22.9,0
2.28,20.51,56.6,27.7,0.3,1.34,506.0,22.0,0
2.4,25.96,45.8,45.4,1.76,1.88,528.5,29.3,0
2.78,23.5,56.0,58.3,0.56,0.47,505.4,33.6,0
2.43,20.58,62.9,48.5,1.64,0.16,383.0,37.2,0
1.78,23.04,42.6,36.3,2.11,0.7,669.2,33.4,0
2.75,27.92,51.4,48.8,0.3,0.54,587.5,31.6,0
2.86,19.44,38.6,30.7,1.17,1.68,479.2,10.2,0
3.46,23.81,34.7,54.3,0.95,0.31,477.8,23.7,0
1.75,21.68,43.0,44.9,1.05,0.18,389.3,30.2,0
2.3,23.92,31.4,47.2,0.65,0.7,406.6,23.2,0
1.37,19.05,35.6,52.3,2.91,1.19,718.5,21.5,0
2.42,22.5,50.9,50.1,3.27,0.4,446.3,20.6,0
1.98,26.99,39.9,42.6,0.81,0.15,914.6,40.4,0
2.97,17.78,52.1,58.3,0.76,0.69,326.1,18.9,0
1.89,16.02,48.0,56.0,0.3,3.92,555.3,26.5,0
1.52,16.19,63.5,30.3,0.71,4.1,533.9,22.9,0
2.01,16.73,50.2,45.7,1.14,1.48,505.4,22.0,0
1.41,24.68,56.1,37.2,0.65,1.8,261.2,30.9,0
2.5,15.67,49.0,35.3,0.39,0.27,294.3,33.8,0
1.37,20.66,48.1,53.4,3.56,0.56,529.3,19.8,0
2.21,24.78,56.6,43.8,1.75,1.11,346.4,28.4,0
1.37,23.87,51.7,46.6,2.77,1.67,681.4,27.2,0
2.07,20.26,47.1,41.3,1.18,0.22,466.4,24.8,0
2.86,22.86,47.1,51.7,0.84,0.73,538.3,21.5,0
2.34,22.48,50.4,54.8,2.36,0.21,493.9,35.8,0
1.85,20.99,38.3,69.7,2.18,1.2,489.8,20.8,0
2.19,21.05,37.9,46.2,0.58,1.77,728.1,18.9,0
2.21,32.06,59.3,33.5,2.21,2.15,662.7,35.7,0
2.39,25.64,63.6,43.0,1.74,1.58,523.1,29.4,0
1.65,33.16,35.7,56.5,1.48,0.21,601.2,19.7,0
2.44,19.76,38.3,40.3,1.04,2.12,676.0,27.5,0
1.12,21.62,56.4,33.2,1.55,0.49,410.3,23.6,0
1.95,16.01,50.3,40.5,1.71,2.17,266.8,38.4,0
2.0,18.36,51.8,42.7,2.19,0.35,583.0,26.3,0
2.45,30.56,54.0,37.2,2.08,0.77,686.9,31.7,0
2.21,19.65,42.6,50.2,1.55,1.03,242.8,27.8,0
1.64,30.64,48.3,47.2,0.88,0.04,409.1,38.1,0
1.81,16.4,47.5,55.9,0.3,2.81,463.8,29.4,0
2.28,17.26,36.4,43.5,2.2,0.86,352.6,36.1,0
2.17,20.46,48.2,53.6,1.47,0.26,478.3,31.8,0
1.97,21.71,57.4,43.1,1.44,0.21,333.0,24.1,0
2.01,26.15,41.7,36.7,0.32,1.39,452.1,28.0,0
2.48,24.03,46.5,42.6,3.13,0.1,604.9,26.5,0
1.99,20.13,47.1,31.8,0.97,0.7,189.6,24.0,0
2.16,21.4,42.2,65.9,2.15,0.93,342.3,20.5,0
3.07,20.56,51.8,49.4,0.74,0.32,710.1,37.5,0
1.63,17.88,38.2,40.0,0.4,0.17,376.4,13.6,0
1.46,18.0,58.3,44.2,1.9,0.81,110.2,37.3,0
2.51,26.63,51.3,23.5,1.55,0.5,525.7,18.6,0
1.93,13.77,35.6,62.3,1.11,0.18,488.8,31.8,0
2.07,29.28,62.0,61.4,0.43,0.28,522.2,23.9,0
1.89,20.46,46.7,49.1,4.6,0.76,508.6,16.3,0
2.1,18.52,37.8,51.2,0.6,0.17,690.9,36.0,0
2.84,25.33,56.0,35.3,1.14,3.3,394.5,11.2,0
2.52,28.68,49.9,36.1,4.61,1.79,485.9,33.6,0
2.54,27.03,27.3,31.0,1.08,0.47,435.1,28.9,0
1.63,24.26,39.7,46.4,3.56,0.36,601.5,35.4,0
1.74,26.89,47.8,58.6,1.73,2.49,616.6,32.4,0
1.06,14.28,23.4,44.2,3.21,0.67,555.9,32.3,0
1.88,19.65,45.9,51.5,3.29,2.38,823.1,34.3,0
2.58,17.9,46.6,57.8,0.54,1.63,583.0,33.9,0
2.41,27.51,33.2,31.8,6.58,0.12,688.2,31.2,0
2.11,20.27,47.7,66.5,3.55,2.02,367.2,25.7,0
2.19,25.8,45.1,59.6,1.26,0.93,395.3,26.4,0
1.92,24.41,33.1,53.1,3.05,1.36,797.1,28.7,0
2.28,18.12,54.2,57.2,1.14,0.3,296.9,26.1,0
2.51,19.36,53.4,57.7,3.09,0.0,615.2,43.3,0
1.55,27.82,42.1,50.9,1.16,0.49,693.0,27.4,0
2.32,18.51,43.0,62.3,2.8,0.25,676.3,20.0,0
2.57,22.56,52.3,43.5,1.64,0.69,260.7,27.2,0
2.03,18.48,43.0,52.6,3.02,0.11,447.4,22.1,0
2.48,20.59,25.7,61.2,1.3,2.71,593.3,41.7,0
3.33,21.79,49.9,21.1,2.74,0.15,611.3,28.7,0
2.16,18.48,36.9,52.4,1.61,1.73,498.6,32.4,0
2.36,17.68,41.1,55.2,1.95,3.36,395.6,31.6,0
1.9,23.29,59.6,30.9,0.67,0.19,459.0,34.6,0
2.27,18.2,43.7,50.8,1.24,0.51,407.3,29.7,0
2.38,18.35,45.0,40.1,3.38,1.58,313.6,25.2,0
2.28,17.77,50.1,52.0,1.24,1.5,455.1,28.3,0
1.79,21.65,50.1,47.1,1.66,0.05,777.4,19.4,0
2.28,26.25,35.8,38.5,1.36,0.09,458.2,27.0,0
2.78,28.78,44.4,59.1,1.84,0.15,273.1,40.6,0
2.38,18.73,45.4,43.8,0.51,1.01,446.2,33.1,0
2.58,31.68,47.7,50.7,1.17,0.07,759.2,27.3,0
2.11,17.48,47.9,61.1,1.51,1.07,261.1,42.1,0
2.5,26.88,70.9,38.8,0.32,0.5,499.9,23.7,0
2.31,18.75,33.2,48.1,5.85,1.33,610.7,30.4,0
1.82,18.08,54.8,43.0,2.19,1.83,328.9,25.9,0
2.33,18.65,56.8,45.3,2.55,1.88,528.6,26.6,0
1.8,21.76,49.9,69.6,2.8,0.05,363.0,30.8,0
1.95,24.61,38.5,52.6,2.03,3.53,316.1,32.0,0
2.28,25.01,61.6,51.1,5.3,1.06,593.4,26.6,0
2.32,17.75,23.1,53.2,0.93,2.71,773.5,22.1,0
1.72,17.55,38.2,52.3,0.36,1.15,441.9,40.8,0
2.62,17.88,56.7,29.7,1.13,0.79,587.1,28.7,0
2.43,21.5,41.3,71.0,0.39,1.57,572.6,20.7,0
1.92,21.05,61.0,33.4,1.51,0.3,526.1,20.8,0
1.58,17.72,29.9,65.3,0.86,0.13,396.7,41.9,0
2.14,23.21,33.9,54.2,3.3,0.11,348.0,45.2,0
2.02,32.18,39.7,49.8,3.03,2.27,380.4,30.4,0
2.25,19.73,49.2,44.9,0.33,2.92,473.2,23.7,0
2.05,20.05,42.8,74.1,1.53,2.02,437.1,30.3,0
1.4,24.52,40.1,54.0,1.56,2.82,327.6,25.9,0
2.04,19.49,59.2,48.2,1.2,5.02,469.2,32.0,0
2.08,25.01,60.1,42.6,0.49,0.9,404.6,30.5,0
2.45,18.77,40.9,41.4,0.83,0.2,583.5,27.8,0
1.92,30.24,27.9,48.5,2.56,1.12,441.4,27.4,0
2.87,23.55,23.4,38.7,0.3,0.52,626.6,26.5,0
1.44,19.21,47.4,54.8,3.47,0.51,534.5,34.6,0
2.72,19.35,51.6,41.5,0.93,1.56,425.5,26.7,0
2.11,19.69,45.6,58.0,6.47,0.11,475.5,42.4,0
2.54,28.18,44.3,57.8,0.64,0.05,479.7,43.0,0
2.23,16.29,37.0,47.4,2.29,1.43,524.9,25.4,0
2.66,18.99,51.5,53.8,8.53,0.36,554.2,25.5,0
2.05,19.47,61.8,54.3,1.0,0.58,432.5,27.7,0
1.76,21.93,22.8,33.4,1.46,0.44,464.2,23.5,0
2.77,20.78,44.2,65.3,3.56,1.14,517.2,34.0,0
2.15,15.29,35.3,45.4,2.83,0.2,56.4,36.3,0
2.29,20.2,30.1,55.0,3.43,1.53,582.9,37.0,0
2.69,21.55,33.7,55.2,3.98,3.11,356.9,26.5,0
1.79,19.17,48.8,23.1,0.38,2.17,456.6,26.5,0
2.44,25.09,49.0,41.4,1.98,2.85,398.4,14.1,0
1.96,26.14,59.6,56.4,3.92,3.32,612.3,23.4,0
2.15,21.65,45.1,48.6,1.32,0.56,653.7,21.5,0
2.23,23.04,27.4,54.9,2.02,1.91,483.2,20.2,0
1.6,12.28,42.6,48.9,1.99,0.82,485.1,24.6,0
1.89,20.11,31.1,60.3,1.14,0.38,494.2,25.8,0
2.74,26.52,32.9,49.1,1.34,1.65,497.6,27.8,0
2.55,20.09,50.8,62.2,0.72,0.34,650.2,37.5,0
2.17,18.68,46.9,38.2,1.56,0.14,951.6,36.2,0
2.3,32.25,50.9,46.7,4.13,1.46,474.2,20.1,0
2.08,30.19,41.4,42.1,4.03,0.41,585.3,31.0,0
2.74,24.1,52.9,51.9,1.01,0.44,373.0,22.4,0
2.12,27.13,40.9,45.2,0.3,2.56,386.7,29.0,0
2.29,11.98,56.2,45.7,1.62,0.17,347.0,37.2,0
2.66,18.46,48.4,41.0,0.3,1.74,700.9,24.6,0
1.89,19.89,42.9,43.4,1.08,0.59,605.5,21.1,0
2.82,20.94,47.1,47.9,3.35,2.68,442.3,28.4,0
1.59,19.8,44.8,27.8,1.11,0.7,531.9,37.2,0
2.85,10.52,61.0,25.0,2.52,0.63,614.7,42.0,0
2.05,23.74,47.5,48.6,0.56,0.67,679.4,23.7,0
2.1,24.45,45.0,20.3,3.62,2.18,561.3,28.9,0
1.44,29.21,42.6,46.1,1.11,0.01,513.8,29.9,0
2.02,18.45,53.4,44.2,3.19,1.46,697.8,18.1,0
1.78,18.08,52.1,53.4,3.64,0.28,334.5,17.7,0
1.96,9.94,42.3,41.3,1.18,2.57,211.7,30.3,0
2.15,20.68,33.4,63.7,0.5,0.57,688.4,25.4,0
2.58,26.06,36.0,56.5,1.58,0.5,432.6,18.2,0
2.28,19.25,43.2,32.9,0.56,1.5,700.5,32.8,0
2.32,31.65,58.5,45.2,1.2,1.54,787.9,28.4,0
1.76,20.85,42.5,63.3,1.64,1.21,778.1,28.1,0
1.85,22.66,39.1,41.0,1.5,0.48,48.2,20.3,0
2.92,15.87,27.4,47.5,0.43,1.13,620.1,16.1,0
1.91,23.29,60.1,62.0,3.2,0.07,423.7,23.8,0
2.86,13.09,50.7,42.6,1.58,3.73,402.1,28.3,0
2.1,25.12,53.0,59.2,3.6,0.72,555.8,23.0,0
2.2,25.26,54.6,38.9,3.36,0.44,406.0,20.3,0
2.63,28.12,43.4,20.0,2.95,2.37,612.4,25.4,0
2.71,17.41,45.8,60.3,6.14,0.47,698.2,28.2,0
2.16,22.72,59.9,52.4,1.12,7.04,469.7,37.9,1
2.04,24.54,46.8,53.0,1.03,1.41,553.8,29.1,0
2.18,23.99,50.9,37.1,2.95,1.26,431.3,17.7,0
2.34,18.11,53.7,37.9,0.74,0.2,570.2,13.8,0
2.56,11.24,51.4,59.5,1.49,1.13,712.6,10.8,0
2.2,23.56,43.7,50.4,2.39,0.2,561.5,30.4,0
2.45,21.31,44.7,46.8,3.47,1.84,482.1,20.6,0
2.86,19.45,52.8,50.2,1.52,0.18,696.6,31.5,0
2.35,25.44,52.8,63.1,0.3,0.53,439.0,36.3,0
2.32,21.8,56.7,55.2,3.33,0.78,442.7,32.1,0
1.59,16.06,50.5,43.3,3.55,1.96,400.4,26.4,0
1.15,13.31,51.0,34.0,1.16,1.2,264.7,40.9,0
2.36,16.92,40.5,53.9,2.51,1.65,371.0,24.8,0
2.16,32.77,39.2,38.8,3.9,0.34,508.3,21.7,0
1.99,25.25,52.8,36.2,3.48,0.33,534.4,30.3,0
2.3,22.85,39.3,61.2,2.86,0.57,354.8,33.4,0
2.18,21.18,44.8,56.7,2.11,0.02,423.5,9.9,0
2.65,20.89,58.8,51.9,6.44,2.13,216.1,35.8,0
2.23,27.25,57.2,35.6,1.82,0.55,828.1,16.6,0
1.9,19.79,48.0,65.9,0.3,0.08,720.0,13.6,0
2.6,24.6,42.0,58.3,1.24,2.47,392.6,25.6,0
2.11,20.43,43.8,45.0,1.58,4.12,520.6,20.6,0
2.41,30.73,53.7,42.8,2.29,1.25,368.1,30.9,0
2.01,25.34,44.6,48.8,1.08,0.53,653.7,30.5,0
1.94,27.61,39.4,43.2,1.74,0.64,596.5,30.2,0
2.23,19.37,57.2,70.1,3.31,0.36,302.9,36.6,0
2.21,26.76,46.8,44.1,5.71,1.49,353.9,25.8,0
2.39,20.59,39.2,37.3,0.52,0.53,489.6,30.6,0
2.09,22.5,49.8,63.9,1.55,0.04,707.6,16.3,0
1.47,29.36,54.7,42.3,0.49,0.06,443.1,34.7,0
2.03,17.31,34.9,55.9,1.3,1.14,696.1,24.5,0
2.52,22.91,43.0,54.8,0.85,0.41,546.6,26.0,0
2.08,23.97,42.5,47.4,2.33,0.22,375.1,25.6,0
2.1,24.34,49.5,38.3,2.02,0.96,437.3,27.3,0
2.59,19.97,51.3,47.5,1.02,0.39,594.9,25.4,0
1.92,31.39,39.5,36.3,1.63,0.09,626.1,12.8,0
1.58,16.17,30.1,47.8,0.81,0.26,639.8,36.7,0
2.14,28.56,55.3,55.7,2.7,1.81,532.1,23.4,0
2.01,27.47,33.8,65.2,1.98,2.29,566.9,25.4,0
1.81,30.55,47.7,37.1,1.91,2.47,838.5,26.6,0
2.13,14.85,43.7,45.5,0.3,0.92,861.1,31.7,0
2.4,18.09,46.6,42.8,0.5,3.62,507.1,24.5,0
2.2,28.71,61.5,50.7,0.7,0.2,234.8,35.5,0
2.32,13.55,75.4,32.8,5.6,1.36,519.4,41.1,0
2.93,14.77,28.7,38.7,1.01,1.46,517.4,39.5,0
2.06,19.8,54.8,31.1,6.26,0.07,310.6,29.8,0
2.31,22.86,43.4,33.6,2.29,0.4,518.7,24.0,0
2.0,29.17,55.5,41.4,0.44,3.57,343.3,23.8,0
1.86,21.17,54.6,64.7,2.54,1.71,556.5,25.4,0
1.97,19.26,59.1,51.5,0.73,0.07,589.2,22.0,0
2.01,23.4,47.8,48.6,5.57,0.93,579.0,30.9,0
2.34,24.11,36.1,61.5,1.06,1.26,648.4,26.4,0
3.14,23.99,54.3,51.8,0.7,4.34,570.4,27.9,0
1.91,21.2,46.2,52.8,2.09,1.51,618.3,25.8,0
2.03,13.2,42.7,43.3,1.36,1.22,693.8,31.2,0
2.17,17.87,40.2,41.6,3.0,2.87,433.7,29.8,0
2.36,28.39,55.1,34.9,3.21,1.3,478.4,25.5,0
2.31,22.84,61.0,42.0,1.33,3.23,446.7,27.0,0
2.71,20.55,33.0,45.2,1.69,0.81,388.2,27.0,0
1.23,27.03,51.2,51.4,3.12,1.52,455.3,32.7,0
1.25,16.91,41.3,47.6,4.41,1.2,625.2,22.6,0
2.0,20.99,30.3,44.3,2.15,0.96,609.1,24.7,0
2.64,22.62,46.5,38.9,2.01,0.47,245.9,14.7,0
1.57,20.01,36.7,52.0,2.24,2.81,757.3,20.5,0
1.0,22.45,29.2,43.0,2.34,0.38,627.1,26.3,0
2.43,21.16,37.2,51.5,1.63,0.21,534.1,24.9,0
2.3,15.7,34.7,28.9,9.13,1.49,292.8,14.3,0
1.76,22.82,38.5,51.4,2.07,0.95,322.2,31.7,0
1.81,16.02,31.7,55.5,0.3,0.37,725.5,21.8,0
1.81,22.75,41.0,54.2,0.88,2.45,650.7,16.7,0
2.24,28.18,37.9,46.0,1.21,0.4,669.3,30.6,0
1.95,20.74,48.8,57.2,0.61,0.08,480.1,33.8,0
2.4,16.73,50.9,35.3,2.0,0.02,696.0,10.9,0
1.06,21.43,47.6,47.1,0.54,3.07,294.6,32.8,0
1.86,18.26,42.6,46.1,1.07,0.62,315.0,26.5,0
1.75,24.68,42.4,58.4,0.92,0.29,651.3,26.2,0
2.1,21.33,36.6,27.8,0.84,1.0,362.4,20.2,0
1.98,29.69,36.9,37.4,1.48,0.8,494.0,26.9,0
2.52,27.23,52.0,65.5,1.22,10.51,233.8,27.4,0
1.46,21.31,27.4,23.7,0.7,2.63,73.3,43.8,0
2.22,25.22,44.2,56.1,4.57,0.38,346.8,31.7,0
2.42,20.23,41.8,41.0,3.06,1.44,443.2,28.0,0
2.94,22.15,51.0,50.5,1.2,0.59,361.3,36.3,0
2.01,20.37,30.7,62.1,2.69,0.54,593.1,34.2,0
2.33,25.45,45.1,50.9,5.01,0.55,651.6,17.8,0
1.48,28.45,48.4,62.3,0.58,1.22,591.5,32.6,0
1.24,25.59,26.0,43.1,1.44,0.93,326.5,28.7,0
2.54,26.15,34.3,44.4,0.84,1.69,578.7,23.1,0
2.2,26.15,44.1,55.9,1.12,0.2,315.8,20.8,0
2.67,24.48,50.1,43.6,4.44,0.66,779.5,27.0,0
1.65,16.87,46.8,54.0,1.54,2.36,507.3,27.9,0
2.41,29.65,50.6,59.8,4.68,0.0,371.6,36.0,0
2.95,30.12,34.2,56.7,1.62,1.17,507.9,12.2,0
2.37,20.95,29.1,32.2,1.53,1.85,525.2,19.2,0
2.31,20.33,45.8,44.6,1.04,0.58,606.1,29.4,0
2.2,24.76,32.7,50.8,1.68,2.58,216.8,27.0,0
1.57,24.48,36.3,45.6,2.65,1.6,395.6,28.8,0
2.74,21.09,54.3,48.8,0.3,1.12,572.2,24.8,0
1.96,16.37,46.9,51.0,3.47,0.27,616.8,29.7,0
2.4,23.38,39.3,42.7,0.3,1.33,990.6,16.9,0
1.57,24.48,38.0,46.1,1.12,2.15,706.8,42.7,0
1.73,25.27,51.2,36.2,0.53,1.57,396.7,30.9,0
2.77,23.57,47.1,43.2,1.11,1.03,766.1,31.2,0
2.06,20.78,32.9,32.7,1.85,1.5,587.0,20.5,0
2.78,26.47,25.5,49.2,3.29,4.52,705.0,23.9,0
2.17,22.3,63.8,46.1,3.14,0.01,570.0,31.6,0
1.46,19.91,32.8,38.8,0.5,1.31,715.6,25.5,0
2.56,21.19,50.3,65.9,1.86,1.89,662.4,29.9,0
1.96,14.14,60.1,45.5,1.98,1.22,582.8,22.5,0
2.48,21.18,46.5,50.9,2.68,0.38,434.2,18.6,0
2.21,25.1,39.0,41.6,1.1,2.08,433.8,35.8,0
1.58,23.53,30.7,43.9,1.41,2.93,357.5,21.7,0
2.27,28.84,30.6,51.2,0.3,1.38,488.8,34.4,0
3.08,20.82,48.8,44.7,1.14,0.86,666.1,22.1,0
2.4,24.19,59.5,48.0,1.09,0.55,587.2,26.9,0
2.18,25.57,41.0,56.1,0.62,0.48,383.7,25.3,0
2.63,32.54,39.4,42.8,0.3,1.54,645.2,26.5,0
2.28,22.65,52.0,34.7,2.75,1.12,323.6,33.3,0
2.28,17.3,38.1,32.7,4.33,0.2,549.9,39.4,0
1.76,25.82,47.7,62.4,1.68,0.18,709.2,26.7,0
2.29,30.4,45.4,57.3,1.08,0.09,323.6,28.8,0
2.61,20.55,40.9,54.6,1.09,1.38,525.6,26.1,0
1.87,25.78,44.8,43.6,5.2,0.45,395.2,28.6,0
2.77,27.53,62.6,34.7,1.88,0.02,744.3,23.0,0
2.16,26.58,51.0,45.2,1.42,0.49,837.4,20.8,0
1.84,22.57,55.9,47.1,6.07,2.14,583.3,30.3,0
2.6,18.86,35.8,36.7,2.95,0.34,631.7,29.6,0
2.09,21.63,56.0,33.3,3.56,1.2,705.0,36.0,0
2.5,24.06,51.4,30.7,1.26,0.7,614.7,28.3,0
2.08,26.09,30.0,54.6,3.31,0.96,376.5,27.7,0
2.18,23.5,50.4,35.9,1.09,1.09,433.3,31.6,0
2.4,20.29,39.9,51.1,1.65,0.73,432.2,34.9,0
2.32,24.5,29.5,44.0,2.94,0.07,240.1,26.9,0
1.4,25.87,46.3,53.9,2.94,1.01,646.7,10.0,0
1.75,23.71,50.4,51.4,2.74,0.61,312.2,20.6,0
2.57,18.24,46.5,45.7,0.3,0.27,624.3,35.5,0
2.15,21.18,43.9,49.3,0.76,2.72,391.0,39.9,0
1.99,26.27,41.7,46.9,1.14,1.6,466.7,37.3,0
1.66,15.78,69.7,41.8,2.91,0.4,583.7,24.9,0
1.77,12.58,33.2,57.8,1.45,0.93,729.1,25.7,0
1.39,28.79,53.7,43.8,0.51,3.96,630.4,33.2,0
2.16,24.3,45.2,47.1,2.07,0.34,482.3,32.2,0
1.96,24.73,36.5,33.8,3.18,3.53,494.9,10.6,0
1.81,17.15,44.5,50.7,0.43,1.38,323.4,28.3,0
2.17,25.32,31.1,41.9,0.73,0.93,595.5,27.6,0
2.35,23.24,39.0,43.2,0.86,4.9,487.7,19.9,0
3.04,14.87,44.5,39.6,1.56,0.49,360.4,23.8,0
1.6,28.41,29.5,46.8,2.3,0.39,616.7,29.8,0
2.66,22.71,50.1,27.9,2.18,0.5,712.9,26.5,0
2.59,20.22,35.4,54.8,1.32,1.67,473.2,34.5,0
1.89,20.3,30.5,47.6,1.52,0.49,415.6,40.3,0
2.28,12.93,34.2,43.3,1.79,0.13,413.3,34.6,0
2.02,24.67,66.8,32.5,3.85,1.24,560.2,31.1,0
2.27,23.18,25.2,52.3,3.88,0.3,321.1,27.0,0
2.8,21.13,49.4,41.7,3.16,0.01,511.3,33.6,0
2.44,27.75,37.5,61.1,1.15,0.27,439.1,23.6,0
2.4,15.77,41.5,52.9,0.49,2.05,575.8,24.2,0
2.03,19.31,51.0,63.3,2.72,3.38,587.3,19.4,0
1.61,18.17,50.5,49.4,1.23,1.3,331.6,17.1,0
2.12,20.75,38.2,58.8,4.51,0.45,600.2,37.0,0
2.68,22.3,31.4,52.6,0.34,0.69,568.7,29.9,0
1.59,23.94,51.2,43.5,1.31,0.26,471.4,31.7,0
1.78,20.44,50.5,49.9,5.79,2.55,435.4,27.1,0
2.25,18.05,42.2,39.7,2.24,1.31,436.3,41.2,0
1.81,29.59,49.4,68.7,0.7,0.11,474.3,40.3,0
1.88,32.85,40.5,47.0,0.3,0.55,360.3,27.9,0
2.03,22.64,36.7,48.3,1.99,0.93,397.3,27.8,0
1.65,18.59,45.0,51.9,3.3,1.92,530.7,26.5,0
1.81,28.64,50.2,37.1,5.02,3.04,414.3,20.2,0
2.48,15.49,48.1,61.2,0.46,0.17,631.7,25.1,0
1.68,20.49,50.1,37.7,2.91,2.16,480.3,25.8,0
1.56,18.87,37.4,35.5,0.49,0.08,428.8,12.5,0
1.95,16.78,60.8,46.3,2.24,0.33,549.7,12.1,0
2.49,20.74,41.6,35.2,0.52,0.03,439.1,27.6,0
2.12,18.11,43.8,63.6,2.2,0.08,383.0,33.8,0
2.01,22.06,31.8,45.7,0.3,0.04,449.3,22.6,0
2.22,22.12,43.1,20.0,3.02,0.19,193.6,40.2,0
1.5,19.2,50.3,50.0,2.67,2.51,204.4,26.0,0
2.4,20.33,52.6,53.5,2.41,0.4,362.0,22.1,0
2.35,20.96,60.6,43.8,1.04,0.78,320.9,18.0,0
2.04,25.64,50.2,34.4,1.52,0.8,597.5,28.7,0
2.6,21.33,47.8,47.0,2.67,6.42,689.0,13.9,0
1.75,25.71,40.5,43.2,2.63,0.54,548.7,22.8,0
2.65,24.64,38.4,38.2,5.3,0.37,215.5,28.3,0
2.26,24.57,54.7,37.4,2.54,3.96,288.5,18.2,0
2.07,28.25,54.5,49.6,4.99,1.08,552.5,24.3,0
2.19,16.96,34.2,57.0,4.33,0.41,474.2,28.2,0
2.16,19.87,52.2,52.6,1.32,0.41,221.5,19.5,0
2.69,29.93,51.5,30.7,0.51,0.11,371.4,32.6,0
1.77,20.84,33.9,54.2,1.19,0.98,338.8,34.6,0
1.89,9.33,50.4,55.7,0.3,1.54,718.6,20.9,0
2.61,21.09,34.5,61.9,1.09,0.77,605.8,26.6,0
1.96,22.61,20.7,38.5,1.73,2.59,456.9,27.1,0
2.56,10.22,43.4,47.4,2.37,0.79,534.3,30.4,0
2.88,28.0,47.6,53.7,1.23,0.51,521.9,25.9,0
2.04,18.79,43.8,42.7,3.13,0.35,511.9,22.9,0
2.47,23.48,73.7,53.5,4.27,0.33,774.0,20.6,0
1.74,20.98,48.8,47.8,2.87,0.46,711.3,33.9,0
2.5,16.2,46.5,39.5,3.22,5.79,728.7,23.9,0
2.28,17.18,49.3,40.4,1.7,0.54,549.6,22.6,0
2.39,17.79,40.6,60.5,4.25,0.89,449.3,35.3,0
1.94,26.89,54.3,38.0,2.74,0.39,313.9,29.0,0
1.54,21.34,48.6,36.3,1.1,0.19,350.7,20.8,0
2.4,19.65,48.2,51.4,4.22,1.25,652.1,26.6,0
1.37,17.79,38.8,47.7,0.46,0.95,308.9,21.2,0
2.07,27.38,29.4,34.9,1.98,0.08,473.1,19.7,0
2.58,28.59,40.0,42.8,2.87,2.57,292.2,24.2,0
2.28,27.33,47.8,39.8,1.08,0.85,485.4,26.6,0
2.98,24.22,40.6,41.6,0.81,0.49,340.8,23.7,0
2.61,23.3,47.9,73.2,4.6,1.81,599.6,31.8,0
1.94,16.53,42.7,45.0,0.3,0.14,463.4,32.6,0
2.21,20.89,49.3,39.2,0.3,0.77,378.7,23.0,0
2.18,18.92,35.2,68.2,3.3,0.95,356.6,26.8,0
1.57,13.79,46.9,56.9,0.87,1.79,520.1,24.7,0
1.82,26.76,38.6,55.2,1.03,0.55,507.6,21.1,0
1.98,18.87,29.6,39.7,0.81,2.32,417.2,29.1,0
1.39,27.38,43.3,59.9,0.83,1.44,452.3,14.8,0
2.22,25.97,60.4,56.2,1.5,1.77,426.1,21.3,0
2.1,24.51,30.4,49.5,5.25,4.17,173.2,19.9,0
1.53,24.76,46.2,30.8,2.33,2.24,494.2,21.7,0
2.36,19.23,53.0,47.8,2.68,0.51,266.6,20.4,0
2.49,30.36,68.0,65.3,2.45,1.25,366.9,16.7,0
2.29,22.19,40.1,50.2,0.3,2.44,548.1,26.0,0
2.07,23.36,38.7,44.2,1.16,0.89,464.1,25.4,0
2.44,19.08,33.3,45.7,2.55,1.38,729.2,27.9,0
2.47,17.81,56.4,46.4,1.58,0.23,380.4,29.6,0
2.32,24.15,36.3,40.0,0.47,2.03,438.3,30.8,0
1.87,22.98,41.3,47.6,0.34,1.7,524.3,22.4,0
2.31,18.45,26.5,62.4,0.79,2.64,494.4,28.4,0
2.68,15.53,53.8,61.3,1.1,1.49,657.1,26.2,0
1.96,16.29,56.6,40.5,1.83,2.51,596.0,27.2,0
3.04,27.38,53.5,60.8,0.38,0.21,708.2,24.8,0
1.99,19.24,28.9,55.6,0.3,2.02,257.6,22.4,0
2.21,20.47,51.1,54.3,1.47,3.67,617.9,26.3,0
1.93,28.53,28.3,52.3,2.13,2.03,352.8,24.7,0
2.29,16.95,45.6,38.7,0.67,1.15,566.7,30.1,0
1.5,18.73,47.1,43.9,1.56,3.13,463.4,34.6,0
1.98,18.54,48.1,56.3,3.99,0.12,396.7,21.4,0
1.76,29.28,50.3,35.9,0.65,0.02,676.1,24.2,0
2.25,30.97,44.9,37.6,3.5,4.03,248.4,44.2,0
2.6,25.38,25.4,51.1,0.92,1.38,771.9,15.3,0
2.46,25.53,50.4,40.1,0.44,0.15,594.7,16.7,0
1.25,19.39,46.0,56.2,0.8,0.5,525.4,35.4,0
3.02,30.76,36.0,40.5,2.94,1.66,477.7,41.4,0
2.32,23.2,29.3,50.4,0.85,1.67,444.4,38.2,0
1.89,25.84,60.4,51.3,3.31,0.22,570.3,30.2,0
2.26,21.53,57.3,43.2,1.36,0.76,290.9,25.0,0
2.27,20.79,52.1,45.6,0.47,1.98,40.0,26.1,0
1.93,29.48,38.2,41.2,0.78,4.09,512.9,30.8,0
2.28,24.43,19.8,47.8,1.76,1.17,388.1,34.5,0
1.96,28.53,52.6,38.4,0.89,1.22,362.6,31.8,0
2.04,23.15,48.7,45.8,1.1,0.76,263.7,13.9,0
1.93,18.18,41.3,55.5,0.3,0.93,680.6,19.8,0
1.63,19.37,56.2,36.6,1.34,0.13,773.1,29.9,0
2.26,22.46,53.5,43.1,1.4,0.52,492.2,18.3,0
2.43,19.18,46.8,53.2,0.49,0.85,476.7,14.7,0
2.41,17.02,45.4,27.2,2.1,0.39,563.5,34.1,0
2.53,27.41,45.5,66.6,2.96,0.54,554.5,29.8,0
2.33,19.55,51.8,58.5,4.02,4.26,422.0,38.8,0
1.99,22.62,36.4,32.6,1.79,0.01,681.9,34.8,0
2.54,23.33,49.3,27.0,2.73,0.43,669.9,23.6,0
1.66,19.35,35.8,48.3,2.7,1.05,611.4,29.7,0
1.84,28.53,58.4,36.8,2.33,0.39,766.7,22.5,0
1.81,16.97,50.3,57.6,2.16,1.35,616.1,16.7,0
2.63,23.18,38.1,51.9,0.4,0.43,401.6,36.4,0
2.58,23.11,45.8,49.2,0.42,1.22,511.9,26.6,0
2.39,21.76,36.5,42.3,3.03,2.28,641.0,37.4,0
2.63,16.16,60.0,64.0,5.75,1.29,342.3,28.8,0
1.85,25.92,61.2,55.5,1.15,0.06,459.1,29.9,0
2.34,25.35,52.0,54.0,2.88,1.9,262.5,32.0,0
2.15,18.96,60.6,60.0,1.87,0.29,801.7,26.7,0
2.54,25.18,46.5,37.8,1.39,1.21,561.1,26.3,0
2.15,23.69,52.6,60.8,2.73,1.25,589.5,29.7,0
2.05,16.24,57.2,45.4,1.12,1.95,273.7,36.7,0
2.42,18.16,44.9,51.3,2.39,0.85,666.8,31.5,0
2.55,27.12,45.7,46.4,2.07,0.57,546.7,28.1,0
1.93,23.39,54.3,29.2,2.0,0.88,230.2,25.1,0
2.18,19.46,51.5,57.6,3.61,0.95,568.5,27.2,0
1.78,18.14,37.4,29.8,0.68,2.07,353.3,22.0,0
1.2,19.68,23.1,38.3,0.68,0.28,508.5,21.1,0
2.28,20.0,43.2,43.5,1.42,2.25,612.9,26.3,0
2.44,18.19,24.0,28.5,0.88,0.55,529.2,28.0,0
2.3,14.16,35.1,37.0,1.53,1.63,223.4,33.1,0
1.42,27.13,36.3,50.4,1.17,0.49,539.7,20.1,0
2.06,26.37,39.3,44.5,1.67,1.48,627.8,28.1,0
1.31,16.27,53.2,45.4,3.12,1.93,469.9,31.0,0
2.75,22.61,55.4,38.8,0.77,0.98,577.4,21.1,0
1.77,17.94,50.1,48.5,0.69,1.16,579.9,24.8,0
2.7,20.82,51.3,44.7,2.36,1.48,196.8,33.3,0
2.58,20.45,51.6,31.6,0.62,1.4,687.6,27.6,0
1.84,20.07,20.0,46.0,4.59,1.56,416.1,13.9,0
1.75,31.01,45.1,35.6,3.73,2.27,391.3,33.4,0
2.34,20.02,27.0,57.0,4.66,0.3,395.8,28.6,0
1.86,18.36,50.1,44.1,0.54,0.29,684.6,16.8,0
2.24,18.57,24.1,73.2,1.88,4.24,721.1,21.9,0
2.01,26.7,43.2,57.7,0.69,2.29,570.9,27.1,0
1.49,14.57,50.5,46.7,4.9,1.07,427.8,30.2,0
1.31,18.57,33.8,53.8,1.49,0.01,936.4,35.2,0
2.29,28.51,54.6,27.1,1.98,2.32,497.3,21.7,0
1.98,23.1,50.1,57.6,1.16,1.67,402.1,24.8,0
1.98,22.86,48.8,39.8,2.43,3.76,653.7,34.2,0
2.48,31.59,52.0,48.9,1.51,0.02,481.8,35.3,0
2.67,23.11,41.4,40.7,2.46,0.03,813.6,25.7,0
2.09,18.81,46.5,41.8,1.8,0.87,373.0,24.3,0
2.06,20.73,45.1,46.2,3.14,2.33,472.9,31.5,0
2.4,16.89,44.9,48.8,2.77,5.7,729.9,13.5,0
1.66,27.65,38.3,47.7,5.09,0.46,573.2,27.9,0
2.29,24.59,32.6,48.0,1.06,0.04,455.6,27.8,0
2.42,27.06,41.6,31.7,3.21,0.26,361.6,24.7,0
2.47,27.46,41.1,71.3,1.74,2.51,329.6,31.3,0
1.43,20.14,37.6,50.3,2.93,0.75,305.8,35.6,0
1.9,17.75,53.5,52.4,1.19,2.3,645.8,21.2,0
1.85,21.77,33.3,44.6,0.62,0.7,617.8,22.9,0
2.24,18.07,43.3,39.3,2.46,0.07,578.2,32.7,0
2.39,22.74,56.7,49.5,1.09,1.15,334.2,17.8,0
2.8,27.09,54.1,50.9,0.73,0.69,456.3,24.3,0
2.0,21.24,57.2,61.0,1.37,0.81,548.9,43.2,0
2.0,22.67,39.1,68.8,2.4,3.57,689.1,29.3,0
2.66,21.58,52.8,62.8,5.24,0.73,554.2,26.0,0
2.32,25.61,34.4,30.3,1.49,1.91,519.8,15.9,0
2.71,18.99,42.2,43.4,1.65,0.07,360.8,11.2,0
2.32,12.12,43.2,51.4,1.46,0.78,635.3,35.4,0
1.74,24.12,39.2,44.0,1.43,1.06,458.2,19.9,0
1.67,26.45,41.4,47.6,1.44,0.14,288.5,28.3,0
1.58,24.01,40.1,26.5,2.03,0.43,367.3,36.9,0
2.46,19.12,35.2,57.1,1.35,1.61,602.5,24.5,0
2.68,16.89,53.6,29.2,3.3,0.24,607.4,24.8,0
2.94,24.23,43.2,32.3,2.05,0.16,97.8,32.9,0
2.54,22.64,47.0,37.9,1.23,0.43,486.3,37.5,0
2.67,21.43,46.6,47.0,2.19,2.35,306.1,33.9,0
1.97,30.2,45.5,31.8,3.9,1.73,559.4,38.3,0
1.74,17.74,45.9,37.4,3.73,1.8,588.3,11.8,0
2.54,29.99,41.9,59.5,2.5,0.47,338.9,30.9,0
2.37,22.14,59.2,46.9,4.85,0.13,501.5,37.0,0
2.24,13.74,52.6,52.3,5.04,0.04,625.4,31.2,0
2.35,21.19,45.2,35.6,0.96,1.06,653.5,27.0,0
2.33,26.32,40.5,47.5,1.94,1.45,373.2,19.4,0
2.71,20.36,43.8,46.6,4.94,0.57,661.8,22.9,0
2.72,15.36,49.2,40.0,1.21,0.9,538.7,38.5,0
2.42,21.26,60.0,47.5,2.59,0.39,426.0,27.7,0
2.54,18.14,31.3,29.1,1.35,0.54,486.4,23.6,0
2.41,24.21,51.6,52.4,0.71,1.57,620.0,17.1,0
2.02,25.48,56.3,44.0,1.13,1.52,617.5,31.3,0
2.5,17.25,30.1,45.4,1.18,0.03,636.1,22.4,0
1.64,18.82,43.2,56.5,3.57,3.46,399.1,27.8,0
2.62,25.4,34.4,52.3,4.22,0.38,533.6,40.1,0
1.72,18.14,49.3,44.8,1.02,2.86,464.0,33.6,0
2.31,17.13,41.4,36.8,0.3,0.86,531.8,37.2,0
1.86,16.7,43.7,61.3,4.38,0.83,424.0,29.0,0
2.42,23.58,40.9,34.6,0.45,0.72,738.1,33.0,0
2.19,23.39,52.2,54.3,2.34,3.07,497.3,37.3,0
1.56,18.92,47.3,32.0,5.25,0.28,479.1,22.2,0
2.37,22.02,47.3,57.2,0.42,1.14,566.6,27.7,0
1.97,28.87,46.6,58.1,2.91,0.46,666.4,23.2,0
2.55,17.62,50.7,28.9,1.45,2.96,506.8,23.7,0
2.2,13.22,42.4,52.5,1.82,0.22,453.2,27.0,0
2.36,24.05,62.0,51.7,1.47,1.35,633.5,21.3,0
1.82,21.5,32.7,55.0,0.7,0.66,761.2,25.4,0
1.96,18.8,27.7,51.7,2.95,1.3,713.1,32.8,0
2.02,24.93,26.9,38.4,1.74,0.21,352.4,27.3,0
2.54,25.78,24.2,45.8,0.65,0.6,615.9,22.6,0
2.87,12.06,51.7,64.6,7.1,0.14,489.5,33.5,0
1.88,19.06,50.5,36.9,1.26,4.16,691.1,21.6,0
2.63,32.43,57.1,51.2,0.8,0.29,775.0,20.3,0
1.33,24.63,34.4,59.5,1.93,5.99,144.0,36.4,0
1.72,25.04,52.5,38.1,0.3,0.65,502.0,33.9,0
1.82,27.28,45.6,33.8,0.69,0.09,431.5,25.6,0
1.66,22.08,46.7,35.3,2.27,0.02,393.4,41.3,0
1.57,25.59,51.3,51.9,1.36,1.1,361.5,24.0,0
2.37,25.23,37.4,35.3,0.3,1.14,433.0,32.8,0
2.11,24.43,70.9,46.6,1.0,0.89,456.6,16.9,0
2.35,20.55,58.3,61.7,1.17,0.08,447.4,20.9,0
2.48,22.77,39.7,47.5,2.1,0.48,196.7,35.2,0
2.31,19.35,34.1,40.2,2.48,0.53,519.2,37.9,0
2.46,22.06,44.1,49.3,2.2,1.46,658.3,26.9,0
2.17,16.74,46.8,47.3,3.11,0.65,416.3,44.0,0
1.73,18.44,55.7,52.5,1.72,1.02,253.7,37.2,0
2.62,20.73,33.3,64.2,0.77,0.4,514.3,23.1,0
1.96,17.75,47.9,52.0,2.53,1.55,659.1,25.4,0
1.83,19.73,29.7,68.3,0.43,0.06,523.5,18.3,0
2.13,21.26,49.4,52.6,2.71,5.36,390.9,24.9,0
1.83,23.81,43.9,40.3,0.49,1.23,342.6,29.7,0
2.03,26.27,64.4,70.9,1.32,0.19,605.9,28.3,0
2.34,19.91,29.5,46.8,2.56,1.52,465.2,28.2,0
2.34,28.01,58.7,37.5,0.81,1.85,422.1,35.0,0
1.84,26.22,28.0,71.2,4.43,1.86,408.9,29.2,0
2.0,24.27,31.7,40.7,0.45,0.38,533.0,32.8,0
2.63,22.69,28.2,40.3,1.91,3.82,517.5,31.1,0
2.4,23.44,47.5,42.5,1.55,0.02,508.1,30.0,0
3.03,27.34,33.3,49.6,2.14,0.57,355.3,34.5,0
2.67,27.51,31.5,57.3,1.46,0.13,346.2,33.6,0
2.66,28.01,47.0,21.5,7.49,0.58,402.4,20.1,0
1.64,22.19,49.5,57.3,3.74,0.07,543.5,40.7,0
2.51,24.5,45.4,42.5,2.23,1.24,582.4,28.8,0
2.18,28.05,43.4,43.9,4.66,0.08,720.0,21.3,0
1.98,19.19,63.3,65.2,2.47,1.15,374.5,27.5,0
2.27,20.57,46.5,50.1,2.08,0.32,608.8,29.8,0
2.58,22.07,53.1,52.5,0.69,0.24,242.0,32.1,0
2.4,26.05,46.4,47.5,4.46,0.51,552.5,34.7,0
1.85,26.12,34.0,55.6,0.3,1.23,273.1,33.4,0
2.5,20.96,50.5,64.2,3.11,1.04,316.2,40.9,0
1.94,15.21,38.4,23.2,2.82,1.37,612.9,28.7,0
2.29,23.11,44.1,58.8,2.65,3.02,522.9,26.9,0
2.08,17.87,48.1,63.5,0.3,0.27,452.4,17.7,0
2.11,15.3,25.6,53.0,1.45,0.64,290.9,34.8,0
2.51,16.31,28.9,41.2,1.47,0.37,555.4,32.3,0
1.78,23.47,54.1,36.5,1.2,1.06,513.0,24.0,0
2.98,28.12,38.4,71.6,0.3,0.4,608.5,29.7,0
1.47,22.18,38.8,39.0,1.39,0.98,239.5,27.9,0
1.96,22.95,46.7,63.2,0.74,2.08,593.0,29.2,0
2.35,27.32,41.1,51.9,2.27,0.96,418.7,26.1,0
2.43,15.05,49.2,68.5,2.6,2.19,543.7,28.8,0
2.16,24.34,44.5,44.8,1.61,1.13,490.6,17.4,0
2.18,21.95,47.0,31.9,1.23,2.45,372.3,25.2,0
2.36,24.55,38.0,48.0,0.58,3.2,438.2,30.2,0
2.11,19.82,46.9,33.1,0.74,0.85,368.4,23.1,0
2.76,18.32,56.1,74.8,2.65,1.88,421.2,30.7,0
2.54,22.63,39.3,54.3,0.67,0.76,363.6,42.5,0
2.55,29.42,54.2,55.8,3.85,1.47,560.2,19.9,0
1.81,25.87,44.5,55.8,2.46,0.05,371.0,15.2,0
2.17,19.72,52.3,41.1,1.71,4.09,583.7,36.4,0
2.08,15.97,46.3,46.7,2.43,2.7,989.9,42.7,0
1.8,14.43,44.7,49.1,1.08,2.69,461.5,30.6,0
2.34,27.92,48.5,67.4,4.08,0.4,262.7,28.0,0
1.98,17.7,57.1,36.4,0.3,0.4,815.6,23.5,0
2.46,20.54,47.4,40.7,1.87,0.62,552.4,31.8,0
1.77,27.95,49.8,44.4,0.42,2.55,480.5,27.9,0
2.89,14.74,41.3,41.3,2.63,2.35,443.8,33.9,0
1.84,28.72,60.7,33.4,1.66,0.41,342.3,16.0,0
2.29,20.86,51.4,21.0,2.53,0.94,449.2,30.3,0
2.52,16.83,45.8,29.7,0.4,0.77,383.0,22.2,0
1.97,20.89,43.8,59.0,4.33,1.26,384.4,34.6,0
2.54,18.75,54.8,47.9,0.52,0.29,587.9,20.0,0
1.71,23.98,38.9,56.4,0.98,0.11,645.7,32.4,0
2.78,19.08,27.2,42.2,3.13,0.03,466.1,23.9,0
2.21,13.4,45.7,47.0,2.28,0.58,575.3,25.0,0
1.96,21.01,56.9,64.1,2.08,3.52,814.3,33.9,0
2.08,15.9,60.9,63.5,2.2,1.39,373.9,22.4,0
2.52,22.92,43.9,57.4,0.3,1.66,254.9,17.5,0
1.97,16.66,45.4,50.0,0.41,3.48,624.9,28.5,0
1.9,19.8,50.2,53.2,0.63,0.66,389.9,23.4,0
2.11,22.82,42.4,51.7,0.88,0.77,420.9,18.4,0
1.73,21.04,50.2,46.3,1.49,0.53,518.5,30.5,0
2.93,23.13,44.1,44.0,0.33,0.24,685.9,30.0,0
1.97,25.06,55.1,59.2,0.3,1.74,519.7,28.8,0
2.53,16.79,52.2,35.0,0.36,2.85,182.1,31.6,0
2.28,21.71,53.1,62.9,3.3,2.02,553.7,14.0,0
1.81,7.02,42.9,45.2,0.3,0.06,534.7,22.7,0
2.2,23.11,64.3,34.9,0.67,0.43,371.0,29.9,0
2.51,20.65,49.8,42.5,1.36,1.08,244.7,35.3,0
2.12,17.57,47.5,39.3,1.35,0.48,442.7,29.7,0
2.68,23.42,37.4,42.2,2.49,0.2,154.5,36.2,0
2.61,27.28,44.0,42.1,0.94,0.93,232.0,23.3,0
2.57,19.86,46.1,41.7,1.15,0.88,297.4,23.7,0
2.02,17.75,37.1,44.9,1.35,1.49,312.1,25.4,0
1.77,22.74,42.1,47.4,1.76,10.71,631.9,27.4,0
1.95,15.99,43.3,55.6,1.92,1.25,477.4,15.6,0
2.28,19.03,45.6,45.6,0.63,0.46,552.3,27.9,0
2.42,27.5,27.4,51.3,1.2,3.76,531.2,27.8,0
1.33,22.28,43.6,48.1,1.5,1.02,269.2,23.7,0
2.2,13.54,41.2,53.4,2.88,1.25,415.5,22.6,0
2.26,13.91,44.8,48.5,0.5,0.53,465.8,29.9,0
2.09,22.73,55.4,41.5,4.26,0.72,480.1,32.1,0
2.72,25.88,65.5,38.8,1.1,0.65,571.9,29.0,0
2.37,14.72,51.8,50.1,1.2,3.3,638.8,29.0,0
2.72,24.02,32.7,60.7,0.41,1.99,555.5,27.7,0
2.11,27.99,41.5,45.7,1.35,0.11,764.2,28.1,0
2.57,30.5,51.0,41.0,0.3,0.45,565.8,32.8,0
2.85,23.49,49.8,45.4,2.88,0.07,419.8,39.3,0
2.72,24.28,54.9,42.4,4.92,0.87,692.6,38.4,0
1.76,12.4,44.0,41.3,2.23,0.39,317.1,20.4,0
2.1,31.45,41.4,33.6,3.25,0.09,580.1,13.2,0
2.06,19.41,62.5,45.6,3.11,1.77,477.5,31.7,0
2.4,17.8,45.6,50.4,2.22,0.11,371.3,28.1,0
2.47,20.85,34.8,37.2,2.56,0.38,531.4,27.6,0
1.86,28.8,59.8,39.2,1.7,1.77,457.2,30.7,0
2.23,31.94,30.0,38.5,2.34,0.86,223.1,26.3,0
1.39,22.56,10.0,34.1,2.18,2.04,527.6,16.7,0
2.78,26.49,52.7,38.4,3.63,0.64,345.2,20.0,0
2.0,22.19,54.1,46.0,1.58,2.02,518.4,20.4,0
2.22,17.33,49.1,34.6,4.93,0.93,480.9,32.7,0
2.08,28.65,32.0,46.6,1.53,0.11,564.6,41.2,0
2.66,19.2,44.4,41.0,1.22,0.77,159.1,24.7,0
1.06,28.91,42.2,38.7,3.33,0.97,351.4,46.2,0
2.19,27.84,39.6,51.8,1.61,1.14,516.1,14.7,0
2.16,24.76,59.1,41.6,1.07,3.16,932.4,24.4,0
2.02,30.23,34.5,43.3,0.82,0.24,520.8,29.3,0
2.89,32.05,48.2,61.0,1.54,1.12,434.0,10.1,0
1.85,21.21,56.9,38.8,1.13,1.67,631.0,38.7,0
2.51,18.36,48.8,63.7,3.35,2.65,411.6,23.2,0
2.34,13.61,57.4,44.5,2.64,0.89,564.9,28.2,0
2.7,32.1,50.6,36.6,2.13,0.29,507.8,31.1,0
1.93,20.02,49.3,42.5,6.77,2.04,660.8,16.9,0
1.91,27.11,48.7,48.7,3.69,2.83,599.2,45.0,0
2.64,18.66,51.1,60.5,0.97,0.13,428.1,28.9,0
2.37,28.92,41.1,56.0,4.15,0.31,274.7,25.6,0
1.58,18.85,32.0,48.6,2.64,2.46,339.6,20.2,0
1.98,16.64,54.5,60.6,0.98,0.79,544.5,29.4,0
2.35,21.06,56.6,29.2,0.67,0.22,492.2,17.0,0
2.54,19.61,47.5,50.5,1.94,1.24,504.1,29.0,0
1.93,24.68,39.5,51.1,1.7,0.74,538.1,37.8,0
1.03,21.77,29.4,51.2,1.23,4.13,377.2,36.2,0
2.41,24.82,45.9,31.9,0.35,0.3,484.3,24.1,0
1.71,20.69,31.5,37.8,1.01,0.54,498.5,26.1,0
1.39,19.01,30.1,46.3,2.43,0.22,284.3,31.8,0
1.07,19.37,44.8,59.1,3.59,0.06,408.2,36.3,0
2.53,31.2,37.4,67.2,3.5,0.38,558.7,38.7,0
2.25,23.01,48.5,41.4,0.71,2.06,604.8,39.4,0
2.11,13.07,43.4,34.9,0.51,0.37,378.8,21.5,0
2.76,19.66,38.9,56.2,0.49,1.43,574.9,33.3,0
2.45,22.44,28.0,74.1,1.81,0.9,407.8,18.3,0
2.85,30.3,36.5,59.1,6.77,0.88,368.1,24.8,0
1.64,26.63,36.8,40.5,0.68,1.83,786.5,19.8,0
2.19,17.85,32.7,76.6,3.34,1.15,437.7,19.9,0
1.55,32.88,41.7,54.9,0.84,0.21,278.8,29.7,0
2.11,21.86,33.5,40.1,0.42,0.3,434.3,23.2,0
2.1,27.61,43.4,67.3,0.3,0.94,460.1,30.0,0
2.45,16.8,47.4,39.3,1.25,2.24,636.9,19.5,0
2.22,11.21,36.7,41.8,1.4,0.2,446.2,31.4,0
2.45,15.66,49.3,55.3,2.88,0.14,556.8,25.0,0
2.48,7.37,31.4,47.8,8.02,0.87,659.4,26.0,0
3.06,31.5,33.9,48.4,2.23,0.25,412.5,18.9,0
2.07,22.97,43.9,48.4,4.43,6.19,543.6,35.1,0
1.82,17.84,51.9,59.1,2.16,0.01,490.6,29.0,0
2.3,24.04,53.7,24.8,1.58,0.71,533.8,31.8,0
1.88,22.85,61.1,50.8,9.58,0.21,515.1,19.1,0
2.79,24.79,41.2,45.1,0.36,1.37,521.9,32.7,0
2.09,27.44,43.7,40.5,1.94,1.19,457.2,28.3,0
1.97,20.7,34.7,40.4,2.28,1.97,503.8,24.5,0
2.01,18.04,32.5,21.6,1.32,0.99,459.1,37.6,0
2.49,25.72,47.3,40.0,3.13,0.25,849.7,30.9,0
2.14,25.61,37.2,60.9,1.09,0.07,590.8,31.2,0
1.94,22.45,57.3,56.3,0.37,1.54,500.3,14.2,0
2.87,31.8,30.4,46.1,1.0,0.7,449.3,35.6,0
1.86,20.03,49.9,33.9,3.84,0.3,646.8,31.1,0
2.21,17.95,34.9,56.2,1.62,0.35,377.7,36.7,0
2.46,23.88,36.8,61.1,0.45,0.19,307.5,23.9,0
1.55,18.96,50.4,58.3,1.23,0.4,296.2,23.0,0
2.39,24.23,38.2,38.3,3.6,1.88,694.6,39.3,0
1.78,18.25,39.8,39.4,0.62,1.16,686.8,34.7,0
2.53,20.2,36.9,64.6,0.55,5.25,524.0,18.0,0
1.81,30.51,62.9,35.9,1.34,0.89,416.0,28.1,0
2.48,20.17,38.8,52.8,2.63,0.88,417.6,35.2,0
2.64,18.41,45.5,30.2,2.64,0.25,806.3,29.2,0
2.54,27.27,43.0,45.0,0.87,1.06,486.4,24.2,0
2.3,17.27,47.2,53.9,1.19,1.12,551.5,23.3,0
2.11,18.88,38.9,47.7,1.5,0.28,434.0,28.5,0
1.97,24.59,43.0,53.2,0.3,0.11,513.6,35.1,0
2.79,26.22,48.9,35.7,2.08,0.55,556.7,21.0,0
1.92,27.49,36.4,39.8,1.56,0.23,770.9,13.1,0
1.79,18.64,55.9,52.8,3.24,0.84,487.0,25.2,0
2.47,24.68,56.9,55.0,1.39,0.9,577.5,31.2,0
1.88,19.9,51.1,50.2,1.78,1.12,446.4,32.7,0
1.82,19.27,45.7,57.5,2.53,1.11,527.9,20.9,0
1.62,27.41,15.1,31.4,0.84,1.35,551.3,29.9,0
2.01,19.53,49.2,43.3,0.73,0.31,469.3,23.5,0
2.17,23.25,41.1,66.2,2.4,1.57,535.5,33.1,0
2.3,22.7,42.5,60.8,2.15,0.89,393.6,27.1,0
2.58,17.18,26.0,54.3,1.25,0.69,575.4,33.9,0
2.41,26.35,49.9,46.4,1.96,1.25,508.3,28.5,0
2.12,24.52,30.5,58.3,2.16,0.83,417.1,31.5,0
2.12,13.06,46.2,52.3,1.63,0.9,482.4,24.9,0
2.4,23.25,54.0,32.8,1.92,0.03,696.1,23.0,0
2.71,18.52,40.3,58.0,2.67,1.94,484.3,26.0,0
2.25,26.94,57.2,39.3,3.41,0.66,564.1,32.3,0
2.01,15.5,37.5,55.6,1.69,0.88,563.7,45.7,0
1.8,20.4,51.0,31.8,1.89,0.59,587.0,36.8,0
1.62,23.63,32.0,64.0,0.78,0.96,334.3,38.6,0
2.47,22.24,55.3,45.3,3.47,0.07,344.7,27.3,0
2.43,25.43,53.8,36.9,2.16,0.58,387.8,24.2,0
2.43,15.17,49.7,41.1,1.47,1.33,591.0,12.6,0
2.15,29.43,41.1,44.6,1.18,3.35,539.3,23.8,0
2.76,24.36,31.0,47.9,2.66,2.27,531.8,18.3,0
2.01,28.12,41.1,61.2,5.34,3.95,481.9,33.4,0
2.58,25.93,56.1,48.7,2.9,1.83,301.3,26.6,0
2.18,21.95,46.3,26.3,0.83,1.2,409.9,18.8,0
1.96,16.22,29.5,35.7,0.83,0.66,531.7,31.8,0
2.44,19.46,33.8,75.6,1.19,0.16,474.4,30.2,0
2.36,29.15,57.5,49.4,1.17,0.35,526.8,20.1,0
2.34,28.23,49.9,57.5,1.8,0.38,266.4,38.6,0
2.23,19.21,32.7,44.9,2.29,0.67,498.0,22.7,0
2.18,9.32,27.3,38.0,3.9,1.13,186.9,32.2,0
3.16,21.04,38.7,43.2,6.15,1.16,304.4,27.1,0
2.67,20.71,26.5,49.3,0.92,0.73,354.3,39.5,0
2.49,20.88,43.4,43.4,8.9,0.39,223.6,34.4,0
2.24,24.38,69.5,67.2,2.24,0.07,379.8,20.3,0
2.6,25.94,29.0,41.8,0.3,5.39,541.5,40.7,0
2.41,26.46,43.1,37.5,1.68,3.37,674.9,19.1,0
2.21,24.01,58.1,56.1,1.97,0.24,419.7,20.6,0
2.08,13.9,52.5,57.3,0.48,1.12,401.5,39.4,0
2.17,20.46,43.5,48.3,0.88,0.42,482.0,27.8,0
0.93,32.37,43.5,42.0,3.99,0.26,459.8,30.2,0
2.28,23.68,33.4,29.0,1.02,1.38,348.1,31.0,0
2.0,23.66,42.3,60.2,6.63,1.85,581.2,20.5,0
2.84,23.62,47.4,56.7,0.88,0.63,455.9,41.2,0
2.21,23.87,56.1,43.6,7.31,0.07,401.1,43.4,0
1.72,11.28,38.8,48.6,1.68,0.62,414.7,14.9,0
2.18,20.92,43.1,45.7,1.2,0.91,852.7,24.9,0
1.78,21.83,35.5,64.3,4.21,2.68,616.2,32.8,0
2.39,27.77,47.3,37.6,0.49,1.28,449.1,27.2,0
2.32,22.21,52.8,41.8,1.92,1.49,134.6,24.2,0
2.58,14.59,51.3,40.8,1.12,0.27,244.4,31.9,0
1.88,23.94,33.3,51.1,2.4,1.53,513.0,32.6,0
2.21,18.38,46.5,48.6,3.09,0.84,456.4,39.8,0
1.65,16.52,38.2,50.0,3.24,2.06,327.2,15.9,0
2.48,18.25,55.1,39.2,2.84,0.29,480.2,20.9,0
2.41,24.44,43.4,62.8,0.88,0.87,388.3,22.7,0
2.4,27.66,29.8,43.5,1.21,0.28,403.8,44.8,0
2.2,24.17,42.8,59.9,2.4,0.4,474.0,38.6,0
2.37,24.84,49.6,79.4,2.41,2.14,347.6,29.9,0
2.84,24.13,47.4,39.3,6.32,1.4,292.1,27.4,0
2.09,22.46,39.9,51.4,0.57,1.56,296.8,31.1,0
2.26,25.14,39.1,46.7,4.95,0.09,439.2,36.2,0
1.77,11.12,35.1,68.3,0.83,1.57,262.5,26.2,0
1.85,22.5,41.1,45.2,1.5,0.81,828.5,29.9,0
2.24,17.3,36.4,50.5,3.49,0.74,640.0,25.6,0
2.64,27.23,54.7,50.3,0.95,0.64,608.0,18.2,0
2.1,21.34,36.0,47.0,2.53,2.29,367.2,15.5,0
2.11,22.14,46.2,55.6,2.76,0.23,372.8,23.2,0
2.04,15.23,45.5,48.9,2.26,2.02,287.6,25.4,0
1.99,26.58,54.5,52.8,3.91,3.16,775.8,31.1,0
2.32,24.82,55.9,50.1,6.84,0.22,701.5,29.9,0
1.6,24.51,52.0,42.0,3.66,9.38,600.8,18.3,0
2.71,18.34,48.5,45.3,0.45,5.59,481.8,28.1,0
1.93,18.52,34.5,53.6,1.53,1.17,441.8,24.2,0
2.49,23.01,34.3,53.5,1.6,0.38,575.9,26.3,0
1.69,18.87,36.5,60.5,3.19,0.67,739.7,28.6,0
2.47,23.96,52.5,66.6,0.3,0.22,596.4,37.0,0
2.47,12.28,45.7,42.8,0.3,0.15,333.1,24.8,0
2.35,19.81,53.7,49.3,4.95,1.46,385.0,39.7,0
1.8,30.09,55.0,46.1,1.13,1.04,570.2,18.9,0
2.3,23.98,37.7,36.9,0.8,0.99,370.4,21.9,0
1.73,22.75,45.3,53.6,1.44,0.34,429.4,27.3,0
2.1,30.93,44.9,55.8,0.84,0.32,726.6,19.8,0
2.61,11.49,41.7,37.2,1.68,5.49,452.9,18.8,0
2.52,18.33,39.7,44.3,1.59,1.19,263.7,28.5,0
2.21,20.19,56.8,43.3,1.56,2.05,932.9,18.7,0
1.81,25.86,45.5,32.9,0.3,0.57,663.2,21.3,0
2.46,25.94,45.1,47.6,3.14,2.23,490.5,27.4,0
2.21,18.1,37.0,36.5,3.4,1.54,498.9,39.9,0
1.27,26.49,51.8,49.6,1.53,0.52,181.0,26.7,0
2.51,20.19,34.9,50.7,2.01,1.52,441.1,28.9,0
2.19,27.45,49.5,51.9,1.79,3.12,388.4,20.0,0
2.68,17.35,49.8,52.4,5.43,0.29,514.7,20.7,0
1.76,21.45,40.9,63.3,1.07,0.95,744.2,12.0,0
0.93,19.79,48.2,39.9,1.63,4.08,566.0,21.1,0
2.31,26.75,46.9,40.4,7.83,2.07,804.5,33.4,0
2.32,19.65,44.6,54.6,1.37,1.16,290.6,24.0,0
1.52,21.81,45.1,46.7,0.36,0.09,268.7,29.1,0
1.81,24.28,45.6,59.3,1.59,0.63,686.3,29.6,0
3.3,24.45,46.3,53.6,4.89,1.26,515.6,33.2,0
2.08,25.99,45.6,67.2,3.44,0.63,570.1,39.6,0
2.49,22.95,34.0,47.1,1.45,7.0,496.0,32.2,1
1.94,20.12,43.5,33.2,2.95,1.68,529.3,26.3,0
1.36,20.43,47.6,51.4,5.55,0.25,603.2,33.6,0
2.13,22.12,46.0,47.3,0.9,0.81,537.9,30.1,0
2.09,23.12,54.5,53.3,1.21,0.58,414.3,12.3,0
2.04,21.34,51.2,54.6,0.89,1.08,849.5,19.6,0
2.15,22.09,36.3,42.7,3.03,0.71,514.2,26.4,0
2.31,15.17,43.3,37.9,3.98,0.33,470.1,23.9,0
2.14,25.0,41.9,46.5,3.31,1.55,448.2,27.1,0
1.69,22.82,45.0,24.2,1.89,0.14,551.1,11.0,0
2.39,26.51,45.0,48.8,4.28,0.91,463.6,33.9,0
1.42,22.0,51.1,43.9,1.6,0.45,195.6,27.6,0
1.38,14.18,46.8,56.6,3.35,4.08,461.9,36.5,0
2.5,20.39,57.3,28.1,1.21,0.43,337.5,28.2,0
2.4,21.1,47.4,48.1,1.11,0.5,540.1,29.4,0
2.18,25.34,36.7,63.8,0.3,1.47,495.5,20.7,0
1.64,12.68,40.3,54.8,2.18,0.17,400.4,19.6,0
1.92,22.19,51.0,57.8,2.07,0.47,641.2,28.9,0
2.09,24.31,28.9,51.4,0.65,1.43,489.4,28.0,0
1.56,19.02,31.5,31.4,0.39,0.04,443.5,16.5,0
1.9,22.34,45.1,49.7,1.28,0.45,445.7,34.6,0
2.46,19.18,54.5,52.1,1.69,0.01,442.3,28.3,0
2.77,18.72,58.1,37.2,1.88,0.2,576.0,24.5,0
2.03,20.16,42.8,46.7,1.63,1.11,383.1,21.9,0
2.5,18.8,55.6,20.0,2.72,0.73,510.5,33.3,0
1.43,25.08,45.7,44.7,1.29,0.2,424.4,23.1,0
2.46,18.69,29.7,43.6,2.44,0.1,403.5,29.7,0
1.88,17.94,44.9,62.0,0.9,0.07,570.9,26.8,0
2.32,29.96,38.8,42.0,1.86,0.11,359.7,24.3,0
2.1,26.32,54.2,45.3,1.97,0.12,578.1,18.9,0
2.73,13.62,44.7,47.2,1.44,0.11,546.5,37.1,0
1.85,18.56,32.2,42.1,1.9,0.07,699.1,21.0,0
2.45,23.09,30.0,55.2,0.36,1.43,236.2,22.0,0
2.09,23.46,44.8,28.1,1.45,3.4,652.9,37.4,0
2.14,15.29,20.8,59.4,0.3,2.33,454.6,27.3,0
2.13,27.21,39.8,47.9,0.65,0.37,231.9,30.2,0
1.86,25.71,47.3,61.0,1.55,0.27,401.1,38.6,0
2.19,24.17,34.4,20.5,1.79,0.06,576.8,38.4,0
2.17,28.11,54.9,23.6,1.23,0.2,487.1,24.2,0
2.3,24.04,56.9,45.1,0.89,1.01,702.2,36.1,0
2.23,24.02,34.8,53.1,3.46,7.53,449.2,16.8,1
2.52,29.01,42.0,42.5,1.26,2.35,495.0,15.7,0
2.57,26.96,54.9,53.8,5.63,0.87,472.3,28.3,0
1.78,18.21,45.0,57.8,2.73,0.66,346.8,27.4,0
2.55,24.85,31.1,54.7,3.44,0.19,495.7,32.5,0
1.73,19.01,43.6,49.0,0.79,0.65,467.1,31.8,0
2.44,24.27,36.5,49.0,1.97,1.08,513.1,32.8,0
2.45,24.14,56.1,41.9,0.61,1.09,508.9,39.2,0
1.44,15.77,51.1,47.4,1.32,0.98,500.3,41.7,0
2.24,21.45,41.9,37.8,0.76,2.08,514.5,34.1,0
2.01,23.19,46.4,40.2,2.44,0.86,664.9,27.8,0
1.9,20.04,31.9,53.1,1.36,0.77,353.3,26.6,0
2.74,23.42,37.5,43.4,1.0,0.44,391.4,27.9,0
1.94,25.63,60.5,40.6,1.96,0.24,712.5,24.0,0
1.88,21.86,45.5,52.5,1.16,0.0,690.6,34.5,0
2.23,23.01,54.3,51.8,6.21,0.47,538.8,35.3,0
2.47,28.23,47.3,45.8,0.97,1.2,803.6,23.6,0
2.14,24.13,58.1,46.5,0.43,0.98,573.3,26.8,0
2.67,22.9,25.0,52.2,1.8,0.91,781.1,15.6,0
2.41,17.69,43.1,57.7,1.36,1.78,719.0,27.4,0
1.33,25.02,61.4,50.0,1.46,0.32,744.1,28.3,0
1.99,23.49,54.6,36.1,0.78,1.36,327.7,20.2,0
1.98,27.78,58.3,45.8,1.34,1.12,600.2,24.3,0
2.39,22.21,44.9,43.9,1.48,0.5,487.5,19.9,0
1.15,13.83,39.6,37.5,3.66,0.3,299.3,17.0,0
3.22,14.35,34.7,53.0,3.54,0.99,700.4,38.4,0
2.41,25.31,34.0,53.7,0.68,3.48,679.1,17.0,0
2.26,19.43,53.1,55.3,5.04,0.1,478.2,28.8,0
2.67,23.97,50.1,38.1,2.97,3.67,407.3,34.8,0
3.14,22.51,44.3,49.6,3.81,0.75,508.7,38.0,0
2.55,21.25,50.1,47.9,3.38,1.49,227.8,20.6,0
2.58,21.57,46.4,51.1,0.79,1.95,297.9,36.9,0
2.25,18.11,54.6,49.3,1.94,0.2,455.1,29.1,0
2.14,21.93,54.5,47.9,2.84,0.06,592.3,32.0,0
2.01,19.37,34.3,46.7,3.69,0.17,472.2,40.3,0
1.87,20.32,47.7,59.1,1.12,0.5,416.6,32.3,0
1.93,20.54,28.3,39.4,0.3,3.76,375.8,21.5,0
1.66,20.98,46.3,46.3,1.16,0.05,865.8,13.6,0
2.17,26.15,51.0,58.8,4.14,3.03,338.9,32.5,0
1.53,21.42,31.9,39.9,0.95,0.99,225.8,30.8,0
2.28,26.61,40.8,40.4,1.54,0.13,413.6,22.4,0
2.19,28.92,45.1,55.3,0.75,0.2,577.7,29.3,0
2.26,25.85,47.3,33.8,2.54,1.4,516.2,18.5,0
1.99,24.41,42.2,54.6,0.71,1.13,387.4,30.5,0
3.43,23.47,33.3,43.1,3.53,0.22,528.8,18.6,0
2.74,25.89,44.5,52.1,0.44,2.82,666.4,36.5,0
1.7,22.4,28.5,35.8,1.6,0.17,530.6,42.7,0
2.29,26.43,42.7,59.9,0.75,0.86,523.1,30.0,0
1.96,24.76,40.6,35.8,3.65,0.9,523.6,30.7,0
1.79,20.38,43.7,55.2,1.4,2.45,388.1,32.1,0
1.66,26.03,39.4,36.2,1.6,0.03,567.4,29.9,0
2.37,22.41,29.9,66.1,1.95,0.18,656.3,20.3,0
1.93,21.52,41.3,47.3,3.53,0.22,702.8,37.9,0
2.59,19.86,54.3,67.5,1.11,0.08,564.5,31.2,0
2.6,22.75,57.6,39.8,3.13,1.2,502.2,31.9,0
2.75,26.48,69.4,43.6,1.94,0.31,781.5,35.1,0
1.86,26.0,61.9,60.1,3.21,1.03,518.1,34.8,0
2.39,23.59,33.0,33.7,2.46,1.83,427.4,36.6,0
2.45,24.7,40.9,41.0,2.66,0.63,396.6,31.2,0
2.01,27.72,44.8,53.0,2.09,1.76,379.4,22.0,0
1.89,21.33,44.1,37.8,0.72,1.81,424.5,30.9,0
2.84,16.98,45.7,53.2,0.97,0.37,789.0,27.8,0
2.29,27.86,69.1,49.7,1.27,0.02,386.5,21.9,0
2.45,19.62,34.2,32.9,3.82,0.13,729.0,38.2,0
1.87,18.89,37.9,57.7,0.62,2.08,469.2,26.9,0
1.71,13.92,61.4,35.4,2.02,0.62,656.3,29.6,0
1.97,24.57,38.8,55.7,3.29,2.19,338.2,22.9,0
2.15,14.7,48.9,49.3,0.71,0.95,497.3,27.6,0
1.77,18.62,55.3,43.4,1.68,0.26,257.6,34.5,0
2.2,24.65,49.9,36.9,2.22,1.49,503.3,42.3,0
1.52,25.25,46.9,51.3,2.72,0.98,618.0,17.8,0
1.75,19.07,54.4,39.3,1.42,0.52,645.0,28.2,0
2.47,21.4,36.1,60.1,2.25,0.11,499.3,6.1,0
2.44,18.07,40.0,60.4,0.3,0.13,446.2,25.0,0
2.04,19.53,50.4,64.4,2.63,0.25,513.1,28.8,0
1.79,23.2,24.3,50.8,2.46,1.34,414.2,29.1,0
1.79,19.74,59.2,44.0,0.68,1.56,414.0,39.5,0
2.05,20.9,48.0,45.0,1.42,1.2,438.8,26.4,0
2.46,15.41,46.5,44.3,0.82,0.49,534.2,38.9,0
2.57,27.1,28.7,50.5,0.3,0.7,715.4,29.7,0
2.0,24.3,32.1,52.4,0.36,1.48,694.8,24.4,0
1.74,25.57,41.0,60.3,0.42,1.29,452.2,29.3,0
2.31,27.81,53.1,48.2,1.55,1.78,377.7,28.9,0
1.87,18.29,24.2,34.0,0.83,0.33,390.1,29.4,0
1.99,20.39,52.9,43.9,0.82,0.01,278.1,23.1,0
2.73,13.47,41.4,63.6,2.47,0.37,609.2,23.0,0
2.53,36.13,42.8,32.4,1.27,0.51,291.0,35.9,0
2.26,21.33,47.5,55.4,6.75,3.88,161.3,35.4,0
1.69,26.67,47.7,44.1,2.81,0.29,609.3,22.2,0
2.28,16.43,37.9,39.2,0.58,2.1,602.8,27.1,0
2.63,26.48,51.2,52.0,1.5,1.17,337.9,30.7,0
2.05,30.36,21.8,63.6,0.72,0.22,545.4,33.7,0
2.74,21.73,40.5,51.4,1.84,0.62,302.2,29.3,0
2.72,17.45,46.5,45.4,4.05,0.86,485.4,36.1,0
2.87,21.38,41.6,35.0,3.37,0.51,553.8,27.5,0
2.32,11.98,26.7,47.0,0.92,0.31,604.0,38.8,0
2.43,21.83,52.6,34.7,0.37,0.35,559.4,45.9,0
2.77,25.69,32.5,44.9,2.05,1.06,215.9,28.5,0
2.38,21.84,44.3,47.4,2.22,1.4,545.3,30.6,0
2.0,20.72,46.5,24.4,4.94,0.76,827.1,21.4,0
2.02,24.37,45.2,61.9,1.87,3.41,558.9,26.8,0
2.3,24.72,56.7,35.6,4.77,1.56,292.2,29.3,0
1.68,14.53,44.5,46.1,1.46,2.67,393.5,32.9,0
2.14,22.4,49.3,53.3,5.81,0.77,423.3,26.6,0
2.64,32.96,44.4,61.1,6.22,0.02,150.3,33.2,0
1.32,15.99,51.1,40.1,2.14,1.08,515.1,25.4,0
2.81,21.62,58.9,22.9,3.29,2.05,447.4,35.1,0
2.65,30.74,46.4,58.8,2.05,0.92,454.5,30.9,0
2.02,26.97,52.8,35.5,2.59,1.01,481.3,30.6,0
2.42,19.69,59.6,51.6,2.18,4.43,391.7,24.8,0
2.2,22.93,58.6,52.2,0.57,0.55,628.3,27.4,0
2.69,21.99,41.1,20.0,0.67,1.94,527.6,25.4,0
2.59,18.63,55.4,31.9,1.02,0.84,419.9,34.1,0
1.64,21.67,47.5,43.4,2.42,0.75,566.7,18.5,0
2.43,20.74,56.2,22.2,3.05,0.19,553.3,23.1,0
2.12,22.51,50.7,34.6,2.53,1.66,356.8,36.4,0
2.23,18.63,47.8,49.2,4.29,2.08,474.1,29.3,0
1.91,16.26,49.3,47.1,2.59,0.68,473.8,36.6,0
2.9,21.81,47.6,51.0,0.3,1.73,412.2,33.8,0
2.62,29.72,47.9,52.5,7.13,1.04,296.5,34.5,0
1.9,22.37,43.4,31.2,0.97,0.36,407.6,30.9,0
1.67,20.51,42.5,35.2,1.8,3.09,690.0,23.4,0
2.05,25.39,62.6,55.6,4.17,1.43,402.6,28.5,0
2.37,21.29,49.8,63.2,1.82,2.53,634.8,19.3,0
2.3,30.41,39.3,38.3,3.15,0.4,494.7,26.8,0
2.7,21.98,42.2,50.6,4.98,2.98,525.2,24.2,0
2.52,25.15,55.6,56.1,3.93,0.54,316.4,15.0,0
2.59,18.6,37.6,50.4,2.17,0.01,674.6,31.0,0
2.33,24.26,30.2,45.5,0.48,0.09,809.0,30.3,0
1.64,23.24,30.9,41.6,1.59,0.11,395.3,36.8,0
2.12,21.75,27.7,67.9,1.55,0.28,695.5,19.4,0
2.62,19.74,32.0,49.0,4.46,0.25,309.6,35.6,0
2.18,19.13,33.2,51.9,1.96,0.07,491.9,11.8,0
2.4,23.27,58.9,51.2,2.62,2.71,324.2,27.0,0
2.07,24.83,44.5,39.9,0.3,2.11,556.6,41.8,0
1.79,21.43,41.4,48.5,3.85,1.73,469.4,27.8,0
2.15,23.29,30.6,44.8,3.63,0.78,492.4,22.9,0
2.32,21.83,43.6,44.6,0.94,0.66,696.8,27.4,0
1.94,22.44,27.6,51.2,3.01,0.66,686.5,33.9,0
2.11,21.1,41.3,38.8,0.95,0.36,474.2,26.0,0
1.82,22.08,65.6,36.0,2.71,1.12,666.1,30.7,0
2.65,34.14,51.6,53.0,3.32,0.07,672.6,30.7,0
2.08,23.4,42.9,42.7,2.5,1.29,666.4,31.8,0
2.78,24.9,52.0,44.5,4.71,0.87,522.2,35.3,0
2.81,23.97,39.8,28.7,2.13,2.03,549.6,41.9,0
2.17,20.82,37.0,57.6,0.92,4.32,457.5,28.6,0
1.8,27.82,62.0,53.2,2.17,2.51,850.1,30.3,0
1.37,20.69,33.6,55.1,1.01,1.53,559.9,19.7,0
1.61,26.75,41.5,51.9,2.3,0.68,487.7,34.6,0
1.65,20.5,48.1,32.8,0.3,0.29,575.5,37.5,0
2.75,17.68,35.6,50.3,1.2,1.31,540.7,32.8,0
2.25,23.64,51.5,41.9,2.18,0.27,809.4,18.3,0
2.36,17.03,41.9,38.4,1.18,0.02,496.7,25.2,0
1.31,24.41,51.6,53.0,1.66,1.02,614.9,28.4,0
1.72,16.63,50.9,64.6,1.05,0.6,482.1,22.0,0
2.55,20.56,42.6,62.9,2.08,2.51,246.9,43.0,0
2.31,15.56,62.1,54.2,1.75,1.25,500.2,30.9,0
2.14,34.71,38.3,47.7,0.92,1.25,628.0,34.5,0
2.43,14.56,58.5,45.8,0.56,1.86,520.4,34.6,0
2.85,22.04,56.7,39.0,0.79,0.49,326.6,28.8,0
2.11,27.14,62.7,45.3,1.33,3.81,737.8,19.6,0
2.23,26.66,46.7,57.1,0.3,0.3,321.5,33.5,0
2.28,25.83,37.1,66.2,2.94,2.46,384.1,42.1,0
3.16,20.57,65.8,39.8,5.12,2.9,331.2,25.4,0
1.36,28.08,41.7,28.0,4.75,0.05,344.6,24.0,0
2.47,26.11,36.9,42.7,1.5,1.2,506.7,33.9,0
2.15,22.96,43.1,57.0,2.52,1.66,591.6,34.5,0
2.43,23.08,35.2,68.7,0.83,3.69,412.0,36.0,0
1.94,20.63,50.3,61.1,0.32,0.35,584.7,27.0,0
2.18,17.91,38.9,60.9,0.84,0.99,615.4,27.0,0
2.48,27.57,42.1,39.5,1.21,1.78,450.7,9.6,0
3.45,27.9,54.7,39.8,1.94,0.19,272.9,28.4,0
2.52,18.02,51.2,34.8,2.17,2.3,727.1,24.1,0
1.86,21.31,45.2,41.3,0.53,0.62,399.4,12.6,0
2.03,21.35,46.7,57.1,2.27,1.23,168.5,41.3,0
2.02,21.85,45.1,64.2,1.8,0.05,441.6,29.7,0
1.48,22.29,40.7,51.5,1.77,0.3,587.6,15.5,0
2.07,26.26,45.0,45.4,1.76,0.78,610.0,30.6,0
2.49,18.64,49.9,37.3,2.97,0.41,329.5,41.0,0
1.69,18.19,43.7,46.9,4.82,3.8,222.7,36.4,0
2.62,27.56,49.2,50.0,2.97,1.9,545.9,34.8,0
2.4,19.92,36.6,33.4,7.52,2.4,577.5,19.4,0
1.91,16.32,39.0,57.2,2.37,0.75,667.7,24.2,0
2.14,19.82,37.7,43.8,1.95,0.77,650.5,21.9,0
2.84,20.51,39.3,56.6,1.44,1.96,522.0,28.1,0
2.49,29.0,57.9,47.9,4.5,0.59,362.2,33.4,0
2.2,26.16,52.3,51.0,0.85,0.79,427.6,31.1,0
2.1,27.16,34.2,41.0,4.29,0.9,463.6,21.6,0
2.23,25.69,49.4,44.6,0.86,1.12,362.7,26.7,0
2.0,26.26,41.1,54.4,2.02,1.26,662.1,35.3,0
1.36,18.9,38.2,46.7,2.42,1.37,654.2,31.6,0
3.02,21.11,30.1,37.0,0.9,0.7,290.6,30.8,0
2.26,17.55,54.7,49.1,2.0,0.42,451.7,21.9,0
2.36,21.05,31.4,51.9,2.66,3.03,809.3,29.1,0
2.18,25.08,44.5,61.7,0.79,2.1,674.4,20.1,0
1.91,22.61,35.5,59.5,0.81,0.0,528.2,22.2,0
2.13,27.9,52.8,47.4,6.75,0.86,664.4,17.6,0
1.56,16.86,41.7,42.5,2.93,0.39,747.4,40.1,0
3.11,24.25,43.7,45.7,2.94,1.24,514.2,40.4,0
1.71,16.38,44.0,42.8,1.15,0.84,296.5,21.0,0
1.79,22.42,48.0,53.1,2.23,0.03,629.0,22.6,0
2.02,25.33,45.1,58.4,1.83,1.56,636.7,25.8,0
2.72,21.03,44.6,60.4,0.72,0.39,349.1,36.5,0
2.21,24.48,39.8,43.9,8.84,0.36,539.1,32.3,0
1.71,17.68,29.3,42.9,2.43,0.04,381.4,37.7,0
2.7,14.51,33.8,43.8,2.33,2.11,253.3,39.8,0
2.49,24.51,52.2,28.7,2.47,1.04,533.1,31.4,0
2.42,29.85,41.9,36.0,0.77,0.8,717.8,30.1,0
2.49,17.52,38.4,47.7,1.19,1.35,548.2,37.5,0
3.16,27.5,30.9,51.8,1.19,0.51,526.5,35.6,0
3.07,22.2,27.8,52.9,2.51,1.01,300.1,35.5,0
1.93,15.99,38.0,40.2,1.15,0.34,594.2,31.3,0
2.85,16.91,53.9,43.1,1.68,0.08,417.0,35.3,0
2.35,22.07,39.4,45.3,2.14,0.99,383.3,25.9,0
2.4,20.18,49.0,44.2,2.08,0.3,632.3,24.0,0
1.52,16.09,39.0,54.9,1.53,1.66,317.7,25.6,0
2.13,14.38,51.4,34.9,0.8,0.72,468.2,43.9,0
1.87,18.19,41.5,36.5,3.18,0.35,327.8,20.7,0
2.53,22.87,32.7,45.0,4.17,1.12,455.1,34.6,0
2.63,21.97,42.3,34.3,0.84,0.15,171.2,41.9,0
1.37,19.74,63.3,29.0,3.82,1.72,581.2,30.8,0
2.19,22.91,62.9,33.1,0.97,0.72,558.5,25.8,0
2.65,26.68,49.9,45.6,2.54,2.01,826.5,31.9,0
2.13,23.77,43.6,54.3,2.24,0.18,536.4,24.5,0
2.49,21.45,48.0,54.5,3.15,0.58,364.7,21.6,0
2.34,26.18,48.2,63.9,0.56,0.24,648.8,37.4,0
2.34,17.68,44.6,49.0,2.22,0.08,645.3,37.0,0
2.09,20.99,49.4,50.4,1.32,3.73,696.0,25.8,0
1.71,21.1,47.1,45.5,3.27,1.56,205.9,24.6,0
1.75,16.43,41.8,46.0,2.56,0.47,394.8,29.5,0
2.48,20.11,33.0,68.8,2.19,0.34,363.9,27.3,0
2.21,12.66,40.4,50.6,0.98,0.27,729.3,22.3,0
2.14,30.6,53.0,51.5,2.66,0.05,620.8,17.3,0
2.03,17.78,44.7,36.5,0.96,0.13,669.6,17.8,0
2.08,29.14,48.0,52.1,0.51,0.13,337.3,19.6,0
2.62,22.17,42.2,54.6,1.06,1.32,519.9,20.7,0
2.07,24.54,34.4,59.1,1.15,1.08,255.9,29.5,0
1.66,19.8,42.6,54.3,1.33,1.01,334.7,22.4,0
2.5,22.94,34.8,46.7,1.84,1.59,518.5,22.6,0
2.12,24.93,34.1,46.3,1.84,0.35,533.3,19.2,0
2.21,24.99,57.1,47.3,2.23,0.5,559.0,19.4,0
2.84,25.49,40.8,49.1,1.82,0.16,402.5,19.2,0
2.19,20.34,37.6,60.7,0.94,1.06,563.8,27.4,0
2.32,19.84,61.2,58.7,2.87,3.24,500.7,35.3,0
1.73,14.83,53.1,55.5,0.98,2.39,735.5,38.5,0
2.11,24.35,41.3,68.3,1.97,0.97,436.0,28.4,0
2.44,26.87,49.3,21.4,3.46,1.24,224.8,35.4,0
1.58,29.27,42.6,43.4,1.34,5.84,592.5,22.5,0
2.28,23.37,38.1,47.9,0.71,0.87,550.4,32.0,0
2.24,18.55,49.7,41.3,0.63,2.45,366.5,21.9,0
2.22,14.36,41.8,38.7,0.9,0.83,451.0,31.0,0
2.61,26.69,45.8,30.8,0.69,0.06,529.1,22.3,0
2.33,13.92,55.2,44.9,3.64,3.27,443.1,22.8,0
2.79,20.47,54.1,56.9,1.53,0.14,333.4,27.6,0
1.8,20.99,39.5,55.7,6.21,1.46,470.0,39.3,0
2.25,21.69,49.9,40.5,1.62,0.33,632.6,34.0,0
2.23,22.16,33.7,50.2,0.31,2.78,445.8,22.9,0
1.77,22.62,49.5,61.6,1.92,0.27,531.8,20.6,0
2.58,11.13,46.5,32.8,1.52,0.18,472.8,22.3,0
3.13,22.07,48.8,46.4,2.99,0.69,314.7,32.5,0
2.19,11.97,42.0,50.9,1.47,0.82,484.0,29.5,0
2.4,25.29,65.8,48.1,1.49,2.05,433.2,32.6,0
2.23,19.5,36.0,56.5,2.6,1.72,613.8,24.4,0
1.91,12.29,54.7,33.0,1.09,0.48,685.3,30.3,0
1.47,18.34,34.7,37.9,1.31,0.58,632.3,29.9,0
1.92,19.43,50.0,54.8,2.97,1.03,389.7,36.9,0
1.64,27.36,50.8,31.0,0.46,0.96,325.6,39.1,0
2.88,22.88,45.5,56.1,1.48,2.38,272.9,34.3,0
2.15,23.55,40.0,52.5,0.3,0.77,525.4,36.8,0
2.06,27.32,46.4,55.4,4.57,2.69,393.6,27.9,0
2.56,21.57,47.7,43.3,1.62,0.28,333.1,23.1,0
1.75,25.39,62.9,53.1,0.96,2.43,794.3,27.8,0
1.89,25.08,36.3,36.3,2.99,0.44,572.9,27.1,0
2.23,16.21,39.4,43.9,2.03,1.87,550.4,26.6,0
2.61,28.63,47.8,48.4,0.75,1.0,542.9,27.9,0
2.4,15.61,42.4,39.0,3.19,2.5,742.8,26.8,0
2.3,26.13,44.0,50.2,2.57,0.32,474.9,24.8,0
2.23,15.17,55.7,36.6,3.11,1.45,592.7,27.1,0
2.36,24.71,16.8,50.7,1.44,2.27,635.5,33.6,0
2.28,30.38,39.0,65.4,2.57,1.8,778.7,21.9,0
1.79,21.04,27.6,35.4,5.58,1.0,499.8,37.4,0
2.22,20.85,33.0,47.8,4.56,1.35,685.2,35.6,0
1.77,24.75,69.0,31.8,2.68,0.26,225.7,28.6,0
2.23,20.52,51.0,39.7,0.55,0.29,817.6,11.3,0
2.01,30.18,54.5,55.0,2.45,0.37,563.4,12.8,0
3.22,22.86,44.2,43.7,3.63,2.11,613.3,28.8,0
2.18,20.56,52.6,55.4,3.47,0.22,307.4,32.7,0
1.64,19.57,27.3,51.6,1.98,0.43,297.7,40.4,0
2.15,17.8,55.4,47.4,2.75,3.04,403.1,25.2,0
2.41,19.18,36.8,37.7,0.63,1.69,503.0,24.4,0
2.87,20.42,39.7,54.9,2.09,1.59,461.8,19.5,0
1.96,19.81,50.1,51.0,0.4,0.73,438.5,32.2,0
1.57,19.04,48.2,32.7,3.45,1.45,470.5,28.0,0
2.53,31.44,45.8,38.4,3.05,1.0,149.8,24.7,0
1.65,17.36,31.4,20.3,2.87,0.09,564.0,28.2,0
2.03,22.66,46.0,34.3,2.25,1.03,474.5,27.3,0
2.1,24.67,54.6,44.9,4.32,0.72,642.7,34.8,0
2.17,24.84,39.7,37.4,1.54,0.15,428.6,25.0,0
2.48,21.74,58.1,39.7,1.4,0.51,444.2,28.0,0
1.93,20.92,36.3,61.9,2.97,2.7,523.7,33.9,0
2.09,24.03,45.1,58.3,0.56,1.95,602.6,26.1,0
2.19,23.2,60.4,41.1,2.06,2.94,672.6,22.8,0
2.26,20.83,38.2,55.9,1.41,1.52,493.9,19.0,0
2.24,14.97,55.5,60.1,1.95,1.2,564.3,20.7,0
2.37,19.89,64.7,54.2,2.53,0.18,505.0,23.5,0
2.54,16.84,46.7,51.0,1.24,0.14,455.9,34.7,0
2.36,19.0,39.7,59.0,6.82,0.34,211.6,22.8,0
2.38,22.15,37.3,55.7,2.5,0.45,530.9,26.5,0
1.57,23.61,58.0,35.9,1.78,1.12,363.4,20.8,0
2.22,30.01,57.8,46.1,5.1,2.52,630.6,28.4,0
2.39,19.58,59.5,42.5,2.09,2.66,369.8,30.0,0
2.49,25.49,44.7,59.5,0.79,1.38,414.8,30.5,0
1.92,23.38,55.4,42.2,2.22,1.02,376.7,40.3,0
1.94,27.83,44.5,40.5,0.75,0.34,580.0,27.9,0
1.97,24.59,36.2,58.3,1.15,3.34,454.5,30.1,0
2.41,17.46,56.2,50.6,1.22,1.33,585.3,24.1,0
2.61,14.25,61.3,69.1,0.41,0.91,99.5,43.2,0
2.04,23.4,34.8,39.4,2.03,0.13,799.1,33.9,0
2.56,19.62,34.6,42.8,1.22,2.1,348.5,34.2,0
2.25,17.59,45.4,59.2,2.41,0.52,615.3,35.6,0
2.15,16.3,54.6,35.2,0.46,2.77,575.0,33.2,0
2.12,22.72,33.7,61.2,1.78,0.22,606.8,36.0,0
2.5,28.78,47.3,35.9,0.98,0.06,377.3,26.7,0
2.33,20.16,39.1,54.1,1.67,0.68,449.2,43.9,0
3.11,24.66,52.0,29.6,0.61,0.1,559.8,17.2,0
1.86,21.54,37.0,48.5,2.25,0.08,500.6,26.1,0
2.41,16.2,52.7,34.3,1.9,1.5,363.6,40.1,0
1.99,25.31,43.4,67.3,1.92,0.36,586.0,26.8,0
1.85,17.07,35.6,37.3,0.93,1.22,842.6,32.6,0
2.2,22.1,45.6,39.7,0.7,1.02,436.7,24.7,0
2.25,20.46,25.6,53.4,2.88,0.18,573.2,31.1,0
3.37,26.02,39.4,42.0,0.53,0.58,534.2,25.5,0
2.13,17.24,48.4,55.0,4.49,0.08,444.4,36.2,0
1.75,23.76,27.3,40.9,5.21,0.66,620.9,30.0,0
2.31,18.22,19.3,40.1,1.41,0.24,618.9,15.7,0
1.37,19.7,21.6,47.7,2.97,0.12,417.5,22.3,0
2.16,5.64,58.3,35.8,1.75,0.46,714.9,21.2,0
2.21,31.41,44.2,52.0,1.76,0.0,501.6,37.8,0
2.52,24.48,39.7,56.8,2.35,1.7,661.3,19.3,0
2.59,18.55,54.5,53.5,4.55,0.21,551.7,26.1,0
2.0,16.94,41.0,54.4,0.87,1.18,505.9,42.8,0
2.14,19.77,47.7,28.8,2.88,2.14,498.8,36.7,0
1.89,25.23,45.3,43.4,2.17,2.99,601.4,22.0,0
1.75,13.49,40.3,45.7,1.42,0.98,335.0,21.8,0
2.32,21.36,47.9,62.5,0.99,1.86,555.7,21.1,0
1.69,29.97,52.7,42.2,1.29,0.73,696.5,29.4,0
2.03,16.9,43.2,25.0,0.62,0.81,576.6,24.5,0
1.8,22.36,40.4,38.0,0.76,0.95,238.0,29.6,0
2.42,31.91,41.6,41.4,0.3,1.33,292.5,30.2,0
2.92,24.84,22.0,26.4,4.14,1.33,503.2,28.3,0
1.68,22.57,47.8,57.7,0.67,1.85,382.0,29.0,0
1.46,24.28,32.9,32.3,1.43,1.15,633.5,28.6,0
2.15,20.2,51.3,52.5,3.16,2.57,428.9,22.6,0
2.21,27.85,44.1,37.1,0.41,1.48,582.7,17.9,0
2.29,20.2,46.1,63.1,0.41,3.17,790.9,28.4,0
2.02,13.18,52.0,45.2,0.98,1.67,503.5,22.5,0
2.12,20.24,35.7,43.2,1.66,1.61,348.2,34.8,0
2.35,17.65,48.7,53.3,1.31,2.36,559.4,19.2,0
2.62,20.73,47.7,37.9,9.25,1.28,542.4,25.5,0
1.42,20.83,43.2,53.8,1.48,0.24,537.5,29.1,0
2.05,27.39,35.7,43.2,2.04,0.1,705.2,36.8,0
2.29,25.13,51.0,42.1,1.22,0.46,322.1,25.3,0
1.83,23.18,52.0,47.1,1.27,2.02,649.9,29.3,0
2.89,21.99,46.1,37.1,1.04,0.03,409.1,32.3,0
1.95,17.24,34.3,46.1,5.9,0.2,707.1,33.3,0
2.18,12.18,39.7,51.4,3.99,0.13,181.7,30.6,0
2.42,22.51,44.4,24.9,0.3,0.05,834.6,40.7,0
1.96,25.58,51.9,58.9,4.04,1.99,459.4,25.2,0
1.46,21.51,29.2,56.2,1.18,0.39,318.5,40.1,0
2.03,19.59,39.4,29.5,2.68,1.57,636.1,32.8,0
2.61,24.09,41.0,27.9,0.37,0.18,576.7,29.7,0
2.07,21.63,44.2,56.4,0.69,0.63,568.0,30.3,0
1.86,29.59,32.0,55.6,6.18,0.15,639.4,34.6,0
2.57,27.55,42.8,54.2,2.19,0.0,505.5,23.0,0
2.07,26.32,41.9,33.7,0.3,1.14,456.1,29.0,0
2.0,25.41,34.6,66.3,8.77,0.79,326.1,26.3,0
2.26,16.19,43.8,40.4,1.21,0.65,482.9,39.2,0
2.51,24.98,39.6,50.4,2.18,0.1,423.3,23.4,0
3.15,23.69,50.0,50.5,2.07,1.06,498.7,42.0,0
2.53,24.73,36.1,63.9,3.43,1.82,516.9,24.9,0
2.66,24.22,45.9,49.3,0.96,0.08,760.6,18.3,0
2.0,24.04,36.9,52.2,1.2,0.64,387.9,21.9,0
1.79,34.15,39.0,47.2,5.66,0.45,478.8,22.1,0
2.22,21.66,48.0,36.0,1.97,2.67,434.7,39.6,0
2.24,26.21,47.3,24.8,1.03,0.37,289.6,18.6,0
1.77,19.88,40.8,48.3,1.38,3.46,936.8,30.3,0
2.13,25.56,42.3,33.9,2.25,2.12,359.6,38.3,0
2.36,26.23,30.5,51.5,1.01,0.13,555.4,47.4,0
2.34,23.64,59.0,49.5,4.55,0.79,755.0,27.2,0
2.4,29.51,51.9,49.2,1.05,1.26,314.1,28.8,0
2.32,18.02,51.5,37.5,1.59,1.08,631.4,19.8,0
2.0,19.81,29.0,58.4,1.37,1.36,269.1,25.3,0
1.99,22.96,39.0,52.7,1.45,0.67,379.6,43.3,0
1.72,25.96,41.7,36.2,0.88,2.82,584.2,34.1,0
2.91,22.81,25.7,68.7,2.32,0.38,459.1,36.5,0
2.21,27.79,53.9,45.9,1.69,0.12,718.2,32.5,0
2.11,19.02,59.5,34.7,1.99,4.58,519.3,35.5,0
1.83,16.87,65.6,40.4,5.05,1.27,578.1,41.6,0
3.37,23.39,34.5,32.9,0.41,1.29,396.5,24.8,0
1.77,21.65,46.2,61.6,0.99,2.04,344.2,33.2,0
2.03,24.44,58.2,58.8,3.22,0.66,326.6,23.2,0
2.37,21.88,42.5,55.4,1.51,0.59,359.8,13.8,0
2.44,20.47,39.3,53.5,1.88,3.57,395.8,29.9,0
2.58,21.66,26.3,60.5,1.13,0.59,673.6,28.9,0
2.92,22.13,56.3,45.6,0.95,0.1,560.5,27.5,0
2.4,20.63,44.8,52.2,0.92,0.44,308.3,23.5,0
1.78,21.09,37.7,39.9,2.15,2.48,438.2,29.0,0
2.1,20.18,47.8,46.5,7.39,0.12,495.4,31.0,0
2.32,25.85,46.5,52.5,4.18,1.51,940.0,41.7,0
3.03,22.87,46.7,20.0,1.41,0.37,501.3,31.7,0
1.64,32.16,42.8,41.8,0.3,1.64,568.0,32.1,0
2.68,22.72,61.2,49.6,3.76,0.87,351.1,22.8,0
2.27,19.52,43.7,47.2,2.02,1.21,608.1,21.3,0
2.54,34.02,61.2,43.5,6.81,0.33,707.1,21.1,0
2.16,23.86,50.6,53.9,2.45,0.22,477.4,25.9,0
1.86,26.46,48.5,40.9,1.49,0.08,592.3,28.4,0
2.5,24.66,43.9,35.8,1.26,2.1,586.3,29.5,0
2.46,24.8,54.7,59.8,0.55,1.49,510.4,22.3,0
2.59,24.41,46.1,58.4,1.61,0.42,693.6,12.3,0
2.19,17.04,35.7,42.0,3.31,2.18,380.2,25.1,0
1.96,23.65,35.3,47.3,0.3,2.15,369.2,34.6,0
1.58,16.04,49.2,56.5,5.47,0.18,500.7,25.4,0
2.53,21.22,35.9,48.4,0.45,1.5,444.0,27.5,0
2.37,18.73,44.4,53.3,0.96,0.41,63.3,16.8,0
1.81,23.61,55.6,52.8,2.28,0.76,390.3,28.9,0
1.98,23.5,48.0,44.8,0.42,0.67,180.5,30.9,0
2.01,24.17,37.8,53.2,1.49,1.1,451.9,24.0,0
1.61,23.29,59.1,38.4,1.94,0.51,607.0,34.8,0
1.87,19.27,50.5,51.9,2.21,0.09,508.1,36.4,0
1.75,20.83,55.2,47.3,1.21,1.34,520.0,42.8,0
2.04,26.14,22.3,44.4,0.59,3.88,476.7,21.5,0
1.9,26.81,48.3,35.5,4.52,1.32,531.8,30.0,0
1.55,16.84,53.4,49.3,2.48,0.93,923.7,19.7,0
3.01,15.11,62.0,48.4,2.21,0.21,447.2,32.2,0
2.7,18.73,30.4,39.6,1.14,1.18,498.0,31.4,0
1.89,26.7,57.1,32.0,2.87,1.13,370.3,14.5,0
2.31,27.47,61.4,31.6,0.5,1.16,214.4,29.9,0
2.37,17.84,24.8,45.5,5.48,2.67,539.8,26.6,0
2.68,23.38,49.8,51.1,1.09,1.51,669.8,19.7,0
1.87,30.25,51.2,66.5,3.12,1.84,848.0,26.0,0
2.64,23.87,41.7,47.5,3.86,0.45,471.9,42.4,0
1.98,28.4,40.1,31.7,1.97,0.38,461.1,32.0,0
1.67,26.49,51.7,45.9,2.12,0.28,640.3,22.2,0
2.49,17.9,38.9,60.5,1.7,1.81,756.8,25.7,0
2.72,21.15,42.8,41.2,3.64,1.44,314.6,14.5,0
3.24,22.16,53.1,59.2,1.07,0.5,599.7,20.4,0
1.72,22.47,62.5,49.8,2.77,0.18,774.2,39.8,0
2.48,26.12,50.4,54.5,1.84,2.25,462.7,34.4,0
2.04,23.84,46.3,66.6,4.61,0.58,326.3,31.2,0
2.51,8.79,39.8,29.6,4.36,0.25,617.8,30.7,0
1.61,16.09,34.9,57.0,1.13,0.19,298.2,37.9,0
1.69,12.16,56.1,47.1,3.61,3.03,678.5,30.2,0
1.89,22.79,43.5,38.5,2.43,0.17,798.6,26.0,0
2.23,23.08,56.5,47.0,1.76,0.53,425.0,27.4,0
1.94,23.27,41.7,64.9,3.45,1.2,748.7,26.2,0
2.46,17.68,38.5,61.3,2.99,0.63,594.7,26.1,0
2.61,25.03,49.2,28.0,1.22,0.78,707.9,39.9,0
2.44,25.22,44.2,40.3,0.64,1.95,402.5,20.6,0
2.85,16.35,32.9,57.4,0.78,8.61,593.5,24.5,0
2.37,15.4,63.2,47.8,0.99,0.76,536.3,15.2,0
1.71,22.0,38.7,47.8,1.48,0.57,382.2,35.1,0
2.75,30.06,54.3,32.3,2.24,0.63,447.2,30.4,0
1.96,29.65,53.4,40.5,1.85,0.55,586.4,40.2,0
2.56,24.54,32.4,34.4,0.45,0.77,331.3,23.5,0
2.83,18.72,35.0,31.5,1.31,0.49,319.8,22.4,0
2.38,25.99,42.0,35.4,5.69,0.75,308.4,19.8,0
1.6,19.96,36.3,38.7,1.22,3.49,383.6,31.2,0
1.83,18.55,62.3,40.4,0.4,0.4,542.9,25.5,0
2.73,12.35,43.0,39.6,2.97,1.27,424.0,30.1,0
2.13,22.46,53.9,58.2,2.54,0.8,691.7,25.0,0
2.23,19.17,50.1,38.9,2.43,1.58,283.4,38.1,0
2.5,22.43,47.6,62.3,2.24,0.77,577.0,36.9,0
2.48,11.65,45.4,43.2,0.8,0.21,445.0,28.6,0
2.31,22.76,57.4,52.4,1.7,2.47,484.3,35.4,0
2.12,11.06,36.7,52.7,0.88,1.35,602.7,27.1,0
2.07,26.9,62.3,39.0,0.83,0.9,104.8,27.7,0
2.54,24.35,32.1,44.7,6.73,2.13,179.3,12.9,0
2.42,20.75,52.8,43.0,3.01,4.48,490.6,31.5,0
2.1,24.53,30.9,51.7,2.19,0.63,466.6,28.2,0
2.63,17.6,41.8,46.7,1.55,0.52,285.8,34.2,0
2.15,22.33,45.9,40.5,2.85,1.68,800.8,33.0,0
1.86,25.58,40.1,49.2,1.83,0.73,326.2,22.8,0
1.9,8.08,43.2,51.4,2.93,0.11,420.2,26.7,0
1.81,19.99,31.1,66.5,4.63,0.53,672.5,24.7,0
2.09,21.9,35.1,48.7,2.38,1.98,398.7,35.3,0
2.69,21.12,50.0,48.1,0.82,1.47,369.8,39.0,0
1.88,28.56,45.3,52.3,3.79,2.38,558.4,33.6,0
2.28,16.94,38.1,38.5,1.54,0.19,388.5,41.9,0
1.94,19.2,58.2,30.7,2.07,0.34,559.2,31.7,0
2.1,13.38,32.8,44.9,1.35,0.29,577.0,21.2,0
1.6,28.8,41.4,58.7,0.52,4.26,556.9,18.3,0
2.11,20.89,39.9,60.3,3.23,0.22,676.8,21.6,0
2.12,20.03,51.2,29.2,4.14,1.09,442.1,24.8,0
2.42,21.76,45.5,54.7,2.04,1.2,424.4,23.3,0
2.29,24.86,43.9,26.2,3.46,1.16,487.2,28.4,0
1.72,23.56,26.6,52.6,1.03,1.41,75.5,26.7,0
2.63,33.92,53.7,52.0,1.9,0.79,532.1,28.5,0
2.28,24.04,42.8,30.8,0.9,0.1,450.6,45.1,0
2.28,19.91,46.2,58.0,2.36,1.45,557.4,34.1,0
2.2,19.47,37.5,65.4,2.25,0.4,365.6,29.9,0
1.99,20.23,35.9,47.4,1.84,0.09,701.8,35.4,0
2.29,15.24,60.0,49.4,2.03,0.22,468.8,22.4,0
2.39,22.18,27.3,62.8,1.08,0.41,625.3,22.1,0
1.5,25.53,34.5,36.7,0.81,0.68,423.9,34.4,0
1.98,19.24,59.8,37.0,2.48,2.37,570.0,28.0,0
2.1,18.37,51.4,39.6,1.87,0.92,266.7,28.9,0
2.3,28.82,41.7,48.4,0.3,0.77,170.5,20.0,0
2.68,15.58,57.5,48.3,0.74,0.25,469.0,24.7,0
1.89,12.69,49.5,42.5,0.3,3.84,497.0,25.1,0
2.0,16.81,47.3,45.0,5.33,2.87,485.6,24.6,0
1.99,15.07,47.3,42.6,0.79,2.03,456.6,43.0,0
1.88,23.74,49.7,43.1,2.62,0.47,439.8,42.8,0
2.06,20.38,50.1,40.3,1.43,0.99,601.3,36.0,0
2.51,21.01,67.0,40.4,0.5,0.59,767.6,28.7,0
1.78,27.19,43.1,28.0,1.06,0.62,888.1,23.9,0
2.37,18.89,43.4,45.8,2.57,0.09,664.2,20.8,0
1.52,25.49,32.6,28.4,1.2,0.18,156.9,30.4,0
1.98,28.8,44.5,55.5,2.93,3.9,657.6,36.9,0
2.07,19.95,63.6,42.4,0.69,1.13,655.7,33.4,0
2.87,25.32,54.8,46.8,1.68,0.01,484.9,28.7,0
2.09,20.91,39.6,44.3,2.33,1.99,639.1,32.7,0
1.32,26.16,45.3,45.6,0.94,0.11,554.0,27.9,0
1.4,14.93,32.0,60.6,1.61,1.48,497.8,26.1,0
2.21,14.6,35.3,34.5,0.94,1.16,538.0,20.9,0
2.45,20.24,46.5,31.8,2.05,0.08,416.9,25.7,0
2.35,18.0,40.1,49.2,0.79,0.91,224.0,30.1,0
2.27,19.67,34.6,43.0,1.32,0.06,218.4,25.1,0
2.66,21.01,49.9,51.6,1.76,0.08,637.5,20.0,0
1.98,25.24,44.2,55.2,1.66,0.06,346.1,28.8,0
2.56,20.17,29.3,36.9,1.97,0.35,270.6,30.1,0
1.55,18.29,24.2,54.0,0.41,1.94,267.5,25.4,0
1.84,20.42,39.3,37.8,3.23,0.54,428.6,27.8,0
1.48,18.54,29.1,48.7,1.77,1.22,727.4,10.3,0
2.09,17.8,26.3,35.6,1.5,0.16,478.2,33.2,0
2.18,14.74,56.3,49.3,0.44,3.24,285.3,30.0,0
2.25,22.31,44.0,47.8,2.69,0.84,722.3,37.9,0
2.22,19.44,42.3,37.0,3.25,0.03,549.0,26.5,0
1.83,26.35,43.1,34.4,7.96,0.93,448.0,33.1,0
2.12,15.49,33.6,55.5,0.3,0.24,572.8,36.2,0
1.6,19.56,49.1,43.5,4.6,0.26,501.8,28.2,0
2.75,30.16,43.7,58.1,2.01,1.1,392.4,30.4,0
2.08,17.77,37.4,42.6,4.06,0.31,418.0,29.0,0
2.0,20.94,38.9,61.0,2.32,0.29,314.5,16.8,0
2.84,16.53,32.7,38.5,2.53,0.93,429.5,30.7,0
1.7,15.93,40.9,62.7,4.42,0.32,639.6,21.4,0
1.75,28.96,42.6,49.7,3.23,0.14,635.4,22.0,0
1.76,22.77,40.7,52.0,3.58,0.63,473.6,31.7,0
2.17,22.6,45.6,38.0,1.51,0.06,475.3,37.1,0
2.37,14.37,44.2,55.3,0.3,2.83,345.0,33.5,0
2.5,23.61,47.3,55.6,1.8,0.72,559.4,32.1,0
3.23,27.21,54.4,44.8,0.95,0.02,292.5,30.4,0
1.3,27.17,50.9,26.7,2.98,0.31,624.8,34.1,0
2.44,25.01,54.5,36.9,1.92,3.8,562.8,39.8,0
1.98,16.92,36.5,36.9,1.63,0.82,460.2,24.0,0
1.97,23.41,39.9,52.5,1.27,0.53,565.3,24.2,0
1.95,25.0,51.5,43.3,2.72,0.45,448.8,33.1,0
1.84,13.93,51.7,43.5,1.56,0.65,528.3,16.1,0
2.87,16.95,38.2,42.3,1.81,0.29,532.2,27.3,0
2.54,26.0,51.1,62.7,1.65,1.66,675.0,29.8,0
2.21,25.94,35.6,48.5,1.51,0.85,573.4,24.2,0
2.74,15.03,49.8,50.0,0.3,1.67,657.3,14.6,0
1.59,25.58,44.7,41.8,1.53,0.35,559.0,37.7,0
1.67,22.43,31.2,47.7,0.76,0.0,491.4,23.8,0
1.33,25.51,40.7,38.2,1.57,4.07,577.2,24.1,0
1.92,19.14,66.8,51.4,1.9,0.86,551.7,37.3,0
2.26,24.9,47.0,36.5,1.15,0.1,445.8,7.3,0
2.24,25.8,68.0,55.4,0.3,0.13,288.9,38.6,0
2.26,20.42,30.6,40.7,1.2,0.68,421.7,43.6,0
1.64,22.08,52.5,57.5,1.13,1.43,420.6,21.8,0
2.52,19.08,19.7,67.1,1.35,0.61,583.3,24.6,0
2.3,29.43,45.0,48.0,0.47,2.06,490.2,31.4,0
2.49,21.46,51.3,61.1,1.91,0.48,378.1,29.8,0
1.44,17.85,53.4,55.5,2.04,0.06,475.3,34.9,0
2.32,18.78,37.0,33.7,1.39,0.01,451.9,31.5,0
1.72,22.57,55.4,49.1,3.07,2.35,362.2,33.8,0
2.04,25.39,39.7,53.0,1.64,5.0,720.1,52.0,0
2.41,15.99,43.4,54.0,1.38,0.17,472.1,16.8,0
2.24,30.31,40.7,49.8,1.55,0.08,381.2,37.4,0
1.86,23.39,33.6,49.7,3.34,2.95,250.7,38.4,0
2.2,24.1,60.7,48.1,2.43,0.13,513.1,20.3,0
1.59,21.56,45.5,49.3,0.86,0.31,577.7,22.4,0
2.66,22.09,55.9,35.8,0.69,1.94,402.3,31.5,0
2.12,21.33,55.4,45.6,1.39,7.45,521.0,19.3,0
2.65,26.58,35.3,33.5,3.15,0.8,336.3,23.7,0
1.99,21.96,57.2,43.0,2.89,0.28,465.6,29.7,0
1.99,25.45,50.0,42.1,1.95,2.26,662.7,23.2,0
1.89,20.05,34.6,41.5,1.0,0.6,465.0,26.4,0
2.55,22.88,49.5,37.5,2.51,0.38,403.4,21.9,0
1.92,18.38,34.8,50.7,0.32,0.81,701.3,21.4,0
2.46,27.47,61.1,44.8,1.11,2.32,529.7,31.3,0
2.05,18.25,53.1,43.8,2.64,0.32,424.5,27.3,0
1.41,20.54,44.3,33.9,0.36,0.66,370.2,28.9,0
1.97,20.58,57.6,45.0,3.91,0.7,327.7,32.9,0
1.73,20.41,29.2,59.5,3.79,2.15,564.0,29.3,0
2.21,25.25,37.5,59.6,1.66,1.35,615.1,25.7,0
1.72,20.58,42.5,51.7,2.8,1.82,500.0,21.8,0
2.57,28.27,67.4,45.0,1.15,1.42,470.2,31.1,0
2.16,18.32,34.3,53.6,0.71,1.08,588.2,42.0,0
2.13,22.76,27.9,41.3,4.31,0.17,287.3,34.2,0
2.46,18.51,30.6,45.0,3.5,2.15,511.4,17.5,0
2.59,23.89,54.1,40.6,2.81,1.12,502.6,13.8,0
2.19,21.93,39.1,57.1,0.3,1.45,562.2,22.9,0
1.89,21.3,43.4,55.8,1.53,1.81,571.8,17.2,0
1.49,27.35,52.6,47.7,5.02,0.45,438.8,19.0,0
1.93,19.06,43.4,65.3,2.46,0.69,778.2,11.4,0
1.95,24.64,47.0,52.1,1.6,0.94,337.3,29.6,0
2.24,18.54,50.4,51.6,1.57,0.5,428.5,19.9,0
2.06,22.51,40.7,50.5,1.58,0.36,628.7,19.8,0
2.48,16.62,43.3,35.4,0.3,1.8,404.8,23.4,0
1.95,19.02,47.4,39.1,2.16,1.68,516.7,23.5,0
2.18,21.63,53.7,47.5,2.39,2.14,420.1,26.2,0
2.67,30.17,37.1,47.5,0.32,1.43,441.3,18.2,0
2.34,22.45,14.8,53.9,1.86,0.45,305.8,34.9,0
2.18,29.45,51.8,41.3,1.26,0.48,614.1,30.0,0
1.96,22.99,54.3,48.7,0.54,0.9,617.4,30.9,0
1.95,20.26,47.0,48.9,0.3,2.17,616.9,24.9,0
1.86,28.93,47.7,49.3,1.01,0.51,435.6,35.5,0
1.98,23.97,39.4,48.2,1.58,1.74,549.8,31.4,0
2.5,19.11,50.0,34.0,2.38,0.44,799.3,29.3,0
2.11,24.12,53.5,25.4,2.89,0.5,543.5,35.0,0
1.66,20.68,45.6,38.6,1.76,1.67,326.6,16.3,0
2.91,13.05,69.9,42.7,0.63,1.36,371.9,29.4,0
2.33,26.21,29.4,36.2,4.15,0.28,364.8,23.3,0
1.64,26.93,46.6,47.4,1.79,2.11,698.1,22.9,0
2.02,30.27,33.3,58.9,1.12,1.84,559.1,33.6,0
2.24,23.9,53.8,55.3,1.66,1.92,263.9,37.6,0
2.88,20.88,29.2,52.7,3.58,0.76,695.4,36.9,0
1.76,25.76,31.7,57.9,4.46,0.48,585.0,28.0,0
2.59,25.82,38.7,38.8,1.27,2.27,526.2,25.7,0
2.76,29.37,47.7,43.4,5.93,1.06,727.6,36.7,0
1.95,21.8,39.0,54.1,3.41,3.21,465.6,21.1,0
2.09,21.25,39.1,43.3,0.92,0.35,704.3,39.9,0
1.79,18.78,43.2,43.8,2.25,4.46,168.6,25.3,0
2.12,24.42,42.6,66.6,0.9,0.57,390.1,27.7,0
2.19,15.03,59.9,49.0,2.32,0.58,618.8,24.3,0
2.46,25.49,51.9,65.6,2.11,0.33,751.7,28.2,0
2.64,24.65,41.8,29.8,1.27,4.02,317.3,21.6,0
1.9,24.63,66.0,41.7,4.79,0.05,437.3,25.4,0
1.41,22.62,49.9,52.1,1.75,0.77,524.9,29.1,0
2.19,28.9,35.3,48.9,8.98,0.55,359.1,27.3,0
2.32,25.92,47.6,27.4,1.03,0.21,460.5,10.6,0
2.3,19.27,50.4,45.7,2.36,1.5,737.4,45.3,0
2.07,19.35,38.1,72.7,2.92,2.74,345.3,39.1,0
2.25,18.04,34.5,50.5,0.76,0.33,463.9,19.8,0
2.81,24.48,45.9,54.0,1.11,0.83,540.9,23.6,0
2.35,17.5,41.4,41.6,1.33,1.04,569.8,26.8,0
2.05,26.88,59.8,50.4,1.97,0.59,370.3,32.7,0
2.0,27.95,52.4,47.9,1.38,3.05,473.3,31.3,0
2.13,18.04,38.6,59.2,3.14,0.74,456.5,20.3,0
2.85,21.17,49.3,58.9,0.75,4.87,545.5,44.4,0
2.13,22.07,57.7,52.1,1.46,0.42,323.6,25.2,0
2.19,25.98,31.1,48.7,1.73,0.09,690.7,40.6,0
2.01,29.24,34.8,31.2,0.62,1.03,538.7,23.8,0
2.64,14.42,44.9,30.9,2.42,2.08,660.1,35.4,0
2.98,20.57,45.4,48.8,2.24,0.59,414.3,30.6,0
2.38,20.8,44.5,56.7,2.17,0.25,317.0,22.0,0
2.23,15.7,41.9,61.3,2.55,1.61,356.8,32.1,0
2.21,19.82,41.7,39.1,1.67,0.38,605.1,29.3,0
1.25,23.92,48.8,32.9,2.61,1.76,433.9,34.5,0
2.5,20.75,56.3,57.3,2.11,0.37,257.0,22.6,0
2.25,15.05,40.2,39.9,0.42,0.98,527.1,27.4,0
2.37,34.93,69.4,32.2,0.58,2.62,451.9,33.7,0
1.92,23.2,64.6,43.1,4.52,0.27,455.7,15.2,0
2.05,22.5,58.3,42.9,1.72,2.06,243.5,19.9,0
2.04,17.06,51.2,61.2,2.29,0.37,273.7,28.3,0
2.61,23.17,65.1,56.7,2.18,1.3,417.8,29.3,0
2.05,21.26,42.1,40.6,1.9,0.34,360.9,27.3,0
3.03,13.5,36.7,62.0,6.16,0.15,414.6,33.6,0
2.37,17.18,39.7,49.3,2.53,1.31,624.9,27.3,0
1.69,25.58,35.0,58.6,1.26,1.08,340.4,35.2,0
2.15,30.75,46.2,61.3,4.48,0.62,364.1,30.3,0
1.94,23.65,48.0,45.4,1.63,0.04,420.9,20.2,0
1.32,26.96,47.0,53.7,2.4,0.77,355.5,29.1,0
2.84,21.3,44.9,43.9,2.03,0.19,467.7,27.5,0
2.48,21.61,46.3,57.3,4.49,0.53,654.1,23.3,0
2.41,26.91,62.4,48.9,1.8,1.06,456.9,17.4,0
2.27,29.48,51.2,57.6,1.59,3.36,538.7,19.7,0
1.65,27.85,54.2,63.2,2.72,0.86,151.8,22.1,0
2.01,17.2,46.9,53.5,3.34,0.26,512.2,35.4,0
2.54,21.7,28.8,47.1,4.41,3.51,721.4,25.7,0
1.78,23.25,26.9,47.2,2.44,0.03,514.7,36.6,0
1.19,20.83,65.8,20.0,3.4,1.24,519.2,20.8,0
2.11,23.75,39.7,40.9,3.58,0.37,542.8,23.1,0
2.14,25.69,38.8,57.3,1.66,1.7,735.2,24.1,0
2.25,26.51,47.5,57.7,1.58,0.48,703.1,26.0,0
2.49,29.59,50.5,40.7,1.03,0.67,346.7,29.7,0
2.46,20.52,51.8,49.6,0.82,1.77,680.4,32.4,0
2.3,15.86,62.7,46.1,0.78,2.74,706.4,36.8,0
2.68,23.61,60.0,54.9,0.76,0.24,243.5,12.6,0
1.59,30.48,36.9,70.1,2.24,0.42,503.9,42.2,0
2.4,19.85,54.7,55.1,0.3,0.01,578.8,20.6,0
2.45,25.09,41.2,41.3,3.63,2.33,79.9,28.7,0
1.7,25.13,43.6,47.2,1.37,3.53,397.9,34.7,0
1.6,22.86,34.1,62.0,1.48,0.39,392.6,32.5,0
1.9,22.03,28.1,33.9,1.56,0.58,403.2,35.8,0
1.94,17.84,44.7,41.8,2.6,0.67,656.7,35.1,0
2.5,11.73,35.4,55.1,2.95,0.63,491.5,30.9,0
1.95,17.0,54.3,60.9,0.39,0.6,563.2,33.3,0
1.86,20.24,42.2,54.1,2.75,0.78,513.4,19.3,0
1.96,26.94,48.1,41.9,1.33,0.2,870.2,23.0,0
2.65,21.54,58.7,53.4,0.99,0.07,649.5,21.2,0
2.21,19.66,30.1,52.1,0.32,1.54,497.4,11.4,0
2.13,17.99,37.8,51.5,0.39,2.25,460.4,21.4,0
2.16,24.96,46.8,47.0,0.85,1.99,395.5,20.8,0
2.72,28.11,48.1,48.5,1.43,1.18,354.0,21.5,0
1.9,26.79,56.0,38.9,0.66,4.16,320.5,32.7,0
2.73,24.73,53.7,72.8,4.57,0.0,647.3,22.6,0
2.28,15.36,46.0,49.6,0.37,0.46,365.7,33.9,0
2.14,20.42,48.0,53.5,1.14,0.45,596.3,17.0,0
3.2,30.76,48.3,45.8,3.24,0.52,424.5,23.4,0
1.78,27.05,30.3,56.5,2.56,1.93,387.3,25.3,0
2.06,15.08,43.4,35.0,0.54,0.52,450.5,36.3,0
1.71,21.75,47.5,30.5,3.6,0.9,768.8,28.4,0
2.58,23.63,49.6,47.7,2.98,1.14,955.7,30.0,0
2.88,18.57,35.8,68.5,1.35,2.24,445.0,20.3,0
2.87,11.61,32.3,60.1,0.52,1.15,431.3,34.0,0
2.69,22.44,42.7,39.9,0.33,0.58,643.3,27.6,0
2.12,18.46,64.7,53.2,1.08,1.42,522.9,15.7,0
2.05,18.47,36.8,41.6,0.85,0.87,402.0,32.9,0
1.53,20.4,56.7,52.3,4.18,0.9,573.6,30.0,0
3.01,21.4,60.8,53.0,1.48,0.49,615.1,25.6,0
2.39,21.96,45.5,57.3,2.91,0.0,464.0,25.6,0
2.0,18.02,38.2,32.3,1.64,0.53,468.2,20.5,0
2.73,21.01,50.1,35.3,0.89,0.43,757.2,36.1,0
1.81,14.09,46.9,47.2,2.35,0.13,376.9,33.1,0
2.36,23.4,36.4,37.7,0.71,0.27,419.0,20.6,0
2.13,9.15,38.4,36.9,4.68,4.75,430.6,28.4,0
2.46,20.7,49.5,50.7,0.81,0.39,754.9,23.0,0
2.17,26.14,54.3,38.8,5.16,0.88,203.5,19.1,0
1.62,17.23,41.8,70.6,4.62,0.96,623.4,38.9,0
2.23,25.22,44.3,42.7,3.07,0.99,495.6,25.5,0
2.62,27.2,51.7,45.3,2.49,0.06,772.0,22.1,0
2.19,7.11,43.3,51.0,2.94,1.77,553.3,19.7,0
2.51,21.32,42.0,32.9,1.42,1.57,177.3,26.3,0
1.78,9.06,37.4,53.1,2.18,4.54,741.7,13.2,0
2.19,21.47,37.3,51.4,2.56,0.25,464.6,26.9,0
1.95,21.97,71.7,44.5,1.44,0.97,193.9,36.5,0
2.5,10.83,43.0,50.7,1.69,1.95,439.2,34.5,0
2.21,30.66,58.7,52.3,2.56,0.16,505.4,31.4,0
2.48,23.29,61.8,62.4,1.09,1.87,342.6,44.8,0
2.64,18.18,43.2,73.0,2.95,0.38,270.3,29.8,0
2.48,28.59,48.7,37.4,1.45,0.4,544.5,21.6,0
2.31,13.92,46.0,35.0,2.14,3.49,313.4,33.8,0
1.8,16.47,28.9,49.0,1.26,0.45,346.1,28.9,0
2.2,11.65,29.5,27.2,4.37,1.05,703.6,28.3,0
1.99,30.1,45.5,54.5,0.53,0.7,450.4,30.1,0
2.06,23.5,40.8,49.1,0.3,0.1,317.4,25.2,0
2.05,24.97,63.9,51.7,3.4,3.61,365.7,41.1,0
1.81,23.35,42.6,45.0,3.63,0.29,557.9,16.6,0
1.42,24.58,64.5,50.6,2.74,0.37,563.3,33.7,0
1.93,22.35,40.2,52.7,1.53,0.57,599.9,28.9,0
2.28,23.22,64.1,50.0,1.34,0.83,620.6,31.2,0
1.66,22.48,50.1,34.5,1.45,0.19,550.0,25.3,0
2.21,19.26,50.6,49.7,3.2,1.19,591.2,38.6,0
2.96,21.79,39.9,66.5,2.82,0.87,428.7,34.2,0
2.61,23.23,50.8,50.4,0.67,0.43,332.3,22.6,0
2.86,22.5,61.9,49.4,2.41,1.42,703.7,35.8,0
2.36,15.35,43.6,63.6,0.49,0.87,632.0,30.1,0
2.67,15.95,41.6,40.5,0.9,2.2,457.8,23.9,0
1.91,26.87,42.5,56.9,0.3,2.32,400.3,16.2,0
1.94,20.62,61.2,42.7,3.71,4.7,842.9,33.4,0
1.1,24.63,53.6,58.9,0.67,0.08,364.3,22.9,0
2.67,17.09,59.5,56.0,0.37,0.62,534.1,31.7,0
2.82,15.37,48.1,43.9,0.84,0.84,399.5,38.2,0
1.98,18.2,45.4,45.3,5.54,0.32,438.3,22.3,0
2.1,21.0,49.2,57.8,1.14,3.06,387.5,37.4,0
1.9,19.01,55.7,29.4,1.03,0.11,175.4,20.0,0
2.35,27.82,42.5,43.6,3.19,0.67,558.5,38.4,0
2.65,22.81,58.7,54.2,1.69,0.25,598.5,40.7,0
1.5,30.32,48.7,44.9,2.77,1.38,400.3,34.3,0
2.36,23.82,20.9,49.3,0.82,1.46,890.9,31.1,0
2.09,11.14,53.8,27.6,0.98,2.47,542.5,34.2,0
2.25,26.75,32.3,39.5,3.86,0.63,525.1,25.6,0
2.38,15.21,53.6,54.8,4.11,1.79,558.0,18.7,0
2.12,23.04,54.0,40.5,3.67,0.96,411.1,22.8,0
2.16,18.51,48.3,35.0,1.94,2.01,353.4,44.0,0
2.11,31.64,50.4,58.6,1.79,0.11,385.8,19.8,0
2.59,28.48,56.0,53.2,1.29,0.75,418.2,34.7,0
2.37,18.66,40.0,37.1,1.88,0.2,584.1,27.2,0
2.29,21.43,52.9,49.4,2.17,1.87,443.3,25.5,0
1.69,23.1,56.6,37.4,2.97,0.2,592.8,39.8,0
2.05,25.89,62.6,46.5,1.91,0.01,310.8,28.6,0
2.56,22.13,33.9,49.8,0.61,3.18,403.4,34.5,0
2.22,17.39,49.1,39.9,1.34,0.8,393.2,44.8,0
2.46,18.77,35.4,55.4,0.3,5.06,40.0,26.5,0
2.91,21.98,35.0,57.0,4.3,0.72,431.3,31.3,0
2.62,27.56,48.6,50.6,0.3,1.07,344.4,32.9,0
2.24,23.93,45.8,52.1,3.88,1.64,568.6,25.7,0
2.0,18.52,56.5,33.5,1.96,0.4,609.9,31.4,0
1.18,24.92,41.5,61.6,2.32,0.17,290.0,35.9,0
2.13,20.26,43.7,47.1,2.33,1.3,463.2,33.5,0
2.07,26.01,47.1,38.6,1.24,0.86,308.0,28.8,0
2.36,33.37,36.4,49.5,0.4,2.1,548.7,7.8,0
2.14,20.39,37.8,55.5,2.33,0.06,396.9,17.9,0
2.07,25.61,56.2,53.1,2.74,0.94,419.9,40.8,0
1.49,18.65,39.5,37.2,1.38,0.25,467.5,21.3,0
1.82,21.49,56.8,55.6,1.53,1.15,542.9,36.2,0
2.39,22.13,51.1,47.4,1.07,1.71,508.3,19.4,0
2.89,21.13,29.5,53.0,0.3,0.37,559.0,21.3,0
2.16,33.08,50.3,40.0,1.25,0.79,607.8,32.8,0
2.33,20.62,50.2,58.5,5.86,0.65,480.0,38.9,0
2.58,24.64,49.2,49.8,4.87,1.69,344.7,32.6,0
1.88,13.31,43.6,59.9,1.95,1.1,259.8,30.5,0
2.35,23.94,35.6,32.7,4.65,0.15,385.6,18.5,0
1.9,27.14,58.5,34.0,1.39,4.51,533.7,13.1,0
2.55,19.63,44.0,45.6,2.64,2.92,292.5,25.0,0
2.26,10.7,36.2,62.7,0.44,1.04,661.1,29.1,0
2.32,21.83,49.6,67.6,2.41,1.8,342.4,27.6,0
1.89,22.08,37.6,39.1,2.23,0.02,483.1,43.5,0
2.48,25.26,35.5,48.5,0.35,0.27,721.4,17.2,0
3.03,31.05,41.2,49.6,2.85,1.75,472.7,25.9,0
1.8,20.29,38.3,55.2,1.4,0.13,336.2,39.7,0
2.06,18.15,35.9,56.8,0.47,0.05,123.5,32.6,0
2.29,16.75,53.1,36.9,0.79,1.15,560.9,20.3,0
2.51,22.89,43.9,48.6,1.1,0.04,546.5,12.5,0
1.98,24.16,57.5,27.9,0.77,0.24,586.4,25.3,0
1.07,19.54,36.5,56.1,3.34,0.1,517.0,20.9,0
2.74,25.5,27.7,44.6,1.47,0.92,419.5,24.9,0
2.5,24.09,46.5,35.9,1.18,1.36,382.0,44.0,0
1.5,22.19,63.6,51.3,1.17,0.24,506.3,20.9,0
1.96,17.94,50.3,44.3,1.92,0.76,648.5,23.5,0
2.83,19.83,77.2,60.6,2.05,0.02,56.1,34.4,0
2.78,11.07,48.3,39.1,4.04,0.37,640.8,30.1,0
2.58,23.06,47.4,70.2,3.89,0.24,456.4,38.5,0
2.13,22.12,23.4,56.5,1.16,0.22,474.9,33.7,0
2.23,22.85,49.3,60.9,1.38,0.31,604.3,23.2,0
2.15,24.27,46.7,37.7,1.91,1.96,474.4,31.6,0
2.65,23.74,40.9,65.9,1.51,3.59,533.9,28.8,0
1.85,21.5,43.6,35.9,2.04,1.47,254.9,15.7,0
1.88,22.22,44.3,45.9,0.75,0.09,458.4,43.1,0
2.6,15.68,43.2,61.0,1.61,1.19,576.0,20.6,0
2.18,19.37,65.9,53.1,2.31,1.59,441.3,27.2,0
2.75,22.23,41.3,35.6,1.34,0.14,450.3,24.7,0
1.93,18.69,46.7,59.4,2.23,0.42,524.6,28.8,0
2.18,25.87,41.0,51.4,1.84,0.67,564.7,29.4,0
1.83,19.04,52.8,43.8,1.48,0.45,728.2,32.1,0
2.2,22.97,46.8,32.6,2.89,0.88,565.9,24.7,0
1.61,22.52,42.2,52.3,1.67,0.17,702.7,35.6,0
2.0,25.36,25.7,46.4,2.5,0.71,485.4,23.2,0
1.63,26.05,47.4,49.6,0.64,1.59,144.7,24.3,0
2.48,25.12,41.9,32.1,4.63,0.74,435.8,16.0,0
2.49,12.52,44.4,43.8,0.88,0.28,378.5,29.6,0
1.51,27.37,33.2,52.8,2.14,1.94,490.5,38.6,0
2.73,28.87,59.3,66.8,0.49,0.6,451.8,26.3,0
3.2,19.83,53.6,45.9,1.87,0.66,539.5,40.4,0
2.22,23.06,59.3,62.4,0.73,0.53,399.4,20.4,0
1.94,17.99,56.5,55.9,2.32,0.41,532.4,18.5,0
3.33,13.23,50.9,50.3,2.2,1.11,555.5,37.7,0
1.67,18.68,33.6,37.9,3.15,0.25,505.3,26.8,0
2.21,19.57,63.4,38.3,1.96,1.76,280.5,21.2,0
2.27,20.4,35.7,54.2,1.82,0.79,634.1,29.8,0
2.74,17.68,42.3,42.7,0.65,2.58,593.0,30.3,0
2.34,18.7,52.1,41.8,2.59,3.35,471.3,34.6,0
2.0,21.95,52.6,46.2,3.28,0.58,228.3,25.7,0
1.82,18.53,50.7,46.4,1.08,0.21,545.3,18.5,0
2.06,24.45,41.0,57.0,1.0,0.84,420.8,26.1,0
1.8,25.07,38.9,42.9,3.23,0.38,417.6,27.9,0
2.22,32.71,70.3,56.0,0.96,0.67,488.3,35.9,0
1.97,27.07,44.6,52.4,2.93,0.57,718.3,17.4,0
1.6,23.09,43.4,31.3,1.93,0.72,522.0,25.4,0
2.7,19.21,37.9,50.9,2.25,0.83,483.4,30.1,0
2.0,23.32,47.4,21.3,1.45,1.18,421.8,38.8,0
1.69,23.47,47.0,39.0,4.78,0.0,504.7,23.3,0
2.13,19.69,44.8,52.6,3.17,0.36,499.8,22.3,0
2.23,25.53,48.8,47.9,0.63,0.22,590.5,32.7,0
1.5,15.71,62.6,30.3,2.24,1.49,420.3,12.1,0
2.33,20.9,39.0,36.8,0.8,2.14,378.2,24.0,0
1.78,24.5,45.4,21.9,0.89,1.55,433.6,32.1,0
2.88,20.71,38.5,34.6,0.91,4.41,486.9,30.5,0
2.41,21.07,47.9,53.8,2.12,0.1,496.8,29.4,0
2.04,21.38,39.3,42.4,5.41,0.75,498.5,16.5,0
1.9,18.24,39.7,49.7,2.88,2.76,351.4,19.1,0
2.16,27.28,30.4,48.1,0.91,0.46,487.2,37.4,0
2.45,17.42,46.0,48.3,4.55,1.95,602.5,27.3,0
2.19,23.43,49.3,58.2,3.28,0.99,690.8,26.5,0
2.11,23.86,63.6,46.0,1.03,4.61,647.7,22.5,0
2.22,17.73,49.7,57.1,1.57,0.56,490.9,28.1,0
1.96,22.33,40.5,23.2,3.55,0.65,476.3,24.6,0
2.06,17.91,31.4,59.1,4.19,0.21,686.5,34.0,0
1.37,28.26,32.8,35.1,1.25,0.21,483.5,20.6,0
2.59,16.88,32.0,37.3,0.32,2.37,630.1,33.8,0
2.32,19.06,63.8,41.0,3.0,0.63,495.6,39.5,0
1.89,16.49,47.9,58.8,3.23,1.16,140.1,32.3,0
2.96,15.89,39.2,39.1,0.3,1.67,599.6,19.4,0
2.23,29.16,35.4,41.4,1.87,0.69,644.9,33.7,0
1.79,24.44,36.4,38.4,5.95,3.69,450.8,24.6,0
2.54,22.63,38.9,50.6,2.65,3.34,326.4,24.3,0
2.36,19.05,58.2,55.4,1.25,1.37,728.2,28.9,0
2.36,26.08,44.7,65.0,1.99,6.41,478.1,26.3,1
2.03,18.29,30.5,72.0,1.45,0.0,448.4,24.8,0
2.38,25.57,68.1,54.5,0.3,0.01,567.3,32.8,0
2.1,18.07,33.6,51.7,0.96,0.08,910.4,28.8,0
2.42,19.1,39.1,35.8,2.2,3.45,572.6,14.6,0
1.44,25.41,58.1,67.1,1.06,1.11,526.7,35.2,0
2.03,25.89,49.2,50.2,0.58,3.15,510.5,36.4,0
2.89,24.69,40.3,45.1,2.33,0.16,748.1,32.2,0
1.89,17.28,32.7,51.9,5.35,0.04,579.1,32.6,0
1.96,19.99,35.3,41.6,1.12,0.94,629.6,26.4,0
2.02,22.71,35.9,24.6,1.63,0.23,545.6,19.6,0
1.71,18.18,45.1,53.7,0.78,2.36,580.4,29.2,0
1.32,28.17,46.9,61.4,1.62,0.65,458.2,38.8,0
2.11,11.19,43.5,53.6,1.02,1.77,525.4,29.9,0
2.25,18.5,44.6,47.9,1.84,0.87,397.1,39.6,0
2.18,19.71,34.5,48.1,1.14,0.9,423.8,40.0,0
2.14,9.2,47.9,49.7,4.8,1.37,573.6,27.7,0
2.22,15.72,57.8,49.4,4.71,0.49,394.5,24.8,0
2.61,24.81,43.4,47.4,1.11,3.57,519.6,25.0,0
2.12,22.14,43.2,48.3,1.94,0.61,444.9,27.1,0
1.97,29.08,45.8,63.6,0.89,0.61,331.4,21.2,0
2.09,28.95,56.2,52.7,3.0,1.47,534.2,31.9,0
2.43,23.95,36.1,49.1,2.79,1.21,616.3,34.7,0
2.76,23.41,59.5,54.6,1.28,6.56,302.7,15.0,0
1.95,22.3,49.2,54.6,1.68,2.28,591.3,40.5,0
2.24,10.05,45.3,57.5,1.63,0.4,332.7,24.3,0
2.34,15.72,57.1,40.4,0.93,0.13,703.3,25.9,0
1.8,22.45,33.2,43.2,0.96,0.14,585.1,30.2,0
2.21,24.77,50.2,39.9,2.5,0.54,302.7,22.1,0
1.61,23.3,49.3,55.7,2.56,0.78,627.9,23.9,0
1.49,17.98,35.6,55.2,4.53,1.22,408.0,22.2,0
2.35,26.22,49.6,35.3,0.3,2.34,355.2,28.0,0
2.05,28.67,47.8,51.9,0.72,5.47,608.3,23.9,0
2.28,26.22,43.2,61.7,5.26,0.63,681.0,30.6,0
2.19,26.45,53.6,45.6,2.53,0.95,571.4,18.8,0
1.81,19.48,39.3,51.1,0.55,1.1,444.3,31.1,0
2.18,26.84,47.7,55.3,1.37,0.98,525.4,20.1,0
1.71,22.66,43.7,34.8,1.96,0.11,412.7,35.1,0
2.76,24.3,38.9,49.5,0.56,0.15,473.8,33.7,0
1.66,23.64,50.0,60.7,2.98,2.64,561.2,13.0,0
2.12,21.45,42.9,42.1,1.2,1.35,286.1,33.9,0
1.78,18.13,30.3,56.3,1.13,1.36,566.9,9.7,0
2.43,21.63,27.0,48.3,3.89,2.02,288.1,19.8,0
2.07,26.44,52.9,41.3,1.26,0.11,308.9,35.2,0
1.99,20.01,32.8,47.0,3.16,0.64,598.1,24.2,0
2.54,26.02,47.8,42.7,1.94,0.34,373.4,38.9,0
2.21,25.32,45.5,39.1,3.02,1.3,351.3,33.0,0
2.41,20.65,41.3,45.5,1.52,0.29,455.7,25.0,0
1.81,28.25,64.6,48.7,1.99,1.41,411.3,24.0,0
1.64,20.4,46.8,46.3,4.04,0.59,534.7,38.5,0
2.24,28.79,52.6,45.3,2.16,0.69,526.2,24.6,0
2.07,23.95,47.8,50.3,0.89,2.04,352.2,15.0,0
2.45,21.93,42.7,53.3,1.25,0.51,243.4,21.5,0
2.17,18.0,44.8,36.6,2.91,0.36,469.6,28.9,0
2.28,21.6,59.6,45.5,1.24,2.28,665.1,22.5,0
1.55,21.08,55.9,28.3,0.49,1.39,490.1,44.7,0
2.96,16.34,64.5,46.4,1.95,0.62,447.9,23.5,0
2.13,21.02,47.2,49.5,0.98,0.83,759.6,23.6,0
2.48,18.38,36.2,53.7,1.82,0.51,612.9,21.1,0
1.87,24.64,40.6,49.5,1.21,0.96,240.9,34.2,0
2.32,27.88,33.1,53.5,2.22,0.18,458.2,26.0,0
1.68,16.48,52.7,48.7,5.25,2.63,533.5,33.7,0
2.38,29.71,39.1,41.2,5.97,0.97,339.9,36.1,0
2.06,21.42,14.4,36.8,1.32,0.58,456.1,30.5,0
2.21,17.61,69.6,45.4,1.82,1.02,503.2,30.2,0
2.48,25.41,39.3,40.3,2.05,0.21,466.4,19.6,0
1.71,19.99,39.2,46.8,0.93,0.1,318.4,17.4,0
1.93,21.63,61.7,43.1,0.4,0.95,720.2,17.5,0
2.38,20.18,32.9,52.2,4.11,0.09,540.0,28.5,0
3.04,18.32,56.4,48.5,3.45,1.3,371.1,44.1,0
2.14,25.26,39.1,52.5,0.48,1.93,631.4,24.0,0
2.44,20.71,31.8,52.4,3.89,5.34,487.8,35.2,0
2.16,15.54,62.1,46.2,1.93,1.76,648.8,31.7,0
2.98,24.48,54.2,46.8,2.03,4.39,484.4,28.2,0
1.5,16.57,54.2,53.0,3.89,0.03,278.6,26.3,0
2.24,16.81,48.7,72.5,1.41,0.98,339.9,25.0,0
1.55,27.37,51.0,38.1,1.35,0.22,671.2,24.9,0
1.2,16.62,32.7,48.4,3.95,0.34,654.9,32.2,0
2.32,11.58,46.1,36.0,0.3,1.59,300.6,34.0,0
2.26,24.8,35.7,47.8,0.63,0.35,709.0,25.0,0
2.09,20.63,31.1,41.3,3.35,0.24,653.9,24.9,0
2.16,21.02,49.1,46.8,3.65,0.56,404.9,23.9,0
3.44,20.58,56.6,49.6,0.87,0.1,488.3,35.0,0
2.1,23.04,41.2,43.1,3.32,0.19,169.6,34.2,0
2.4,18.61,42.9,30.2,3.24,0.19,394.9,38.3,0
1.94,28.64,33.6,62.3,2.12,0.31,468.3,22.3,0
2.32,15.36,45.1,56.4,1.82,2.45,546.4,23.7,0
2.1,24.0,52.6,46.7,1.21,0.42,482.6,39.6,0
2.04,24.89,52.9,39.1,1.12,0.38,520.8,37.3,0
2.93,18.58,50.5,48.9,0.34,0.16,354.8,21.1,0
2.67,17.39,38.8,51.6,1.1,0.02,548.6,21.7,0
2.25,26.58,38.5,55.7,2.08,0.21,752.5,29.8,0
1.28,17.54,53.0,56.6,0.46,1.54,565.9,36.7,0
2.06,19.27,53.1,58.5,2.7,4.2,505.1,21.7,0
3.28,25.99,43.3,30.6,1.41,1.63,388.9,28.6,0
2.11,22.16,40.7,45.0,1.75,2.3,446.5,35.6,0
2.64,13.91,56.7,57.9,2.68,1.85,303.2,26.6,0
2.78,29.86,41.4,38.8,1.17,0.42,283.2,27.5,0
2.29,19.61,52.5,60.2,2.06,1.58,489.5,37.9,0
1.86,20.19,43.6,66.1,2.38,1.67,583.2,25.1,0
1.23,23.15,34.5,59.9,2.47,0.36,371.7,36.9,0
2.47,24.81,61.1,54.6,2.45,3.04,679.4,27.0,0
1.87,30.82,46.2,43.5,0.69,7.43,415.9,20.4,0
2.27,14.53,37.9,50.8,0.91,0.99,486.5,31.9,0
1.7,25.72,31.1,34.5,2.67,0.46,641.8,23.7,0
2.09,25.34,32.1,40.2,0.92,0.53,453.0,19.8,0
2.21,21.38,41.3,40.9,1.85,1.05,594.1,41.8,0
2.31,25.54,64.3,48.6,2.19,0.01,585.9,30.9,0
1.75,26.2,39.2,44.1,0.52,0.44,398.9,25.8,0
2.68,15.78,59.5,50.6,0.75,0.06,402.9,25.9,0
1.96,29.87,43.7,56.8,2.42,1.17,683.4,38.7,0
1.53,14.99,33.2,40.9,2.85,1.11,698.0,39.2,0
2.16,16.89,40.3,49.5,2.44,1.07,593.8,24.2,0
2.21,20.82,32.2,43.8,0.34,0.2,369.8,29.9,0
2.26,30.66,36.4,49.9,0.49,3.47,630.3,25.4,0
2.74,20.61,36.1,54.9,1.41,0.92,458.3,33.4,0
2.11,21.86,26.0,57.2,0.45,0.97,309.7,25.5,0
2.15,28.44,60.1,54.7,0.92,0.94,404.5,14.5,0
1.76,20.65,47.1,52.1,6.5,0.89,466.4,20.8,0
2.53,16.7,38.1,33.8,3.82,3.35,663.0,35.3,0
2.27,20.12,47.2,37.2,0.83,1.11,379.6,23.0,0
2.03,28.17,36.6,39.8,0.39,0.8,355.1,33.5,0
1.44,22.32,18.3,51.6,2.18,1.75,427.6,30.6,0
2.78,30.69,74.6,35.1,1.1,0.35,481.7,23.0,0
1.71,25.32,46.9,51.4,2.66,0.26,601.0,26.9,0
1.96,19.1,39.1,50.6,1.59,0.69,585.6,23.6,0
2.34,22.23,25.7,28.6,7.02,0.02,162.6,25.3,0
1.72,18.16,30.1,37.1,1.99,0.42,446.6,15.5,0
1.6,18.99,61.5,58.4,2.24,0.65,518.6,27.2,0
1.35,42.16,60.0,55.0,4.78,1.04,369.4,23.9,0
2.49,26.58,52.5,39.5,0.36,0.94,382.9,28.5,0
1.98,25.87,33.8,37.7,3.49,0.55,593.7,31.7,0
3.37,19.2,60.1,23.5,3.6,0.5,602.5,32.3,0
1.8,29.06,49.5,62.7,1.91,0.0,473.4,24.0,0
1.83,26.95,51.5,48.4,1.81,2.56,560.3,23.5,0
1.97,30.47,49.5,66.8,1.19,0.32,569.5,26.9,0
2.3,30.25,29.9,46.1,0.44,0.53,335.5,35.7,0
2.01,15.34,33.0,50.8,1.25,0.02,337.5,24.4,0
2.44,17.01,39.9,56.9,0.74,3.77,441.0,23.2,0
1.81,17.48,51.4,64.4,0.9,0.82,396.1,20.3,0
1.65,17.75,31.2,53.0,1.99,0.03,410.5,31.6,0
1.48,23.46,43.2,48.0,1.06,0.35,485.7,26.0,0
1.31,19.45,43.2,48.3,2.48,2.54,486.2,21.0,0
1.99,31.33,52.9,37.5,1.8,0.57,115.9,22.4,0
2.08,30.57,51.7,44.2,1.55,1.4,514.3,32.7,0
1.95,21.97,34.9,48.5,0.74,1.14,462.2,29.0,0
2.7,30.8,59.5,61.8,1.58,0.77,533.8,23.3,0
2.69,28.7,33.4,43.7,3.09,2.15,403.9,32.0,0
2.07,19.97,55.9,58.6,0.52,0.05,404.7,35.2,0
1.48,12.96,39.5,47.2,0.74,2.92,441.4,32.6,0
1.97,21.02,46.6,60.4,1.88,1.52,660.3,29.4,0
1.96,19.1,47.3,54.8,0.31,2.39,437.5,39.7,0
1.94,22.93,47.0,54.1,1.72,0.02,666.6,37.3,0
1.92,22.4,51.7,57.8,0.52,0.11,646.6,28.4,0
1.94,22.28,48.9,56.3,2.5,0.28,449.2,35.1,0
2.05,24.36,52.8,58.6,1.88,1.08,423.3,32.6,0
1.95,16.54,49.6,69.3,6.09,0.12,428.6,24.3,0
2.28,23.85,32.4,64.2,1.42,3.22,478.4,39.2,0
2.34,20.02,47.7,52.7,2.35,1.66,416.2,39.8,0
1.84,22.9,39.4,43.6,1.03,1.98,610.4,36.4,0
2.71,26.31,33.9,51.7,1.37,1.05,403.1,32.4,0
1.81,16.49,42.1,28.7,0.33,1.2,629.5,34.6,0
1.55,20.73,46.8,56.3,0.8,0.3,360.1,25.7,0
2.35,21.47,47.5,37.4,1.84,2.89,249.9,35.7,0
1.87,19.69,55.6,59.2,1.85,1.26,230.4,19.0,0
2.33,26.05,58.1,67.8,2.28,0.65,418.9,25.7,0
1.24,18.76,48.4,33.5,2.38,2.56,378.9,10.4,0
2.76,19.5,50.2,47.5,0.56,2.39,372.1,30.8,0
2.47,18.81,46.0,37.4,4.37,0.0,647.5,35.2,0
1.6,26.91,52.7,30.7,0.52,3.11,390.3,39.5,0
1.61,19.78,49.9,46.9,2.37,0.54,205.2,26.5,0
2.87,24.07,44.5,54.4,3.58,0.66,584.7,29.6,0
1.91,30.89,66.5,55.5,0.73,0.11,700.4,27.9,0
1.87,21.66,39.5,49.5,0.76,2.52,567.5,40.7,0
1.29,27.0,59.5,31.4,1.1,0.93,399.5,30.3,0
2.06,29.52,31.5,49.2,3.24,2.83,525.7,41.0,0
2.11,26.62,53.1,33.1,0.87,1.82,379.5,36.7,0
2.49,21.92,59.4,33.7,2.44,2.74,354.3,33.3,0
1.64,24.89,25.9,38.0,1.17,3.55,470.4,24.1,0
1.59,16.21,46.4,58.5,1.63,2.6,491.5,20.4,0
2.38,18.49,52.2,53.5,2.94,0.28,469.6,28.6,0
2.6,19.28,47.5,51.2,1.54,0.09,750.7,28.7,0
1.57,32.08,48.8,39.4,1.57,1.16,506.4,19.9,0
2.63,18.34,46.4,44.1,0.34,0.2,644.0,35.6,0
2.22,18.28,34.1,34.3,1.36,2.39,834.8,29.3,0
2.64,17.3,68.7,61.6,2.35,3.54,429.0,32.1,0
2.17,24.52,40.0,70.0,1.83,0.16,522.3,39.9,0
1.19,22.64,49.3,53.6,4.19,0.32,622.5,22.6,0
2.14,26.89,38.5,55.3,2.69,1.18,518.3,13.4,0
2.62,25.02,22.2,46.4,2.1,1.55,458.4,23.9,0
1.84,15.79,35.8,31.8,2.67,0.86,851.5,40.1,0
2.04,18.37,30.5,39.6,2.43,0.55,679.8,28.1,0
2.13,28.14,55.9,43.3,0.5,0.44,184.7,26.7,0
1.04,21.09,38.9,44.1,3.47,1.32,703.6,24.4,0
2.87,27.34,39.9,41.8,1.17,1.64,740.1,28.0,0
1.84,21.33,34.4,48.5,2.61,0.41,679.3,24.0,0
2.4,17.65,45.9,39.5,0.5,0.47,612.6,24.6,0
2.17,20.64,37.8,69.7,5.81,0.74,732.6,35.3,0
2.7,17.64,54.9,34.3,1.75,0.72,632.4,46.1,0
2.36,19.46,48.0,56.9,0.57,2.22,586.8,22.1,0
2.11,22.9,39.3,45.4,1.99,0.69,520.1,24.2,0
1.84,24.3,53.5,52.6,2.98,4.6,339.3,24.1,0
2.52,14.84,45.1,53.1,4.14,0.45,294.1,39.1,0
1.45,21.92,45.2,49.6,2.17,1.42,615.9,33.3,0
2.46,19.36,30.4,36.7,2.18,1.71,613.3,26.2,0
1.76,19.08,44.3,44.7,2.46,1.19,493.6,24.5,0
2.7,22.6,48.2,49.7,1.07,0.55,371.5,38.9,0
2.26,19.52,58.3,49.1,1.41,0.36,330.5,28.3,0
2.46,28.22,37.5,37.8,3.37,1.11,445.7,27.7,0
2.23,27.35,67.8,60.9,1.79,1.29,605.3,12.9,0
1.5,27.32,50.6,23.1,2.75,0.36,835.8,33.6,0
1.86,19.77,29.8,45.5,0.69,0.49,496.3,27.9,0
2.47,17.67,36.5,38.8,0.9,2.38,543.2,28.7,0
2.27,22.37,59.2,49.8,1.56,2.0,668.9,28.7,0
2.67,21.32,57.4,58.2,4.68,0.24,490.4,34.6,0
2.36,19.26,45.2,33.9,3.07,3.25,555.3,12.4,0
1.81,16.71,46.5,71.5,1.24,1.19,623.3,19.6,0
1.88,21.81,33.4,50.0,2.51,0.82,665.3,41.7,0
2.24,20.18,58.2,51.8,1.04,0.27,508.1,19.4,0
1.27,25.1,35.1,33.6,2.13,1.57,427.9,22.7,0
2.87,24.99,53.4,47.5,3.84,3.04,530.6,36.8,0
2.38,26.95,58.5,57.7,2.45,0.08,245.4,28.4,0
2.69,16.33,45.5,50.1,0.69,0.88,544.1,28.4,0
1.57,23.8,54.7,49.4,1.86,2.52,630.0,39.1,0
2.7,18.73,63.5,47.5,0.8,3.66,754.7,24.0,0
3.09,16.51,47.7,34.2,2.14,0.09,638.7,24.2,0
1.67,20.07,43.2,34.2,0.36,1.88,115.1,33.3,0
2.51,26.81,44.3,59.7,2.83,0.4,708.8,29.1,0
2.2,20.32,37.6,56.8,1.21,0.94,720.0,35.2,0
1.58,29.04,37.3,58.3,3.08,1.84,361.9,23.5,0
2.4,24.47,49.4,39.8,1.0,0.95,439.9,29.4,0
2.53,20.23,43.4,46.4,0.44,0.14,715.9,27.5,0
1.96,27.22,48.3,60.3,3.31,1.07,508.3,25.3,0
2.67,24.0,30.1,35.7,2.22,0.15,411.9,19.0,0
1.53,17.8,44.1,59.3,1.83,0.51,387.3,25.1,0
1.6,30.36,55.3,42.1,3.0,0.98,895.2,24.2,0
2.25,23.17,33.8,39.4,2.52,5.71,618.1,36.8,0
2.21,22.08,45.2,47.7,2.32,1.56,458.2,32.0,0
1.91,18.15,26.5,36.8,1.93,0.43,714.3,31.1,0
2.52,27.31,31.9,29.0,3.75,2.51,486.5,26.7,0
2.41,24.33,53.1,48.8,1.64,0.31,681.7,21.8,0
2.54,24.83,41.9,53.3,0.3,0.58,587.2,29.6,0
2.15,19.72,63.2,60.2,2.24,1.25,449.2,37.9,0
2.44,25.75,49.3,54.1,0.3,0.63,574.7,22.0,0
2.02,26.1,50.3,67.7,1.81,1.57,580.8,31.2,0
3.02,18.99,34.2,61.6,4.05,1.26,620.1,24.8,0
1.87,15.62,41.1,55.4,2.25,1.32,744.3,28.0,0
3.04,24.62,37.7,52.7,1.85,0.65,831.8,26.9,0
2.21,14.92,34.3,60.3,1.99,0.07,561.7,31.1,0
1.65,22.68,51.6,25.9,0.44,2.47,213.8,26.9,0
2.75,19.99,53.6,43.2,2.11,0.09,631.5,24.5,0
2.25,27.48,49.0,29.4,0.8,0.75,460.9,17.0,0
2.54,20.23,36.7,54.6,0.99,0.43,246.3,29.5,0
2.69,26.98,48.3,40.6,1.69,0.42,603.6,32.3,0
2.34,19.69,25.9,78.2,3.58,0.31,565.9,28.4,0
1.96,26.5,58.2,42.8,1.47,0.38,379.2,27.5,0
2.59,31.27,32.0,49.1,0.6,3.73,322.1,38.4,0
2.2,17.19,33.8,44.0,1.89,4.29,709.4,39.3,0
2.47,23.31,46.2,43.1,1.71,1.02,575.9,35.5,0
1.34,34.37,47.0,35.5,2.57,0.89,381.4,30.3,0
2.38,22.3,44.3,35.2,4.2,0.06,599.4,28.7,0
1.94,22.28,33.9,26.2,1.32,1.95,437.0,20.6,0
2.86,25.55,56.3,53.5,0.87,0.22,581.7,14.7,0
2.45,22.18,28.1,43.8,2.72,0.18,547.1,37.6,0
2.3,14.32,30.2,67.3,0.98,0.66,115.3,28.8,0
2.39,27.1,43.9,35.6,2.06,0.51,516.2,51.7,0
1.8,12.99,32.4,62.8,2.04,0.12,475.0,23.9,0
2.85,20.12,57.2,63.7,1.07,0.19,389.0,31.0,0
3.0,27.43,33.2,60.8,3.53,5.85,310.4,35.2,0
2.36,20.4,60.6,50.3,2.54,1.59,467.4,23.4,0
2.84,18.88,55.4,44.6,1.92,1.1,447.1,26.1,0
1.97,25.96,57.4,60.8,0.81,0.43,597.7,26.6,0
1.88,18.17,63.9,40.1,0.3,0.67,478.2,25.2,0
2.22,16.5,45.8,50.7,5.05,1.19,513.3,30.8,0
2.37,23.24,34.9,47.6,0.8,1.84,549.1,28.4,0
2.04,21.18,44.0,39.1,0.79,3.51,430.4,13.7,0
2.42,16.4,39.3,50.8,1.2,0.16,350.5,28.8,0
2.32,24.87,37.9,55.4,1.16,0.26,832.0,30.6,0
1.8,24.09,46.5,38.7,1.79,1.01,488.3,27.7,0
2.41,20.38,41.9,52.6,0.76,3.35,468.5,39.5,0
2.55,20.69,37.5,25.7,0.3,0.72,712.0,30.4,0
2.27,24.12,42.5,37.5,5.39,1.21,783.1,28.2,0
2.66,27.36,50.5,43.4,1.03,0.42,716.9,34.4,0
1.71,20.73,54.6,51.6,1.89,2.0,441.4,43.9,0
2.39,24.95,29.0,56.7,6.4,1.12,552.1,27.0,0
1.73,24.54,42.0,48.8,0.37,0.58,587.7,35.4,0
1.75,25.96,43.6,53.7,4.07,0.94,835.5,40.9,0
1.95,22.18,33.2,46.4,1.56,1.42,563.0,26.4,0
1.82,17.89,43.8,52.0,1.22,0.29,569.7,19.8,0
1.98,19.92,46.5,51.5,3.29,0.5,348.0,31.1,0
2.11,23.54,50.2,42.9,3.22,0.35,311.7,37.4,0
2.53,30.18,45.8,44.4,3.82,3.87,703.2,26.0,0
2.07,19.82,36.2,54.0,1.31,0.05,551.9,35.7,0
1.57,25.62,65.1,66.1,3.52,0.07,567.1,22.0,0
2.66,20.52,53.3,60.1,3.99,0.53,661.0,26.3,0
1.87,22.5,50.5,36.7,0.85,0.93,627.8,27.4,0
2.18,28.82,55.0,36.7,2.09,0.48,608.3,27.0,0
2.38,25.44,47.4,42.6,3.26,2.33,595.4,22.0,0
2.28,16.41,57.9,49.0,0.83,0.22,520.8,25.7,0
2.64,19.42,45.6,48.5,2.87,0.54,531.4,14.2,0
2.39,27.65,45.0,60.4,1.49,0.8,637.4,32.9,0
1.86,22.64,51.4,61.0,2.08,0.27,359.2,28.3,0
3.07,16.83,60.8,48.1,2.24,0.41,342.4,36.0,0
2.28,18.31,60.1,45.7,1.21,3.53,512.3,27.4,0
2.14,25.17,50.9,53.2,1.9,0.88,522.4,15.4,0
2.59,26.47,50.2,58.6,0.72,2.45,608.7,30.2,0
2.3,22.08,52.0,53.5,2.09,0.38,466.7,23.4,0
2.36,33.14,54.9,43.7,3.57,1.14,383.3,35.5,0
3.2,25.71,58.0,41.9,2.08,1.73,590.3,26.5,0
2.09,20.9,42.6,36.9,0.81,0.66,702.0,42.1,0
2.07,18.33,58.2,49.9,1.29,1.18,554.8,21.7,0
2.25,17.61,48.4,54.2,2.26,2.39,281.9,29.7,0
2.63,23.51,51.5,55.3,5.01,0.18,541.3,32.2,0
1.6,19.8,58.8,59.5,0.64,0.53,210.3,25.7,0
1.41,29.53,52.5,62.8,2.52,2.08,493.8,18.7,0
1.97,28.6,54.2,34.3,1.83,0.32,198.5,26.6,0
1.55,24.85,41.1,52.0,1.51,0.97,435.5,15.3,0
2.03,16.69,60.0,52.4,1.58,0.69,576.7,23.1,0
2.4,18.98,52.0,47.3,0.45,1.31,457.2,26.8,0
1.84,27.65,46.3,39.7,1.73,1.32,672.3,35.0,0
1.63,19.47,56.0,62.4,3.77,1.04,532.9,30.0,0
2.23,27.05,70.9,42.1,1.23,3.52,331.5,25.2,0
2.55,24.14,33.3,26.1,5.73,0.23,635.1,24.7,0
1.52,22.23,37.0,48.2,0.3,2.16,603.4,24.1,0
2.53,18.84,71.9,45.6,0.81,0.81,691.1,34.4,0
2.53,21.58,49.3,66.6,5.06,1.3,606.5,17.6,0
2.58,22.85,46.9,52.9,1.43,0.38,570.5,22.1,0
2.69,26.65,43.8,44.9,4.84,0.12,351.1,17.6,0
3.08,18.01,57.1,46.0,2.02,1.8,622.0,32.1,0
2.06,20.82,71.1,45.9,2.73,0.35,478.0,38.6,0
2.24,22.2,38.3,70.2,1.58,0.59,620.9,32.0,0
2.03,24.98,44.0,54.8,2.42,0.06,834.5,32.5,0
2.2,17.91,41.5,33.9,2.9,1.26,681.0,24.3,0
2.81,16.08,52.3,45.6,3.94,1.4,542.8,31.4,0
1.66,25.03,57.2,47.8,2.75,2.78,511.0,22.7,0
1.86,15.17,61.2,36.9,2.33,2.66,437.3,24.0,0
2.75,27.78,52.7,30.2,4.84,1.47,151.6,27.7,0
2.61,21.3,70.2,54.0,0.66,0.47,507.0,28.3,0
2.05,15.04,39.3,40.0,0.3,0.56,422.9,40.5,0
2.54,19.84,36.7,60.5,0.8,0.58,548.3,34.1,0
2.34,23.71,59.7,48.1,4.32,0.17,422.6,28.8,0
2.8,19.6,46.2,43.3,1.02,3.53,533.2,40.0,0
2.23,22.09,31.2,23.8,1.05,2.05,686.9,44.8,0
2.61,25.33,41.8,60.2,2.52,0.19,523.5,28.1,0
3.26,21.09,47.6,50.9,2.13,3.51,337.1,30.7,0
2.44,17.78,38.5,43.5,0.38,2.22,375.4,19.3,0
2.22,20.65,34.9,39.1,1.75,3.01,603.6,29.2,0
2.49,28.37,42.9,64.0,2.74,0.4,613.0,23.3,0
2.05,29.58,34.4,37.4,1.27,0.49,369.2,14.8,0
3.16,12.91,51.4,44.3,0.6,0.76,495.7,34.9,0
2.27,26.91,25.6,53.7,0.83,0.3,635.7,28.7,0
2.09,23.13,45.9,62.5,1.01,0.75,758.1,21.9,0
1.87,26.16,50.2,45.8,0.61,0.01,526.5,15.2,0
2.64,19.52,44.1,40.7,2.49,2.52,470.1,23.7,0
2.55,14.04,55.9,46.9,2.73,0.21,444.5,23.3,0
2.0,24.63,31.3,57.0,2.98,0.83,521.5,27.2,0
2.43,17.77,38.0,59.3,2.69,3.17,708.4,15.8,0
1.6,15.75,41.7,34.2,3.38,2.06,521.7,31.0,0
2.27,16.07,52.1,49.1,1.61,1.8,575.0,32.5,0
2.38,24.7,47.2,33.7,0.69,1.12,286.8,18.9,0
2.88,22.63,66.4,56.8,1.99,0.69,739.2,16.1,0
1.89,25.52,36.9,52.2,1.03,0.71,700.5,35.1,0
1.69,25.01,31.1,38.8,2.66,0.11,455.6,27.0,0
1.84,20.11,62.9,63.3,1.21,0.08,484.3,32.5,0
1.67,21.68,30.7,51.4,3.32,2.23,676.9,28.8,0
2.73,19.7,51.8,50.3,0.53,0.63,941.8,27.4,0
2.82,21.05,35.2,46.2,1.91,0.07,247.3,35.2,0
2.33,17.65,24.3,47.9,2.35,1.31,423.4,33.9,0
2.69,23.76,41.3,44.2,0.82,1.38,440.9,30.7,0
2.25,26.84,54.0,40.6,2.66,0.31,656.1,31.2,0
2.16,18.33,32.8,60.3,1.48,0.63,553.2,25.0,0
2.07,27.77,50.8,43.1,0.39,1.02,423.1,31.9,0
2.08,22.51,52.6,42.7,1.78,1.09,287.6,38.9,0
1.58,23.08,32.3,46.7,0.63,0.86,651.7,35.2,0
2.31,14.35,42.7,62.2,3.31,0.54,470.0,14.9,0
2.18,13.87,60.8,59.3,1.05,0.09,326.3,31.2,0
2.5,22.65,51.5,44.1,1.38,0.03,397.7,31.7,0
2.24,25.55,42.4,60.3,0.99,0.74,436.2,35.9,0
2.13,18.98,49.2,49.1,1.0,0.27,455.0,36.7,0
1.85,29.52,38.1,39.6,1.2,3.35,343.3,31.5,0
2.23,25.31,56.1,43.2,0.91,1.23,345.2,19.3,0
2.5,17.91,56.1,61.7,0.3,1.06,855.4,27.2,0
1.74,22.14,46.2,68.8,1.53,0.63,549.4,22.4,0
2.23,33.15,47.3,51.2,5.7,0.48,438.3,19.8,0
2.29,16.41,35.0,42.3,0.67,0.24,556.7,37.8,0
1.91,24.38,31.5,46.8,2.23,0.07,524.1,24.8,0
1.96,20.55,41.2,40.4,1.62,1.21,364.0,41.9,0
2.29,25.18,44.1,41.8,1.49,1.81,212.7,25.3,0
1.75,27.7,55.6,40.8,2.49,2.34,420.4,23.0,0
2.34,20.26,54.2,47.2,0.3,1.55,472.6,32.2,0
1.84,27.04,46.8,49.2,2.51,2.73,483.6,27.5,0
2.63,32.0,56.9,46.5,1.03,4.88,225.3,29.9,0
3.14,22.3,35.6,45.8,2.18,3.91,872.0,24.2,0
1.86,25.53,55.8,55.6,0.63,1.08,860.4,24.2,0
2.41,19.34,37.1,45.7,0.52,0.3,566.7,24.6,0
1.91,22.09,57.4,46.3,2.08,0.13,503.8,20.7,0
2.62,21.2,44.9,46.2,4.4,6.12,415.3,34.8,0
1.69,25.59,25.0,63.4,3.93,0.44,586.8,29.4,0
2.39,27.42,52.3,43.1,2.32,0.04,482.4,29.1,0
1.85,21.51,53.1,54.0,3.7,0.6,687.8,32.7,0
2.12,28.9,40.4,40.5,2.18,1.65,637.1,30.5,0
1.79,28.89,41.3,51.5,3.64,2.66,372.4,43.8,0
2.53,25.81,43.4,53.5,1.44,0.78,396.8,31.0,0
1.87,19.68,25.7,58.8,3.86,0.42,645.4,13.6,0
2.42,19.25,21.4,44.2,1.17,1.81,604.2,24.5,0
2.06,18.34,58.0,36.9,0.3,0.84,333.0,21.5,0
2.15,26.27,36.8,40.2,4.4,0.11,431.4,31.3,0
2.26,16.55,63.6,57.6,1.16,2.62,476.9,25.1,0
1.9,25.05,58.7,68.8,3.29,1.28,494.5,31.5,0
2.28,17.14,60.7,56.3,1.17,0.05,489.2,23.2,0
2.81,25.71,38.5,35.4,0.54,0.01,634.9,29.4,0
1.89,22.08,28.9,56.0,2.64,0.11,521.9,24.3,0
2.67,28.0,34.1,38.6,1.49,2.07,512.1,25.6,0
2.8,27.14,40.5,44.5,0.91,0.79,386.5,29.6,0
1.87,28.46,21.3,49.9,1.35,0.49,525.1,31.2,0
1.62,28.57,40.2,51.6,0.3,0.34,495.7,38.0,0
2.32,22.65,43.0,48.7,0.3,0.85,428.0,35.9,0
1.98,16.79,32.1,42.0,2.17,0.1,327.4,34.6,0
2.95,17.26,34.6,58.6,0.41,1.15,691.5,31.0,0
2.21,12.61,42.8,42.7,4.05,0.57,767.0,24.6,0
1.88,17.12,48.6,60.5,0.3,2.35,536.7,32.4,0
1.74,22.31,36.1,34.4,3.18,1.68,715.2,36.4,0
2.64,19.48,47.9,50.2,0.73,0.02,534.4,36.4,0
1.97,21.19,46.4,35.7,2.67,0.22,292.0,28.1,0
2.22,24.22,45.5,39.7,0.91,0.77,545.0,25.6,0
2.58,20.63,38.5,42.9,1.06,1.29,449.1,33.5,0
2.01,16.95,31.7,63.2,1.31,1.51,571.4,11.0,0
2.18,21.76,62.0,61.1,7.64,2.03,735.6,39.2,0
2.19,17.96,51.3,56.7,1.21,0.06,424.0,36.6,0
2.47,20.78,55.1,48.3,2.24,0.02,558.1,26.0,0
2.44,28.04,44.2,49.9,0.93,1.1,629.2,25.7,0
2.11,20.78,43.4,60.7,1.22,1.54,703.1,42.5,0
2.23,29.97,49.9,55.0,0.96,1.85,647.9,20.8,0
2.05,28.44,26.7,48.2,0.42,0.2,332.8,26.2,0
1.61,19.39,33.9,62.9,1.97,4.16,332.6,40.3,0
2.3,17.0,37.0,56.1,1.65,0.31,614.7,20.5,0
2.96,21.76,40.5,50.4,1.04,0.35,442.3,29.1,0
1.85,27.19,36.2,43.4,1.6,0.2,352.4,26.3,0
1.89,19.79,48.3,42.5,0.97,0.05,678.3,42.4,0
1.85,26.09,45.8,44.6,1.32,1.99,444.5,24.2,0
2.49,27.44,58.9,52.6,4.55,0.01,744.6,18.5,0
2.38,18.52,69.7,56.4,0.89,0.75,433.9,29.7,0
2.14,18.96,32.4,33.6,1.61,0.12,388.0,24.2,0
1.83,25.21,46.5,28.5,3.61,0.05,490.3,32.2,0
2.24,22.68,46.5,38.5,1.61,3.27,613.7,31.0,0
1.57,18.91,44.9,43.9,0.57,2.09,543.9,19.8,0
2.26,20.42,34.2,60.0,2.86,0.6,783.8,40.9,0
2.55,21.68,35.8,45.2,0.3,0.74,525.7,23.7,0
1.7,14.96,47.4,50.5,5.33,2.43,473.5,24.5,0
1.59,25.45,35.5,52.2,3.29,1.91,726.4,32.0,0
2.83,19.85,46.6,37.8,1.23,1.41,589.3,39.4,0
1.96,9.47,42.5,62.6,1.54,0.92,438.0,19.0,0
2.65,21.89,46.4,41.4,1.61,1.12,535.8,24.8,0
2.14,18.66,35.5,63.6,1.82,0.6,532.7,34.7,0
2.14,29.6,46.6,46.7,2.31,0.9,469.2,24.0,0
2.38,19.37,36.2,44.6,2.13,0.93,527.4,29.1,0
1.85,17.06,46.6,36.9,0.4,2.4,306.9,25.1,0
2.25,24.29,58.4,50.0,1.92,0.3,446.6,31.5,0
2.05,19.03,47.6,70.5,2.24,0.34,564.7,19.3,0
1.67,18.49,48.2,52.1,4.22,0.28,420.8,30.2,0
2.33,24.29,53.2,50.7,1.55,1.04,366.3,31.4,0
2.09,17.32,31.0,41.3,1.36,1.43,493.9,32.8,0
2.14,15.44,62.2,53.9,1.41,0.33,429.1,24.3,0
1.72,29.77,34.4,49.6,1.4,1.36,301.7,38.1,0
2.84,24.61,53.8,47.4,1.48,1.19,305.4,13.3,0
2.55,20.81,52.5,52.9,0.77,0.46,561.2,23.4,0
2.59,21.98,36.0,29.8,1.59,0.31,513.6,45.1,0
2.08,24.28,55.1,47.0,1.31,2.56,547.1,28.2,0
1.51,26.38,50.0,36.0,0.98,1.01,455.2,35.9,0
2.98,18.6,63.9,48.3,1.6,1.46,273.0,29.3,0
2.18,23.65,46.9,40.8,2.51,3.11,368.9,40.2,0
1.9,19.72,43.9,41.4,1.19,0.28,451.7,26.7,0
2.37,21.15,39.9,34.7,2.24,0.52,565.4,29.6,0
2.67,22.72,27.6,59.2,1.61,0.68,237.7,34.1,0
2.19,21.97,41.8,41.2,0.68,0.32,153.3,38.7,0
2.71,25.31,42.2,41.8,0.83,2.2,717.3,15.1,0
2.63,24.19,47.6,63.3,3.67,0.1,589.7,31.6,0
1.77,15.21,30.8,53.7,1.02,0.33,368.6,22.0,0
1.93,15.89,42.6,27.7,4.27,0.25,464.8,27.6,0
2.58,20.34,50.8,61.9,2.59,3.68,436.8,24.2,0
1.11,30.23,51.8,64.5,2.14,1.18,543.4,12.3,0
2.14,18.17,26.4,63.5,2.88,1.51,423.9,35.4,0
1.63,21.06,52.1,54.7,0.82,0.14,327.7,18.8,0
2.01,19.59,42.5,37.0,2.4,0.26,573.4,27.5,0
2.08,19.51,43.1,47.5,5.38,1.99,772.2,27.2,0
2.06,22.8,21.4,33.5,0.98,1.01,579.5,22.4,0
1.98,28.3,59.9,39.3,3.27,0.06,511.3,32.5,0
1.76,24.05,46.8,36.9,1.35,1.0,467.9,25.4,0
3.12,18.38,29.7,41.7,1.54,0.77,381.7,23.0,0
2.95,34.39,48.8,49.6,1.6,0.2,438.9,17.8,0
1.74,22.35,48.4,43.6,0.36,1.08,558.9,21.5,0
2.83,19.4,57.2,43.1,0.34,0.23,678.1,31.0,0
2.04,28.35,41.9,45.1,2.58,2.0,684.8,14.0,0
2.25,19.89,45.1,63.0,0.93,1.16,525.6,39.7,0
2.17,29.48,38.6,69.6,1.43,2.46,528.0,26.9,0
1.94,18.08,51.0,43.5,3.54,0.66,507.8,21.9,0
2.59,28.44,37.2,51.4,0.99,0.86,585.7,32.2,0
2.25,22.9,36.1,39.6,0.62,1.72,507.2,25.1,0
2.01,27.81,44.3,55.7,3.08,0.95,509.7,34.2,0
1.68,30.56,32.7,43.2,3.56,1.02,371.0,20.6,0
1.84,16.9,61.0,40.9,1.61,0.97,367.4,21.1,0
1.54,27.74,64.3,68.0,1.01,0.81,396.3,32.2,0
2.2,15.66,40.5,34.4,2.85,1.97,536.0,36.4,0
1.72,17.29,31.1,23.5,1.76,0.8,454.0,29.4,0
2.09,18.38,48.4,55.3,0.69,2.77,887.4,29.6,0
2.75,24.27,40.2,44.3,1.36,1.98,558.2,22.2,0
2.68,22.15,56.7,41.5,0.55,1.41,735.6,24.4,0
2.19,21.25,37.1,75.3,1.48,2.75,722.7,23.4,0
2.17,22.66,50.4,55.3,2.82,0.92,563.7,37.1,0
2.95,24.66,46.1,47.4,3.02,2.07,493.9,37.7,0
2.41,25.01,38.2,40.9,0.87,0.33,365.2,31.6,0
2.07,26.92,47.4,52.5,0.47,0.09,409.7,42.1,0
1.63,30.19,53.8,30.7,2.27,1.39,626.1,32.3,0
2.36,21.9,45.9,42.8,0.96,0.43,540.4,36.3,0
2.53,19.66,46.0,47.6,2.1,1.21,403.6,26.5,0
1.95,24.76,36.3,50.1,0.58,0.1,468.9,26.9,0
2.32,16.85,56.4,46.6,1.66,3.74,549.4,26.9,0
2.05,18.95,55.4,41.1,1.44,0.87,503.7,21.4,0
2.13,26.5,40.9,57.2,2.04,0.01,464.3,24.9,0
1.2,21.44,43.8,31.5,0.9,0.78,491.8,30.3,0
2.11,16.56,59.1,45.2,0.67,1.87,137.7,23.8,0
2.59,15.3,33.7,42.8,0.37,2.4,502.7,31.9,0
1.95,22.22,51.0,58.1,0.58,0.74,341.3,22.8,0
2.22,27.14,39.4,43.4,2.09,0.16,554.5,22.5,0
1.9,27.08,62.8,52.4,1.0,2.84,520.1,28.1,0
2.34,22.5,45.6,51.3,0.93,4.77,612.3,13.7,0
2.11,31.04,57.6,29.6,2.97,0.08,613.7,35.6,0
1.82,21.53,37.4,47.3,1.62,0.1,757.9,32.9,0
2.73,21.38,32.5,30.6,0.3,1.0,202.5,33.7,0
2.57,10.45,42.7,51.5,3.98,0.92,481.1,33.2,0
1.96,19.99,47.6,40.7,0.47,1.07,193.9,27.2,0
2.4,25.83,39.9,59.9,5.68,0.46,573.6,29.7,0
2.41,29.04,52.6,46.2,2.57,0.06,474.9,30.7,0
2.46,18.26,42.9,40.3,0.67,1.04,429.4,17.8,0
1.52,24.08,24.2,60.0,1.86,0.2,540.1,29.4,0
2.6,26.71,50.5,39.3,5.66,0.5,342.1,25.4,0
1.97,22.05,36.2,56.9,1.56,1.05,777.2,40.9,0
2.06,11.73,41.4,52.7,0.49,0.28,463.3,26.7,0
3.26,23.11,60.5,44.3,2.02,0.94,511.5,27.1,0
2.32,25.43,62.7,34.6,1.01,1.51,480.7,19.5,0
2.05,17.74,39.2,60.4,1.74,0.08,638.4,25.3,0
1.32,20.86,50.8,53.0,0.53,1.16,319.7,13.2,0
2.76,16.8,39.5,40.3,0.73,0.85,624.2,41.0,0
1.66,10.43,42.1,50.4,1.49,0.12,422.2,32.1,0
1.8,26.62,38.9,58.1,1.48,1.47,423.5,25.4,0
2.07,21.98,27.8,49.1,3.24,0.45,631.9,31.5,0
2.77,29.19,46.0,50.4,5.33,0.24,459.8,21.3,0
2.51,25.86,47.9,58.3,0.48,0.4,592.1,26.7,0
2.14,20.41,38.3,63.4,1.07,0.95,594.9,20.2,0
2.32,21.63,55.9,46.8,1.05,1.04,447.6,17.3,0
1.96,24.55,40.6,34.6,1.42,0.22,534.9,33.4,0
2.26,26.35,38.6,35.0,0.82,3.31,427.4,27.3,0
2.23,23.45,50.3,41.1,0.3,0.48,497.1,15.9,0
2.59,26.98,29.6,38.7,1.98,0.37,571.1,22.2,0
2.59,20.66,54.1,31.2,1.99,0.25,356.5,37.1,0
2.4,17.51,41.0,66.5,2.62,0.15,566.0,22.9,0
2.06,21.71,54.9,53.3,4.54,4.83,547.6,32.4,0
2.5,22.92,57.9,42.8,1.99,1.35,276.7,22.8,0
2.16,16.59,51.4,47.7,2.78,1.86,388.1,29.7,0
1.77,15.98,36.9,30.1,5.02,0.62,396.3,31.7,0
2.04,24.01,32.5,59.6,1.05,0.64,433.3,23.4,0
2.23,20.17,30.7,28.5,1.05,5.2,356.6,27.1,0
2.56,21.25,56.0,53.1,1.14,0.27,640.9,30.2,0
2.13,20.38,43.7,29.6,3.14,0.48,659.1,24.0,0
1.72,28.84,39.0,43.9,6.39,0.26,381.8,26.5,0
2.22,27.68,43.7,60.4,1.23,0.4,326.9,21.4,0
2.25,16.43,55.8,31.7,1.58,1.31,498.0,28.7,0
2.27,19.6,52.8,46.5,1.48,0.44,699.5,35.5,0
2.57,25.83,49.4,54.3,2.34,2.5,823.1,19.9,0
2.61,24.71,51.4,52.6,3.87,0.06,398.8,23.1,0
1.96,21.81,46.8,48.7,4.98,0.53,158.8,13.7,0
1.95,16.88,48.0,53.0,1.37,2.37,276.9,31.6,0
1.78,18.93,47.2,41.9,0.83,1.17,232.6,16.8,0
2.48,19.67,45.0,67.3,1.85,1.77,562.5,31.5,0
2.78,23.25,52.5,31.9,1.45,0.47,514.6,32.0,0
2.07,29.67,48.6,59.6,2.73,0.55,532.6,34.4,0
2.1,18.91,36.2,49.9,0.94,2.63,668.9,30.6,0
2.79,17.38,50.3,54.2,0.79,1.66,744.3,17.4,0
2.4,21.51,47.5,55.9,1.87,0.58,626.4,27.1,0
2.37,26.64,51.1,53.6,0.97,0.29,610.3,29.4,0
1.72,15.49,44.0,39.9,5.06,0.13,278.9,31.7,0
2.47,28.54,53.1,45.1,2.24,2.38,423.7,32.0,0
1.83,21.23,44.4,33.5,1.09,1.44,707.7,25.0,0
1.75,18.7,52.2,45.0,2.13,1.12,417.6,27.2,0
2.06,14.8,40.4,51.2,5.33,1.8,665.8,27.3,0
1.97,25.18,41.1,54.1,0.58,2.96,518.5,19.1,0
2.11,21.23,51.0,51.9,0.79,1.72,617.5,21.2,0
1.62,22.77,41.7,30.4,0.3,0.66,369.2,27.5,0
2.58,17.95,67.1,42.4,1.9,0.23,614.5,22.1,0
2.65,20.56,50.7,41.4,2.2,1.5,404.1,17.8,0
1.42,19.81,45.2,34.9,3.93,0.34,534.6,17.4,0
2.59,21.55,53.2,39.6,1.53,1.83,495.6,32.9,0
1.88,18.99,40.2,48.0,1.5,0.5,678.8,30.5,0
2.54,15.1,54.2,62.1,4.62,0.2,624.8,29.0,0
2.17,34.28,54.0,38.5,1.35,0.35,235.1,25.7,0
2.21,15.86,57.5,36.7,0.62,0.37,378.4,23.9,0
2.13,22.82,40.6,42.0,0.82,0.57,404.6,13.9,0
2.68,14.03,32.8,51.4,5.66,0.36,603.8,32.2,0
1.7,13.01,38.9,60.2,4.4,0.31,425.7,25.2,0
2.44,22.44,42.2,47.1,0.91,0.6,336.6,32.4,0
2.64,22.78,61.7,33.5,2.68,2.43,295.3,21.4,0
2.49,27.68,67.0,35.7,0.91,0.09,609.1,39.5,0
3.13,23.8,48.4,49.9,6.31,0.42,189.0,29.3,0
1.99,21.33,45.1,58.0,1.03,0.99,658.3,27.2,0
2.58,17.73,41.5,66.2,0.65,2.49,307.0,20.9,0
2.16,28.75,53.2,36.2,1.14,0.4,432.8,29.2,0
2.69,26.18,66.9,49.4,2.03,0.51,324.7,32.3,0
2.2,16.39,62.9,37.7,0.66,1.92,362.1,12.3,0
2.04,22.17,56.4,39.0,2.47,0.56,466.5,27.1,0
2.72,22.65,56.2,38.2,0.52,2.29,479.5,27.2,0
2.0,20.44,53.3,44.7,3.54,0.73,268.0,31.2,0
1.63,25.47,44.5,39.2,2.91,1.01,439.2,16.3,0
1.99,25.74,37.6,72.8,3.17,0.99,515.5,33.6,0
2.45,21.14,44.8,43.4,1.88,0.15,570.2,33.2,0
2.76,20.74,49.2,57.9,2.25,0.53,193.6,33.4,0
2.24,28.75,30.5,41.4,2.39,0.33,428.2,23.4,0
2.73,26.2,43.5,70.3,1.77,1.38,192.0,35.9,0
1.66,22.33,36.7,51.4,2.13,3.26,423.8,22.3,0
2.02,14.67,55.1,56.4,0.5,0.29,435.4,13.2,0
2.08,23.55,39.5,42.1,0.68,0.11,594.4,30.2,0
2.15,25.14,48.3,57.8,1.95,0.85,646.0,27.6,0
2.23,9.6,38.0,51.3,0.6,0.59,346.7,36.5,0
2.48,23.13,61.0,44.2,1.39,0.04,544.1,20.8,0
2.02,20.12,28.0,37.2,0.57,3.06,598.3,25.6,0
2.26,21.01,49.8,45.6,3.76,3.38,387.9,24.9,0
2.18,17.92,32.2,44.8,0.4,2.28,616.0,33.6,0
1.83,21.33,39.9,56.7,1.62,0.4,520.4,20.4,0
2.15,28.26,47.1,45.7,0.34,0.16,459.0,36.9,0
2.14,19.99,47.6,28.8,0.3,1.08,521.3,22.9,0
2.13,26.35,47.3,54.5,1.14,0.4,263.0,24.9,0
2.21,18.37,46.5,60.9,3.49,0.27,521.1,28.3,0
2.23,25.41,38.6,31.3,1.71,1.23,373.1,20.9,0
2.03,22.01,43.4,66.0,1.44,1.67,504.3,30.7,0
2.71,23.58,45.3,62.0,0.31,0.9,439.1,29.8,0
1.73,22.03,47.0,41.7,0.34,0.46,543.3,23.7,0
1.91,24.89,44.3,36.8,2.21,0.86,678.8,30.0,0
3.31,10.45,52.3,58.5,2.0,1.1,519.1,30.2,0
1.78,15.61,45.9,34.3,3.78,0.06,650.1,32.0,0
1.66,23.88,47.0,41.3,4.04,0.7,346.6,35.7,0
2.49,12.8,41.2,34.8,7.5,1.09,715.1,30.9,0
1.37,19.61,34.5,48.1,2.05,0.17,348.1,31.4,0
2.11,21.76,46.5,62.7,4.58,0.71,312.0,20.3,0
3.06,18.27,57.1,51.7,6.41,0.51,458.8,17.3,0
1.58,18.89,49.4,58.2,1.53,2.43,433.3,24.1,0
1.41,23.22,36.8,44.5,2.07,0.81,262.7,30.3,0
1.6,26.54,53.1,49.0,0.8,0.67,330.8,30.9,0
2.56,17.69,41.6,35.7,2.5,0.34,40.0,10.3,0
2.65,19.41,52.1,47.0,0.72,3.79,297.3,28.9,0
1.99,18.71,41.3,40.5,1.02,3.9,401.0,35.9,0
2.47,11.1,48.5,46.4,4.22,0.55,723.5,43.8,0
2.76,22.64,39.8,45.7,1.12,3.17,607.0,38.1,0
2.91,26.21,40.1,44.9,2.79,1.16,548.5,24.3,0
2.1,26.57,29.3,69.1,2.81,1.82,824.8,23.9,0
1.28,18.08,50.1,65.7,0.3,0.11,231.1,31.4,0
1.87,16.37,48.7,62.2,3.02,0.03,489.8,33.7,0
2.03,22.1,49.3,66.0,1.23,0.87,805.3,35.9,0
2.1,25.73,47.8,62.2,0.94,0.09,423.9,32.2,0
2.12,22.7,37.4,47.8,1.9,2.67,375.8,19.4,0
2.65,23.3,54.7,46.8,1.26,2.06,622.6,18.3,0
2.71,27.14,54.9,50.4,3.07,1.51,416.5,38.2,0
2.13,18.67,37.1,45.9,2.58,0.04,688.9,26.8,0
2.64,21.01,50.3,37.6,5.32,0.74,624.7,21.2,0
2.34,29.36,53.7,51.0,1.76,0.1,471.4,20.1,0
2.23,21.11,40.3,32.3,1.51,3.17,647.1,24.2,0
2.56,16.3,42.0,49.4,7.82,1.14,464.7,39.2,0
2.23,18.99,50.3,38.1,3.33,0.2,519.9,26.3,0
3.02,17.78,29.9,47.2,1.49,0.99,587.8,33.1,0
1.62,23.61,34.1,49.9,5.38,0.15,441.6,30.4,0
1.99,17.97,35.1,44.5,2.23,0.19,726.5,27.6,0
2.15,23.22,27.0,31.6,1.11,0.1,510.5,14.2,0
2.38,18.69,55.8,36.1,0.91,2.46,543.4,33.9,0
2.71,12.44,25.1,52.6,1.69,0.95,302.5,22.8,0
2.19,23.38,48.4,42.4,2.04,0.48,403.3,16.4,0
1.63,22.67,53.1,53.6,1.76,0.0,524.4,15.1,0
2.54,24.33,42.1,48.1,2.02,0.77,630.3,32.1,0
2.5,18.97,38.3,46.0,3.08,0.86,711.9,33.6,0
1.42,18.49,47.3,51.5,1.05,0.49,340.9,12.0,0
2.2,23.81,45.0,41.3,0.42,0.79,376.0,24.3,0
1.56,28.84,55.0,52.0,0.71,0.13,315.5,30.5,0
1.93,22.05,18.7,43.8,2.54,3.06,574.0,29.1,0
1.84,23.91,35.8,73.4,1.03,0.36,712.0,24.4,0
2.52,20.55,50.6,36.7,1.92,3.56,476.3,27.4,0
2.25,15.05,45.5,44.4,0.98,0.81,508.8,34.6,0
1.69,26.35,52.5,44.8,1.1,2.33,519.9,31.1,0
2.55,26.09,47.6,34.5,2.08,1.03,429.6,32.5,0
1.63,25.2,43.7,55.3,2.63,2.23,316.8,24.9,0
2.33,21.18,42.0,43.7,1.85,0.01,659.0,19.1,0
1.87,24.69,68.3,24.2,2.43,0.25,523.1,29.7,0
2.05,26.02,60.3,55.0,0.51,0.52,417.8,33.6,0
2.4,29.29,50.0,41.6,1.49,0.42,950.8,23.3,0
2.41,26.45,45.8,47.0,1.25,3.52,499.6,29.6,0
2.73,22.29,50.4,54.8,2.7,0.6,243.2,28.0,0
2.17,16.11,53.3,44.4,0.96,4.3,598.2,16.4,0
2.32,22.7,49.2,44.3,0.41,1.26,223.8,26.9,0
2.02,23.15,37.5,72.6,0.4,2.17,569.9,29.2,0
2.27,25.19,62.8,26.5,1.73,0.6,565.9,24.7,0
2.38,28.09,47.5,35.1,2.24,0.25,707.0,35.6,0
2.16,21.57,65.1,37.1,2.05,0.06,349.7,19.3,0
1.48,31.45,46.9,65.9,1.3,1.28,456.0,43.1,0
2.33,14.08,42.5,41.6,1.19,4.28,489.6,28.0,0
2.35,23.89,58.8,50.4,2.15,0.15,629.9,26.7,0
1.93,18.41,48.0,43.3,0.8,1.77,565.1,34.4,0
1.69,13.42,46.3,54.0,1.37,0.54,577.8,17.5,0
2.79,21.09,33.0,47.9,1.75,6.04,682.8,43.9,0
2.4,15.44,51.6,50.5,4.91,2.45,466.7,23.2,0
2.11,21.27,40.1,60.9,0.3,0.31,719.4,34.2,0
1.75,22.16,40.5,52.4,1.07,1.74,486.7,28.0,0
1.87,27.03,40.1,40.6,1.42,1.59,634.3,20.9,0
2.72,15.22,49.4,51.1,4.24,1.73,425.7,35.1,0
2.26,26.09,29.6,72.2,2.03,0.1,589.3,31.7,0
1.98,22.44,42.9,53.6,3.34,1.99,673.7,49.4,0
2.4,26.63,54.8,49.5,0.3,0.36,337.7,30.7,0
1.87,20.06,32.5,34.3,3.74,1.07,641.7,23.6,0
2.8,16.0,46.7,55.2,0.69,0.15,526.8,15.0,0
2.74,16.52,38.7,56.7,2.31,0.98,805.8,22.8,0
2.01,16.19,41.0,51.1,1.76,2.84,460.4,29.8,0
1.95,24.15,61.6,49.1,0.85,0.23,544.0,25.4,0
1.15,28.65,28.5,76.3,0.3,2.32,476.6,33.3,0
1.61,19.46,52.7,56.6,3.26,0.69,599.4,30.5,0
1.66,24.83,40.2,60.4,2.33,0.47,172.5,19.3,0
2.25,15.14,39.7,48.7,2.81,0.07,288.4,25.1,0
2.07,22.81,33.9,46.7,2.51,0.9,600.3,21.9,0
1.66,25.01,52.5,54.3,0.33,0.27,504.0,30.4,0
2.09,15.48,43.1,46.7,1.12,3.38,199.5,31.0,0
2.4,21.08,41.8,47.5,2.35,0.33,404.9,23.8,0
2.41,25.22,46.1,52.6,0.51,1.06,441.1,16.5,0
1.44,8.8,43.3,42.9,1.59,0.98,427.2,47.7,0
2.15,28.01,25.0,50.2,1.0,0.49,639.7,30.3,0
1.65,23.59,40.1,48.8,3.38,2.29,688.5,30.2,0
2.56,25.23,54.0,57.7,2.49,0.24,164.3,14.9,0
2.51,20.14,29.9,41.9,1.35,2.04,482.1,33.1,0
1.84,14.25,34.1,28.0,1.4,0.28,517.1,35.4,0
1.89,24.4,40.7,44.9,1.85,0.05,277.8,30.4,0
2.02,21.63,37.7,52.0,4.05,3.46,688.0,28.9,0
1.3,22.14,44.7,57.6,0.95,1.22,555.6,29.0,0
2.33,26.89,34.1,41.1,0.84,1.19,627.6,21.8,0
2.09,25.43,41.1,53.4,1.39,0.37,433.1,23.1,0
2.59,30.65,44.5,59.4,1.98,0.18,383.2,26.4,0
1.76,22.69,51.5,55.5,0.3,1.47,414.6,35.7,0
1.95,18.89,57.4,40.1,0.3,0.88,483.5,29.9,0
1.6,21.15,42.4,41.2,3.83,0.46,436.2,22.8,0
1.8,23.87,63.9,52.4,2.63,0.46,635.8,23.5,0
1.73,26.57,43.2,64.3,0.34,2.64,899.9,12.9,0
2.6,15.4,53.3,48.1,1.86,2.65,587.4,31.1,0
1.92,22.04,64.3,46.3,0.66,0.39,207.9,26.5,0
2.25,29.24,46.4,34.3,1.57,1.9,523.3,29.3,0
2.05,20.92,31.3,44.4,1.24,0.31,321.8,49.2,0
1.69,26.19,45.9,40.8,0.48,1.98,438.8,24.9,0
2.13,24.22,38.9,48.3,2.5,0.16,494.7,29.5,0
2.44,26.3,42.3,32.9,1.93,1.7,461.1,23.6,0
1.72,18.36,64.8,44.7,8.18,0.97,344.7,26.8,0
2.52,18.38,32.8,37.9,0.86,0.15,578.3,21.2,0
1.86,22.09,48.0,57.4,4.58,1.15,200.9,20.3,0
2.01,15.11,36.2,39.4,4.4,0.26,558.0,15.4,0
2.41,20.79,41.9,42.3,0.97,0.26,364.7,20.4,0
1.93,23.14,52.4,50.8,1.66,0.71,541.8,29.6,0
2.22,30.03,48.2,43.5,4.77,4.0,298.3,25.8,0
2.07,23.81,42.7,71.6,1.0,2.67,534.7,26.5,0
2.25,24.81,38.5,57.3,1.28,2.1,706.6,24.8,0
1.25,27.24,48.2,48.2,4.81,2.29,410.8,29.1,0
1.47,17.66,62.1,51.7,1.88,0.83,407.5,28.6,0
2.45,21.26,36.0,24.4,1.67,0.56,564.9,28.2,0
2.61,32.91,64.1,60.3,1.72,2.58,531.7,25.7,0
1.84,21.64,57.0,53.1,1.64,0.1,292.7,33.1,0
2.1,27.02,58.7,47.3,0.63,6.65,666.1,14.0,0
2.32,26.34,48.1,53.7,1.58,0.97,621.3,22.7,0
2.48,15.35,56.7,54.9,3.54,0.93,692.3,22.4,0
1.39,23.4,34.9,43.8,1.05,0.41,581.9,32.5,0
1.85,22.66,38.3,51.8,3.64,0.22,783.2,24.2,0
2.07,23.48,52.7,58.5,2.1,1.37,219.1,21.2,0
2.48,18.61,48.0,52.5,0.9,0.54,728.6,29.2,0
3.2,16.97,43.5,45.5,1.08,0.43,441.5,33.6,0
2.11,19.86,20.0,51.0,4.6,0.21,418.4,33.2,0
1.64,21.56,40.6,61.8,1.76,0.92,392.8,34.5,0
2.36,27.33,33.3,55.8,1.38,1.06,576.4,28.8,0
2.73,30.18,49.9,36.4,3.11,0.7,620.0,30.0,0
2.24,28.28,43.1,53.9,0.3,0.01,430.0,26.2,0
1.84,25.87,38.7,52.5,3.28,0.81,541.0,25.7,0
2.58,17.48,71.4,59.6,3.32,0.38,914.6,21.2,0
2.47,20.16,55.4,48.3,1.72,0.18,399.5,32.9,0
1.79,22.94,55.6,44.3,1.95,1.03,440.8,15.4,0
2.35,19.15,67.0,34.3,0.99,1.33,713.0,18.8,0
2.6,24.6,53.0,41.1,1.15,0.88,263.7,41.1,0
2.67,25.24,37.3,60.1,2.59,1.14,536.8,27.2,0
2.17,24.41,36.1,50.0,1.28,1.12,137.7,29.0,0
2.06,26.61,54.6,47.0,2.08,0.16,293.1,19.5,0
2.69,17.93,24.4,61.0,1.4,0.29,321.5,31.4,0
1.72,26.2,44.2,58.9,2.77,0.01,368.5,37.6,0
2.38,18.87,23.3,40.6,0.48,4.81,312.9,38.2,0
1.65,17.77,46.0,60.0,3.3,0.28,530.1,17.4,0
2.63,24.39,53.5,31.4,1.75,2.02,710.0,36.2,0
2.1,27.47,47.8,52.6,3.23,1.82,805.9,28.1,0
2.71,24.2,54.4,51.4,0.61,1.46,345.6,10.3,0
2.4,22.09,64.6,59.5,3.5,0.72,609.3,17.2,0
1.71,23.4,43.6,51.8,0.64,1.05,681.3,14.8,0
2.77,22.61,73.1,45.6,2.84,0.25,518.1,32.2,0
2.82,16.93,47.1,46.3,2.3,0.13,606.3,26.7,0
2.55,16.41,54.5,74.9,0.91,0.52,569.0,23.4,0
1.9,21.65,38.9,48.8,3.17,2.1,568.8,27.3,0
2.08,22.36,61.2,54.0,0.94,1.0,389.5,40.3,0
2.26,22.05,55.4,27.8,1.38,1.73,200.9,25.9,0
1.92,25.04,59.7,39.7,0.8,2.65,447.7,30.3,0
2.88,21.03,45.5,53.2,1.24,0.99,385.0,32.4,0
2.26,24.53,32.4,31.9,1.81,0.55,458.3,19.5,0
1.12,21.35,49.6,53.5,0.89,2.32,644.2,32.0,0
2.34,30.21,28.0,40.7,1.65,0.31,715.4,34.4,0
2.06,22.36,41.6,37.7,2.98,0.03,522.6,35.0,0
2.17,32.53,46.9,40.7,0.54,0.06,322.4,27.0,0
2.05,23.58,68.8,63.3,0.87,1.05,441.6,34.6,0
2.52,21.04,48.2,51.3,2.08,2.67,384.1,31.4,0
2.65,17.95,46.4,38.9,0.42,1.0,518.6,28.5,0
2.31,15.51,44.4,55.8,3.1,0.63,430.0,34.4,0
2.06,17.54,31.6,56.3,4.66,1.03,635.4,40.2,0
2.18,18.04,45.9,44.2,1.57,1.33,372.8,34.5,0
2.21,23.78,46.0,57.6,1.19,1.71,827.5,27.5,0
1.88,19.63,35.3,58.1,1.64,0.51,279.1,24.6,0
2.43,22.84,33.1,56.5,1.37,0.59,545.9,31.7,0
2.38,27.77,40.2,41.3,3.61,0.03,258.4,29.1,0
2.82,21.6,45.6,36.2,1.45,1.26,657.2,35.9,0
2.7,31.36,40.4,31.1,2.87,1.8,507.0,21.3,0
1.93,16.71,34.5,41.4,1.66,0.86,530.9,35.3,0
2.53,21.32,47.9,44.3,0.75,0.57,365.4,18.2,0
1.82,19.57,50.4,45.1,3.43,0.49,662.9,26.8,0
2.48,26.21,46.2,47.5,3.24,1.24,596.4,32.1,0
1.99,11.92,39.4,65.3,0.84,0.48,418.2,27.2,0
1.79,15.51,50.9,44.6,1.38,1.1,497.5,31.1,0
2.31,21.52,43.1,47.5,2.74,3.14,366.5,37.7,0
1.13,28.98,33.1,29.8,1.49,0.48,354.6,24.0,0
1.5,23.02,55.4,70.3,3.19,0.08,407.7,18.2,0
2.13,15.92,48.5,34.8,1.28,2.49,458.9,20.1,0
2.23,16.61,43.8,40.9,0.85,0.38,500.3,27.4,0
2.05,29.53,29.3,55.0,3.67,5.37,493.4,36.7,0
1.57,19.2,37.6,50.5,0.38,2.2,370.2,25.8,0
1.87,17.76,65.2,64.4,3.04,0.67,613.9,43.1,0
2.36,28.65,29.9,55.2,0.77,1.19,663.4,19.1,0
2.43,26.55,42.5,47.2,2.3,0.39,637.0,15.8,0
2.19,27.73,44.8,58.4,5.3,0.11,605.9,29.6,0
2.66,17.72,48.2,59.6,0.3,0.9,124.6,24.0,0
2.36,15.14,30.0,41.4,0.89,0.66,350.2,22.7,0
1.9,22.6,46.7,57.6,2.55,4.2,276.7,28.1,0
2.09,23.51,28.1,45.8,0.89,1.09,234.1,19.4,0
1.64,23.64,46.0,47.0,2.94,1.65,671.6,31.8,0
2.16,28.65,38.5,49.4,3.41,0.17,754.3,29.4,0
2.64,14.2,36.3,44.2,0.83,1.54,501.1,25.5,0
2.47,25.87,53.3,43.7,4.44,0.07,570.7,29.5,0
2.76,17.07,42.6,57.8,4.16,1.14,446.1,41.4,0
2.08,25.85,49.7,32.7,0.69,2.19,675.5,26.3,0
2.74,19.86,50.1,37.4,1.36,0.79,542.0,24.6,0
2.12,18.34,57.7,54.7,1.71,0.29,421.8,32.7,0
2.79,19.26,32.9,47.3,1.55,0.7,584.3,23.4,0
2.19,15.49,54.2,57.9,0.92,2.21,472.8,31.4,0
2.48,22.18,45.2,51.6,0.77,1.5,529.3,33.7,0
2.79,18.52,41.2,34.7,1.7,1.12,604.0,37.8,0
2.12,25.54,33.5,48.6,3.3,1.42,1064.0,25.8,0
2.29,24.88,51.1,53.3,1.31,2.16,767.9,18.8,0
2.72,29.6,35.8,50.3,2.8,0.2,522.5,26.2,0
2.15,23.65,50.2,43.3,2.92,2.21,359.0,29.2,0
1.67,24.34,64.3,45.3,1.03,1.97,162.0,23.7,0
3.06,28.3,54.8,42.4,0.81,0.78,692.6,28.9,0
2.01,19.18,58.9,34.7,0.44,0.62,668.0,40.2,0
2.26,15.3,37.8,33.4,2.01,3.24,405.8,24.0,0
2.66,22.9,52.6,51.9,3.36,2.05,486.9,22.3,0
1.96,15.6,33.6,39.3,2.45,5.38,531.2,34.6,0
1.8,33.04,42.7,53.8,3.51,1.23,589.1,19.3,0
2.3,28.55,62.4,42.0,1.47,0.04,748.2,28.1,0
1.48,31.74,38.9,34.9,0.31,0.2,304.5,24.3,0
2.08,22.28,56.1,43.9,0.64,2.06,601.0,16.4,0
2.3,24.48,55.2,68.9,0.56,1.22,532.8,27.0,0
2.09,19.93,55.7,47.0,2.69,0.26,423.5,23.6,0
1.58,25.97,32.3,54.5,2.01,0.01,621.0,31.5,0
2.84,16.53,50.3,49.7,1.05,0.37,483.3,29.4,0
2.24,10.56,43.4,33.9,0.45,0.18,487.9,29.2,0
2.77,18.44,55.9,62.5,1.12,2.51,547.1,21.4,0
2.1,15.45,28.4,45.5,2.22,2.57,431.3,24.0,0
1.85,28.65,48.7,34.9,1.21,2.22,598.2,29.8,0
2.31,30.17,47.3,42.9,1.22,0.12,440.4,21.8,0
2.11,15.69,25.1,45.9,2.09,0.17,753.5,27.7,0
1.73,27.81,36.1,55.5,1.24,0.17,534.3,30.4,0
2.79,26.28,26.7,41.2,4.99,0.36,399.5,33.2,0
1.95,14.94,37.7,74.2,3.32,0.09,546.3,24.2,0
1.46,20.24,50.5,38.6,0.58,4.79,648.4,25.3,0
2.73,19.39,47.0,54.1,4.04,2.32,263.7,29.4,0
2.0,25.37,46.7,28.3,1.45,0.09,690.1,22.9,0
1.96,16.47,34.6,46.8,2.47,0.19,551.0,18.3,0
1.49,21.56,56.2,51.7,4.68,0.37,495.4,30.5,0
2.9,18.91,44.8,36.8,0.3,1.79,397.1,26.2,0
1.68,24.13,45.3,63.0,3.13,1.5,552.1,31.8,0
2.22,21.02,54.4,52.3,3.66,1.19,367.5,24.0,0
2.57,19.59,35.1,44.8,3.78,2.92,201.6,28.6,0
2.37,21.04,47.3,52.2,2.83,0.04,393.0,15.4,0
2.18,31.16,49.2,42.1,0.63,0.21,459.1,32.3,0
1.52,20.12,39.5,60.5,1.24,0.25,592.0,24.2,0
1.88,17.32,51.5,58.2,2.0,0.07,467.2,27.0,0
2.28,24.63,49.8,51.7,0.45,1.16,328.2,26.9,0
1.89,21.35,44.0,54.1,1.72,0.28,400.8,25.6,0
2.28,15.63,43.7,33.2,3.56,0.79,503.1,28.5,0
2.47,32.04,50.2,62.7,1.46,1.39,596.8,28.1,0
2.59,20.41,52.9,47.0,3.58,1.09,622.0,29.5,0
1.71,20.3,45.6,58.3,1.49,0.41,295.7,19.2,0
3.08,22.72,56.2,55.5,2.02,0.64,507.7,33.4,0
2.51,29.79,51.6,58.1,1.84,0.5,616.1,27.1,0
2.2,14.44,27.1,37.5,0.58,2.3,369.0,30.4,0
2.64,23.24,31.0,38.8,0.98,0.65,770.0,27.1,0
3.15,31.39,56.8,70.5,2.35,0.08,425.8,20.5,0
1.62,22.58,42.5,32.8,3.38,1.16,653.0,45.7,0
2.11,16.44,46.6,37.0,0.76,0.26,603.7,28.9,0
1.25,19.22,56.4,48.4,2.99,0.5,396.8,17.0,0
2.28,22.93,44.9,48.4,1.91,0.48,502.4,27.4,0
2.35,27.99,45.4,42.6,1.54,0.09,704.6,25.3,0
2.18,20.47,36.3,54.2,0.77,3.62,419.5,26.9,0
1.94,25.72,48.7,57.0,1.78,0.95,526.6,16.5,0
1.38,15.54,50.9,47.8,2.31,0.2,274.2,28.2,0
2.35,15.5,39.2,45.3,3.45,0.97,553.9,21.9,0
2.78,19.83,35.8,47.8,0.51,0.72,439.3,38.3,0
1.96,28.47,71.3,43.0,2.0,0.51,578.6,27.3,0
2.38,22.31,44.1,31.0,2.4,0.77,373.3,33.0,0
1.57,23.3,38.2,51.0,2.43,1.33,548.0,34.2,0
2.38,23.25,52.1,55.7,1.83,0.27,447.5,31.1,0
2.04,26.99,44.5,46.5,1.37,0.93,104.3,29.1,0
1.9,19.25,34.1,25.3,0.3,2.01,513.2,35.7,0
1.9,25.1,49.8,42.3,3.76,0.3,689.2,23.6,0
2.04,18.26,36.5,57.1,0.3,0.87,335.5,33.2,0
2.35,30.92,60.8,33.6,1.31,4.05,403.3,25.1,0
1.68,18.4,49.9,55.0,2.22,1.93,698.8,28.6,0
2.04,18.03,42.2,43.5,2.8,1.08,583.5,19.5,0
2.18,24.47,46.1,47.8,7.9,1.66,450.7,18.9,0
1.76,22.36,54.0,41.1,3.06,0.89,544.4,27.5,0
2.92,23.47,46.9,36.6,5.08,5.17,406.1,35.5,0
1.86,23.02,66.2,62.3,2.45,0.22,870.7,26.6,0
1.93,17.09,56.4,56.2,1.14,1.53,633.0,39.8,0
1.81,29.26,49.9,54.4,2.82,0.01,756.3,30.8,0
2.92,26.02,35.6,57.1,1.25,0.16,513.8,26.8,0
2.42,28.12,43.5,53.0,1.39,1.54,308.9,38.4,0
1.83,19.62,49.8,57.4,2.52,1.71,575.5,37.2,0
2.64,23.87,36.8,41.4,1.5,0.05,688.3,18.5,0
2.28,22.89,57.9,61.8,4.05,0.49,694.6,27.7,0
2.3,27.08,35.3,60.9,2.97,0.15,246.9,31.6,0
2.06,27.22,38.6,51.8,1.35,2.65,531.7,33.0,0
1.9,22.87,39.4,45.1,2.01,0.73,260.3,32.3,0
2.34,15.17,52.4,35.8,0.82,0.7,412.1,26.8,0
1.98,30.01,37.0,50.3,0.9,2.08,587.8,25.8,0
2.93,24.5,27.0,64.8,3.43,1.43,699.7,27.3,0
1.69,19.26,55.9,36.4,1.73,3.07,533.4,22.8,0
2.81,23.83,40.6,58.2,0.79,3.35,327.8,18.4,0
2.16,15.2,34.3,43.3,2.37,0.45,589.9,31.6,0
2.32,26.75,37.5,44.1,0.53,1.25,372.4,32.0,0
2.53,15.38,62.2,36.2,0.71,0.94,456.2,40.3,0
1.95,21.01,38.4,40.5,1.28,1.09,513.6,23.9,0
2.55,23.1,43.8,54.5,2.04,1.18,399.5,30.6,0
1.12,26.67,40.5,55.7,1.21,0.07,595.5,26.2,0
1.91,22.48,32.7,50.4,1.36,2.71,612.9,27.0,0
1.83,24.86,37.6,43.0,1.82,0.18,654.2,23.6,0
1.7,21.87,32.0,37.0,2.48,0.66,713.8,28.3,0
2.11,21.86,54.6,48.6,4.44,0.41,478.5,37.7,0
2.35,22.38,46.0,44.4,0.3,0.97,316.0,25.0,0
2.48,21.15,69.8,50.1,1.38,3.91,330.4,30.8,0
2.3,14.41,37.9,44.8,1.03,0.64,760.3,23.8,0
1.93,18.54,36.4,45.0,3.93,1.11,742.3,17.8,0
2.35,23.1,60.3,49.6,2.56,0.18,700.8,26.9,0
2.25,20.88,55.6,51.5,4.21,0.75,412.2,41.4,0
2.57,21.3,48.8,60.2,3.86,2.97,753.2,22.3,0
2.51,20.54,33.9,44.6,1.06,3.23,474.5,21.2,0
2.21,18.11,62.4,53.5,5.38,0.95,551.5,21.9,0
1.84,19.78,44.3,66.0,1.92,1.76,624.0,40.6,0
1.94,20.62,40.7,53.7,1.6,0.0,689.2,35.7,0
1.98,22.02,56.4,59.6,0.32,0.91,581.2,32.4,0
2.07,23.77,44.8,41.8,2.38,1.58,706.3,37.5,0
2.31,21.19,33.3,40.8,1.65,0.48,502.0,34.3,0
2.49,17.37,45.4,46.4,2.99,2.78,469.6,27.2,0
2.18,15.71,37.2,47.5,0.65,1.81,451.9,24.8,0
2.21,33.69,14.9,58.7,1.2,1.76,327.6,35.2,0
2.26,16.92,36.2,40.7,1.03,0.03,80.3,28.8,0
1.99,19.67,39.7,47.1,4.98,0.24,656.2,21.6,0
1.83,24.33,33.4,58.7,1.49,1.5,464.9,31.7,0
1.5,23.62,50.8,50.2,0.65,0.99,611.5,25.8,0
1.92,24.34,37.2,47.9,0.3,1.04,589.7,35.8,0
2.39,20.01,49.8,50.4,2.51,0.02,523.7,21.2,0
1.92,23.07,32.7,36.7,2.73,0.7,641.7,32.0,0
2.1,22.28,54.1,36.6,0.73,1.85,660.7,29.1,0
2.39,20.6,32.2,32.1,1.59,1.31,357.2,29.3,0
2.41,23.1,21.6,50.1,3.87,1.02,729.9,29.9,0
1.77,26.75,57.4,57.2,1.89,1.43,629.7,26.7,0
2.6,21.9,36.4,55.7,1.89,2.28,368.7,31.5,0
2.65,21.93,62.6,59.4,1.02,2.27,402.6,30.0,0
1.75,26.81,50.6,62.5,2.39,0.73,313.6,28.8,0
1.87,26.33,52.9,49.4,2.51,0.44,594.2,36.4,0
2.68,29.13,55.5,47.4,0.97,0.55,473.5,18.6,0
2.14,14.1,46.1,62.8,1.27,0.88,126.1,32.1,0
1.31,26.07,46.2,41.0,2.78,0.11,416.9,29.5,0
1.64,24.71,57.8,36.2,1.84,1.07,442.9,31.5,0
2.1,18.01,46.1,44.6,1.9,0.72,515.9,32.2,0
1.73,23.13,37.7,43.4,0.75,1.71,269.1,32.6,0
2.03,26.73,50.9,48.5,1.38,0.38,517.5,25.3,0
2.21,18.27,23.9,39.5,1.28,0.08,725.1,23.4,0
2.78,23.99,58.2,51.7,3.36,2.7,528.1,31.3,0
2.08,25.92,58.4,42.3,0.87,0.08,588.4,38.3,0
2.63,17.18,57.0,60.3,2.14,3.15,734.5,26.6,0
2.77,21.36,56.6,36.1,4.12,0.83,485.8,20.9,0
2.77,23.35,44.2,46.6,2.06,0.07,481.0,33.5,0
2.31,18.42,43.9,44.7,2.2,0.16,551.7,22.2,0
1.41,18.04,32.7,50.3,1.95,0.91,367.3,30.2,0
2.38,21.39,62.5,57.3,1.86,0.02,395.8,21.0,0
2.62,25.61,40.1,50.7,2.28,2.96,194.1,26.0,0
2.17,24.9,48.4,46.7,0.75,1.91,843.3,27.9,0
2.9,18.12,47.5,54.9,1.82,0.84,624.6,25.9,0
2.54,24.93,31.6,56.4,1.07,3.13,357.9,29.6,0
2.43,18.24,27.6,50.7,1.35,0.36,653.6,30.2,0
2.63,14.75,45.1,51.9,3.83,2.3,378.8,24.4,0
2.33,20.35,40.5,54.5,1.28,1.96,510.2,24.1,0
1.2,27.05,44.1,31.6,0.8,1.05,509.4,36.8,0
2.0,24.95,55.7,44.5,2.95,0.46,433.1,26.3,0
2.68,21.99,47.2,51.8,4.13,0.98,378.1,30.1,0
1.88,20.12,52.6,45.1,1.93,3.78,681.3,18.4,0
2.11,20.25,49.5,45.1,4.2,0.11,512.7,40.6,0
1.78,22.49,41.8,51.7,1.55,0.27,752.3,31.2,0
2.91,17.19,35.0,52.0,2.63,1.24,343.9,13.8,0
2.87,20.43,47.6,52.7,1.78,1.36,429.1,20.9,0
1.85,21.03,45.8,40.1,1.42,0.22,493.1,23.0,0
2.26,15.92,54.2,33.8,1.48,1.97,665.5,40.0,0
1.93,18.23,43.5,56.0,2.31,3.17,381.6,45.7,0
2.45,23.85,42.0,40.6,3.5,0.1,585.7,31.7,0
2.4,22.04,42.7,39.9,3.28,4.39,551.4,35.7,0
2.52,20.61,35.8,39.0,0.87,0.4,714.3,36.7,0
2.33,17.9,59.5,59.5,2.04,0.44,574.7,20.3,0
3.37,29.1,56.4,50.1,0.73,0.06,230.6,27.5,0
1.79,18.23,32.9,51.4,1.71,0.83,347.9,27.4,0
1.52,23.13,53.0,54.9,3.92,3.71,355.5,37.7,0
2.04,19.8,26.5,47.6,4.95,0.21,432.1,42.7,0
1.57,22.16,54.9,58.1,2.02,1.03,698.7,43.5,0
1.6,24.06,38.0,36.0,0.3,0.38,460.2,31.5,0
1.8,15.83,48.6,37.1,1.32,0.02,505.2,30.7,0
1.83,21.97,25.7,36.6,1.41,5.22,466.3,24.9,0
1.82,27.36,33.0,52.2,0.82,1.51,580.8,28.4,0
2.41,29.93,49.7,53.1,3.02,1.6,391.7,35.5,0
2.0,21.41,38.0,43.3,2.07,1.31,474.4,34.7,0
2.13,22.19,36.6,45.7,2.85,0.19,472.6,31.9,0
2.56,31.95,59.0,60.7,3.49,0.28,489.4,22.1,0
1.89,27.11,67.1,41.1,0.73,0.58,415.1,41.6,0
2.09,19.22,54.4,51.0,5.12,6.48,299.7,31.3,0
2.35,19.21,34.1,41.1,1.37,1.34,639.9,29.4,0
1.42,26.3,62.6,59.0,2.26,0.7,482.5,34.3,0
1.25,17.45,29.4,54.3,2.28,0.8,669.3,23.5,0
2.34,26.89,42.0,34.0,1.2,3.06,571.9,22.9,0
2.4,23.5,45.5,45.4,0.71,0.26,577.2,25.4,0
3.03,24.33,64.2,27.2,3.26,0.46,669.6,20.9,0
2.26,20.84,54.1,57.0,0.34,0.56,889.7,28.8,0
2.53,19.17,40.4,68.5,1.11,2.73,695.6,13.8,0
2.12,28.58,35.6,26.2,2.3,1.8,633.0,24.7,0
2.32,20.89,55.0,33.7,3.29,1.07,543.8,14.2,0
2.87,20.15,39.7,49.7,2.17,0.45,688.8,26.2,0
1.35,21.64,47.2,47.8,2.81,0.27,388.0,26.5,0
2.37,22.87,31.3,43.9,0.68,0.48,587.7,36.2,0
3.05,17.36,50.7,30.6,0.72,3.18,691.6,30.0,0
2.31,19.46,49.9,51.2,1.02,2.89,642.9,22.6,0
2.86,19.22,32.6,56.9,1.31,0.66,488.6,25.3,0
1.95,25.8,55.3,76.5,2.57,0.47,568.3,38.0,0
2.19,18.01,50.5,61.1,0.4,2.59,450.6,20.4,0
2.21,14.1,52.4,35.0,1.39,0.71,384.8,43.0,0
1.31,13.15,41.2,47.9,1.67,0.05,717.6,30.9,0
1.73,15.38,46.8,53.9,1.94,0.51,434.9,18.9,0
1.76,28.13,45.6,41.1,2.07,1.12,433.6,20.7,0
2.53,22.07,43.5,55.8,1.18,3.47,436.9,33.8,0
2.55,24.26,46.7,55.0,2.81,0.66,395.6,33.2,0
2.33,24.41,57.6,60.4,1.25,0.33,391.3,31.0,0
2.53,22.25,55.7,56.0,1.13,0.58,241.2,28.8,0
2.13,21.66,33.2,50.9,1.98,0.07,267.2,27.3,0
2.68,26.7,54.9,41.6,1.01,2.75,471.1,22.5,0
2.2,22.66,56.9,35.1,5.14,0.04,568.5,30.7,0
2.22,28.3,43.5,50.2,2.05,0.0,248.6,39.3,0
2.09,24.79,50.1,44.0,1.29,1.14,527.3,27.8,0
2.47,19.22,49.9,44.9,2.75,0.2,692.5,29.8,0
2.03,19.76,36.5,59.2,1.39,0.42,429.3,35.2,0
2.59,18.73,41.2,61.7,2.42,0.81,351.6,24.4,0
1.75,27.48,52.5,35.6,3.65,1.88,491.0,30.9,0
1.76,20.18,40.0,45.9,1.49,0.59,577.9,33.6,0
2.47,18.41,54.8,43.7,2.08,3.78,416.1,22.9,0
2.16,23.44,58.0,51.1,0.38,0.72,642.9,18.9,0
2.02,21.56,56.4,25.3,2.11,3.03,570.4,26.4,0
2.56,23.33,64.8,33.4,2.58,0.72,759.7,34.0,0
1.96,30.5,44.1,46.8,3.07,0.87,247.8,17.7,0
2.12,26.11,46.8,55.9,4.21,3.81,288.2,29.7,0
2.76,22.12,48.2,48.8,0.67,1.35,437.2,26.7,0
2.82,15.66,44.4,54.7,1.25,0.19,299.1,26.4,0
2.83,19.75,50.4,50.0,4.19,1.1,736.1,30.1,0
2.09,25.2,27.9,60.8,0.3,0.31,534.9,16.1,0
2.69,16.73,47.0,62.9,0.3,0.44,450.5,36.3,0
1.82,31.63,31.2,40.4,0.85,2.19,733.1,21.8,0
1.84,22.06,35.4,56.8,0.85,1.38,543.9,30.5,0
1.26,22.22,52.3,53.1,3.76,0.41,468.7,32.9,0
2.87,19.0,43.0,73.0,5.42,0.01,382.8,38.2,0
1.85,24.24,52.0,40.0,0.3,0.91,583.4,27.8,0
2.15,16.79,42.8,46.8,0.46,0.35,578.3,17.8,0
1.84,31.74,56.1,37.7,2.03,0.03,602.3,16.9,0
2.48,27.93,42.6,38.3,1.71,0.08,620.9,36.9,0
2.05,26.43,25.5,51.9,2.08,1.34,717.6,24.1,0
1.68,15.74,47.3,50.1,1.72,0.64,375.8,25.4,0
2.38,22.92,23.3,53.4,0.49,0.37,835.5,20.1,0
1.63,27.44,30.5,53.2,0.67,2.54,770.0,25.3,0
1.87,24.67,36.2,45.6,1.12,2.09,757.6,40.2,0
1.36,17.49,34.9,45.6,2.33,0.75,469.1,28.2,0
1.63,19.07,39.5,38.3,1.95,0.39,392.9,22.3,0
2.27,19.97,34.6,41.0,2.26,0.85,515.7,35.3,0
1.41,19.28,30.9,47.4,1.62,1.68,542.5,10.6,0
1.61,28.88,60.4,50.0,4.45,0.01,628.6,27.9,0
2.2,13.36,38.2,55.1,2.1,1.14,475.4,25.5,0
1.98,24.95,22.7,54.1,2.87,1.49,638.2,26.1,0
3.0,16.18,41.4,63.6,3.12,2.04,447.9,17.9,0
2.93,17.67,33.8,38.3,1.89,0.29,507.2,27.0,0
1.85,12.96,36.2,45.7,3.47,0.27,608.4,25.2,0
2.42,19.53,52.1,39.1,2.37,0.29,518.3,21.3,0
2.5,28.8,40.5,60.8,1.02,3.22,398.6,25.2,0
1.96,23.19,33.5,43.0,1.21,0.18,364.7,14.4,0
1.6,16.61,49.5,59.6,1.79,1.74,659.8,43.2,0
2.2,26.58,56.5,62.5,0.78,5.19,574.4,5.0,0
2.13,27.54,50.4,52.1,2.27,3.51,708.1,27.0,0
2.03,22.47,20.5,50.9,3.01,0.63,671.8,26.8,0
2.38,31.16,33.9,48.4,4.91,2.19,457.8,24.0,0
1.9,25.7,45.5,44.8,2.94,1.33,651.0,26.3,0
1.74,25.07,42.6,43.6,2.67,2.43,552.9,32.4,0
2.24,18.38,41.7,46.5,2.52,0.21,483.0,19.2,0
2.35,24.82,35.2,66.2,1.41,1.74,897.5,15.6,0
1.73,22.98,30.9,37.6,1.41,1.06,851.9,24.3,0
2.57,24.34,65.1,50.0,2.57,0.93,597.6,9.0,0
1.49,18.92,45.3,55.1,0.86,1.57,372.5,21.9,0
1.97,22.58,51.4,45.2,1.44,0.38,428.2,24.2,0
2.1,18.32,45.1,52.2,3.46,0.09,418.7,28.6,0
1.95,12.34,45.5,33.0,0.96,0.84,622.1,37.0,0
1.97,26.49,44.4,61.3,1.15,0.43,557.6,30.1,0
2.95,15.24,33.8,59.3,1.27,0.36,453.2,30.4,0
1.86,22.48,29.9,47.0,4.53,7.82,809.9,22.9,1
3.18,23.5,48.9,39.2,0.74,0.26,435.5,23.7,0
2.37,23.47,46.9,55.9,1.25,0.32,779.6,23.9,0
2.24,20.73,54.4,36.5,0.83,0.49,675.6,27.1,0
2.39,23.22,52.4,38.0,0.86,0.82,596.6,24.9,0
3.21,24.12,36.9,47.5,3.72,2.44,383.2,30.3,0
1.8,25.31,56.3,63.2,1.14,0.23,740.6,32.3,0
1.75,29.8,52.7,54.4,1.88,1.15,795.9,37.0,0
1.9,23.05,51.9,41.5,1.99,0.55,535.4,29.9,0
2.21,22.29,67.5,31.2,1.28,1.91,687.2,30.3,0
1.51,17.92,65.4,48.4,2.36,1.11,514.7,36.1,0
2.21,23.96,51.9,50.5,1.28,1.9,725.8,33.0,0
2.88,25.0,50.7,47.3,0.87,2.32,357.8,25.5,0
2.26,21.13,55.8,66.1,1.59,2.92,648.4,20.7,0
2.08,24.45,39.2,46.7,4.0,6.53,122.2,24.6,1
1.95,20.68,39.3,25.2,1.14,1.16,324.5,22.2,0
2.56,25.02,51.7,43.9,1.47,1.22,341.1,28.8,0
1.87,26.11,36.4,52.5,1.21,0.18,502.1,31.4,0
2.94,26.04,50.9,51.9,1.73,0.13,367.4,25.2,0
2.97,22.53,46.6,46.2,1.58,0.8,368.6,25.4,0
2.3,17.32,36.4,44.6,0.95,1.42,473.1,9.4,0
2.2,19.25,45.3,28.0,2.48,0.34,480.8,24.0,0
2.61,24.68,58.1,48.9,1.29,0.48,327.0,50.0,0
2.64,33.02,45.8,44.6,1.57,1.45,298.5,35.9,0
1.88,20.47,45.9,50.5,1.0,0.29,372.3,37.3,0
1.99,24.05,48.3,52.9,2.94,0.88,650.3,31.4,0
1.67,19.5,49.6,60.4,1.98,0.93,895.6,34.5,0
2.36,17.62,41.7,38.4,0.83,2.99,718.9,25.6,0
2.47,18.96,48.5,35.1,0.3,0.62,446.4,22.3,0
1.66,12.63,34.5,42.3,0.73,0.28,562.4,38.4,0
2.02,28.09,37.0,40.6,1.47,0.23,499.8,20.4,0
1.66,11.96,38.3,39.7,0.76,0.42,478.5,31.4,0
1.84,20.81,49.7,62.4,1.5,0.39,516.5,40.5,0
2.42,16.7,46.6,49.5,0.53,1.66,541.6,34.8,0
1.91,18.02,43.7,67.7,2.19,1.08,238.1,26.2,0
2.08,28.19,51.9,48.0,1.81,1.38,407.1,36.9,0
1.55,22.9,48.8,36.3,0.88,1.19,493.6,29.5,0
2.27,17.66,42.1,39.9,2.3,0.79,857.7,27.1,0
2.18,19.35,34.6,58.2,4.03,3.16,595.6,33.2,0
1.91,18.56,36.8,36.7,0.85,2.04,665.3,21.8,0
2.12,21.8,30.3,53.6,1.25,0.28,483.5,17.9,0
2.27,22.78,46.4,44.4,2.27,0.66,715.8,26.4,0
1.87,30.53,36.4,38.7,0.88,0.41,542.6,23.4,0
1.61,13.38,40.0,61.9,3.2,1.64,623.9,17.8,0
2.92,21.84,43.7,42.1,3.23,0.51,526.3,28.2,0
1.95,20.58,55.4,39.7,0.53,1.23,582.8,24.2,0
2.16,26.26,54.3,47.2,1.2,0.41,428.6,21.3,0
2.6,23.6,44.5,42.9,5.55,0.23,774.5,27.9,0
3.61,24.66,57.7,70.1,1.04,0.01,427.8,21.4,0
1.7,23.55,24.9,58.6,1.31,6.27,357.7,36.1,1
2.38,17.81,63.8,42.1,0.83,0.3,524.1,40.5,0
1.92,27.45,51.9,43.2,1.85,2.14,781.0,32.9,0
1.98,25.59,46.0,27.8,1.06,2.07,397.5,25.0,0
1.91,26.12,36.1,49.4,1.91,0.32,472.8,30.9,0
1.75,27.69,40.6,40.5,1.15,0.64,538.4,23.3,0
2.18,23.88,51.1,48.9,0.3,2.17,301.4,32.7,0
1.61,28.66,51.3,28.3,0.3,1.4,293.7,33.1,0
2.58,23.7,51.7,47.7,3.11,0.55,668.8,33.5,0
2.22,21.01,37.7,65.0,4.06,3.57,511.3,25.4,0
2.37,21.97,35.7,48.5,0.97,0.5,341.0,33.0,0
2.01,21.89,47.0,40.3,3.78,0.29,453.0,31.4,0
2.05,19.66,52.7,47.8,0.74,0.19,416.1,29.8,0
2.32,29.34,45.0,47.4,0.32,1.45,501.2,28.6,0
1.73,23.33,59.8,69.9,1.28,0.04,529.5,20.5,0
2.06,22.43,45.3,44.7,2.7,2.24,177.7,30.9,0
1.86,23.75,45.0,36.0,3.18,0.44,700.1,26.0,0
1.84,35.41,51.7,48.2,0.73,0.55,511.1,19.0,0
1.36,16.91,57.2,50.0,1.85,1.94,404.2,23.1,0
2.74,18.2,31.5,53.6,3.76,2.02,632.6,31.0,0
1.93,15.79,33.8,55.6,1.71,0.61,344.8,24.6,0
2.67,20.95,41.9,67.6,0.87,0.97,452.9,24.0,0
2.63,23.1,76.6,42.0,0.3,1.36,317.5,13.4,0
1.69,19.91,42.4,41.1,4.11,1.4,611.7,35.6,0
1.76,19.57,43.8,29.5,3.39,0.92,679.0,20.3,0
3.22,22.64,51.2,54.6,0.91,2.23,557.6,28.4,0
2.9,19.74,54.8,39.1,6.08,2.21,471.6,24.7,0
2.19,23.4,46.7,56.9,1.57,2.27,308.6,29.9,0
2.3,27.01,56.6,43.1,2.75,0.37,431.4,29.7,0
1.95,25.05,33.1,65.3,1.59,0.36,534.8,26.6,0
2.37,25.96,37.3,33.7,0.3,0.18,413.8,30.0,0
1.91,26.89,56.6,58.2,4.53,2.1,431.8,28.1,0
1.39,23.27,45.1,57.0,3.68,0.08,331.7,18.4,0
1.67,21.29,32.4,53.3,1.68,0.17,388.5,36.4,0
2.21,18.52,31.8,36.8,0.3,3.13,280.0,38.6,0
1.75,20.24,36.9,53.3,2.43,0.16,541.5,21.8,0
2.17,19.64,45.0,49.3,0.3,0.16,507.5,17.2,0
1.77,25.29,49.7,29.7,0.85,2.88,514.2,36.8,0
1.89,23.56,41.7,63.6,1.46,0.45,445.9,20.5,0
2.54,25.14,48.8,44.5,4.71,2.56,411.4,37.1,0
2.3,16.78,40.6,62.8,2.9,0.57,455.3,36.2,0
2.2,28.44,57.2,47.3,0.83,0.56,436.1,26.9,0
2.55,20.08,70.5,57.8,3.51,0.17,523.0,26.8,0
2.39,17.05,41.1,39.4,0.3,3.01,774.9,21.0,0
2.78,20.02,49.8,50.1,1.29,1.72,471.6,28.5,0
2.02,33.18,49.0,49.4,1.43,0.31,411.2,31.4,0
2.03,20.26,46.4,44.8,2.02,1.56,462.6,30.5,0
1.68,20.54,51.5,39.3,0.3,0.13,426.2,32.3,0
2.03,21.14,49.8,20.0,0.9,0.89,425.6,35.4,0
2.59,21.33,40.3,39.5,3.04,0.35,412.3,27.7,0
2.72,18.48,58.2,55.0,5.43,2.28,602.8,47.7,0
2.58,22.64,47.0,34.0,1.25,0.86,600.8,31.1,0
1.48,26.84,41.2,36.1,0.73,3.05,635.4,30.8,0
2.63,23.41,69.4,33.7,0.97,1.06,667.1,30.7,0
1.46,17.0,43.8,50.1,1.15,0.84,445.3,30.8,0
2.56,20.45,47.5,39.1,0.58,1.42,264.8,30.8,0
2.05,19.52,46.8,60.2,2.63,1.84,795.4,35.3,0
2.48,22.24,43.7,55.3,2.56,0.02,161.4,10.5,0
1.67,27.99,49.5,50.0,2.26,0.89,448.8,26.3,0
2.67,21.33,36.6,51.0,1.81,1.79,286.0,16.5,0
1.61,21.6,51.0,40.4,3.18,0.63,560.4,37.5,0
1.93,30.0,27.4,40.4,2.63,0.06,356.5,18.1,0
1.8,25.94,32.0,55.1,5.87,0.02,669.7,22.5,0
1.5,24.58,63.3,57.1,2.19,1.89,534.9,23.3,0
2.24,30.81,32.4,55.0,1.83,0.26,726.7,19.5,0
2.92,24.2,25.4,43.3,1.34,0.23,515.2,25.9,0
3.27,13.06,32.7,44.1,1.96,0.41,673.9,13.3,0
2.24,25.75,62.4,38.7,0.48,0.13,337.2,38.7,0
2.65,14.84,27.1,55.7,1.19,0.07,647.8,31.0,0
2.29,24.03,35.4,28.4,1.32,2.47,479.7,22.7,0
2.4,14.29,30.4,26.0,0.83,0.43,535.7,32.0,0
2.06,19.9,42.3,28.0,0.4,1.05,639.1,30.3,0
2.28,20.36,40.6,26.6,1.15,2.34,558.0,21.4,0
2.41,18.53,40.2,61.6,0.89,4.55,381.4,32.9,0
1.97,20.43,63.6,55.9,1.05,1.4,426.6,26.5,0
2.17,26.65,33.0,36.0,1.79,3.6,341.4,35.9,0
2.18,18.79,44.0,46.9,8.02,0.66,607.3,24.6,0
2.53,24.45,48.4,62.7,1.57,1.87,448.1,18.5,0
1.77,17.65,35.2,53.0,0.44,3.33,432.7,34.8,0
2.18,21.15,49.9,69.1,1.78,0.07,530.4,26.4,0
2.96,23.46,41.0,46.9,1.3,0.46,464.5,27.8,0
2.67,17.52,48.7,41.4,0.93,1.62,675.3,29.9,0
2.74,16.1,43.9,37.2,0.64,0.45,617.8,21.1,0
2.21,24.21,24.5,48.2,3.35,0.02,608.4,26.0,0
2.33,27.05,58.1,57.4,1.47,1.97,437.7,24.3,0
2.6,21.64,65.7,49.0,1.81,0.22,606.5,25.2,0
2.82,19.94,43.2,44.4,1.28,0.46,575.5,36.7,0
1.42,22.7,36.0,60.6,4.32,2.9,317.6,22.6,0
1.67,22.25,60.1,53.3,1.69,0.28,463.1,22.2,0
2.72,23.09,63.9,46.9,1.61,2.7,474.3,37.8,0
2.09,10.62,43.3,40.3,3.51,0.66,724.3,21.1,0
1.93,17.19,42.8,45.5,2.91,3.0,437.0,28.4,0
1.7,18.2,44.2,52.7,1.33,2.51,572.4,32.8,0
1.98,22.68,28.3,40.2,1.17,0.64,695.1,32.7,0
1.64,22.84,42.1,35.7,3.39,3.06,361.6,18.2,0
3.04,24.86,62.1,43.2,1.12,1.2,541.9,23.0,0
2.19,23.16,43.3,47.5,1.53,0.77,804.9,15.8,0
2.18,16.15,34.6,61.6,1.17,0.91,264.7,33.8,0
2.44,28.51,50.0,36.4,0.71,0.08,409.0,35.3,0
2.58,27.72,38.3,50.3,5.16,1.98,540.9,35.0,0
2.58,16.34,44.3,45.2,1.14,0.42,554.6,27.8,0
2.63,23.5,32.3,45.7,5.19,0.38,523.6,26.4,0
1.95,19.32,34.6,63.4,1.43,1.51,581.9,24.1,0
2.08,22.62,52.4,48.8,2.02,0.56,689.1,17.3,0
2.51,26.74,46.2,38.9,3.75,0.87,508.1,31.6,0
1.99,31.59,37.2,56.9,0.38,0.66,488.9,21.2,0
2.2,25.38,46.2,56.2,2.99,0.84,589.2,13.7,0
2.36,23.33,38.9,38.0,1.75,0.3,798.5,37.2,0
2.51,20.47,37.2,36.1,1.51,2.59,590.0,23.7,0
1.49,22.82,56.6,52.1,1.39,1.13,655.8,29.7,0
2.49,28.12,52.8,47.7,1.33,0.32,264.0,27.0,0
2.11,21.8,44.8,43.3,2.82,0.12,473.1,35.9,0
2.48,18.01,46.4,58.6,0.33,0.92,318.0,17.7,0
2.51,14.71,44.9,42.1,0.66,0.76,502.3,33.3,0
2.84,24.31,49.9,52.2,1.81,3.23,714.0,27.7,0
2.74,23.11,37.0,59.7,1.73,0.31,306.2,31.2,0
2.74,19.09,53.6,44.6,3.41,2.56,760.6,25.2,0
2.78,26.62,48.5,29.7,1.6,1.75,499.3,25.4,0
2.32,20.1,42.4,44.0,0.37,0.78,633.9,34.4,0
2.21,21.39,40.1,49.9,0.31,2.48,654.3,22.8,0
2.55,21.93,53.4,58.0,1.16,2.38,799.3,24.3,0
2.49,20.42,43.5,42.8,3.72,1.5,587.2,26.3,0
2.08,23.06,38.0,65.2,2.1,0.13,369.2,17.9,0
2.36,27.18,41.2,35.0,3.97,0.21,651.9,26.1,0
2.19,16.86,52.7,49.6,1.77,1.07,99.4,26.5,0
1.86,24.2,28.9,45.6,0.72,0.34,363.9,32.8,0
2.72,22.77,41.4,61.5,1.76,0.96,412.9,24.3,0
2.22,22.69,55.7,33.3,4.85,0.99,184.4,14.8,0
3.02,25.92,43.3,52.3,0.97,1.06,752.6,28.2,0
1.55,22.22,47.7,45.6,1.21,1.01,699.4,24.7,0
1.98,24.16,55.9,63.3,12.69,0.57,567.7,19.7,0
2.21,25.22,53.9,39.7,1.62,0.28,647.0,30.3,0
2.65,19.73,40.6,52.2,0.98,0.88,554.9,30.5,0
2.36,23.35,43.7,39.6,3.29,0.82,629.6,32.3,0
2.32,20.87,54.0,49.9,0.56,0.39,689.4,30.6,0
1.75,21.4,54.4,44.3,0.92,0.06,283.1,33.1,0
1.74,20.55,44.1,44.1,2.66,0.28,637.3,30.3,0
2.33,24.12,44.5,28.1,0.82,0.96,669.4,42.2,0
1.65,22.37,47.7,52.1,3.05,0.92,411.4,38.3,0
1.99,23.78,58.7,37.2,1.1,0.17,465.3,29.7,0
2.4,21.92,55.7,36.8,3.1,1.12,383.7,15.9,0
1.81,14.78,51.9,32.4,3.68,0.66,546.7,41.1,0
2.84,22.14,34.2,37.4,1.42,1.27,558.6,26.1,0
2.69,22.29,42.3,53.0,2.21,2.63,529.4,32.4,0
1.57,23.09,42.8,52.5,0.82,0.44,385.0,31.3,0
1.83,19.33,59.2,54.6,3.66,0.51,705.8,27.2,0
1.29,16.62,42.6,37.7,3.5,1.36,412.7,24.6,0
1.89,24.81,57.5,50.1,2.69,3.57,582.9,25.6,0
2.51,20.77,39.3,41.8,3.38,0.8,618.3,9.2,0
2.03,22.77,40.1,57.5,3.48,0.22,243.3,19.8,0
2.38,20.73,49.8,52.3,1.51,3.28,550.2,24.6,0
1.59,21.97,60.7,41.4,0.33,0.76,688.0,28.4,0
2.52,19.98,42.9,58.4,0.3,0.74,497.9,32.1,0
1.98,17.64,19.4,53.1,0.74,0.93,634.8,24.0,0
2.2,24.13,29.4,34.1,2.36,0.35,398.3,32.8,0
2.16,19.29,48.0,31.3,1.99,1.84,658.1,26.4,0
1.69,22.74,30.3,34.5,4.4,1.23,329.4,25.5,0
1.74,23.85,36.3,64.5,2.82,3.72,496.7,28.4,0
2.59,19.36,45.1,37.8,1.65,0.27,685.2,33.1,0
2.36,16.58,20.5,66.8,3.43,1.16,676.9,26.4,0
2.62,32.92,41.2,37.3,4.82,0.87,305.0,30.6,0
2.33,19.63,33.4,36.3,0.55,2.7,467.9,33.2,0
2.26,24.81,30.0,56.8,1.77,0.04,410.1,31.8,0
1.51,30.73,37.0,57.3,1.94,1.72,677.0,23.3,0
2.09,25.55,34.3,53.6,1.96,1.17,488.8,24.6,0
2.19,20.65,49.7,54.8,6.02,1.12,522.2,32.1,0
2.98,21.7,57.0,40.0,5.08,2.5,572.3,27.1,0
2.47,18.25,41.4,56.3,5.97,1.07,317.9,22.5,0
2.81,25.97,39.0,50.4,0.58,1.51,544.8,28.3,0
2.44,24.55,40.9,44.3,1.33,1.25,348.5,33.4,0
1.92,19.69,33.9,48.9,1.22,0.09,426.5,34.4,0
2.25,17.31,32.1,58.6,4.38,0.14,433.5,35.1,0
2.29,16.05,28.5,51.9,2.81,0.5,572.6,28.2,0
1.82,26.44,31.7,26.4,3.73,1.35,381.1,30.7,0
2.05,22.54,61.3,56.9,1.37,0.03,428.8,35.7,0
2.12,22.97,38.1,56.1,0.96,1.78,548.6,23.5,0
2.84,18.3,15.6,44.2,0.75,0.27,707.8,34.8,0
1.37,15.41,39.1,49.2,3.53,0.98,565.6,32.9,0
2.68,26.33,29.1,49.1,1.15,0.27,669.6,32.9,0
1.83,22.19,45.6,28.2,0.3,0.23,181.4,16.2,0
1.65,26.08,44.5,44.0,0.93,0.49,715.3,24.2,0
2.67,20.26,45.6,44.4,2.09,3.05,371.4,23.7,0
2.49,20.93,44.6,46.4,5.62,0.33,408.7,38.0,0
2.7,25.21,41.3,42.7,2.42,0.06,791.2,21.8,0
2.52,25.3,30.4,54.6,0.96,2.57,525.5,20.5,0
3.02,25.59,44.3,39.9,1.08,0.69,387.5,19.5,0
2.42,20.67,55.2,57.1,1.67,1.16,408.2,25.4,0
2.14,24.77,63.1,54.2,4.75,2.6,292.5,30.8,0
2.34,26.99,42.6,61.6,3.43,1.69,502.2,40.9,0
2.7,21.53,43.7,65.3,3.31,1.91,449.6,25.3,0
1.89,19.69,50.0,65.4,0.53,0.78,600.4,22.7,0
1.94,28.04,59.9,36.1,0.37,1.4,757.8,38.9,0
2.08,19.05,40.1,51.4,1.65,3.98,311.9,40.0,0
1.36,24.83,51.9,40.8,3.6,2.65,589.4,15.7,0
2.26,21.74,36.8,80.8,4.07,1.14,270.0,24.4,0
1.45,13.71,48.3,54.1,0.38,0.11,565.2,29.5,0
2.22,27.08,54.7,62.2,0.3,4.68,324.0,29.3,0
2.55,9.59,32.1,52.4,0.93,0.31,298.0,43.5,0
2.01,13.07,39.7,21.6,2.7,0.54,882.6,24.1,0
2.87,24.37,54.5,40.2,2.44,0.18,822.2,20.0,0
1.62,24.37,51.2,41.1,0.78,0.22,393.8,22.6,0
2.68,19.13,55.4,44.1,0.92,1.91,785.3,35.6,0
2.47,22.67,53.5,51.6,0.3,0.16,494.1,27.9,0
1.51,10.61,41.6,53.0,1.18,0.25,294.4,39.2,0
3.28,25.18,67.0,21.7,1.23,0.23,597.4,32.5,0
2.17,23.12,46.4,45.6,0.68,0.55,642.4,23.3,0
1.85,21.79,14.4,43.1,1.97,1.42,612.9,34.0,0
1.64,22.09,42.2,61.8,2.6,1.24,246.5,36.4,0
2.11,24.22,40.3,53.9,5.79,1.55,328.5,38.2,0
2.15,21.87,53.0,46.2,1.96,1.56,640.6,18.2,0
2.24,13.57,40.5,50.2,2.32,0.0,327.2,30.0,0
2.08,31.88,56.0,31.1,1.04,1.38,652.7,20.2,0
2.45,27.4,50.6,54.6,0.99,1.38,445.6,25.9,0
2.04,16.22,35.0,44.0,1.23,0.08,253.3,26.4,0
1.43,20.45,43.6,39.9,1.49,0.67,302.2,30.0,0
2.14,20.94,37.2,61.1,1.68,0.1,568.1,31.4,0
1.25,26.85,46.8,50.7,3.44,0.25,575.3,23.8,0
2.34,12.28,37.2,41.3,0.94,0.81,734.3,36.5,0
1.81,19.75,45.7,42.0,1.18,0.01,503.0,37.3,0
2.27,14.08,42.3,51.7,2.34,0.12,470.1,29.3,0
2.73,20.72,43.5,50.9,0.72,0.11,769.6,40.1,0
1.82,19.87,65.5,48.3,2.25,0.16,374.1,27.4,0
2.62,22.36,41.4,36.0,2.58,0.06,457.5,15.0,0
2.03,19.28,25.7,37.4,0.59,1.14,571.2,21.5,0
2.9,18.62,55.2,40.5,0.38,0.24,365.6,24.9,0
2.05,24.79,55.1,46.0,0.58,2.38,567.0,34.4,0
1.86,24.05,25.2,47.6,2.78,2.59,500.7,21.1,0
2.47,24.48,38.0,46.4,1.72,1.41,670.3,27.6,0
2.03,21.2,49.4,46.9,1.73,0.08,437.3,45.4,0
1.86,19.43,50.2,66.8,3.13,2.67,404.2,29.6,0
2.01,21.47,45.0,56.5,2.21,0.65,787.8,39.3,0
2.18,24.26,45.2,59.9,2.85,0.24,627.7,19.6,0
2.74,12.2,35.6,52.6,0.47,1.81,662.9,13.8,0
1.43,23.77,21.0,48.7,3.44,0.51,625.3,16.7,0
2.21,23.39,65.5,52.1,1.15,0.85,398.9,35.6,0
2.45,22.28,35.3,50.3,4.07,1.63,356.0,26.4,0
2.28,21.33,46.8,56.1,0.6,0.13,357.6,25.7,0
2.72,10.45,43.4,38.2,0.99,0.22,413.7,40.1,0
2.17,20.02,54.0,55.2,4.08,4.15,680.0,35.6,0
2.13,30.05,46.1,49.7,3.47,1.5,496.1,31.3,0
2.44,22.06,46.5,29.9,2.47,0.32,641.0,36.4,0
2.24,20.62,18.7,48.9,3.34,1.02,623.5,26.9,0
2.04,22.08,36.7,34.9,0.3,0.25,740.4,30.4,0
2.41,23.6,52.4,42.7,1.08,2.41,620.2,19.5,0
1.94,24.96,51.5,46.4,2.23,0.71,531.9,22.7,0
1.96,20.97,35.5,32.9,3.53,1.97,305.2,26.1,0
1.99,23.91,29.2,47.5,2.0,4.29,791.2,27.8,0
2.74,29.54,46.3,48.7,2.55,4.75,659.7,34.9,0
0.91,26.53,15.9,55.6,1.01,0.18,563.6,36.7,0
2.36,32.53,33.5,43.5,4.29,3.48,531.9,48.0,0
2.21,19.04,62.6,50.7,3.76,0.38,232.9,44.1,0
1.53,29.54,59.5,47.0,0.83,0.53,563.3,36.0,0
2.32,18.44,49.9,43.8,5.39,0.08,420.5,17.6,0
2.39,23.59,48.1,31.3,2.07,1.24,254.0,38.0,0
2.44,25.3,25.5,46.9,1.33,1.24,427.4,41.2,0
1.14,19.7,37.6,55.4,0.67,1.8,536.1,29.0,0
2.75,22.4,42.0,38.7,0.3,3.51,556.0,16.1,0
1.9,26.1,37.8,45.8,2.49,0.67,323.3,29.4,0
2.47,18.8,41.5,47.3,2.23,0.63,295.7,34.3,0
2.5,29.51,58.0,59.0,1.86,1.22,454.6,29.7,0
1.85,15.77,39.6,48.3,3.68,1.32,585.6,25.2,0
2.46,30.73,41.6,50.9,6.14,0.71,381.1,27.5,0
2.05,26.51,52.4,47.9,1.66,3.02,433.3,37.0,0
1.37,21.6,30.8,43.1,3.11,0.06,528.2,31.3,0
2.67,20.19,36.6,36.7,2.78,1.69,376.9,38.3,0
1.89,19.72,37.6,45.1,0.4,0.28,199.0,35.6,0
1.86,21.39,45.6,51.9,0.3,0.82,546.6,26.6,0
2.04,21.78,41.6,49.2,1.66,2.29,238.0,33.9,0
2.31,27.65,41.9,62.8,1.77,0.48,549.5,38.5,0
2.18,30.86,38.4,57.5,0.87,2.76,466.9,29.1,0
2.42,22.9,34.3,60.4,2.9,0.72,465.7,32.7,0
1.66,18.19,51.1,27.7,1.61,1.46,334.6,17.4,0
1.9,19.54,41.6,63.8,3.1,1.54,450.2,24.9,0
2.15,21.18,51.2,50.7,1.35,0.36,368.2,27.0,0
2.96,17.36,33.9,52.1,1.01,2.77,927.2,20.8,0
2.15,16.69,38.3,57.0,1.27,0.16,379.4,28.9,0
2.63,31.44,42.8,48.2,1.5,1.07,655.8,39.9,0
2.22,23.36,43.7,37.3,3.46,3.17,415.2,30.2,0
2.01,18.25,52.5,62.5,2.1,0.04,536.5,37.4,0
2.1,25.67,40.7,40.3,0.47,0.91,501.1,33.0,0
2.13,16.7,52.5,38.1,1.92,0.34,475.2,40.0,0
2.44,17.07,48.7,45.7,4.16,0.26,470.5,27.6,0
2.75,18.39,43.9,44.1,1.76,0.32,537.1,23.3,0
2.34,29.45,35.5,48.0,0.59,2.8,706.5,33.5,0
2.67,20.86,52.6,47.0,1.43,0.67,330.3,17.0,0
1.81,11.01,35.7,61.5,1.93,0.32,234.8,32.2,0
2.03,27.45,44.8,52.6,0.62,3.15,375.4,12.5,0
1.91,20.62,44.5,39.4,1.28,0.47,519.2,21.9,0
2.33,13.68,42.9,40.8,2.4,1.54,455.6,30.5,0
2.06,20.57,41.1,44.1,0.46,0.92,731.3,19.1,0
2.49,24.34,36.8,44.2,1.74,1.36,713.0,25.1,0
1.83,23.82,28.8,42.9,1.9,0.24,431.8,18.8,0
2.22,30.09,59.0,37.0,2.61,1.36,731.7,33.0,0
2.47,18.16,40.1,50.9,1.63,2.84,563.1,36.0,0
1.37,22.21,43.7,43.4,0.75,0.13,390.7,28.0,0
3.05,18.85,43.7,38.5,3.12,0.47,482.0,43.4,0
2.09,15.06,56.0,52.9,3.12,4.32,471.0,26.4,0
1.39,25.98,64.3,56.5,2.42,0.31,389.6,18.7,0
2.26,24.08,46.6,45.5,2.18,0.07,404.9,18.0,0
2.21,23.28,43.4,65.8,1.55,0.07,567.7,27.0,0
2.17,23.92,33.8,70.2,0.35,0.39,440.0,30.3,0
2.6,18.92,30.6,53.0,1.69,0.82,457.6,45.5,0
2.5,17.47,27.3,43.3,5.09,0.38,468.9,20.5,0
2.32,22.17,37.0,50.7,2.99,0.4,474.8,23.6,0
2.38,27.23,24.1,35.8,1.53,2.14,638.1,31.3,0
2.16,29.24,55.8,39.3,3.28,1.75,376.0,28.7,0
2.91,25.58,49.2,31.2,0.51,0.45,534.6,23.8,0
1.61,22.13,42.5,41.7,3.19,0.51,273.0,27.7,0
2.26,23.21,56.1,35.7,3.37,4.19,421.7,20.1,0
2.23,22.05,34.3,54.2,2.43,3.6,303.9,24.9,0
2.53,17.38,36.8,40.5,1.25,4.34,742.7,20.2,0
1.86,22.11,25.7,50.8,1.67,3.36,520.1,35.3,0
1.5,15.99,52.7,55.5,4.61,1.19,436.1,33.2,0
2.26,21.44,36.9,59.7,1.45,0.44,239.5,27.6,0
2.31,29.36,45.2,44.5,1.24,4.19,299.1,28.1,0
2.8,25.7,55.0,51.1,1.73,1.63,627.7,29.6,0
1.69,17.85,58.7,51.4,0.55,1.49,553.2,24.8,0
2.66,21.67,44.7,60.7,1.13,1.92,283.9,16.2,0
3.15,18.25,48.8,55.8,0.3,1.09,284.6,25.6,0
2.05,21.72,36.0,61.0,2.38,1.05,777.2,31.4,0
1.68,26.68,61.8,31.4,3.18,0.54,703.3,34.7,0
2.04,24.94,43.3,41.4,0.79,0.2,544.3,28.5,0
2.21,33.18,45.8,58.3,1.17,0.69,517.4,23.8,0
2.43,27.37,40.9,53.8,4.8,0.87,474.8,31.9,0
1.96,22.92,57.0,46.7,1.18,2.52,311.4,29.2,0
2.82,25.05,47.0,43.3,4.17,0.62,629.1,20.7,0
1.75,21.09,52.6,55.9,0.57,2.57,470.7,15.4,0
1.5,16.93,48.5,28.2,2.14,0.46,609.5,24.2,0
2.64,27.88,42.8,55.9,2.07,3.47,439.4,38.7,0
1.29,26.54,54.3,48.9,2.01,0.05,554.5,31.9,0
2.12,20.92,48.5,43.1,1.56,0.89,428.0,38.4,0
3.45,23.23,35.4,53.0,0.62,0.47,510.4,27.8,0
2.2,27.58,35.1,44.1,0.99,0.42,619.6,27.7,0
1.75,25.81,46.5,48.3,1.57,0.1,419.7,9.1,0
2.18,15.42,54.1,47.5,1.78,1.37,802.9,14.6,0
2.18,23.1,61.4,55.4,1.83,0.6,413.3,31.2,0
2.26,21.25,27.2,49.6,2.46,3.57,520.5,29.3,0
2.46,27.01,45.3,28.9,1.23,1.5,707.3,12.1,0
1.78,26.64,49.9,34.1,0.92,0.7,717.5,28.9,0
2.88,27.93,48.0,37.2,0.68,1.18,570.1,35.0,0
2.3,16.97,55.1,52.6,5.27,0.08,540.3,30.2,0
2.49,18.47,51.6,53.6,2.68,1.07,510.4,24.3,0
1.95,27.01,35.1,64.7,1.71,1.32,703.5,10.6,0
2.71,19.34,34.9,37.9,0.73,0.13,643.6,30.8,0
2.1,15.15,48.1,61.1,0.4,1.38,663.4,21.8,0
2.31,24.4,54.9,28.6,1.25,0.77,745.2,31.6,0
1.83,19.54,46.4,48.2,1.6,0.78,568.7,32.9,0
1.8,30.05,29.2,50.5,0.36,1.54,439.0,34.4,0
2.48,23.33,34.5,50.4,3.12,0.72,552.7,30.7,0
2.02,22.72,51.9,44.9,1.2,0.32,508.4,25.6,0
1.86,20.34,41.5,49.2,6.53,0.43,471.6,32.1,0
1.94,29.16,46.2,35.6,2.83,1.61,439.4,20.9,0
2.48,23.61,55.7,56.7,0.3,0.09,582.2,37.2,0
1.95,20.16,33.0,50.5,0.3,2.21,595.6,23.2,0
2.15,18.43,40.9,51.6,0.76,1.05,395.6,40.7,0
2.21,21.67,39.8,45.2,3.53,1.56,547.4,26.3,0
1.43,17.6,48.6,44.7,1.27,0.51,743.5,31.5,0
1.61,26.63,52.7,53.2,4.0,0.3,388.0,28.9,0
2.33,13.86,30.2,63.9,1.04,1.96,705.3,15.4,0
1.91,21.37,44.9,34.1,1.52,0.13,368.8,31.8,0
2.62,24.75,53.7,33.6,0.82,0.22,554.2,22.6,0
2.59,23.54,26.5,50.7,2.69,0.4,232.8,27.2,0
2.49,18.77,44.4,44.7,0.77,0.52,596.0,28.3,0
2.93,24.97,32.8,49.2,3.21,0.27,466.9,20.8,0
2.17,18.01,38.6,47.8,2.1,2.93,238.3,23.8,0
2.46,21.9,19.9,54.2,2.09,0.03,429.3,36.8,0
1.97,24.93,58.9,45.1,5.18,1.95,764.9,18.8,0
3.18,24.08,41.4,35.9,0.63,0.64,585.5,32.1,0
2.99,18.96,36.9,40.1,1.05,2.17,516.9,25.4,0
2.2,27.39,48.3,46.4,1.25,1.91,579.6,35.0,0
2.35,22.39,34.6,35.5,0.46,0.15,651.5,32.9,0
2.74,25.34,33.6,47.6,0.58,1.32,728.5,23.1,0
2.14,28.88,60.1,48.6,0.58,0.57,456.4,32.8,0
1.94,27.03,63.1,44.4,1.11,2.06,588.9,24.0,0
2.55,27.04,39.1,50.1,0.93,2.28,571.3,40.0,0
2.23,22.87,55.7,31.9,2.17,0.25,516.0,28.8,0
2.27,25.57,48.6,38.5,0.43,0.78,472.0,25.6,0
1.87,22.96,30.9,36.6,0.43,1.08,740.6,25.1,0
1.51,16.56,35.7,56.8,0.45,0.94,539.5,25.5,0
2.29,23.36,60.5,71.1,2.78,0.35,317.4,25.9,0
2.56,23.15,30.7,39.2,1.47,0.38,64.3,33.0,0
2.11,24.63,67.8,45.6,2.73,2.34,643.1,24.5,0
2.77,21.42,39.3,41.1,0.56,0.04,435.5,22.1,0
1.92,18.57,60.8,50.2,2.78,0.37,477.2,35.5,0
1.78,24.95,41.9,41.9,8.33,0.3,561.2,37.5,0
2.17,16.09,53.0,50.8,4.44,0.56,869.1,22.5,0
2.17,28.56,59.0,54.7,5.01,1.39,703.1,26.0,0
2.51,20.96,58.9,35.8,1.91,0.91,466.0,36.7,0
1.89,23.1,39.2,50.7,0.48,0.93,609.6,31.2,0
2.75,24.51,36.4,30.1,0.3,1.58,409.7,39.2,0
2.99,24.66,44.2,45.4,2.98,2.01,616.1,32.9,0
2.18,15.66,32.0,44.8,2.06,0.21,376.6,31.4,0
2.7,25.71,47.4,45.7,3.28,0.14,527.4,25.5,0
1.78,23.36,36.8,44.9,1.01,0.43,532.4,21.2,0
2.63,19.14,55.8,43.1,3.4,2.11,342.3,19.6,0
2.62,18.63,39.3,45.3,1.21,0.94,411.7,27.8,0
2.55,20.5,27.6,50.4,2.55,0.18,173.8,37.9,0
2.19,16.16,59.0,50.7,4.25,0.21,443.1,20.7,0
1.02,29.75,46.8,49.2,1.23,2.74,667.3,27.1,0
1.94,28.69,45.3,42.3,1.79,0.55,799.8,16.4,0
1.95,24.03,55.9,58.8,1.25,0.35,723.8,37.7,0
1.81,20.99,53.7,63.3,2.51,1.42,442.1,22.3,0
2.25,21.11,37.4,35.1,2.4,2.37,499.0,43.9,0
2.03,25.41,40.5,49.6,0.45,0.7,489.3,31.2,0
1.87,29.91,33.9,43.3,3.84,1.88,468.6,38.8,0
1.78,19.43,30.4,57.3,0.4,0.67,646.1,15.8,0
1.91,16.97,50.8,47.9,4.38,1.41,417.3,10.7,0
2.65,28.96,48.9,48.5,2.69,1.03,717.9,25.3,0
1.94,13.96,52.6,52.9,1.03,2.7,520.8,28.3,0
1.99,17.46,57.8,45.0,1.28,0.47,325.1,32.4,0
2.02,20.89,52.7,64.8,3.29,1.77,485.4,38.8,0
2.34,14.98,53.6,53.1,1.33,1.38,571.9,25.8,0
2.38,27.0,24.2,57.3,2.83,2.19,646.5,25.0,0
0.98,25.86,41.9,45.8,4.38,1.12,613.1,26.4,0
2.61,19.41,54.6,46.8,4.18,0.74,452.6,30.6,0
2.77,27.76,33.3,56.1,1.45,0.06,422.2,19.3,0
1.78,28.52,45.9,55.1,2.4,2.2,759.6,15.4,0
1.81,21.49,50.2,35.5,1.34,2.89,504.0,30.3,0
2.02,19.97,49.4,49.3,3.63,0.72,330.0,18.5,0
1.9,32.17,48.7,52.7,0.48,0.3,412.2,36.0,0
2.29,25.25,51.0,46.7,0.3,1.25,205.7,12.5,0
1.42,23.15,46.8,51.8,3.11,0.16,255.7,22.5,0
1.75,28.14,30.4,47.1,0.3,0.05,420.5,18.5,0
2.82,23.36,50.1,25.5,0.83,0.41,380.6,23.3,0
1.83,19.72,47.8,34.9,1.06,1.37,397.0,21.8,0
2.7,22.36,30.5,57.7,2.69,2.02,615.5,35.9,0
2.34,26.67,58.8,45.6,1.79,0.2,631.1,47.7,0
1.48,13.04,50.3,49.9,0.86,3.51,325.3,19.4,0
2.45,20.7,31.2,48.0,0.3,0.96,783.7,23.1,0
2.15,28.22,36.8,39.7,1.17,3.11,515.1,27.0,0
2.02,19.7,39.4,43.3,1.49,0.19,501.2,20.6,0
2.3,28.96,39.4,51.3,5.7,0.73,381.2,31.9,0
2.39,28.37,47.9,52.3,0.3,0.68,454.9,18.3,0
2.48,21.71,35.2,69.9,2.29,0.64,804.3,32.3,0
2.67,19.44,56.3,43.2,1.8,3.2,337.8,28.6,0
2.36,20.71,55.5,64.7,1.89,2.27,540.1,33.3,0
1.65,33.99,51.2,39.4,0.3,1.9,418.6,27.9,0
2.01,30.43,45.4,52.9,3.01,0.4,228.6,33.1,0
3.38,22.56,54.4,49.8,2.15,0.5,269.6,31.7,0
2.49,19.26,42.2,46.7,0.62,0.36,591.6,26.7,0
3.15,22.53,37.8,47.9,0.3,1.89,241.6,31.9,0
2.76,23.1,56.9,41.8,2.62,0.6,314.8,38.0,0
2.3,16.4,48.2,57.0,1.0,4.62,623.3,15.5,0
2.32,22.36,38.2,39.6,2.21,0.54,605.2,13.8,0
2.19,27.95,40.8,51.2,3.36,0.22,508.8,37.1,0
1.5,13.9,37.6,55.6,5.89,3.19,323.3,34.3,0
2.21,25.72,65.2,61.8,5.19,1.83,322.7,38.0,0
2.68,28.19,45.0,57.7,6.44,1.05,301.4,27.2,0
1.96,19.48,46.6,53.7,4.01,2.35,479.9,40.3,0
2.36,29.62,52.2,41.6,0.71,3.58,596.2,48.3,0
2.54,18.89,32.8,40.1,0.92,2.37,436.4,36.1,0
1.84,23.98,56.0,36.6,2.86,2.82,632.7,32.1,0
2.02,20.62,38.9,35.7,1.41,0.38,741.5,33.1,0
1.79,20.62,63.3,48.0,2.25,0.86,558.7,29.2,0
1.87,19.22,41.9,40.7,1.55,1.9,312.0,30.3,0
1.68,25.14,55.4,60.0,1.14,0.9,512.9,31.1,0
1.84,25.82,20.0,42.2,0.53,1.23,703.0,43.9,0
2.77,21.71,33.2,48.9,1.0,3.07,405.4,22.7,0
1.83,15.88,42.1,45.4,1.06,0.42,401.3,26.4,0
2.25,23.81,24.7,34.0,0.83,0.93,671.0,28.0,0
2.0,23.9,51.0,58.9,2.14,0.99,284.6,32.4,0
2.67,21.02,48.1,55.0,3.47,0.53,529.8,29.7,0
2.72,30.4,35.1,56.1,1.34,0.55,407.4,19.0,0
2.55,14.96,44.8,53.9,2.5,1.76,435.1,28.5,0
2.32,12.02,53.1,40.4,3.01,3.18,755.5,27.3,0
2.11,18.71,24.0,40.6,2.03,1.21,427.9,27.9,0
1.72,25.2,32.3,52.5,3.12,0.8,518.2,33.9,0
2.98,17.25,41.6,63.4,0.95,1.67,654.7,36.4,0
1.9,17.59,45.2,51.9,2.49,7.35,307.7,22.1,0
2.47,26.28,44.4,57.8,2.09,0.1,625.4,41.5,0
2.62,24.08,53.9,42.7,4.07,1.27,432.8,17.5,0
1.98,23.7,49.8,59.0,2.54,0.97,308.0,23.0,0
2.62,25.52,52.0,43.8,0.3,1.13,426.1,26.4,0
2.51,20.09,31.1,50.4,0.89,0.03,509.3,32.9,0
2.89,20.29,46.4,44.3,3.25,3.74,536.0,15.9,0
2.01,25.64,41.9,56.9,4.26,0.11,387.6,43.5,0
1.69,15.95,59.6,57.0,3.32,0.44,467.6,15.4,0
2.0,12.36,46.7,33.2,1.92,0.43,291.1,38.8,0
2.28,20.05,38.3,61.3,1.88,1.59,393.8,25.1,0
2.22,26.19,53.5,71.8,3.58,1.33,295.7,28.7,0
2.04,23.15,50.6,44.4,0.78,0.08,488.1,12.5,0
1.44,25.86,36.8,46.7,2.45,0.19,374.4,33.2,0
2.39,12.93,41.5,60.4,0.78,0.46,811.2,26.9,0
2.99,23.42,41.7,48.7,2.32,1.46,557.4,36.2,0
2.39,24.94,57.3,48.0,2.02,3.18,256.1,18.3,0
2.44,15.92,47.0,67.0,2.39,0.45,388.1,38.0,0
2.43,25.88,52.3,34.5,2.36,0.89,605.4,16.0,0
2.36,21.5,40.1,40.1,1.25,0.56,536.7,29.8,0
2.57,35.82,48.3,52.2,1.57,1.03,264.3,17.8,0
2.36,12.2,58.0,31.8,0.96,1.19,381.9,41.7,0
2.07,28.16,41.4,44.3,2.07,0.88,596.5,34.7,0
1.88,20.23,46.2,44.2,0.84,0.59,555.7,39.2,0
2.1,14.72,31.4,57.6,3.62,2.54,586.4,26.2,0
2.33,19.63,37.3,54.9,1.7,1.94,458.0,25.8,0
2.07,23.25,41.7,31.2,5.17,7.73,371.5,27.7,0
2.33,26.67,34.4,41.1,1.77,0.64,308.6,27.0,0
2.38,29.75,58.2,41.1,0.39,0.05,642.4,25.2,0
2.53,28.4,36.6,45.8,3.71,1.26,791.5,26.5,0
2.71,17.66,52.9,37.0,3.73,1.84,541.6,36.2,0
2.23,27.09,46.9,52.5,1.27,3.31,640.4,34.8,0
1.68,23.76,45.3,41.1,1.68,0.01,380.2,19.8,0
2.06,19.05,59.9,53.9,0.92,2.54,496.9,33.0,0
2.22,21.05,22.4,48.0,4.18,0.87,490.6,18.2,0
1.47,18.81,43.0,38.3,2.49,0.56,557.7,38.4,0
2.76,22.17,34.2,61.9,0.92,0.3,511.6,21.3,0
2.26,18.72,25.4,62.2,0.51,2.02,916.6,33.6,0
2.35,17.37,33.1,50.9,1.93,0.54,619.9,32.5,0
2.75,24.16,45.2,45.6,1.18,1.11,694.9,25.9,0
1.95,24.83,37.7,37.4,0.3,0.86,540.6,25.3,0
2.43,21.16,54.0,58.7,0.56,0.37,181.1,26.4,0
2.16,28.15,42.9,56.2,2.63,1.86,567.2,31.4,0
2.13,20.83,41.8,39.9,0.49,0.42,664.3,33.9,0
1.89,20.64,41.8,41.1,4.79,1.86,709.0,43.5,0
2.87,24.97,44.0,52.6,0.9,0.63,489.9,40.2,0
2.05,21.4,40.8,36.2,1.55,0.04,284.7,32.1,0
2.48,22.38,36.5,41.7,1.31,1.75,456.6,29.9,0
1.45,10.66,54.9,37.6,2.01,2.75,282.5,24.2,0
2.67,22.08,38.8,37.9,2.07,0.15,693.1,32.6,0
2.62,13.78,41.2,40.8,0.8,1.06,568.1,37.6,0
2.24,16.51,49.3,57.1,2.22,0.09,423.1,36.1,0
2.11,15.99,48.2,30.5,1.33,2.13,611.3,30.0,0
2.36,17.31,36.1,52.3,0.95,5.3,720.4,23.8,0
3.12,19.53,52.5,50.6,2.67,0.82,617.6,29.0,0
1.49,19.81,50.4,57.7,1.55,0.45,800.0,33.1,0
2.51,24.99,46.8,50.6,4.13,2.24,367.2,36.3,0
1.84,23.0,40.7,44.2,0.72,0.88,645.9,29.7,0
2.19,13.45,40.9,39.8,0.3,0.72,281.1,34.7,0
2.1,22.37,43.0,57.9,2.23,0.31,784.1,35.4,0
2.03,23.43,32.7,53.0,0.72,1.15,609.2,26.0,0
2.2,20.52,44.6,43.1,0.66,1.12,444.0,24.0,0
1.75,21.73,53.9,57.1,0.67,0.37,326.6,39.9,0
2.61,22.86,53.8,43.5,3.72,0.29,419.0,33.0,0
1.48,25.44,41.2,48.0,6.06,0.69,461.1,31.9,0
2.42,14.91,55.6,42.0,2.54,0.72,532.4,24.2,0
2.07,20.9,64.1,53.3,0.65,0.16,497.4,13.6,0
1.73,28.79,41.8,38.1,0.61,0.39,405.0,31.4,0
2.28,28.37,51.9,45.0,5.95,0.21,673.6,31.4,0
1.58,25.83,22.4,41.5,1.05,2.78,245.1,32.8,0
2.22,24.42,32.4,50.6,4.98,0.09,586.0,28.0,0
1.63,29.45,45.9,51.9,3.15,2.53,527.9,24.1,0
2.38,30.63,34.9,37.0,4.12,0.9,499.0,29.9,0
1.83,21.42,65.4,52.1,4.47,1.31,594.5,36.8,0
2.02,17.64,51.0,33.2,1.77,3.08,399.8,31.8,0
2.32,20.78,54.7,69.9,1.7,0.55,384.5,18.6,0
1.89,35.94,44.7,42.9,1.46,1.46,456.6,26.7,0
2.18,14.94,35.0,58.5,1.96,1.34,421.0,23.5,0
1.59,19.88,39.8,50.0,4.95,5.34,464.5,39.2,0
2.45,15.64,47.5,50.4,3.81,0.06,608.0,26.5,0
2.91,22.56,38.6,36.3,1.56,0.73,516.6,38.5,0
3.32,16.59,51.7,56.4,1.88,5.47,504.5,29.6,0
2.24,21.51,52.1,48.5,0.69,0.48,534.7,25.1,0
2.52,13.22,45.0,52.7,4.04,4.05,450.5,21.3,0
1.49,24.78,26.7,47.1,1.26,2.04,635.5,25.5,0
2.8,27.5,62.1,49.3,1.35,0.5,584.8,28.1,0
2.51,20.27,42.9,39.1,1.23,0.04,500.8,20.2,0
2.01,21.39,72.1,46.5,3.36,0.39,330.1,32.5,0
2.69,21.26,51.5,43.8,2.31,0.16,696.4,22.1,0
2.1,22.81,42.9,40.9,0.45,0.67,599.7,17.8,0
2.02,21.83,49.5,49.3,1.55,3.37,585.1,18.8,0
2.39,25.46,24.8,51.6,0.67,0.86,754.9,24.6,0
1.77,27.55,55.3,50.5,5.94,0.71,604.3,31.8,0
2.61,18.34,70.7,47.0,0.3,0.29,492.7,39.5,0
1.78,20.61,24.1,52.1,0.46,1.17,423.4,26.3,0
1.78,26.06,42.1,50.4,0.61,0.73,417.6,30.3,0
1.84,15.6,43.9,49.0,0.92,1.78,541.4,27.5,0
2.5,13.13,53.8,49.7,0.49,0.87,645.0,13.1,0
1.95,23.02,66.1,59.8,1.72,2.61,646.7,30.6,0
1.66,24.23,48.8,35.9,0.82,1.83,292.9,27.8,0
1.96,18.75,66.4,44.8,0.97,0.19,638.7,17.0,0
2.19,19.4,46.7,51.4,0.31,0.18,455.6,39.8,0
1.73,18.58,49.5,32.2,1.36,0.03,411.7,32.2,0
1.74,18.1,48.3,61.8,2.6,0.55,554.9,16.3,0
3.04,25.12,57.2,50.5,3.11,0.07,618.2,31.7,0
1.86,16.69,40.8,57.6,1.54,0.72,315.0,49.2,0
2.07,20.81,53.2,59.2,1.87,0.33,532.6,28.0,0
2.05,17.93,32.7,52.1,1.53,0.83,256.8,32.8,0
2.03,15.45,42.2,25.7,1.88,0.21,618.8,24.0,0
2.45,25.92,38.6,49.5,3.89,0.96,333.6,24.9,0
2.58,19.66,45.9,50.1,4.47,4.07,528.6,38.9,0
2.08,22.85,41.8,37.1,0.33,1.22,445.0,32.5,0
1.71,15.21,56.3,30.1,2.38,1.0,414.4,35.5,0
2.71,18.66,36.2,52.6,3.3,1.86,199.9,26.4,0
2.16,25.4,27.7,35.5,1.35,0.01,290.1,31.2,0
2.89,33.64,31.4,68.6,2.57,0.4,488.7,27.5,0
1.3,13.11,54.9,50.6,2.45,5.21,360.5,32.3,0
2.28,21.1,35.3,61.5,1.58,1.83,452.2,27.2,0
2.97,23.86,49.0,48.3,2.22,0.11,382.0,40.4,0
2.06,19.23,42.1,55.5,1.17,0.47,458.3,26.3,0
2.11,25.82,53.2,48.5,0.83,0.7,319.7,31.0,0
2.32,18.1,42.7,58.1,1.41,3.27,428.6,15.4,0
1.98,22.69,72.6,27.6,1.51,1.06,459.8,36.3,0
2.08,19.65,64.0,56.9,1.35,0.1,504.4,19.8,0
2.06,27.49,41.8,54.7,0.45,0.85,226.3,23.5,0
1.95,18.96,40.5,46.5,1.56,0.41,507.7,19.3,0
2.69,20.42,76.3,43.9,1.85,0.5,333.2,18.0,0
2.38,26.26,34.2,45.0,3.71,0.15,295.1,34.8,0
2.3,17.37,44.4,50.8,2.82,0.74,684.7,22.5,0
2.52,22.31,45.2,60.1,3.0,1.33,609.4,17.8,0
2.09,13.8,45.0,42.7,0.74,1.71,582.6,17.4,0
1.89,17.1,27.6,31.0,2.88,1.43,466.9,35.8,0
1.96,23.72,50.0,72.8,2.08,1.3,412.9,25.5,0
2.2,17.54,35.3,54.7,2.38,2.44,723.1,27.7,0
1.78,19.55,59.4,44.1,0.66,0.48,520.2,34.5,0
2.0,24.22,30.4,59.9,2.97,0.29,365.2,32.1,0
1.99,19.39,45.6,57.3,2.11,0.11,350.8,29.3,0
3.05,25.7,22.8,52.9,1.21,0.22,546.7,36.9,0
1.09,22.97,23.5,43.2,1.32,0.19,447.8,19.0,0
2.13,23.96,36.6,54.7,1.65,2.92,655.0,25.8,0
2.89,27.58,38.0,58.9,1.75,0.24,510.8,34.4,0
2.25,23.44,59.7,30.8,0.39,0.12,319.9,40.9,0
2.5,28.92,44.6,50.2,1.31,0.61,779.1,41.7,0
2.24,26.1,57.9,51.0,1.78,0.22,346.9,19.6,0
1.93,19.64,41.2,50.7,2.53,0.17,316.7,28.5,0
1.3,27.82,51.1,48.5,1.27,0.54,487.4,31.4,0
2.28,23.19,37.7,59.9,0.66,3.02,569.9,26.9,0
1.89,20.22,37.1,45.9,2.2,0.04,365.1,32.9,0
1.88,23.25,26.8,48.0,0.37,0.28,604.3,43.8,0
2.0,27.01,48.4,51.2,2.86,2.09,426.0,21.7,0
2.9,24.05,47.6,46.2,3.94,0.34,866.8,19.2,0
3.16,30.2,52.8,34.1,1.26,0.7,550.0,32.5,0
2.29,26.89,47.1,50.1,2.56,0.12,337.3,24.7,0
2.01,24.35,65.3,50.3,1.66,1.9,394.5,32.7,0
1.73,17.38,46.8,44.3,0.74,1.6,574.0,29.4,0
2.39,21.19,54.9,46.7,3.69,0.16,378.2,26.7,0
2.91,22.32,41.8,20.0,0.41,3.55,488.6,23.2,0
2.1,25.13,35.9,60.1,1.9,1.07,795.5,28.7,0
1.25,24.87,52.2,57.0,3.09,1.92,596.0,25.3,0
2.47,22.76,44.1,34.6,3.65,1.73,589.2,35.8,0
2.59,22.54,53.3,41.2,3.58,0.88,797.6,28.7,0
1.57,25.24,48.5,62.5,0.79,1.65,386.2,19.1,0
2.27,18.14,37.1,36.5,1.77,0.33,497.5,37.8,0
2.38,29.63,55.7,52.8,2.14,0.03,454.5,27.0,0
2.17,12.79,36.3,43.1,1.01,0.5,406.0,42.6,0
1.88,28.55,51.3,52.1,5.54,0.2,461.7,26.1,0
2.61,21.8,57.8,48.5,2.22,4.76,431.6,22.4,0
2.04,26.51,41.2,45.2,1.12,3.09,401.3,25.9,0
1.61,23.64,56.6,51.9,0.36,0.19,455.7,27.3,0
1.38,23.56,49.0,43.1,0.38,0.51,401.9,26.2,0
2.7,24.49,53.5,30.2,5.22,0.85,548.6,23.6,0
2.45,25.64,36.6,38.7,1.76,0.61,356.8,24.8,0
2.24,20.52,47.1,37.5,0.3,1.44,652.5,39.6,0
2.02,26.66,30.9,32.0,0.75,0.84,608.9,26.2,0
1.99,17.12,62.1,51.7,3.82,1.0,566.9,43.0,0
1.77,21.98,24.9,46.3,2.67,1.36,431.2,35.3,0
2.03,25.76,41.5,51.5,0.51,0.03,506.6,27.6,0
1.35,26.48,35.7,53.2,1.44,0.02,481.2,32.6,0
1.91,24.07,51.7,55.6,0.67,0.24,504.0,24.3,0
2.08,20.23,64.2,52.1,1.45,1.52,299.1,35.5,0
2.44,26.04,51.5,38.2,2.88,0.33,515.7,37.3,0
2.18,18.99,74.6,53.8,0.42,3.03,548.8,32.2,0
2.52,29.88,31.2,50.2,0.97,0.1,716.6,24.5,0
2.74,21.62,32.0,69.9,0.71,1.04,349.0,32.2,0
2.62,15.07,36.1,48.1,0.38,0.03,322.2,23.1,0
2.39,16.62,46.2,51.8,5.37,4.29,647.5,18.3,0
2.2,22.2,34.7,47.1,0.94,0.29,273.2,29.8,0
1.81,22.63,37.5,48.5,0.37,1.06,718.3,16.6,0
2.5,30.86,51.2,47.8,1.86,3.67,677.5,25.1,0
2.87,17.33,32.6,43.7,1.63,0.04,587.2,30.6,0
2.34,22.18,33.7,49.8,3.4,0.86,272.4,38.9,0
2.97,17.23,41.0,54.2,1.53,0.9,476.1,23.5,0
1.59,19.78,42.0,43.8,0.89,0.52,492.1,20.9,0
1.74,29.58,55.1,56.4,2.24,1.28,543.4,33.5,0
2.54,16.89,36.0,55.1,2.3,0.94,583.1,29.5,0
2.31,24.64,37.8,39.2,1.33,0.34,387.6,28.5,0
2.73,23.77,50.8,38.4,4.42,1.47,659.2,17.6,0
2.19,21.89,53.0,52.5,0.96,0.75,578.1,35.6,0
1.85,24.34,59.3,42.1,2.04,0.76,576.6,13.2,0
2.11,16.78,49.7,37.5,0.3,3.64,466.5,29.4,0
1.59,29.45,46.3,65.2,3.35,0.92,558.2,36.6,0
1.75,30.66,50.8,38.3,0.45,1.84,178.6,28.8,0
2.59,22.21,42.3,32.8,1.9,2.42,559.6,26.3,0
2.55,32.9,42.3,40.2,1.45,1.04,748.7,20.7,0
2.35,20.2,27.3,50.3,1.86,1.85,617.1,24.0,0
1.51,23.8,53.9,48.7,1.6,0.44,599.6,43.4,0
2.06,28.44,47.1,66.9,1.88,0.24,615.9,24.2,0
1.71,19.93,52.8,40.3,1.79,1.43,681.4,31.2,0
2.67,15.78,16.8,50.4,1.18,3.13,470.1,22.2,0
1.97,14.75,44.5,59.3,1.07,0.05,647.8,25.9,0
1.77,31.27,36.4,41.4,3.53,1.73,568.6,16.6,0
2.21,19.62,60.0,55.0,1.58,0.03,509.7,27.7,0
1.94,21.16,51.1,29.7,3.37,0.74,702.6,25.5,0
2.79,16.99,47.3,65.6,2.04,1.36,396.9,37.4,0
1.91,26.27,40.7,57.9,0.41,0.62,402.5,22.1,0
1.64,18.48,49.0,41.2,0.76,0.43,146.5,25.0,0
1.34,19.79,35.7,56.3,1.79,0.25,360.6,34.3,0
2.19,23.35,44.0,61.1,3.17,4.57,434.0,27.8,0
1.98,17.21,39.2,35.1,2.87,1.01,492.5,26.9,0
1.63,21.2,67.7,42.0,1.89,0.16,567.3,26.8,0
2.68,28.31,59.7,61.5,1.23,0.06,632.2,21.1,0
2.47,23.93,55.6,48.7,1.4,0.33,300.6,25.0,0
2.19,22.59,30.1,52.4,0.73,0.93,516.5,28.6,0
2.75,22.97,53.6,48.7,1.51,1.67,352.5,19.9,0
2.47,20.25,46.9,56.9,0.37,4.75,300.5,20.6,0
1.87,30.98,57.2,53.1,1.26,2.15,548.6,36.5,0
1.78,18.35,48.2,49.1,6.46,1.14,515.2,31.5,0
2.53,22.95,44.9,27.0,0.86,1.32,574.0,30.1,0
2.36,22.52,47.3,54.4,0.57,0.89,587.0,24.2,0
2.27,26.54,26.9,55.3,0.41,0.68,427.7,29.5,0
1.86,26.96,37.3,35.6,0.97,1.84,664.2,11.2,0
2.44,21.86,48.7,36.3,0.74,0.23,362.2,19.6,0
1.9,23.31,56.4,53.2,1.43,0.49,341.7,32.4,0
2.16,23.48,39.5,49.9,4.8,4.62,559.7,23.3,0
2.78,11.78,44.6,28.3,4.53,1.02,532.2,26.5,0
1.94,14.85,29.0,39.8,0.98,0.83,378.5,30.5,0
1.57,19.28,59.6,51.1,2.2,2.28,375.1,22.7,0
1.78,19.47,56.1,54.8,1.51,1.72,557.0,23.7,0
2.6,16.6,51.5,42.2,0.3,0.47,537.5,25.5,0
2.3,25.37,49.1,46.5,3.79,1.18,344.3,29.1,0
2.15,22.01,60.5,39.2,0.37,0.25,403.6,16.6,0
2.0,21.03,36.9,61.2,2.43,0.07,363.4,30.1,0
2.39,16.35,35.9,49.7,2.49,5.51,182.0,27.8,0
1.86,21.8,55.6,41.3,0.82,1.6,704.6,28.8,0
2.32,10.18,54.9,36.4,1.45,3.2,535.8,22.8,0
1.91,21.27,33.1,35.3,1.89,2.14,673.8,27.6,0
1.84,22.28,39.7,66.1,2.73,0.67,454.2,34.7,0
1.95,23.09,61.9,46.3,2.2,2.37,354.2,32.8,0
2.05,14.96,49.1,44.0,3.64,1.85,368.8,36.6,0
2.18,23.01,52.9,45.9,0.77,0.36,368.7,21.7,0
2.29,17.31,33.4,41.7,2.19,1.17,422.2,32.8,0
0.72,18.34,51.6,46.9,0.66,0.44,267.8,23.6,0
1.88,25.23,30.8,48.3,2.83,0.32,442.0,12.1,0
2.04,31.06,25.2,48.2,2.01,0.1,413.8,34.5,0
2.8,22.23,52.3,35.4,2.02,0.94,631.0,33.4,0
1.77,18.32,59.3,56.9,0.9,0.6,580.6,38.4,0
2.27,22.85,42.5,42.5,3.54,0.11,442.6,17.8,0
2.8,26.23,39.5,41.4,1.51,1.52,571.4,29.1,0
1.67,24.79,62.1,41.0,0.36,1.54,335.7,26.4,0
2.36,34.34,43.1,37.5,0.43,0.32,310.6,36.0,0
1.88,18.78,44.3,50.7,1.65,3.75,485.9,18.3,0
2.0,23.14,61.9,56.9,1.68,1.81,515.3,26.2,0
1.88,28.97,41.5,40.8,6.51,1.96,479.0,28.7,0
1.91,28.69,38.5,29.6,4.48,0.0,703.4,33.2,0
3.29,13.22,53.2,37.7,1.73,4.6,603.1,30.9,0
2.54,21.98,37.9,43.5,2.72,5.56,655.2,27.8,0
2.64,28.68,43.6,35.7,0.54,0.85,417.0,25.8,0
2.4,35.01,31.8,42.0,4.46,5.04,549.9,27.4,0
1.56,25.17,46.9,42.5,2.55,1.14,343.5,33.3,0
2.36,20.34,45.7,47.8,1.45,0.17,390.3,22.2,0
2.63,17.46,54.7,33.5,1.13,2.02,549.7,26.4,0
1.86,31.98,53.6,53.8,0.3,0.98,366.6,26.4,0
2.59,25.28,50.5,64.6,1.8,0.5,381.3,13.4,0
2.48,18.18,48.9,62.3,0.84,0.32,564.6,14.3,0
2.94,21.09,44.3,42.2,2.96,0.88,385.4,17.6,0
2.03,23.4,51.1,54.7,2.66,1.41,644.3,26.5,0
1.76,24.45,33.9,53.5,1.57,2.51,467.9,31.5,0
2.06,17.95,21.5,47.6,3.3,1.1,474.1,23.7,0
2.77,19.24,56.6,49.8,6.94,0.64,537.7,16.6,0
1.47,14.56,51.7,54.8,1.93,1.2,479.8,34.6,0
1.37,26.68,43.7,56.8,1.56,0.82,542.0,30.0,0
2.24,20.46,55.7,39.9,1.82,1.27,362.4,26.4,0
2.02,24.1,37.7,55.5,0.7,1.13,91.8,29.7,0
2.2,28.4,37.9,64.7,2.33,4.62,288.1,20.6,0
2.58,22.99,36.6,56.8,2.18,1.17,431.7,35.2,0
1.98,21.49,50.7,63.4,2.43,1.41,573.6,30.2,0
1.45,22.87,29.2,22.2,1.98,2.68,823.8,27.0,0
3.02,22.28,37.3,54.0,3.23,2.93,411.0,25.6,0
1.8,27.61,47.9,50.6,2.91,0.18,401.9,28.5,0
1.78,23.4,33.0,58.3,3.25,0.73,550.6,31.4,0
2.64,19.55,38.4,36.7,0.87,3.43,533.2,15.8,0
2.05,26.72,22.9,42.9,5.95,3.86,538.4,22.5,0
2.17,27.54,51.1,57.0,3.11,0.25,461.6,25.7,0
2.39,15.98,38.1,37.4,2.28,0.7,202.9,25.4,0
2.63,28.9,34.0,50.4,5.01,0.39,529.6,23.0,0
2.07,23.64,32.0,47.8,6.54,1.88,492.9,33.4,0
2.81,23.27,40.8,46.0,2.95,2.29,261.7,23.2,0
1.35,26.53,29.2,53.7,0.7,0.76,587.2,20.5,0
2.5,19.45,64.4,36.8,1.32,1.35,609.5,24.7,0
1.86,26.29,21.2,40.2,1.53,2.45,583.7,38.5,0
2.75,20.3,40.5,46.6,3.3,1.48,439.0,28.1,0
2.26,15.36,46.1,36.0,3.09,0.2,533.1,24.6,0
1.93,17.51,37.2,60.3,2.74,1.49,365.3,25.7,0
2.47,24.55,47.1,40.0,1.37,0.21,292.2,15.7,0
2.56,17.75,37.0,55.9,2.57,1.27,485.2,26.7,0
2.46,29.25,60.3,39.2,4.59,0.49,274.7,29.7,0
1.79,27.35,33.8,55.0,1.49,0.07,480.0,31.1,0
2.01,28.0,21.5,31.9,0.3,0.31,492.2,26.9,0
2.2,22.56,32.0,62.1,1.46,0.76,377.4,22.8,0
2.18,23.16,48.9,59.4,1.79,6.14,791.1,34.3,0
2.5,16.63,43.8,42.5,2.3,0.35,410.2,25.4,0
1.39,26.48,52.5,39.7,3.33,4.62,531.8,21.1,0
2.33,23.71,50.0,52.6,0.41,0.54,471.4,22.6,0
2.08,24.55,38.6,32.7,0.96,3.86,640.9,25.6,0
1.86,29.6,40.1,48.3,0.49,3.75,449.8,25.9,0
1.9,19.27,41.1,39.9,3.81,0.19,309.9,24.2,0
2.11,21.43,63.8,45.5,3.39,2.12,562.2,30.2,0
0.76,23.47,51.9,41.6,1.95,0.87,274.6,27.4,0
1.92,17.79,63.9,40.0,1.08,1.39,372.8,34.2,0
1.85,21.16,53.4,65.0,6.93,1.8,423.4,28.5,0
2.41,24.22,44.4,55.8,1.22,0.16,429.1,25.5,0
1.88,20.54,34.8,33.2,2.89,1.93,448.0,24.5,0
2.11,27.89,47.0,39.2,0.84,0.43,436.1,25.2,0
2.82,15.2,44.4,56.6,6.61,1.58,518.8,20.5,0
2.6,27.05,44.1,57.7,4.26,1.02,398.0,26.3,0
2.56,24.98,42.9,34.1,2.21,1.38,565.2,31.4,0
2.0,19.44,24.5,55.0,1.92,1.17,373.7,33.4,0
2.42,17.84,57.6,50.7,0.76,2.0,309.6,29.3,0
2.11,12.64,44.5,28.6,2.13,2.7,330.3,51.7,0
2.12,18.42,30.9,44.0,1.71,0.72,438.3,30.3,0
2.36,26.71,49.8,46.6,2.13,0.6,645.7,15.9,0
1.96,21.75,36.4,48.5,3.99,0.33,495.9,30.9,0
2.8,27.23,50.6,34.8,4.9,2.02,430.9,35.9,0
2.14,19.21,53.8,40.4,0.65,4.09,494.0,26.1,0
2.45,25.18,55.2,41.8,1.73,0.26,318.5,17.7,0
2.78,18.77,43.4,42.6,1.74,0.73,244.0,15.3,0
2.61,17.65,40.9,42.8,1.38,1.77,351.9,27.3,0
1.64,21.52,38.7,46.7,1.34,1.21,342.7,20.9,0
2.38,19.01,37.8,51.1,0.59,2.03,859.9,26.5,0
2.54,15.06,44.8,65.7,2.91,0.02,788.3,25.4,0
2.56,21.18,42.9,56.7,1.24,2.91,786.7,38.3,0
1.75,22.48,36.7,61.2,1.61,0.08,317.6,33.9,0
1.94,27.71,33.6,43.2,1.56,0.71,763.2,24.1,0
2.6,26.22,43.9,38.0,0.36,0.39,393.1,25.1,0
1.9,27.49,40.7,56.0,1.08,3.16,746.7,34.5,0
2.08,25.24,33.6,47.8,3.94,0.39,565.8,28.8,0
2.83,23.5,53.3,55.3,4.71,0.56,351.1,30.2,0
2.18,16.47,62.7,39.2,2.48,2.63,748.3,36.3,0
1.91,22.67,54.6,54.5,0.3,0.93,742.2,22.6,0
1.85,24.69,37.8,46.2,4.61,2.74,340.9,34.7,0
2.33,28.56,44.5,43.4,0.67,1.3,548.8,25.2,0
1.67,25.09,60.4,44.3,0.63,0.1,209.5,12.3,0
2.1,27.58,33.3,52.9,3.16,0.68,440.7,19.8,0
2.33,17.36,52.8,55.7,2.37,0.23,441.8,21.5,0
2.72,20.53,30.5,44.3,3.74,0.08,438.7,37.4,0
2.47,23.93,61.8,51.4,5.33,0.56,741.8,27.1,0
1.91,27.22,40.7,51.4,2.45,2.87,299.6,25.9,0
2.67,21.35,67.3,55.4,4.31,0.15,466.4,38.5,0
2.08,21.63,62.3,57.9,0.66,0.01,613.2,22.6,0
1.71,25.09,43.9,66.1,2.08,3.28,302.7,25.2,0
2.13,16.93,37.8,43.3,4.03,0.91,367.5,28.2,0
2.78,29.23,46.9,62.6,1.11,0.98,667.3,27.6,0
2.27,18.04,43.2,49.2,2.98,3.16,701.7,30.4,0
2.21,13.37,41.0,37.1,4.17,1.45,435.0,31.8,0
2.85,22.05,28.4,41.5,1.8,2.1,628.6,22.2,0
1.63,29.64,39.9,52.7,1.73,1.77,733.5,14.9,0
1.69,24.64,33.9,55.2,3.26,1.14,438.9,30.8,0
1.55,25.38,50.5,37.8,0.3,1.4,618.7,15.0,0
2.35,22.19,54.9,40.4,1.28,0.99,436.6,30.3,0
2.27,21.31,52.4,42.7,0.3,0.53,297.0,33.1,0
2.82,15.05,48.4,39.4,2.11,0.4,500.5,35.9,0
2.3,11.83,36.5,29.2,2.82,0.23,463.3,27.1,0
2.04,22.88,47.1,25.8,1.33,0.52,361.0,42.1,0
2.2,27.91,52.9,44.2,1.71,1.03,449.1,18.3,0
2.25,23.55,39.1,50.5,0.94,1.06,466.0,38.2,0
1.53,24.81,46.2,54.6,1.08,1.38,541.8,22.6,0
3.28,29.13,43.5,34.4,3.3,2.54,655.9,28.3,0
2.41,23.48,61.6,34.5,1.56,1.27,656.1,29.1,0
2.28,21.45,53.5,42.7,1.57,0.22,487.0,37.4,0
2.45,18.32,51.1,48.0,2.05,0.03,418.0,20.3,0
2.48,31.1,27.8,58.1,6.02,0.26,701.0,43.0,0
2.14,24.37,46.7,55.2,2.9,2.86,485.0,13.0,0
1.95,17.75,43.4,44.3,1.53,1.01,410.4,27.4,0
2.44,16.73,43.4,51.6,2.83,2.27,525.5,32.0,0
2.35,27.64,29.4,39.6,2.19,0.32,226.1,35.2,0
1.88,17.33,34.1,48.7,1.48,1.48,429.5,18.0,0
2.77,30.34,44.3,47.4,0.3,1.58,419.4,14.2,0
2.32,9.6,56.1,62.0,2.84,1.99,381.6,37.2,0
2.49,28.4,39.1,52.9,3.69,0.92,557.0,29.7,0
2.76,24.19,41.0,40.3,0.3,1.89,661.6,14.7,0
2.21,22.53,62.8,40.4,2.44,3.29,753.9,24.4,0
2.33,21.21,42.0,44.7,4.5,3.79,425.6,22.8,0
2.52,30.51,43.7,32.4,0.77,0.16,457.6,35.9,0
1.91,25.18,43.8,45.7,1.64,1.17,398.0,25.5,0
2.22,17.94,31.5,46.6,1.78,0.14,580.7,26.7,0
2.25,14.26,50.7,52.7,4.13,3.07,219.9,26.2,0
1.82,22.8,38.5,54.1,0.93,3.73,441.6,39.7,0
3.13,22.0,44.7,49.0,3.78,0.83,543.7,34.4,0
1.64,15.16,49.4,31.7,5.01,3.86,406.5,32.8,0
1.68,21.75,64.4,35.8,2.67,1.74,435.7,29.4,0
2.73,19.42,31.8,41.9,1.31,1.43,648.7,29.3,0
2.49,22.04,53.6,54.5,0.41,1.04,491.5,21.6,0
1.79,25.27,53.7,54.2,1.55,0.63,679.2,34.1,0
2.44,28.72,38.6,45.5,1.1,3.98,745.6,25.4,0
2.79,26.09,51.0,71.6,0.53,0.26,579.6,19.0,0
2.19,18.75,61.4,63.6,3.39,1.95,456.4,27.0,0
3.24,23.66,37.4,60.4,1.28,0.55,737.2,28.1,0
1.51,22.28,47.4,55.0,2.65,1.68,121.0,37.4,0
2.48,16.01,49.0,52.6,0.57,0.21,267.3,34.0,0
2.67,23.79,50.3,51.9,1.43,0.56,615.6,21.1,0
2.56,30.36,52.7,29.9,4.71,3.51,871.1,35.3,0
2.12,22.15,46.7,37.5,1.26,0.98,602.4,9.8,0
2.08,14.83,50.1,45.8,1.3,0.81,527.7,30.9,0
2.38,22.14,35.9,49.3,1.92,1.67,430.0,23.2,0
2.53,16.54,46.6,46.8,0.79,0.65,583.4,18.2,0
2.44,25.89,40.2,50.7,2.49,0.82,673.7,19.7,0
2.62,24.36,32.7,27.0,3.48,0.99,612.3,38.3,0
1.79,21.23,39.9,53.1,2.28,5.52,509.4,31.2,0
2.11,20.51,47.7,48.6,0.89,1.96,655.0,30.6,0
1.82,21.04,49.4,46.1,1.41,0.05,545.8,34.8,0
2.05,22.04,32.3,57.3,2.62,1.84,576.5,26.4,0
2.61,18.52,35.6,37.5,3.29,0.84,645.6,37.6,0
2.24,15.76,52.2,45.6,4.37,0.31,359.9,26.4,0
3.24,27.12,50.1,50.8,0.94,2.3,496.6,6.0,0
2.28,20.27,53.9,39.5,3.94,0.38,517.1,39.3,0
2.22,22.75,58.7,28.0,3.14,0.46,319.9,7.4,0
2.24,23.28,50.4,36.5,3.39,0.08,336.5,26.1,0
1.94,23.45,40.9,47.4,2.68,4.56,406.1,33.3,0
2.18,16.72,46.1,45.5,0.74,1.9,656.2,11.5,0
2.65,14.46,61.6,47.8,1.81,0.19,470.6,27.0,0
2.25,19.35,72.6,41.4,0.3,0.81,519.5,26.9,0
1.88,23.78,49.6,34.9,2.1,0.49,546.3,34.4,0
1.83,18.72,50.4,49.4,1.33,0.04,594.7,31.4,0
2.02,20.4,52.3,46.3,0.3,3.14,575.2,18.6,0
2.23,31.57,45.2,54.4,0.79,2.19,510.1,23.5,0
2.68,13.7,56.6,40.5,9.81,5.2,479.2,20.5,0
1.66,18.6,55.1,27.8,0.84,0.33,664.2,15.0,0
2.07,30.53,48.5,22.0,0.74,1.44,426.1,23.4,0
2.26,21.8,41.8,44.0,3.76,0.15,704.0,38.4,0
1.47,18.82,29.8,49.3,0.99,0.68,414.4,31.1,0
1.87,27.26,52.3,45.7,1.2,2.25,457.4,31.0,0
1.93,22.25,47.1,42.3,2.71,0.01,606.2,19.5,0
1.88,20.43,37.6,32.1,1.7,0.79,854.8,14.3,0
2.28,22.87,33.7,29.1,1.72,0.68,209.6,32.0,0
2.14,19.04,51.6,51.7,0.8,1.41,629.9,35.1,0
1.98,17.42,29.0,45.7,3.22,0.33,570.9,29.1,0
2.37,21.49,48.0,44.4,2.56,0.23,432.0,33.3,0
2.89,17.45,53.4,32.6,0.83,1.26,553.9,25.7,0
2.86,22.05,50.5,38.3,1.76,1.23,319.9,28.4,0
1.43,23.59,41.1,48.5,2.97,1.67,381.1,22.9,0
2.43,25.84,32.5,50.8,1.03,0.34,564.2,30.7,0
2.13,27.08,50.9,46.4,1.9,0.02,348.8,26.7,0
2.26,20.17,57.0,61.8,0.3,2.52,522.7,32.2,0
2.04,24.25,39.3,42.2,2.89,0.28,400.4,33.5,0
2.25,24.22,50.1,60.9,0.99,0.65,432.0,25.5,0
2.26,23.48,60.8,50.2,1.95,0.76,661.4,31.6,0
1.97,19.84,48.4,49.1,3.14,0.25,325.2,23.1,0
1.84,17.37,41.0,57.3,2.31,0.88,494.9,40.6,0
2.02,24.26,55.4,41.8,0.71,2.95,571.8,37.9,0
2.29,14.32,37.6,44.7,1.22,0.38,538.7,30.1,0
2.44,20.79,32.0,35.8,2.42,0.88,411.3,22.7,0
2.54,10.51,53.1,57.4,0.3,0.44,554.8,29.7,0
2.0,15.99,40.9,51.4,2.26,4.74,345.5,19.5,0
2.31,18.05,41.8,59.0,0.76,0.3,427.0,30.9,0
2.59,26.94,38.7,50.0,2.61,0.14,738.6,13.1,0
2.67,25.1,40.3,59.0,2.18,0.18,595.9,20.5,0
2.18,19.51,59.0,40.5,3.37,0.55,500.4,30.6,0
2.11,25.28,61.6,57.9,3.05,0.97,567.5,37.7,0
2.28,25.99,62.9,44.0,3.08,1.32,379.1,30.6,0
1.74,21.28,55.9,48.0,1.83,0.99,542.2,25.8,0
2.12,15.77,49.7,55.3,1.72,2.83,432.3,21.2,0
2.5,21.06,30.7,71.3,3.38,0.54,413.0,24.4,0
2.46,21.56,43.1,56.2,1.68,1.5,481.4,15.6,0
2.09,16.45,66.6,57.1,1.01,0.37,409.8,25.2,0
2.29,23.65,40.6,42.5,1.52,1.37,521.2,43.4,0
1.87,23.26,60.1,49.6,1.76,3.12,562.5,28.9,0
2.48,24.0,45.6,47.0,0.97,4.6,459.1,30.9,0
2.17,23.26,18.2,62.1,1.46,1.57,72.2,15.0,0
2.09,25.28,51.4,46.5,0.93,3.43,369.7,37.8,0
2.06,21.19,57.7,61.3,1.48,1.37,337.8,38.6,0
2.17,22.91,44.5,35.0,0.94,3.96,555.5,29.5,0
2.02,20.21,57.3,62.0,0.95,2.74,390.6,32.3,0
2.46,19.37,28.3,39.4,0.65,0.14,424.9,23.3,0
2.04,28.02,31.1,56.5,3.92,0.77,626.0,26.1,0
2.84,12.8,47.0,39.4,2.29,0.51,382.9,46.9,0
2.79,25.95,49.8,54.2,3.2,0.03,530.4,24.7,0
1.84,19.21,58.6,38.4,0.46,0.75,407.3,40.8,0
2.23,18.62,51.4,58.4,4.84,0.19,429.3,42.4,0
1.94,23.18,33.1,56.5,0.87,0.04,325.5,31.1,0
2.07,15.3,47.1,42.0,0.94,0.71,421.8,27.2,0
3.0,18.33,51.0,53.8,4.98,0.32,576.2,18.7,0
2.08,18.18,26.3,57.5,1.33,3.29,355.2,31.8,0
2.34,21.0,44.6,38.8,1.51,2.01,392.7,28.1,0
2.42,18.38,41.6,37.7,0.3,3.75,828.5,27.3,0
1.8,29.21,38.5,37.3,1.72,2.56,538.5,24.7,0
1.86,30.09,50.0,35.9,0.76,1.56,550.8,30.1,0
1.72,12.9,33.5,37.2,2.71,1.09,406.1,31.3,0
1.85,24.45,49.2,57.2,2.47,0.08,656.3,27.8,0
1.06,25.86,50.6,53.6,1.88,0.37,680.7,36.2,0
2.42,24.44,55.8,31.0,2.31,1.49,409.3,27.9,0
3.02,19.04,33.8,42.9,1.61,0.62,660.3,26.9,0
2.26,20.9,29.9,36.4,1.57,0.47,701.0,20.1,0
1.63,18.63,47.8,56.6,0.69,0.13,189.7,26.5,0
1.94,20.11,42.1,43.5,2.91,0.09,628.9,27.5,0
2.02,16.56,74.0,32.6,5.23,0.28,385.4,10.8,0
1.79,21.48,49.6,49.7,1.47,2.16,698.8,31.6,0
2.54,15.24,45.6,54.1,2.01,1.31,379.9,34.4,0
2.52,21.1,43.3,38.5,3.24,0.5,591.0,43.4,0
1.74,16.38,32.8,45.4,4.27,0.08,236.1,21.5,0
2.49,22.93,50.6,39.0,4.14,0.25,667.3,27.2,0
2.81,18.94,44.2,60.4,0.31,0.72,511.0,31.2,0
2.96,23.31,44.2,43.7,0.3,0.2,693.7,27.6,0
3.35,26.87,45.9,40.8,4.38,1.73,392.5,22.8,0
1.84,29.15,47.2,47.5,2.31,1.87,532.0,17.7,0
3.33,10.62,27.6,45.9,4.14,0.18,727.9,28.5,0
2.06,18.25,53.4,54.9,2.3,1.56,496.1,36.6,0
1.96,20.64,36.5,60.2,2.1,0.86,564.4,28.0,0
2.33,24.07,43.6,60.2,0.3,3.94,604.9,27.6,0
1.97,14.57,57.9,44.2,5.92,1.86,267.2,30.7,0
2.36,17.58,62.8,51.1,2.03,1.06,421.8,33.3,0
1.67,22.59,28.0,62.9,2.61,1.11,670.7,30.3,0
2.1,22.38,45.3,63.3,2.81,0.24,192.9,19.3,0
2.71,23.7,47.7,39.2,1.43,2.69,667.7,31.2,0
2.18,24.0,29.9,53.9,1.12,0.98,411.7,23.6,0
2.26,23.52,53.0,52.2,2.92,1.02,808.3,23.0,0
2.39,22.87,46.2,57.3,3.54,1.03,565.5,20.4,0
2.67,22.25,46.9,60.4,3.12,0.39,379.9,27.4,0
1.54,24.99,35.8,37.6,1.25,2.01,646.9,24.2,0
2.43,11.92,49.1,41.1,1.69,2.38,715.0,25.9,0
2.09,28.95,53.4,57.1,2.52,0.41,590.6,21.0,0
2.27,12.08,46.3,49.5,1.14,0.7,433.1,34.3,0
2.62,17.14,39.9,25.7,3.39,0.24,715.7,25.3,0
1.72,20.98,40.6,31.3,2.95,0.33,360.7,22.9,0
1.79,25.03,47.2,54.6,1.72,0.49,660.7,16.2,0
1.43,8.52,45.5,56.4,4.53,2.79,138.8,39.8,0
1.98,21.87,54.0,34.5,1.48,1.18,517.6,17.1,0
2.73,25.57,40.2,59.0,2.33,1.06,416.3,30.0,0
2.15,26.48,32.8,46.0,2.27,3.52,294.1,32.6,0
1.66,18.86,48.6,37.8,2.5,1.88,695.7,25.3,0
2.01,20.65,40.2,42.4,2.96,0.02,177.9,30.9,0
1.6,19.23,52.8,35.8,2.4,0.16,707.6,31.5,0
1.75,20.23,45.1,41.8,4.17,0.34,270.1,33.9,0
2.36,17.36,51.5,29.3,3.35,0.43,658.0,32.2,0
1.73,18.0,34.9,47.3,0.58,2.16,383.1,25.8,0
2.65,23.95,46.4,53.9,5.04,1.76,206.9,25.2,0
2.17,22.59,38.0,34.5,1.27,0.19,432.1,42.3,0
2.23,24.21,32.8,48.2,1.49,0.92,584.6,35.7,0
2.09,22.96,36.4,40.0,4.75,0.14,365.2,23.1,0
2.51,25.17,39.6,54.7,1.44,0.23,539.0,30.3,0
2.51,25.95,57.4,24.9,1.08,0.33,603.5,30.8,0
2.33,14.16,39.3,55.1,1.1,2.83,724.0,27.9,0
2.43,18.16,32.3,29.8,0.56,0.55,509.5,40.3,0
2.12,20.96,46.3,45.9,3.62,2.97,674.9,27.3,0
2.42,21.9,45.3,40.9,1.3,1.67,627.4,27.4,0
2.06,18.98,40.1,44.4,0.3,1.66,486.1,33.8,0
2.2,26.1,43.4,32.7,1.35,1.95,672.1,21.4,0
2.09,30.91,54.8,64.6,6.66,0.12,634.1,24.3,0
2.02,22.84,51.7,35.1,2.47,2.02,475.1,38.3,0
1.92,22.38,50.8,35.9,3.41,0.35,607.0,27.8,0
2.39,25.82,33.2,65.9,3.53,4.96,540.8,22.4,0
2.72,13.6,73.9,51.2,0.42,2.26,582.2,29.2,0
2.67,22.13,55.5,35.5,2.95,6.84,782.4,29.0,0
1.7,26.41,50.2,46.7,1.02,3.32,379.4,37.4,0
2.72,19.11,33.4,45.6,1.58,0.54,538.2,35.6,0
2.07,16.48,54.5,31.1,1.07,3.41,504.6,29.4,0
2.44,21.16,40.0,40.4,0.57,0.48,618.2,39.6,0
1.84,21.73,43.1,47.7,1.94,1.29,432.2,36.9,0
2.26,17.91,28.2,60.7,6.62,2.05,415.0,30.5,0
2.33,31.43,32.6,46.1,3.05,0.58,490.3,22.1,0
1.61,19.85,49.4,46.9,2.42,0.27,571.3,40.5,0
2.44,16.81,55.1,39.8,0.43,2.7,431.4,36.9,0
2.74,21.58,51.8,59.0,0.48,0.13,101.8,19.5,0
2.13,26.09,51.5,57.0,1.03,0.54,357.2,23.8,0
2.74,22.08,44.4,55.9,1.29,0.93,712.2,18.7,0
2.12,24.19,40.9,49.1,1.33,1.96,732.0,20.5,0
2.54,18.08,47.9,32.0,1.22,2.44,425.6,36.9,0
1.31,28.69,53.2,58.9,0.36,0.86,769.6,28.6,0
3.17,24.53,45.0,48.6,2.0,1.02,451.0,23.3,0
2.8,26.71,57.1,44.9,6.65,2.31,269.8,33.3,0
2.09,23.64,42.8,52.5,1.04,0.76,454.1,33.9,0
1.41,25.71,35.2,50.2,1.46,0.98,608.8,37.4,0
2.32,18.07,44.9,37.3,3.67,0.02,415.2,32.3,0
1.62,19.79,46.1,44.8,4.87,3.62,590.5,32.5,0
2.38,28.06,44.2,29.0,1.1,1.0,540.0,22.2,0
2.36,29.02,57.8,48.9,1.57,1.56,457.0,28.7,0
1.82,16.84,53.1,61.3,2.11,0.34,616.5,27.8,0
2.65,23.12,30.7,30.0,2.33,1.28,684.4,11.6,0
2.52,20.06,60.3,49.3,0.99,0.74,527.3,30.5,0
2.59,18.86,17.6,54.7,2.12,0.14,588.5,16.0,0
2.2,23.28,66.5,56.2,3.28,2.13,281.5,33.0,0
1.63,27.13,42.1,40.5,1.35,2.19,708.7,25.3,0
2.59,24.03,43.1,37.0,3.04,0.08,420.1,25.4,0
2.09,20.56,44.4,42.1,2.28,0.59,370.7,24.5,0
1.64,24.32,48.9,59.9,0.47,0.4,633.0,23.7,0
2.74,20.38,45.0,30.9,2.2,0.87,442.4,26.4,0
3.04,23.85,43.7,35.8,1.8,0.81,395.9,34.5,0
2.18,28.28,58.1,43.4,0.3,1.28,456.0,20.4,0
3.06,12.65,50.7,38.2,0.52,0.34,317.6,28.1,0
2.24,25.59,35.4,47.6,2.19,0.3,394.3,42.8,0
2.05,15.07,52.4,62.1,1.02,1.54,653.3,23.3,0
1.95,27.53,50.2,36.0,5.19,4.49,674.9,27.9,0
2.85,19.13,39.5,46.5,1.46,3.51,509.8,33.9,0
1.89,16.52,52.9,47.9,1.67,1.88,398.1,43.3,0
2.49,25.13,43.4,44.7,1.62,0.08,562.1,38.9,0
1.98,23.64,42.8,32.2,2.76,0.33,215.5,27.0,0
2.02,17.5,42.5,41.6,1.99,1.4,675.6,30.7,0
2.61,16.36,20.7,41.7,0.35,0.42,489.6,26.5,0
2.05,21.16,39.7,54.3,0.33,0.6,344.8,35.6,0
2.04,16.58,52.1,52.2,0.48,3.69,723.1,27.2,0
2.65,17.22,44.8,32.5,1.54,0.11,506.4,39.9,0
2.84,22.52,32.1,44.1,1.05,2.37,436.1,14.5,0
2.46,17.65,54.6,43.0,2.91,0.06,807.4,32.3,0
1.94,23.92,42.0,67.5,1.74,0.49,421.2,33.2,0
2.0,28.71,32.8,50.9,2.15,0.97,612.3,10.4,0
2.23,21.33,67.1,37.2,3.87,0.53,604.0,16.6,0
2.33,22.59,34.5,40.2,4.41,3.78,372.9,37.2,0
1.8,31.08,53.8,44.2,1.34,0.84,479.0,31.6,0
2.49,16.66,37.3,51.6,5.08,1.59,462.2,33.5,0
2.23,27.36,46.4,52.8,0.86,1.45,235.0,39.8,0
1.51,26.82,36.0,50.0,1.58,2.16,205.4,25.6,0
1.83,25.84,32.6,45.9,4.0,2.39,173.6,39.7,0
2.0,27.81,50.2,46.6,3.27,0.75,432.5,48.5,0
2.17,23.26,49.1,46.7,1.84,2.39,351.0,36.9,0
2.96,19.38,56.4,30.2,0.53,1.27,360.2,31.0,0
2.3,26.93,44.7,47.4,0.64,1.39,436.9,27.6,0
1.86,27.1,67.2,42.2,0.48,0.23,500.6,29.5,0
2.29,26.97,47.7,31.5,3.04,0.34,453.1,29.2,0
2.06,22.2,50.7,72.2,1.29,1.4,394.3,28.2,0
2.33,18.78,31.4,51.1,3.1,0.37,789.6,20.3,0
2.43,22.86,38.9,48.1,2.2,0.81,469.8,31.0,0
2.68,26.24,50.2,44.3,0.59,0.81,649.8,29.6,0
2.19,26.61,44.2,55.3,2.48,0.32,314.5,37.6,0
2.86,20.07,46.9,36.4,1.14,1.0,700.3,32.0,0
2.56,23.42,36.8,44.9,6.51,1.0,417.7,22.9,0
1.92,16.11,46.2,38.5,1.47,0.17,920.2,20.3,0
3.08,26.43,46.2,55.2,0.51,0.58,303.2,28.0,0
2.33,18.48,33.2,39.7,4.03,0.55,339.9,21.9,0
1.87,25.53,51.4,59.0,1.8,0.99,471.7,29.0,0
2.86,16.83,28.0,47.0,2.61,1.66,446.8,23.3,0
3.03,26.64,46.8,55.7,1.55,0.02,324.1,36.9,0
2.19,23.45,62.7,52.0,1.86,0.17,721.1,32.1,0
2.0,18.48,51.8,58.6,0.38,0.43,705.3,34.9,0
2.13,25.11,51.7,38.6,3.84,2.0,448.9,26.8,0
2.49,19.34,36.0,57.1,1.35,0.79,651.4,29.4,0
2.71,25.37,62.7,29.4,0.35,0.86,713.3,34.4,0
2.43,20.77,58.8,48.4,2.53,0.63,498.6,30.6,0
2.24,14.26,36.6,42.5,3.17,0.64,399.5,33.0,0
2.8,17.58,40.3,34.0,0.42,4.56,692.3,23.2,0
2.07,20.06,57.5,39.1,9.01,2.75,668.9,34.0,0
2.61,28.16,63.0,41.6,3.19,1.55,312.0,23.9,0
2.08,26.06,32.4,46.0,1.49,0.47,712.4,42.6,0
2.37,29.31,35.0,42.8,1.77,0.87,347.0,29.4,0
2.15,29.44,43.6,48.8,3.5,1.4,556.9,35.7,0
2.18,19.59,23.3,39.7,2.35,0.6,377.6,24.9,0
2.05,21.15,45.2,43.2,0.89,0.89,524.6,26.5,0
2.74,20.15,56.9,45.1,3.15,0.19,517.3,26.2,0
1.91,18.98,30.6,49.8,4.63,0.12,834.8,15.7,0
1.9,13.71,46.3,56.5,0.86,0.22,256.7,9.5,0
3.05,21.93,39.2,56.5,1.39,1.69,384.4,26.0,0
2.59,16.21,61.4,50.4,1.16,0.25,430.2,14.8,0
1.25,21.85,39.3,52.3,0.74,3.1,549.3,30.0,0
1.97,31.52,60.2,51.1,4.85,0.55,453.2,26.9,0
1.48,19.71,39.0,44.9,2.39,0.22,170.3,8.3,0
1.82,22.88,52.7,57.0,4.51,2.09,610.5,24.3,0
0.94,26.08,47.5,38.9,1.92,0.73,700.2,27.8,0
2.15,23.26,43.6,27.5,3.2,0.59,564.9,37.9,0
1.74,23.32,37.1,37.6,0.44,0.48,431.5,24.8,0
2.22,20.37,48.2,62.0,0.75,0.48,530.7,16.5,0
1.55,20.96,40.6,45.0,3.09,1.31,317.5,15.6,0
2.23,17.68,38.1,50.7,1.14,0.93,659.2,24.4,0
2.03,25.81,59.7,45.3,3.36,0.76,574.6,21.1,0
2.8,14.16,50.5,53.6,2.84,0.71,420.0,26.6,0
2.76,26.37,51.4,48.7,1.55,0.18,512.3,29.2,0
2.51,15.68,41.1,47.3,1.9,2.11,654.7,31.8,0
2.07,26.33,43.1,54.1,1.45,3.14,674.7,32.0,0
2.99,20.41,42.5,43.3,1.86,1.94,488.9,23.8,0
1.58,16.46,48.4,51.7,3.79,0.72,822.0,32.4,0
1.64,24.61,51.4,46.3,0.61,4.3,705.2,17.3,0
2.17,26.18,44.7,46.9,0.35,1.16,579.2,29.0,0
3.1,20.03,37.1,39.8,1.88,1.79,440.7,29.5,0
2.12,25.24,52.6,45.8,0.8,1.62,445.2,28.9,0
2.13,11.72,45.3,42.6,1.24,1.48,530.1,20.7,0
1.62,16.06,30.6,59.3,3.24,1.23,483.5,21.5,0
2.58,27.82,23.6,31.2,3.39,0.29,755.1,32.5,0
2.58,20.99,48.0,56.9,1.56,0.42,359.4,25.1,0
2.52,13.62,36.7,30.6,2.05,2.61,575.9,32.1,0
1.95,18.86,49.3,53.4,2.0,0.24,199.7,23.7,0
1.92,17.84,37.2,39.6,2.3,0.2,556.6,48.0,0
1.68,21.25,46.3,53.7,5.3,0.4,630.8,26.0,0
2.23,20.33,41.2,46.8,0.6,0.54,716.1,36.4,0
1.77,22.81,62.5,33.7,3.3,0.97,411.3,44.6,0
1.73,21.69,54.5,61.6,1.75,1.12,393.2,35.8,0
2.03,28.12,58.5,55.8,0.77,1.88,653.5,25.5,0
2.0,23.91,45.2,53.0,1.41,0.09,679.2,27.3,0
1.98,24.06,53.2,41.6,1.72,0.28,465.9,5.0,0
2.39,27.24,45.9,56.1,0.39,0.84,206.1,11.6,0
2.23,20.25,59.7,35.2,1.78,0.35,341.2,27.9,0
2.08,16.32,44.3,25.7,1.34,2.48,486.1,23.9,0
2.27,27.43,31.0,32.4,1.03,1.23,287.3,20.2,0
1.8,22.61,25.0,38.8,5.91,0.81,609.3,28.2,0
2.24,22.63,61.7,40.5,1.22,0.0,384.1,23.9,0
2.26,19.15,49.8,43.7,0.3,2.35,489.1,21.2,0
1.6,19.22,50.4,44.1,2.65,0.74,664.2,35.0,0
2.6,25.81,59.9,41.5,1.91,0.91,555.1,19.0,0
1.85,26.43,28.5,26.8,0.35,1.44,791.7,32.9,0
2.24,25.53,41.4,49.9,5.17,3.33,709.7,29.7,0
2.67,25.57,42.6,45.4,1.65,0.21,344.2,37.6,0
2.57,24.56,52.4,41.0,1.26,0.09,588.9,24.7,0
2.21,22.59,38.1,62.0,3.18,0.16,522.9,18.6,0
2.06,21.21,33.0,45.6,3.4,1.62,678.1,23.6,0
2.58,27.45,32.9,48.6,1.45,0.17,578.5,27.7,0
2.47,20.32,56.5,56.0,4.05,0.83,425.0,34.9,0
1.95,23.66,37.6,33.1,1.24,1.47,571.4,33.6,0
1.88,18.38,39.5,47.8,0.3,1.5,444.6,26.5,0
1.37,19.03,51.3,55.9,0.45,0.63,403.1,27.5,0
2.26,20.94,38.0,47.1,1.69,1.44,483.3,32.9,0
2.17,18.38,28.0,35.0,2.9,3.6,537.3,35.4,0
2.65,25.59,29.2,43.2,4.08,0.03,695.0,30.3,0
2.34,15.93,44.4,49.9,3.19,1.34,425.5,30.0,0
2.73,22.45,50.0,26.9,3.89,0.89,212.5,29.7,0
1.92,22.6,43.0,34.5,0.36,0.29,470.4,29.9,0
2.66,13.85,49.3,67.7,3.25,0.44,538.5,29.9,0
1.99,20.02,28.9,52.8,3.02,2.18,527.4,21.0,0
2.51,23.15,29.5,62.8,3.73,1.06,461.9,16.7,0
1.62,23.93,67.5,56.7,0.98,0.02,642.4,21.9,0
2.29,21.08,57.3,51.9,2.19,4.04,546.8,24.7,0
1.41,25.05,52.7,44.9,1.05,1.32,590.5,32.6,0
2.09,21.51,38.4,51.8,1.48,0.7,224.5,26.1,0
2.38,22.06,42.6,62.5,0.3,1.5,474.0,29.4,0
1.99,23.13,45.0,56.3,1.18,0.27,479.1,28.5,0
1.78,26.17,58.1,49.7,1.27,0.36,752.6,31.5,0
2.54,18.96,49.0,46.3,3.5,0.2,484.1,25.0,0
2.16,19.81,50.3,53.0,1.31,0.61,401.0,22.9,0
2.0,18.99,43.3,42.7,1.02,2.82,392.2,16.5,0
2.22,20.51,52.9,53.0,2.52,0.59,646.9,30.3,0
3.25,28.42,48.0,41.0,1.82,0.41,412.9,7.0,0
2.66,24.58,45.4,44.5,2.41,1.46,372.1,29.1,0
2.67,16.91,37.6,37.7,1.9,2.44,637.5,34.2,0
2.37,19.3,43.9,43.6,1.8,0.34,558.8,27.0,0
2.27,23.68,34.2,41.2,2.21,1.98,464.6,30.6,0
1.24,17.92,44.6,64.9,2.92,0.44,300.9,25.0,0
1.93,18.74,45.9,39.1,2.16,0.34,583.1,28.0,0
2.01,28.05,21.0,51.8,3.47,0.77,624.0,26.9,0
1.45,19.24,42.7,38.5,1.8,0.08,357.0,32.9,0
1.74,26.3,33.2,48.5,1.88,2.38,554.7,26.0,0
1.41,27.65,50.0,50.9,2.14,2.49,484.9,19.7,0
2.18,18.7,51.4,29.5,1.09,1.36,367.4,30.3,0
2.53,18.0,40.7,34.0,2.04,0.43,433.4,27.1,0
2.64,20.76,50.5,38.5,3.8,0.22,492.9,23.1,0
2.37,17.1,50.9,35.0,5.16,1.44,302.2,32.5,0
1.81,22.54,42.7,48.8,1.02,0.13,585.6,42.0,0
1.43,21.07,60.3,50.4,2.76,0.64,393.4,31.3,0
1.5,23.62,37.7,37.4,2.84,0.11,399.4,33.6,0
1.69,28.29,59.7,49.2,1.78,0.67,575.8,29.1,0
1.84,25.68,42.7,43.8,2.69,0.17,432.1,38.0,0
2.14,24.2,36.6,47.0,2.76,0.04,467.7,32.6,0
1.79,13.15,41.5,41.7,3.38,0.72,484.2,24.1,0
2.34,24.0,34.0,52.9,0.64,1.01,383.7,32.2,0
2.11,29.75,52.8,64.3,1.21,0.69,422.3,31.0,0
2.2,8.45,29.0,55.7,2.11,0.23,497.3,25.2,0
2.66,25.1,58.9,61.9,3.39,0.1,497.7,36.7,0
1.73,21.28,35.6,34.0,0.96,0.16,579.1,19.1,0
2.37,18.18,53.4,41.2,1.49,1.56,585.7,30.6,0
2.19,25.61,45.2,53.7,0.54,0.02,682.8,25.0,0
2.07,29.69,47.7,63.1,1.9,2.39,274.0,16.8,0
2.55,25.49,39.1,54.5,2.07,2.2,636.9,28.8,0
2.55,20.33,48.5,37.7,0.37,2.55,448.9,25.1,0
1.82,17.75,46.3,43.7,1.4,2.53,598.7,23.9,0
2.13,22.65,30.4,51.3,0.3,1.32,550.9,20.6,0
2.31,25.93,35.4,46.4,1.51,2.26,413.4,42.1,0
2.09,20.26,39.6,40.0,0.56,1.57,728.0,10.8,0
2.43,20.69,37.5,45.1,1.6,0.43,614.2,12.9,0
2.31,34.7,57.5,47.9,10.02,1.69,563.1,31.7,0
2.93,26.85,45.1,37.2,1.54,1.15,828.5,31.2,0
1.59,27.18,37.2,57.8,1.18,0.03,353.9,18.3,0
2.15,15.43,40.1,43.6,0.99,1.85,503.8,23.8,0
1.84,18.82,40.0,47.3,3.09,2.46,584.3,32.4,0
2.44,22.34,42.1,58.4,2.14,0.87,339.9,26.1,0
1.55,17.49,34.2,46.8,4.99,0.8,400.4,33.6,0
2.34,29.2,36.9,57.8,2.81,0.67,649.5,27.7,0
1.95,28.35,52.7,37.7,0.3,1.52,425.5,24.3,0
1.91,19.6,46.9,52.3,3.06,0.29,630.8,17.8,0
1.62,30.03,43.5,56.4,1.15,1.78,405.6,27.5,0
2.01,21.98,45.0,39.7,2.22,0.41,803.0,23.5,0
2.63,33.65,44.5,46.2,2.97,0.36,148.6,35.0,0
2.19,22.65,42.9,46.4,0.95,1.99,651.3,34.7,0
2.45,24.59,50.2,50.1,2.62,0.23,537.6,26.3,0
2.87,28.3,49.4,52.7,2.33,2.38,270.4,27.7,0
2.31,27.75,29.3,38.9,2.72,4.57,466.5,25.4,0
1.98,24.3,43.7,47.4,6.7,0.46,211.0,24.3,0
2.39,21.36,29.9,63.9,0.95,3.16,552.9,20.5,0
1.98,24.31,51.4,58.5,5.05,1.0,410.5,28.5,0
2.0,18.33,52.7,55.9,1.84,0.36,207.5,26.0,0
1.59,22.68,38.9,46.1,0.52,0.72,524.9,38.4,0
2.57,17.01,43.8,69.3,4.55,1.93,521.7,25.5,0
2.05,13.99,23.9,58.3,3.58,1.32,816.0,44.8,0
2.27,22.23,54.7,48.4,4.35,0.82,624.2,40.7,0
1.79,27.68,52.1,50.2,3.21,0.36,141.9,23.0,0
2.37,26.17,56.5,43.4,0.75,1.55,420.7,27.5,0
1.9,21.63,59.9,51.9,5.39,0.45,665.7,17.1,0
2.14,29.86,32.8,53.9,7.35,0.48,256.0,25.1,0
2.55,19.44,53.9,55.0,3.14,1.65,384.3,30.6,0
2.52,13.37,59.8,46.2,0.89,0.98,500.3,29.4,0
2.19,12.18,30.1,33.3,3.89,0.25,420.8,22.3,0
1.49,16.68,43.3,50.4,0.31,1.39,738.7,27.5,0
3.4,25.67,41.4,55.1,1.4,0.36,527.5,31.5,0
2.9,19.14,53.6,38.2,0.69,1.72,505.0,27.1,0
2.49,24.07,21.1,47.1,4.15,0.78,362.5,37.4,0
1.9,29.41,63.2,61.4,1.85,1.08,334.6,27.4,0
2.15,17.05,43.9,36.0,1.74,1.1,515.6,16.9,0
1.98,24.15,54.2,45.2,2.17,0.19,488.0,16.8,0
2.71,24.43,44.4,62.9,0.3,1.26,317.4,25.4,0
2.31,18.13,49.9,49.6,3.42,2.42,535.1,19.7,0
1.89,28.09,21.8,42.7,1.66,2.66,508.6,16.7,0
2.01,20.71,41.2,47.9,0.3,1.4,453.8,25.0,0
2.65,20.27,53.5,56.3,1.14,4.17,678.9,33.6,0
2.84,31.5,47.9,46.0,4.6,1.09,498.1,24.8,0
2.81,24.35,28.6,54.0,2.62,0.35,464.3,30.3,0
2.5,26.16,45.6,50.3,3.07,1.3,669.7,38.1,0
2.1,28.1,36.8,51.2,3.01,2.88,477.4,30.7,0
0.9,19.07,35.9,54.6,2.33,0.53,439.8,21.5,0
2.32,27.62,29.8,45.1,1.79,0.37,324.5,27.8,0
2.2,19.74,51.2,38.6,2.72,4.08,509.1,24.9,0
2.26,19.55,56.1,52.7,1.71,1.75,639.9,31.5,0
2.22,20.78,66.2,46.7,3.26,0.06,437.5,29.3,0
1.67,19.2,30.3,43.5,1.79,0.99,300.6,26.0,0
2.42,25.7,52.7,53.3,1.11,0.32,651.6,28.6,0
2.45,23.2,53.3,60.8,1.83,0.41,657.5,25.8,0
2.47,19.79,39.2,46.5,0.8,0.11,587.7,16.8,0
2.58,25.04,35.8,48.1,3.32,0.32,514.4,14.4,0
2.44,20.76,34.1,36.2,1.96,0.84,563.0,34.1,0
2.04,20.52,39.7,45.8,2.76,0.1,267.5,35.2,0
2.17,22.22,47.0,50.2,4.02,2.65,412.7,29.3,0
2.24,24.09,58.6,47.8,1.39,1.79,601.3,34.6,0
2.24,23.75,56.1,44.4,1.99,0.58,550.7,40.0,0
2.6,20.37,28.8,55.3,7.78,0.17,635.4,24.8,0
2.46,25.81,37.1,48.6,5.51,6.13,730.1,22.9,1
3.03,21.0,58.0,73.9,0.32,0.99,314.7,33.1,0
3.08,19.05,37.7,50.1,1.66,0.66,572.5,37.8,0
2.23,15.39,44.4,20.5,2.15,0.27,461.2,23.3,0
0.67,26.42,27.9,36.9,2.62,0.27,433.0,38.3,0
2.69,22.06,56.5,53.3,1.59,1.91,870.8,25.4,0
1.98,22.95,25.9,41.6,2.82,0.88,264.5,29.6,0
1.88,26.71,28.6,42.2,3.41,4.96,472.7,25.5,0
2.04,19.85,55.5,35.6,2.55,3.67,464.6,29.7,0
2.02,15.82,64.2,43.2,1.21,0.28,507.2,20.6,0
2.44,22.31,42.1,49.9,1.74,8.85,204.1,35.2,0
1.58,23.39,44.5,51.9,1.36,5.17,352.8,16.6,0
1.77,20.82,54.1,37.8,3.32,1.93,507.3,21.5,0
2.34,28.63,47.9,56.1,1.15,0.59,290.7,37.1,0
2.45,10.81,41.3,36.1,0.51,0.3,643.0,43.8,0
2.46,27.04,40.1,52.4,1.25,0.13,586.9,24.3,0
1.89,25.56,29.3,51.4,0.54,0.06,261.9,38.7,0
1.81,24.06,47.3,38.7,1.58,2.06,465.4,37.1,0
2.0,6.99,44.1,37.5,0.49,3.49,556.3,30.9,0
2.3,27.78,40.6,51.8,2.4,1.78,293.6,24.6,0
2.79,17.38,35.0,42.4,1.17,1.71,263.4,37.8,0
1.38,19.72,36.0,46.1,2.01,0.64,356.4,26.7,0
2.11,21.23,51.2,54.9,0.41,1.23,903.1,31.3,0
1.67,23.83,53.8,52.8,4.99,1.33,664.2,12.9,0
1.54,24.88,41.7,38.8,1.35,0.36,408.7,25.2,0
2.59,26.02,40.7,47.5,1.61,1.61,300.3,23.7,0
2.42,25.67,36.5,38.7,1.52,0.19,376.2,28.9,0
2.38,23.14,54.4,56.7,1.0,0.42,728.4,25.8,0
2.57,23.87,45.3,63.4,2.77,1.07,805.1,24.4,0
2.01,17.09,48.7,39.5,1.86,0.93,378.2,28.0,0
2.03,18.62,48.6,47.7,2.29,1.46,546.7,22.6,0
3.07,26.03,41.9,57.2,0.77,1.05,460.7,16.4,0
2.1,25.77,33.3,48.2,0.97,0.06,690.5,24.9,0
2.49,25.26,35.0,53.6,2.16,4.56,335.9,26.4,0
2.2,19.69,56.3,48.5,0.43,1.73,646.8,33.3,0
1.46,26.1,37.7,37.4,0.34,2.55,299.0,26.6,0
1.38,16.77,40.9,49.2,2.59,1.96,642.2,30.7,0
1.97,26.85,33.7,59.3,0.48,0.29,372.4,22.9,0
2.62,20.83,32.8,51.1,3.33,3.24,452.8,27.9,0
2.52,29.58,37.3,64.2,0.54,4.97,403.2,15.9,0
2.57,15.15,61.9,30.3,0.7,0.1,794.2,23.6,0
1.81,29.94,51.6,51.8,1.05,0.21,649.1,8.9,0
2.85,20.37,39.7,41.5,0.37,5.56,438.3,19.7,0
1.81,20.29,55.8,39.2,5.46,0.42,376.3,19.1,0
2.29,22.88,43.5,61.3,2.98,2.06,697.0,32.3,0
2.2,18.86,58.5,45.4,1.63,0.09,40.0,30.5,0
2.13,21.67,67.1,44.5,0.96,1.58,571.9,35.5,0
2.74,18.68,55.3,51.4,2.69,1.45,356.1,18.8,0
1.92,18.85,45.9,26.5,1.05,3.33,838.1,33.8,0
1.66,24.19,52.0,61.5,0.4,1.57,909.6,24.0,0
2.21,17.94,45.2,67.0,0.97,0.05,504.6,40.6,0
2.04,18.54,26.6,57.2,0.54,0.72,445.2,26.7,0
3.55,15.82,38.5,52.1,0.74,0.51,510.2,39.2,0
2.47,19.73,35.5,45.8,1.34,1.01,406.8,48.1,0
2.04,27.9,38.2,37.2,1.52,0.67,380.8,31.0,0
1.78,18.19,62.9,59.9,3.29,0.4,535.2,40.5,0
1.45,18.71,56.2,57.2,3.28,1.3,593.6,25.7,0
1.79,22.87,49.4,52.5,1.82,0.45,520.0,37.2,0
2.25,20.33,53.1,51.3,2.25,2.28,543.5,27.6,0
2.77,32.03,26.1,51.0,1.25,0.47,405.1,32.0,0
2.65,21.27,52.3,42.7,1.71,0.87,359.9,31.5,0
2.29,23.51,54.4,73.0,2.15,2.1,358.5,26.8,0
2.07,26.25,22.6,45.1,1.9,2.08,615.8,17.6,0
2.31,26.16,52.7,43.7,5.65,1.06,511.9,18.5,0
1.99,23.05,30.8,59.2,1.95,0.57,530.2,36.1,0
2.89,21.27,25.3,47.7,0.47,0.98,551.2,29.3,0
2.12,31.11,58.3,47.8,3.8,2.27,491.3,34.8,0
2.17,21.55,34.9,62.1,3.13,0.3,516.3,24.5,0
1.31,20.01,37.8,54.8,2.19,0.16,694.4,25.6,0
2.12,19.09,54.9,55.3,1.61,1.05,616.5,25.5,0
2.53,14.23,41.9,33.8,2.48,1.02,474.1,16.3,0
1.77,25.7,43.2,52.0,1.39,0.42,429.2,25.6,0
1.9,11.43,43.0,37.9,0.3,0.68,654.1,25.8,0
2.52,21.97,48.5,43.5,0.55,0.11,549.9,27.9,0
1.61,21.08,42.7,49.8,1.48,0.17,453.8,26.2,0
2.62,32.08,46.1,47.6,0.49,2.11,306.3,37.5,0
1.99,13.76,40.0,54.5,2.39,0.75,754.1,23.9,0
2.04,17.95,48.5,55.7,0.43,0.13,330.9,33.9,0
1.75,21.39,48.1,56.5,0.8,3.92,542.7,30.1,0
2.35,21.11,64.0,34.6,0.7,0.28,773.8,28.2,0
3.18,19.53,41.2,71.6,2.28,0.46,448.8,33.3,0
2.51,21.64,43.2,47.8,3.62,4.31,493.2,25.6,0
1.85,16.33,47.4,60.1,0.61,0.24,628.1,24.3,0
2.65,23.61,54.6,22.9,3.86,4.16,321.0,25.5,0
2.07,11.55,34.1,45.3,4.01,1.54,249.5,29.4,0
2.75,21.88,46.0,33.4,2.14,0.67,446.4,15.2,0
2.52,19.3,19.9,39.4,1.1,1.08,512.1,26.8,0
1.02,26.57,42.3,48.5,1.24,0.85,510.4,32.8,0
1.8,29.9,55.7,44.7,0.73,1.96,712.6,27.8,0
2.58,20.51,37.7,61.1,0.71,0.08,358.1,28.8,0
2.26,28.26,46.8,65.7,0.9,2.01,478.4,31.2,0
1.79,20.58,39.7,38.3,2.6,4.23,726.1,28.6,0
1.95,17.65,36.4,43.1,1.2,0.67,458.3,16.6,0
1.44,29.86,54.7,37.7,2.3,0.25,798.0,38.2,0
2.16,24.34,34.5,59.6,0.65,0.14,464.9,46.3,0
3.08,22.02,47.9,49.6,0.3,0.51,395.9,38.7,0
2.52,25.09,48.1,48.3,1.2,0.17,494.1,26.5,0
3.08,23.23,36.5,51.1,0.3,0.31,538.9,21.8,0
2.55,21.69,46.6,44.9,0.6,1.28,438.3,38.6,0
2.61,16.03,35.7,39.4,4.38,0.64,559.7,29.0,0
2.99,20.78,50.2,48.5,1.61,2.78,477.6,34.5,0
2.35,24.8,31.9,45.3,1.49,0.75,690.4,21.1,0
2.13,21.45,41.6,51.5,3.22,0.2,576.2,31.6,0
2.61,26.06,42.5,31.7,1.18,0.18,501.6,30.7,0
2.78,23.73,56.1,49.9,1.32,1.42,452.5,37.7,0
2.01,18.05,46.4,41.1,1.05,1.21,620.4,33.7,0
1.91,16.06,54.6,49.5,2.22,1.48,504.7,29.2,0
2.26,21.29,50.5,57.1,1.36,0.5,432.1,41.2,0
2.53,19.64,50.5,42.4,1.41,2.96,391.5,26.1,0
2.52,23.51,41.7,60.0,0.82,0.14,604.9,38.7,0
1.63,18.77,55.2,30.6,2.74,0.04,429.3,32.0,0
2.96,19.23,41.4,63.4,2.03,1.63,455.0,33.2,0
1.94,26.74,27.7,60.4,1.23,1.36,583.0,48.8,0
2.09,22.67,42.9,39.1,0.58,0.82,660.6,13.0,0
1.84,18.84,49.5,39.2,3.27,0.05,589.3,18.3,0
3.28,22.08,28.9,33.1,3.31,0.15,627.9,36.2,0
2.3,28.21,36.1,57.2,2.06,0.26,606.4,34.4,0
1.86,23.32,32.7,44.7,1.51,1.22,501.2,28.9,0
2.55,24.67,52.9,44.0,0.47,1.31,559.2,35.8,0
2.51,18.61,61.7,36.8,0.78,1.36,773.9,20.2,0
2.12,26.62,42.9,66.1,1.69,1.95,470.6,41.7,0
2.54,32.43,50.3,38.3,1.07,0.03,336.1,37.7,0
1.87,18.44,50.1,48.2,0.38,1.24,121.0,39.8,0
2.0,16.68,60.5,50.2,2.88,0.35,790.3,17.0,0
1.4,22.79,38.5,44.0,2.23,1.02,797.1,35.5,0
1.67,25.94,42.8,42.0,1.47,1.61,351.4,28.0,0
2.92,21.59,41.6,44.3,1.63,1.53,692.9,44.7,0
2.86,17.26,45.8,53.7,1.08,0.41,654.9,29.8,0
2.23,21.51,70.0,44.5,1.12,0.53,596.2,21.8,0
2.87,24.69,45.3,64.3,3.31,2.99,575.5,32.1,0
2.14,20.17,36.5,40.2,0.33,2.27,388.3,16.2,0
2.1,24.73,33.5,55.5,4.72,0.36,519.4,35.4,0
2.22,27.24,57.5,30.4,1.46,1.06,552.2,25.0,0
2.15,23.08,36.4,40.2,1.5,0.14,510.5,26.7,0
2.11,21.87,51.6,39.8,1.63,1.27,491.8,29.7,0
2.66,25.73,38.2,37.0,1.92,1.17,695.1,25.8,0
2.26,18.15,32.3,50.8,0.95,0.37,652.4,39.4,0
2.48,17.7,51.1,46.9,2.49,0.66,631.1,26.0,0
2.61,20.8,38.7,25.2,2.68,1.83,639.9,31.6,0
2.36,19.79,49.3,68.0,3.85,0.35,534.4,31.9,0
1.81,18.38,50.0,49.8,2.23,1.76,674.9,28.3,0
1.66,30.24,50.5,48.0,1.1,0.46,320.3,22.5,0
2.26,31.77,42.3,61.1,0.54,2.2,510.4,12.0,0
2.13,20.41,51.9,57.9,1.09,0.04,606.2,35.7,0
2.23,22.41,35.8,45.0,1.53,0.36,581.5,20.7,0
2.19,21.15,20.5,28.5,1.8,0.23,556.2,42.1,0
3.23,26.98,52.1,53.6,1.28,2.65,639.1,23.7,0
1.67,27.88,46.7,38.4,1.42,0.67,716.2,36.9,0
1.4,14.0,38.9,60.4,2.44,0.95,340.5,28.9,0
2.33,24.14,30.3,40.2,2.8,0.33,545.1,39.1,0
2.05,16.12,24.6,43.5,4.97,0.16,391.7,30.7,0
2.33,29.91,45.5,34.6,1.54,1.09,660.5,31.4,0
2.43,23.98,61.5,35.4,1.35,0.4,608.6,19.9,0
2.71,18.29,43.6,46.9,2.23,3.17,354.4,33.3,0
1.6,20.91,41.4,46.0,2.12,0.78,499.0,34.5,0
1.98,20.7,44.8,43.2,1.21,0.18,274.8,29.2,0
2.37,24.36,66.8,68.5,2.1,0.03,642.5,35.7,0
2.51,26.69,52.5,54.0,5.81,0.32,419.6,30.9,0
3.08,16.83,35.7,48.1,1.2,0.46,330.5,36.5,0
2.58,30.27,45.3,20.4,0.45,0.28,448.2,28.8,0
2.18,29.23,48.3,56.3,1.33,0.55,587.6,35.8,0
1.84,18.06,34.4,77.9,0.44,2.53,543.0,29.8,0
1.97,22.33,52.6,46.1,0.83,0.06,426.6,42.4,0
1.96,29.7,36.8,39.9,1.67,1.94,484.3,25.6,0
2.46,27.55,29.9,49.6,0.73,0.67,456.2,27.3,0
2.3,20.48,45.8,33.7,3.8,2.84,359.9,23.4,0
1.67,25.66,44.2,52.6,1.08,1.32,220.2,25.3,0
2.03,35.49,45.0,63.0,3.35,0.22,499.0,24.4,0
2.55,22.47,37.4,41.3,0.47,3.85,587.8,42.4,0
2.34,19.15,38.7,41.6,0.53,0.2,497.6,42.6,0
2.43,22.78,56.3,47.2,1.38,0.49,807.5,27.2,0
2.35,23.11,49.4,43.0,0.72,4.62,410.6,38.0,0
2.85,19.64,35.4,32.9,0.63,0.29,493.7,26.9,0
2.29,23.99,25.5,44.1,1.88,1.2,572.9,31.0,0
2.05,16.36,35.9,42.1,0.51,4.55,566.1,38.8,0
1.83,19.01,46.6,61.7,3.1,1.4,461.6,26.4,0
2.3,25.41,38.7,59.6,2.17,1.3,491.9,21.0,0
1.22,14.1,37.9,62.0,2.21,1.17,487.5,31.3,0
2.13,26.06,39.1,56.0,3.18,0.97,602.5,22.3,0
2.12,12.95,44.3,50.1,2.26,3.57,395.8,28.3,0
1.65,14.21,52.8,39.3,1.12,0.94,134.9,30.3,0
1.83,19.75,45.0,61.3,2.7,1.31,448.5,32.8,0
2.52,23.29,45.6,51.5,1.26,1.61,753.2,32.9,0
2.29,27.96,42.8,35.5,1.6,0.9,620.2,30.2,0
2.24,22.26,40.0,38.9,1.67,2.62,264.7,34.0,0
2.32,20.89,53.9,35.4,0.45,0.03,601.3,38.9,0
2.24,24.61,52.4,27.5,3.21,0.6,531.3,34.0,0
2.7,18.08,65.5,51.9,3.15,1.15,443.8,35.4,0
2.25,22.63,51.1,35.6,0.96,0.02,338.3,21.8,0
1.62,16.6,40.0,40.4,0.75,3.32,378.0,29.6,0
2.85,22.37,36.0,48.4,1.63,2.1,416.0,30.9,0
2.35,21.42,54.5,46.1,3.38,0.3,775.3,44.3,0
1.96,18.38,36.9,40.9,0.55,0.48,596.0,12.7,0
1.7,22.74,53.1,63.2,0.7,1.36,393.6,34.2,0
2.36,22.71,37.4,32.7,4.62,0.5,418.7,31.9,0
2.15,27.29,48.5,33.2,0.3,2.33,494.4,33.2,0
2.83,14.77,34.4,52.6,1.03,0.34,435.0,18.5,0
2.06,21.66,52.8,41.7,2.67,2.05,502.4,29.4,0
1.87,18.58,32.7,41.3,3.76,0.75,478.1,41.2,0
2.56,25.91,47.7,37.2,3.45,0.72,514.6,20.0,0
2.57,25.39,43.0,51.4,0.74,0.22,200.3,33.0,0
2.27,24.29,46.0,50.3,2.01,4.92,620.0,23.9,0
2.47,18.83,41.0,49.2,2.65,0.51,416.0,39.8,0
2.18,25.98,40.8,42.2,2.13,0.27,636.0,33.9,0
2.29,15.11,46.5,40.5,10.21,0.04,829.4,31.3,0
2.67,14.19,35.0,46.4,0.75,0.82,282.1,22.8,0
2.45,16.26,34.9,57.7,2.44,0.04,514.8,27.0,0
2.13,21.85,41.4,63.7,0.3,0.73,437.0,25.5,0
2.74,25.04,41.0,59.1,2.0,2.8,559.2,21.9,0
1.25,8.61,34.9,53.1,0.3,0.83,183.9,27.0,0
3.02,27.95,54.2,57.8,3.38,0.05,446.3,14.4,0
1.52,22.59,41.7,36.2,3.24,0.37,377.2,33.1,0
1.95,14.95,42.7,40.9,1.21,0.06,744.1,25.1,0
2.18,22.45,31.7,53.2,1.71,2.56,778.9,23.1,0
2.14,26.92,65.7,46.8,3.97,0.33,457.1,18.0,0
2.6,24.7,69.3,51.4,1.81,0.08,327.9,30.9,0
1.78,26.95,37.2,57.8,1.65,4.01,374.2,41.5,0
2.3,15.85,57.3,56.2,0.3,0.8,505.9,25.9,0
1.97,20.14,44.1,37.1,0.99,0.62,289.8,37.6,0
2.32,17.84,61.0,48.1,0.3,3.14,577.9,32.1,0
2.17,29.73,48.4,38.8,0.37,0.91,470.6,26.9,0
2.24,24.88,46.0,40.2,2.01,0.4,553.4,41.6,0
1.98,34.81,20.0,30.9,1.89,1.88,559.2,15.9,0
2.0,19.9,36.2,49.3,1.35,0.38,706.9,29.0,0
2.31,18.74,45.2,30.2,2.16,0.7,595.3,25.5,0
2.58,21.36,47.0,51.9,1.58,1.95,543.9,30.2,0
1.96,28.2,32.9,61.6,1.29,3.22,537.4,19.9,0
1.85,20.35,37.7,53.3,2.24,1.12,203.3,33.6,0
2.45,22.56,50.5,48.5,5.43,0.84,526.9,16.6,0
2.19,22.44,31.2,63.3,0.67,0.1,591.8,32.5,0
2.53,22.18,46.3,51.3,4.43,1.15,481.8,24.5,0
1.84,19.06,57.4,39.4,0.44,0.47,749.7,31.2,0
1.49,21.38,48.9,49.3,1.47,0.87,277.2,23.1,0
1.99,21.19,48.4,67.6,0.51,1.64,389.0,22.0,0
1.89,21.97,24.8,37.1,2.78,1.23,404.7,39.1,0
2.17,26.25,36.8,34.2,0.3,0.12,501.4,39.9,0
1.95,29.92,65.5,54.1,0.35,0.61,403.0,20.0,0
2.5,18.22,39.0,45.8,2.18,0.27,313.9,29.1,0
2.08,20.24,57.6,42.7,2.42,0.2,446.6,33.4,0
2.26,18.29,38.9,35.4,1.9,0.3,652.2,27.5,0
2.26,22.84,42.2,28.5,2.41,3.04,613.1,27.8,0
2.28,19.58,50.2,33.4,0.3,1.5,395.8,33.1,0
2.19,23.08,46.0,64.1,1.53,2.86,444.0,31.8,0
2.4,26.97,48.8,47.9,1.56,0.85,383.4,24.9,0
1.88,10.63,36.8,28.4,1.74,0.0,310.8,31.7,0
2.76,24.21,33.6,59.8,2.81,0.04,564.0,26.2,0
2.11,19.93,36.1,60.3,2.14,0.19,307.8,25.5,0
1.68,24.07,39.7,60.3,5.25,1.82,599.4,22.8,0
2.28,17.97,42.7,43.8,2.14,0.27,772.8,22.9,0
1.86,27.38,55.4,45.3,2.49,0.13,556.4,29.8,0
2.47,26.11,45.9,49.4,0.63,2.37,593.4,17.3,0
3.08,24.56,49.8,62.0,2.23,0.31,589.1,17.1,0
1.89,25.57,46.4,42.5,1.08,0.84,426.7,26.8,0
2.33,18.64,33.8,40.5,1.02,0.5,555.5,28.0,0
1.5,19.21,45.2,55.0,2.75,2.72,546.9,20.7,0
2.38,25.39,46.3,60.1,0.35,1.46,406.1,40.3,0
1.85,18.55,52.6,47.5,1.72,0.73,122.6,22.8,0
1.95,28.51,34.3,54.7,1.28,2.39,342.8,23.4,0
1.76,20.54,24.6,49.1,3.08,1.56,358.7,22.8,0
2.49,24.26,46.8,45.5,2.79,1.99,575.2,34.6,0
2.6,31.45,48.5,39.7,1.31,4.56,278.2,39.9,0
2.21,18.82,43.2,36.5,0.62,0.27,780.6,21.2,0
1.85,22.31,45.3,41.9,3.24,0.27,744.4,33.9,0
2.84,26.74,53.8,38.2,1.53,0.98,657.8,29.9,0
1.9,26.28,40.4,50.8,3.84,0.91,423.5,22.7,0
1.34,20.52,42.2,60.2,2.04,2.44,188.2,29.8,0
2.38,19.67,45.8,50.0,1.54,0.2,624.8,18.8,0
1.76,20.95,32.8,38.8,1.15,0.66,387.8,26.2,0
2.6,28.52,43.5,56.6,2.09,0.9,618.1,21.0,0
2.05,20.74,44.4,51.0,0.4,0.75,590.2,25.6,0
2.44,22.35,61.4,52.9,0.9,0.08,434.0,28.5,0
2.76,20.08,42.0,42.8,3.4,0.19,317.0,38.5,0
1.72,25.17,47.0,59.3,0.48,0.2,528.1,28.4,0
1.97,22.7,54.2,59.3,3.01,1.09,264.5,21.0,0
2.17,17.48,36.6,46.2,4.33,0.67,542.2,28.1,0
2.82,17.64,58.8,55.2,0.99,0.24,570.5,13.5,0
1.94,13.01,62.6,59.0,4.63,1.6,401.1,34.0,0
1.96,18.26,44.7,43.3,6.41,1.95,274.5,22.3,0
2.39,25.57,39.6,47.2,1.03,0.28,744.2,41.3,0
1.97,27.96,61.3,48.8,1.58,1.54,419.8,34.4,0
2.26,25.09,53.0,37.0,0.93,0.08,468.9,28.8,0
1.58,24.5,45.8,52.4,1.93,2.33,663.7,25.9,0
3.09,21.43,59.3,58.2,2.11,3.95,414.8,25.0,0
1.66,25.49,58.2,46.6,0.99,0.2,385.8,25.5,0
2.07,23.29,41.6,51.4,0.81,1.85,801.5,28.0,0
2.19,30.12,47.5,62.0,2.35,0.12,390.1,25.2,0
2.97,21.56,50.8,43.9,1.27,3.9,682.5,31.9,0
1.67,28.04,45.3,51.6,1.17,0.72,523.0,38.3,0
2.99,25.93,31.1,42.3,2.32,0.92,519.8,28.7,0
2.5,25.31,35.6,42.0,1.14,1.73,424.0,35.7,0
2.37,12.95,31.4,51.4,0.84,0.34,470.1,18.7,0
1.81,26.18,49.9,50.4,0.88,0.61,768.1,30.5,0
2.43,21.43,33.2,53.6,4.15,0.09,628.3,28.6,0
1.91,20.0,46.9,48.8,2.0,1.14,295.6,18.2,0
2.71,15.33,63.3,52.7,1.69,1.93,351.3,26.2,0
1.81,21.97,59.3,64.7,1.42,2.29,557.4,34.0,0
2.15,22.15,26.6,58.6,1.42,0.92,595.8,9.2,0
1.98,16.14,32.2,51.4,0.3,1.74,615.0,26.6,0
1.8,15.37,37.2,53.0,0.47,0.19,488.5,24.8,0
2.5,24.19,33.3,45.0,4.34,1.63,372.6,29.9,0
2.41,25.92,28.5,46.4,0.4,0.01,378.5,34.3,0
2.68,22.86,44.9,52.9,0.96,0.26,154.9,32.9,0
1.49,27.18,52.1,48.9,1.2,1.21,745.0,34.8,0
2.63,21.61,54.5,55.9,0.99,0.46,105.6,36.3,0
3.2,21.76,40.3,60.7,0.64,0.63,463.8,25.5,0
2.02,17.87,42.3,47.0,2.89,2.1,234.3,11.0,0
2.96,14.98,48.6,27.9,0.39,1.02,412.3,32.7,0
2.09,30.35,43.9,68.3,6.36,0.61,586.4,20.9,0
1.65,27.09,53.1,41.5,0.45,0.75,157.0,30.0,0
2.08,15.73,49.3,50.0,3.76,2.26,552.9,18.1,0
2.62,22.7,41.2,55.3,4.74,0.8,630.7,22.8,0
1.86,21.55,26.4,62.1,0.3,2.5,437.4,32.1,0
1.96,20.77,60.0,66.1,1.78,0.34,910.9,24.9,0
2.44,20.16,38.1,44.4,2.26,0.92,163.3,16.3,0
2.2,23.72,48.6,59.9,1.99,0.55,243.1,18.5,0
2.43,25.68,25.8,50.0,2.36,1.07,454.5,35.9,0
2.3,23.81,44.9,75.4,0.82,1.03,457.6,25.5,0
2.39,21.46,46.0,59.0,3.1,1.02,517.2,25.7,0
2.03,21.29,46.5,46.2,0.76,0.9,639.2,23.7,0
2.29,26.22,75.1,40.1,1.04,0.73,311.6,17.4,0
1.83,24.09,38.7,21.7,0.63,2.89,296.3,26.1,0
2.72,22.33,53.2,54.7,2.87,0.37,395.8,36.7,0
1.95,21.84,50.2,58.1,2.67,0.68,654.6,22.6,0
2.65,23.55,38.2,55.5,0.69,0.28,621.4,14.8,0
2.11,19.89,53.1,24.5,1.22,0.48,489.5,33.4,0
2.28,25.7,43.4,35.4,4.32,0.34,423.7,28.6,0
2.0,17.16,53.8,52.8,0.3,1.33,477.1,29.3,0
1.79,20.15,64.6,65.9,5.98,1.48,554.3,30.6,0
1.5,24.75,46.5,47.4,0.78,0.39,514.8,15.8,0
1.78,16.9,42.2,58.9,1.21,4.93,288.8,27.2,0
2.07,14.92,55.5,37.7,1.68,0.4,278.3,29.7,0
2.28,22.28,59.0,50.1,0.45,2.12,461.2,27.7,0
2.6,14.37,36.2,45.3,2.7,0.42,608.7,27.6,0
2.02,16.16,40.5,59.9,0.85,0.64,340.9,36.1,0
1.85,25.4,51.8,42.6,0.89,1.31,561.1,31.1,0
1.62,21.08,43.7,64.8,7.49,0.98,231.7,32.4,0
2.39,27.78,35.5,44.9,1.37,0.85,510.7,26.9,0
2.75,16.58,50.4,37.3,1.97,1.9,382.8,10.1,0
2.71,21.58,51.7,37.6,1.54,1.48,186.5,25.7,0
2.48,23.8,41.7,41.8,3.27,2.95,418.0,27.8,0
2.46,16.73,45.6,51.7,4.08,0.31,310.5,26.6,0
2.88,26.64,39.2,41.9,1.95,0.02,458.5,27.5,0
2.33,24.3,34.0,39.8,5.93,10.64,561.9,29.5,0
2.46,14.76,40.0,56.9,3.69,0.4,568.5,34.6,0
2.07,21.83,45.7,20.0,0.86,0.05,203.4,22.0,0
1.66,23.74,30.2,43.7,8.58,0.34,586.3,26.6,0
1.93,19.34,40.8,34.7,0.68,1.33,561.9,38.8,0
2.2,15.34,45.9,39.3,3.28,1.06,436.4,16.7,0
2.22,23.25,56.9,50.4,1.81,0.28,309.8,26.1,0
2.97,31.95,41.9,45.9,1.15,0.25,438.8,12.7,0
2.23,20.26,32.5,45.0,4.66,0.71,741.7,26.2,0
2.67,29.06,42.9,59.9,1.8,0.02,589.5,28.7,0
2.03,18.61,39.3,47.9,2.24,0.0,645.9,15.3,0
2.08,22.97,50.5,66.1,0.3,1.15,351.7,29.5,0
1.67,25.47,41.6,55.1,3.29,0.47,420.1,23.3,0
1.9,21.96,17.9,38.3,2.25,0.03,305.5,35.6,0
2.41,20.66,81.9,67.3,1.27,0.74,400.2,31.3,0
2.2,25.27,46.4,50.8,2.28,3.29,703.7,24.2,0
2.58,30.51,45.9,66.7,2.57,0.35,432.6,26.5,0
2.27,23.35,29.6,45.3,1.86,0.35,396.6,38.9,0
2.06,19.68,30.4,50.7,1.03,0.76,535.8,27.2,0
3.06,21.15,44.1,52.3,2.88,0.19,413.8,18.6,0
2.16,33.34,48.4,46.3,2.11,1.22,513.9,20.0,0
2.67,22.61,52.0,60.7,0.43,2.19,414.7,26.7,0
2.04,19.33,47.4,67.3,5.25,0.26,528.6,35.9,0
2.48,16.85,33.1,25.1,3.63,1.29,443.0,24.6,0
2.57,13.78,20.0,56.1,3.77,2.63,332.3,20.3,0
2.28,23.64,44.0,39.1,1.9,2.8,658.1,28.1,0
1.26,24.95,39.7,22.1,2.53,0.97,772.7,30.3,0
2.21,20.21,32.4,53.2,1.48,0.2,574.6,31.6,0
2.69,21.93,53.3,53.2,2.08,1.29,274.7,16.1,0
2.41,16.73,29.2,54.8,1.2,1.59,465.8,30.2,0
2.38,22.6,51.2,51.7,1.41,1.68,536.7,29.8,0
1.51,24.17,30.9,56.8,1.8,3.27,247.2,24.9,0
1.91,19.59,46.3,42.0,1.02,1.15,419.6,36.0,0
2.36,29.61,54.3,50.6,6.64,0.75,289.3,31.2,0
2.36,18.23,41.6,55.0,2.09,0.84,345.5,22.0,0
2.69,23.28,61.9,61.5,2.85,0.47,550.9,31.3,0
2.14,25.82,64.2,48.4,1.05,0.07,492.6,14.8,0
2.36,21.65,47.4,45.9,3.16,1.52,335.7,24.7,0
2.21,21.15,50.4,47.4,1.69,0.02,489.9,25.1,0
1.81,15.57,55.6,36.1,0.8,0.08,445.6,32.6,0
1.3,28.11,50.4,55.7,2.4,0.49,632.4,49.3,0
2.37,21.24,49.4,33.4,4.49,3.21,188.9,25.9,0
2.27,24.42,39.8,51.9,1.39,0.79,388.9,38.3,0
1.95,25.03,28.1,48.8,1.81,0.29,727.6,37.5,0
1.55,19.17,31.1,32.5,1.66,2.73,325.4,18.7,0
2.45,21.11,68.8,33.1,1.8,1.02,337.8,37.4,0
2.09,28.01,48.2,39.5,2.02,0.55,422.3,23.1,0
2.42,16.97,42.5,44.6,4.93,1.51,690.3,28.1,0
2.95,31.58,57.6,62.8,2.06,0.7,560.3,44.1,0
1.34,18.65,37.5,46.9,0.56,1.57,340.6,31.6,0
1.92,16.69,50.8,53.5,1.79,0.3,487.3,23.5,0
2.12,22.6,45.8,60.7,2.47,0.2,447.3,31.1,0
2.78,31.94,49.6,58.7,1.21,0.74,567.5,17.3,0
1.55,13.4,41.6,47.9,4.62,0.46,493.7,35.4,0
2.97,21.37,35.4,40.9,1.05,1.12,529.5,23.5,0
2.25,24.14,36.8,53.0,0.9,1.87,451.8,10.8,0
2.16,22.15,37.2,41.1,2.64,2.78,698.4,25.5,0
2.12,23.72,45.0,66.1,0.98,1.72,493.6,24.4,0
2.03,18.77,29.4,56.7,2.74,0.5,406.0,31.5,0
2.62,19.3,32.5,50.1,1.47,1.56,659.1,19.9,0
1.77,21.33,46.4,53.1,1.32,0.91,588.6,30.4,0
2.34,16.92,43.7,49.8,0.71,2.84,363.5,23.2,0
2.05,21.8,46.9,44.3,1.69,1.47,40.0,27.5,0
1.9,20.25,44.5,53.0,0.98,0.2,581.1,35.5,0
3.23,19.88,70.2,45.6,0.81,0.1,434.6,35.7,0
2.37,23.44,46.3,67.4,4.22,0.94,506.4,36.9,0
2.45,13.81,41.2,41.1,2.44,0.55,677.3,22.7,0
2.66,20.97,46.0,53.1,1.15,0.22,357.1,30.1,0
1.63,32.43,55.2,40.2,0.49,1.92,331.3,30.4,0
2.9,17.11,44.5,40.1,0.3,0.56,290.6,36.8,0
1.2,27.78,51.8,30.1,1.21,0.11,830.5,25.7,0
1.89,22.25,49.0,52.1,3.77,0.37,678.8,17.6,0
2.02,19.29,42.1,42.7,1.46,1.36,600.7,33.9,0
2.43,16.06,46.1,58.8,1.01,1.25,211.0,37.4,0
2.29,22.63,61.0,52.1,0.51,0.37,286.4,30.2,0
2.13,28.54,47.4,49.5,1.28,0.5,605.4,20.3,0
2.2,20.25,35.1,33.9,0.94,0.06,560.2,43.2,0
1.81,21.64,41.8,53.8,0.47,3.68,459.2,28.8,0
1.6,26.55,23.9,41.4,1.13,0.48,297.2,23.4,0
2.49,23.53,46.4,33.7,2.65,3.18,658.3,35.7,0
2.48,14.92,58.1,52.3,0.3,2.02,768.8,39.7,0
2.83,22.44,31.6,35.4,1.58,0.49,565.8,16.8,0
1.88,28.81,46.5,27.1,0.3,1.42,386.6,31.8,0
2.48,21.83,54.9,61.0,0.76,0.77,728.6,37.1,0
2.09,9.66,55.9,42.4,0.42,4.51,525.3,27.3,0
2.68,23.75,57.8,30.6,3.28,1.22,744.5,29.0,0
2.61,21.11,26.3,38.4,4.39,0.88,446.3,27.1,0
2.28,13.77,50.0,40.8,1.86,1.22,809.3,38.7,0
2.06,14.44,29.9,59.4,0.91,0.3,432.7,20.3,0
2.58,26.39,35.0,31.4,1.46,0.44,400.8,26.2,0
2.46,18.7,53.2,34.6,0.3,1.5,624.4,43.0,0
1.93,17.92,46.6,57.8,3.35,0.1,489.0,23.7,0
1.67,21.84,52.3,43.5,3.37,0.43,558.1,17.2,0
2.08,19.1,35.7,50.3,2.71,1.16,347.2,27.9,0
2.81,22.45,59.7,43.1,1.79,6.54,349.9,35.6,0
2.66,21.09,51.9,68.2,4.53,3.12,442.8,27.7,0
1.76,16.6,53.9,35.1,1.05,2.14,553.8,24.6,0
1.73,19.7,34.2,50.8,0.3,0.83,383.3,31.5,0
2.71,23.99,56.7,63.0,1.38,1.96,660.4,45.4,0
1.75,22.19,41.8,44.3,0.56,0.98,483.9,26.2,0
2.4,21.63,38.9,40.5,3.95,0.74,756.1,42.5,0
1.95,30.72,51.3,55.7,0.92,0.3,342.2,30.9,0
2.85,25.29,50.8,58.0,2.23,3.62,551.4,21.9,0
1.89,25.84,36.5,40.0,5.07,1.09,568.9,39.6,0
2.66,21.25,65.6,62.6,2.83,1.35,540.7,25.6,0
2.27,22.99,63.1,48.5,0.86,0.18,492.7,17.1,0
2.3,20.06,51.1,53.1,2.63,0.68,627.1,30.1,0
1.41,25.5,49.3,62.9,1.72,4.01,314.6,24.7,0
1.32,21.5,48.3,55.7,0.64,1.7,542.4,40.7,0
2.11,23.0,29.5,48.0,0.48,2.57,352.0,30.8,0
2.3,22.72,46.1,41.3,3.05,0.6,413.1,24.3,0
1.75,21.92,46.0,75.1,3.5,0.08,540.3,34.1,0
1.76,35.22,39.2,40.1,1.51,0.52,642.2,28.0,0
2.42,19.0,41.9,51.2,0.66,0.57,293.9,30.3,0
2.43,18.96,21.2,53.1,1.16,0.43,747.6,11.3,0
2.14,25.12,34.0,53.6,0.7,0.9,650.4,19.9,0
2.51,19.32,54.2,69.3,2.15,0.26,506.5,29.6,0
1.73,20.69,62.3,48.5,3.12,3.33,339.9,19.0,0
2.06,17.11,35.6,47.0,3.2,2.86,729.3,23.8,0
2.86,24.21,46.8,63.5,3.12,0.36,569.3,34.5,0
2.23,24.27,56.0,46.6,1.56,1.26,569.2,31.6,0
2.25,20.58,39.8,56.8,1.3,0.83,398.3,36.2,0
3.12,25.22,51.8,49.9,1.71,0.35,529.1,28.1,0
1.64,13.64,44.7,57.2,1.45,2.73,406.1,23.2,0
2.52,18.82,56.9,55.3,2.47,0.32,682.3,37.9,0
2.87,21.24,32.2,44.0,3.1,1.18,686.0,28.3,0
2.07,16.72,34.0,29.6,1.91,0.49,477.0,20.5,0
2.54,14.13,47.8,31.3,2.13,2.1,412.2,39.4,0
1.81,20.61,46.0,29.6,1.68,1.16,618.7,28.5,0
1.93,25.12,44.4,47.1,0.97,2.14,597.7,34.9,0
2.35,27.77,50.8,24.5,2.46,0.51,325.1,30.1,0
2.52,19.54,35.7,46.4,0.3,0.01,456.3,34.8,0
2.65,25.3,31.3,49.3,0.92,0.3,828.9,32.5,0
2.83,24.86,40.0,56.6,1.41,2.02,498.8,25.9,0
2.17,27.48,41.1,53.0,3.86,0.46,535.3,25.5,0
2.68,20.42,42.2,57.0,5.69,0.46,581.8,33.0,0
2.06,13.91,57.7,52.1,1.66,0.72,416.2,28.8,0
2.56,22.32,52.7,44.8,3.66,0.39,614.9,28.0,0
2.28,17.44,50.3,46.9,3.82,1.97,556.7,25.0,0
2.38,18.74,47.2,39.5,0.3,0.47,668.8,26.1,0
2.37,20.64,40.7,50.3,1.8,1.11,247.2,17.4,0
1.56,20.47,36.5,32.2,1.43,0.72,553.1,31.6,0
1.75,22.64,33.0,58.7,0.34,0.41,531.5,23.5,0
2.24,25.16,38.1,38.4,1.21,0.37,287.4,28.8,0
1.53,20.35,44.6,49.5,3.72,0.84,460.0,27.6,0
2.53,23.78,33.5,51.2,2.71,0.28,559.1,29.4,0
2.55,22.07,46.7,59.6,0.48,0.51,507.5,28.2,0
2.33,26.21,43.1,31.2,0.3,0.05,496.3,31.2,0
1.75,21.15,41.0,44.7,0.82,1.87,497.8,21.9,0
2.75,21.64,56.6,53.5,1.9,0.05,430.2,27.5,0
3.01,20.32,20.4,65.5,1.74,2.47,800.8,28.2,0
2.26,21.27,41.2,47.6,0.3,0.06,549.2,22.0,0
2.4,18.47,21.5,42.1,2.38,2.26,546.5,21.1,0
2.28,18.03,47.4,68.3,0.92,1.24,300.9,24.0,0
2.41,25.49,52.6,56.0,1.18,0.85,452.7,29.2,0
2.15,17.13,31.5,61.7,2.82,0.19,420.7,20.4,0
2.19,20.56,32.8,35.9,0.59,0.36,495.4,34.6,0
2.56,26.57,28.0,53.2,4.83,1.41,451.8,23.7,0
3.14,20.41,45.6,37.2,3.78,0.86,407.4,27.9,0
1.64,25.73,41.6,34.9,2.49,0.87,465.7,32.7,0
2.16,19.34,42.2,53.8,1.19,0.17,337.6,17.7,0
1.73,17.27,41.3,54.5,4.63,0.77,589.3,37.6,0
2.84,14.82,35.3,43.2,1.19,1.07,620.8,21.8,0
1.96,27.91,56.3,62.3,2.71,0.16,574.7,37.3,0
1.62,16.88,47.7,44.3,0.3,4.4,628.4,31.6,0
2.46,25.36,33.2,45.3,1.38,2.13,617.8,15.4,0
2.9,17.5,38.0,47.6,0.33,0.46,307.4,26.9,0
2.47,27.93,36.3,45.6,0.3,0.99,723.9,22.5,0
2.28,31.93,59.1,60.8,0.55,0.98,630.4,39.5,0
2.36,14.41,52.1,37.6,1.74,0.14,213.6,29.5,0
2.77,17.12,43.7,40.5,7.13,0.69,386.0,14.4,0
1.85,25.48,62.1,36.1,1.23,0.28,315.1,36.8,0
2.16,24.31,59.5,66.8,2.38,0.49,565.1,31.8,0
2.02,25.5,42.7,44.8,2.22,3.46,419.9,30.9,0
1.73,19.42,40.9,40.3,1.33,0.96,503.6,28.2,0
2.07,30.94,41.4,45.1,0.3,0.08,760.2,18.1,0
2.64,22.53,35.5,56.5,1.94,1.34,716.6,39.1,0
2.43,16.52,62.3,54.6,0.78,7.92,356.3,26.3,1
2.46,20.86,34.9,42.2,1.56,0.22,568.7,38.1,0
2.26,16.58,53.7,44.0,3.24,1.38,774.1,28.1,0
2.41,29.16,51.9,33.4,1.67,2.09,362.8,26.7,0
1.88,19.03,42.0,49.4,0.97,2.23,645.2,15.9,0
2.08,24.22,63.1,60.8,0.3,1.48,474.8,23.0,0
2.28,19.88,29.4,42.2,2.66,2.89,358.9,37.3,0
2.31,19.23,44.2,54.4,2.16,0.04,727.1,33.0,0
2.33,13.4,40.1,42.2,1.71,0.08,435.7,31.7,0
2.14,24.69,54.6,37.0,1.09,0.17,477.6,32.1,0
2.05,27.85,48.5,54.8,3.34,0.05,446.8,28.0,0
3.46,17.88,27.7,71.5,3.78,0.15,658.0,24.7,0
2.56,15.05,57.4,53.4,2.5,2.04,647.5,22.4,0
2.37,25.61,49.9,43.9,3.8,2.72,388.7,24.8,0
2.11,14.59,34.6,44.5,1.88,0.49,517.4,29.0,0
2.02,27.49,41.5,67.1,1.42,3.78,555.3,22.6,0
2.15,17.93,32.0,51.1,2.21,0.65,646.3,28.1,0
2.32,17.04,43.3,40.3,1.57,0.23,408.8,28.6,0
1.45,23.12,46.5,47.4,1.55,1.37,707.4,26.7,0
1.57,17.33,41.7,50.2,1.52,0.65,622.2,16.5,0
1.95,18.82,40.5,52.7,4.35,0.02,357.5,20.6,0
2.28,23.59,28.9,63.1,1.56,4.07,572.7,26.9,0
2.1,11.07,48.4,60.8,1.59,1.09,573.4,13.0,0
2.79,29.39,25.8,50.0,1.2,1.14,393.6,35.2,0
1.61,22.2,45.3,47.6,2.4,4.87,564.0,37.1,0
1.9,16.18,27.0,52.0,6.09,2.15,500.4,34.0,0
2.81,17.42,45.5,41.9,1.86,0.54,270.3,30.0,0
2.25,26.46,44.9,57.8,1.03,0.05,40.0,19.4,0
2.55,24.7,49.0,46.0,4.11,0.3,807.4,30.1,0
3.02,28.24,53.6,52.9,1.14,0.52,481.4,37.8,0
1.92,18.93,55.5,65.1,5.73,3.87,516.2,20.1,0
2.16,23.33,28.9,53.5,1.48,2.63,346.0,45.9,0
2.09,23.92,44.4,50.3,2.16,0.03,410.2,33.7,0
1.42,25.13,65.1,42.8,2.81,5.23,825.2,20.6,0
2.08,27.07,46.2,47.2,1.13,0.36,862.7,20.9,0
2.55,18.77,36.7,36.6,0.56,1.79,221.7,24.5,0
2.42,21.49,44.2,53.3,1.32,0.15,508.6,27.6,0
2.45,19.25,41.2,26.7,1.57,0.3,780.2,25.4,0
2.05,21.76,33.2,57.7,0.44,0.84,529.7,8.4,0
1.94,25.14,53.7,55.3,1.34,1.46,602.6,18.9,0
2.71,14.56,50.8,49.0,3.26,0.51,474.6,28.0,0
2.0,26.99,31.7,42.7,2.2,2.48,577.3,29.3,0
2.32,16.87,44.1,47.8,0.84,3.38,716.8,34.3,0
2.27,20.62,39.3,30.3,3.37,0.16,578.3,23.3,0
2.78,27.6,29.0,56.2,0.48,1.52,317.6,29.0,0
2.59,23.48,30.9,46.4,1.45,0.17,405.4,28.1,0
1.68,23.53,32.3,63.2,0.87,0.5,616.0,22.1,0
1.72,16.69,44.4,51.9,1.82,2.05,489.8,32.3,0
2.43,17.3,40.4,50.3,4.11,0.49,418.2,31.4,0
2.17,26.24,35.4,52.0,5.24,2.86,336.5,44.2,0
2.02,19.35,41.1,38.2,1.85,0.64,350.5,35.5,0
2.61,19.77,52.5,43.5,4.29,0.44,392.7,17.2,0
2.27,26.34,48.6,49.3,1.84,5.43,568.5,34.5,0
2.22,17.28,55.0,45.0,2.52,0.7,422.4,18.0,0
2.51,23.21,42.7,42.2,3.04,1.62,526.7,38.3,0
2.05,22.19,61.0,45.2,2.74,1.1,523.6,25.9,0
2.83,21.99,48.5,48.4,1.95,0.27,615.3,30.2,0
1.88,19.67,40.1,71.2,0.41,0.83,376.7,37.2,0
2.46,19.39,45.9,44.7,4.04,0.1,742.5,31.3,0
2.77,17.15,32.5,41.2,1.92,1.48,236.1,33.7,0
1.65,24.17,41.9,46.5,4.01,0.88,451.2,23.5,0
2.06,18.99,49.3,63.0,2.07,0.16,436.3,21.5,0
2.66,26.36,51.1,63.7,0.89,1.75,381.5,28.2,0
2.66,20.99,40.9,67.5,0.3,1.96,169.4,32.6,0
2.13,17.24,72.3,48.6,2.14,1.59,682.0,27.3,0
1.91,20.93,43.3,54.4,0.54,0.48,624.4,39.5,0
2.58,20.15,28.2,37.5,4.72,1.54,574.8,32.0,0
2.67,26.54,57.1,44.5,1.29,1.03,391.1,25.9,0
1.73,20.34,51.1,36.8,1.01,0.94,424.2,26.9,0
1.72,20.76,47.3,52.7,4.44,1.26,449.6,24.1,0
2.29,28.35,40.4,48.4,1.55,1.19,464.0,31.3,0
2.45,24.29,48.9,50.3,0.57,1.93,619.3,25.3,0
2.08,29.48,61.2,39.5,3.28,5.12,425.8,29.4,0
2.47,27.67,47.0,56.5,0.81,1.55,371.5,38.7,0
1.92,18.01,30.3,23.9,2.94,0.7,522.0,31.2,0
1.35,26.45,10.5,45.5,1.58,0.74,506.4,27.6,0
2.03,28.86,48.8,46.9,0.87,0.04,575.5,26.5,0
2.23,28.9,35.1,27.8,1.55,0.21,708.3,37.2,0
2.09,26.45,44.0,51.8,2.31,0.31,439.0,30.7,0
1.74,26.35,36.9,46.3,1.87,5.57,639.8,33.3,0
1.47,20.64,36.2,53.6,1.93,1.73,521.3,23.9,0
1.99,18.23,37.3,68.0,0.98,0.18,653.7,18.7,0
2.56,20.42,38.3,51.2,0.54,0.83,684.8,37.0,0
2.7,14.51,52.8,57.7,1.33,0.29,386.4,35.5,0
2.68,28.04,50.7,61.8,0.3,0.42,796.9,20.6,0
1.87,20.73,32.9,52.9,2.45,1.11,527.2,33.9,0
1.74,27.81,34.3,39.3,1.84,1.1,327.9,37.6,0
2.4,16.46,48.8,31.6,1.77,2.47,329.2,25.3,0
2.45,26.87,55.5,51.7,1.76,0.22,721.0,27.7,0
2.36,19.77,55.4,44.0,0.3,0.83,697.2,41.4,0
1.39,16.22,35.0,60.8,1.41,1.1,664.5,36.8,0
1.85,29.32,54.9,43.2,1.55,3.2,418.8,22.9,0
2.19,26.98,27.2,47.9,2.3,0.87,444.0,23.5,0
2.39,22.95,43.0,36.4,0.3,0.5,263.6,26.4,0
2.51,22.15,49.9,44.6,0.49,0.41,456.2,29.8,0
2.26,23.98,24.2,38.6,6.85,0.29,525.6,31.7,0
2.33,22.88,65.9,39.5,2.79,3.94,725.0,19.2,0
2.23,18.43,58.3,47.5,1.15,1.11,458.7,23.7,0
2.47,20.15,51.5,41.9,2.05,0.43,449.9,14.9,0
2.33,30.82,35.3,74.3,2.73,1.64,543.4,33.3,0
2.23,34.02,44.3,56.4,0.75,0.41,627.6,28.4,0
2.09,29.03,52.9,58.8,3.31,0.84,732.9,26.5,0
2.23,24.15,33.8,46.9,4.81,0.03,395.1,25.0,0
2.39,20.48,43.2,49.1,0.3,2.25,474.4,26.9,0
2.31,18.41,54.1,43.7,2.91,3.76,520.5,30.9,0
2.35,18.7,30.1,74.2,2.93,2.41,460.1,19.7,0
2.74,19.51,48.3,46.9,2.79,0.23,406.9,22.9,0
2.31,31.68,27.5,42.0,4.02,2.09,461.5,20.9,0
1.94,30.13,35.6,40.5,1.15,0.51,317.3,10.0,0
2.55,25.36,40.0,51.4,0.3,3.3,409.1,40.5,0
1.65,17.68,50.1,62.2,0.54,0.43,315.0,32.8,0
1.77,26.02,38.0,58.9,1.22,0.11,501.8,22.3,0
2.33,20.93,46.3,40.4,0.81,2.3,441.3,29.7,0
2.41,12.31,38.1,40.2,0.57,0.15,418.2,19.8,0
1.7,23.29,39.7,60.5,2.92,0.94,502.4,31.5,0
2.05,18.21,57.5,69.0,1.36,0.57,129.0,44.8,0
1.96,18.36,33.5,46.5,3.88,1.7,452.4,34.7,0
2.01,20.87,52.6,60.1,1.3,1.66,529.2,14.1,0
2.58,19.76,45.0,33.3,1.7,1.8,646.2,17.3,0
2.48,21.85,39.2,39.6,2.86,0.08,591.4,17.6,0
2.19,21.63,32.8,37.9,3.32,2.35,690.6,25.1,0
1.98,13.56,33.5,52.1,1.87,0.75,285.0,27.5,0
1.66,28.84,37.6,46.2,1.24,0.3,657.0,37.9,0
2.77,17.57,43.5,50.4,0.61,0.43,544.8,18.5,0
2.44,17.71,51.0,60.2,0.69,2.8,419.5,28.2,0
1.92,20.52,42.0,41.5,2.98,0.01,516.2,9.5,0
2.49,21.51,42.7,48.9,6.46,1.94,968.8,20.8,0
2.17,28.57,44.2,34.6,0.77,3.09,521.8,18.6,0
2.09,23.21,49.8,59.6,0.43,0.35,512.0,13.0,0
2.37,24.55,51.4,59.0,0.82,2.07,628.9,33.3,0
1.9,23.24,31.1,51.6,0.3,0.21,467.2,23.4,0
2.06,23.04,42.2,49.2,1.26,0.02,381.1,29.2,0
2.25,23.39,57.3,42.9,0.52,1.11,710.6,18.3,0
2.0,13.3,31.8,34.0,3.46,1.25,284.1,36.2,0
2.47,20.88,45.7,51.1,0.65,0.2,506.5,21.3,0
2.95,27.23,43.3,55.6,1.39,0.86,490.3,35.8,0
1.9,39.74,39.3,68.2,2.52,0.58,375.0,35.5,0
1.53,16.58,60.9,44.1,1.17,0.1,302.3,29.8,0
1.4,23.9,45.4,50.7,2.05,0.85,480.9,30.5,0
2.14,19.43,60.1,59.1,1.13,1.06,554.9,20.9,0
1.93,31.21,45.1,59.4,2.46,0.29,657.1,16.7,0
2.28,15.91,49.6,41.8,2.61,1.62,384.3,29.3,0
2.25,24.81,39.2,45.2,0.46,0.09,382.3,29.5,0
1.56,15.67,39.3,42.7,2.38,0.96,728.9,25.4,0
1.47,20.57,49.1,39.0,0.69,0.43,429.8,22.2,0
2.32,21.85,49.3,62.7,1.51,0.69,449.9,22.0,0
2.25,26.81,51.0,48.6,0.3,2.69,682.8,17.6,0
2.03,17.15,48.8,47.3,1.57,1.33,253.1,34.7,0
1.54,24.99,31.6,50.5,1.2,0.19,319.8,23.1,0
2.39,22.08,36.9,48.5,1.36,2.61,708.8,21.4,0
2.71,23.23,53.5,45.8,0.56,0.56,409.8,32.4,0
2.31,26.31,25.4,40.4,2.52,0.5,419.9,24.3,0
1.86,16.23,47.9,63.7,3.25,0.84,432.5,23.8,0
2.22,25.65,43.9,42.3,1.92,0.28,452.0,35.9,0
1.65,19.44,53.5,38.7,1.89,2.95,431.1,19.9,0
2.62,26.93,49.2,47.2,1.09,0.76,521.4,20.3,0
2.23,23.51,38.4,69.6,1.18,0.6,687.9,14.8,0
1.49,21.06,37.9,39.8,3.1,0.22,379.5,27.8,0
2.08,19.34,39.8,55.1,4.04,1.95,411.3,23.9,0
2.39,25.7,50.8,45.5,2.19,3.66,504.8,41.0,0
2.07,27.67,22.0,50.4,0.97,2.44,735.7,23.9,0
2.09,19.6,46.6,57.2,1.07,0.21,455.7,32.5,0
1.71,16.9,36.2,30.8,0.31,1.67,365.1,21.9,0
2.43,25.12,46.9,39.0,1.74,0.27,197.1,33.7,0
1.94,15.48,48.4,57.1,1.42,0.05,385.9,38.2,0
1.34,16.13,28.4,49.0,0.99,0.8,369.9,24.3,0
2.05,17.22,42.7,50.1,0.35,1.33,321.3,26.8,0
2.59,20.13,46.6,55.1,2.99,0.16,510.6,26.5,0
2.05,15.99,45.9,39.1,1.99,1.12,460.6,29.9,0
2.9,13.28,43.8,58.6,0.56,2.23,713.9,34.9,0
2.37,16.89,32.8,56.2,3.16,0.28,532.3,23.6,0
2.34,24.89,34.3,50.4,2.05,0.67,651.3,35.3,0
2.15,16.28,31.2,52.7,1.14,0.83,474.3,29.4,0
2.17,20.47,50.5,59.6,0.63,2.13,368.2,39.0,0
2.09,30.76,43.8,42.1,1.2,1.77,592.8,30.4,0
2.08,21.78,44.5,54.6,1.29,1.76,330.7,18.2,0
2.41,23.54,27.9,65.4,2.38,1.36,673.6,33.0,0
1.83,17.74,44.7,54.4,3.7,1.15,387.8,28.1,0
1.77,31.74,51.3,45.8,0.68,0.85,611.1,26.0,0
1.75,19.56,26.6,71.2,2.49,0.55,556.4,31.6,0
3.02,20.97,39.6,50.3,1.72,0.86,354.3,22.6,0
2.41,27.93,29.3,62.0,4.74,2.31,681.6,26.7,0
2.32,21.18,40.8,43.8,4.1,1.01,788.1,24.4,0
1.78,22.22,36.0,58.7,0.84,5.09,387.6,32.8,0
2.45,20.73,48.8,42.5,2.13,0.18,401.8,25.7,0
2.15,20.76,46.7,51.2,1.13,0.7,510.3,29.0,0
2.29,23.67,57.9,41.9,0.72,0.27,630.1,29.2,0
1.81,24.49,44.5,67.0,0.66,0.55,683.7,31.4,0
2.26,19.11,48.4,45.8,1.36,1.87,446.3,24.7,0
2.03,18.55,39.4,36.9,1.01,2.09,520.7,36.4,0
1.89,19.26,34.0,49.0,5.66,0.04,447.2,35.3,0
2.49,15.69,53.3,53.4,2.32,3.68,438.1,41.1,0
1.58,14.84,57.4,47.7,2.62,2.47,420.3,21.7,0
2.43,23.34,52.1,39.9,1.99,2.82,295.5,29.3,0
2.47,26.22,46.3,58.4,4.34,0.57,629.5,16.9,0
1.85,25.92,35.3,60.6,1.05,0.82,515.3,20.1,0
1.87,11.28,56.4,31.5,2.08,0.22,728.9,33.2,0
2.11,20.9,50.8,39.2,1.9,0.61,623.6,27.2,0
2.31,17.04,65.2,46.4,3.25,0.16,440.0,21.2,0
2.14,22.65,33.5,42.7,2.76,2.39,328.8,33.4,0
2.37,20.12,53.6,53.3,3.44,1.04,780.1,30.4,0
2.91,24.66,50.5,66.4,1.52,0.18,245.2,11.2,0
2.0,21.91,41.6,44.2,0.99,2.54,448.7,35.7,0
1.51,13.47,58.6,63.8,2.55,0.1,451.1,28.4,0
2.53,17.65,49.0,33.3,1.18,3.14,402.9,24.2,0
2.87,22.03,35.6,52.6,0.41,0.13,372.3,18.6,0
2.36,22.41,43.8,42.1,2.12,1.52,316.8,31.2,0
1.76,15.67,35.5,52.8,1.14,1.24,391.2,24.6,0
2.15,15.09,40.3,30.4,2.01,1.83,492.3,27.0,0
1.75,22.25,52.0,35.1,0.7,1.0,545.9,28.4,0
2.46,15.68,54.9,52.8,0.79,0.52,421.3,31.7,0
1.66,14.49,47.2,41.7,2.92,0.38,420.5,30.0,0
2.08,20.0,37.5,44.8,1.97,3.49,343.6,38.6,0
1.8,19.8,48.8,66.4,5.87,0.7,525.1,15.6,0
2.25,18.05,52.2,49.4,2.91,2.22,507.2,24.0,0
2.05,18.83,25.3,57.0,1.62,1.54,556.9,35.6,0
2.27,22.06,46.2,40.4,2.17,1.28,418.8,42.4,0
2.21,18.76,43.1,34.6,1.75,4.23,363.4,36.2,0
1.81,22.32,54.5,47.2,3.4,1.0,497.1,31.5,0
2.45,20.29,48.9,33.1,1.66,1.58,578.1,34.1,0
2.18,22.75,49.8,41.0,2.43,2.27,366.9,33.9,0
1.8,25.95,40.2,50.4,0.66,0.06,405.9,24.0,0
3.1,25.78,45.0,46.9,0.3,6.72,316.3,32.3,0
2.39,27.8,54.4,51.3,0.39,0.36,324.2,21.2,0
2.14,25.77,44.4,54.0,2.82,1.45,418.0,29.0,0
2.77,23.07,46.7,36.0,2.31,3.68,373.8,24.6,0
2.94,20.05,29.6,38.6,0.73,1.73,620.1,31.3,0
2.14,20.26,44.3,26.2,1.05,0.31,504.5,24.3,0
2.34,18.05,24.9,44.3,0.72,0.54,689.8,28.5,0
1.8,22.02,39.8,55.4,1.67,0.64,691.3,21.0,0
2.14,25.14,45.6,62.9,3.57,1.06,502.3,25.4,0
2.12,18.73,52.7,49.9,2.57,1.11,199.4,36.1,0
2.27,21.83,35.0,61.7,6.72,1.86,559.8,15.0,0
2.33,18.95,48.7,51.8,1.33,2.36,671.6,28.4,0
2.42,22.94,59.7,49.1,2.92,0.11,594.9,37.8,0
2.3,19.53,38.6,41.9,2.99,0.38,552.3,34.2,0
1.72,18.67,29.5,24.1,2.23,0.51,462.8,28.6,0
1.82,18.94,47.9,60.2,0.36,0.02,323.3,33.3,0
1.98,24.26,33.1,47.5,1.68,0.65,593.8,22.9,0
2.09,21.56,36.8,61.9,4.15,0.53,470.7,33.1,0
2.62,20.07,54.2,38.5,1.66,0.89,546.8,36.6,0
1.73,23.18,63.8,72.3,0.4,0.13,411.9,29.7,0
2.06,20.13,35.0,45.5,1.89,0.64,799.9,35.0,0
2.58,27.07,37.6,41.1,2.32,1.09,535.9,20.9,0
2.08,17.62,40.6,45.9,1.45,1.95,443.0,19.9,0
2.38,21.16,39.5,49.7,0.86,1.75,329.5,33.5,0
2.14,15.68,64.3,47.3,3.38,0.62,290.2,45.3,0
2.3,20.44,39.7,42.8,1.13,0.59,593.1,28.6,0
2.11,14.44,41.1,30.0,1.73,0.05,412.7,34.2,0
2.47,25.36,61.2,40.0,1.49,0.1,432.5,7.4,0
1.58,25.45,50.8,58.7,6.66,2.47,418.6,32.3,0
2.05,25.53,54.9,39.2,0.87,1.97,336.2,24.6,0
2.32,22.13,35.9,30.8,3.98,0.03,456.5,42.0,0
2.41,18.04,39.7,37.4,4.15,2.57,508.5,33.4,0
2.8,18.4,34.6,47.1,2.13,1.14,349.0,28.6,0
2.04,28.89,53.0,40.4,2.75,1.94,549.8,24.2,0
2.79,28.46,57.3,45.2,5.44,0.84,316.5,37.0,0
1.94,22.55,39.0,40.0,4.39,0.2,433.9,37.1,0
2.73,19.68,41.4,58.1,7.19,0.53,554.7,22.3,0
2.53,28.16,41.8,52.9,2.9,0.72,498.0,36.2,0
1.83,18.87,29.5,70.2,1.57,1.68,253.8,35.1,0
2.32,23.03,38.3,44.2,2.38,2.01,82.1,29.9,0
2.18,28.08,52.7,45.2,1.82,1.62,585.0,33.8,0
2.45,18.24,36.2,59.8,0.91,0.78,603.5,32.0,0
2.11,25.73,45.9,51.9,2.81,1.31,565.6,20.7,0
2.08,24.34,31.9,38.6,2.37,0.42,465.9,30.5,0
2.75,21.82,43.6,53.6,1.61,5.29,462.8,27.1,0
2.16,17.53,39.4,52.0,2.49,0.22,484.0,20.4,0
2.53,18.74,32.8,30.1,0.3,1.54,587.8,22.5,0
2.11,23.3,52.9,41.5,1.58,0.2,480.0,16.4,0
2.87,15.59,53.5,49.9,2.85,0.4,556.1,15.8,0
1.93,22.59,35.3,62.5,3.21,1.66,697.1,24.0,0
1.95,24.43,42.8,55.0,3.95,1.57,354.9,35.8,0
2.81,26.43,45.4,42.4,0.82,0.16,472.2,19.0,0
2.02,15.71,26.9,40.9,1.23,1.36,371.2,19.6,0
2.84,27.92,31.0,56.0,2.71,0.27,441.0,41.4,0
2.56,29.63,57.9,23.7,0.96,4.33,484.8,21.3,0
2.14,23.85,34.3,39.9,1.47,1.11,368.1,28.2,0
1.47,17.33,57.6,62.1,0.74,0.0,256.4,31.5,0
2.19,20.52,31.5,51.0,1.02,0.28,304.0,26.6,0
2.24,21.79,51.6,40.4,1.34,0.31,566.5,27.7,0
2.67,23.22,41.9,36.0,2.55,0.34,399.8,22.4,0
2.84,22.1,43.3,56.4,2.9,0.98,467.2,23.5,0
1.93,23.27,63.6,48.8,2.65,0.28,507.4,30.3,0
2.52,21.59,32.5,45.8,0.63,0.64,636.1,19.6,0
2.51,23.19,50.9,51.7,0.59,0.23,457.4,38.0,0
2.63,19.93,50.5,49.6,2.84,1.32,537.0,15.5,0
2.4,20.48,78.5,48.9,0.92,1.01,330.2,29.5,0
1.42,19.41,34.2,34.8,2.27,1.19,475.9,20.6,0
2.14,30.63,38.7,37.7,2.17,4.11,353.4,31.3,0
1.74,28.59,53.2,55.5,0.9,0.61,478.8,21.2,0
2.12,24.5,43.0,53.6,3.51,0.29,519.1,32.1,0
2.59,27.96,40.4,51.8,4.5,8.04,464.9,33.7,0
2.32,25.59,54.6,42.1,0.3,0.07,436.5,34.3,0
2.66,22.82,42.3,55.7,5.6,2.0,540.4,24.6,0
2.34,15.22,36.1,44.3,5.45,0.21,439.5,38.5,0
1.68,20.82,52.3,61.0,2.38,1.31,437.9,28.4,0
1.19,20.49,48.8,40.5,0.3,0.77,342.1,27.7,0
2.26,16.9,41.9,42.7,0.46,2.19,575.9,31.9,0
2.11,15.31,41.4,46.5,1.32,1.58,493.7,16.6,0
1.81,24.22,35.9,56.5,0.87,0.23,428.1,26.4,0
1.52,23.46,52.3,47.6,1.21,1.31,344.2,30.5,0
1.91,16.75,41.4,48.4,4.13,0.29,850.5,23.9,0
2.12,18.64,37.3,44.1,1.44,0.22,47.5,27.7,0
2.47,27.23,32.1,50.7,2.45,0.11,386.3,39.7,0
2.28,18.05,48.9,47.3,1.8,0.14,427.6,22.4,0
2.84,22.77,39.9,40.2,1.02,1.46,638.1,33.6,0
1.79,21.15,24.9,49.3,5.81,5.81,452.8,23.6,0
2.55,24.28,33.0,49.5,0.56,1.35,527.3,28.6,0
2.22,18.15,42.7,71.5,1.76,1.48,433.8,31.7,0
2.48,22.41,42.9,41.9,1.19,1.83,776.5,33.8,0
2.03,22.76,42.6,39.6,0.74,2.64,559.3,30.6,0
2.63,23.04,41.2,50.8,6.2,0.37,402.4,33.2,0
2.32,22.36,30.2,38.1,1.02,1.11,605.6,26.8,0
1.93,23.55,36.3,37.3,1.58,0.29,462.9,25.0,0
2.2,31.86,56.8,33.6,1.85,0.89,774.0,35.2,0
2.1,33.53,55.4,40.3,3.77,0.28,702.7,15.1,0
2.4,19.12,50.8,40.5,2.96,0.08,544.2,25.2,0
1.73,11.57,49.9,35.2,0.58,0.11,464.5,26.3,0
2.19,24.68,54.0,45.5,0.94,4.49,404.8,29.3,0
2.36,22.84,33.8,24.3,2.51,0.01,632.3,34.3,0
2.21,26.77,45.3,52.9,1.81,1.41,717.8,29.4,0
2.74,23.28,33.8,42.4,1.09,2.62,456.2,26.5,0
2.51,22.26,34.0,43.9,2.9,0.6,567.4,33.8,0
2.2,27.08,48.7,53.9,0.79,1.48,575.8,30.0,0
2.29,27.71,54.5,51.7,0.77,0.51,633.5,28.9,0
2.32,15.76,43.1,41.7,0.43,0.9,383.2,39.2,0
2.36,18.33,61.5,52.5,2.21,3.29,566.6,34.8,0
1.47,21.52,47.1,63.5,1.8,0.05,836.6,46.6,0
2.08,22.44,37.2,37.9,3.08,0.37,514.4,14.3,0
1.61,20.98,34.1,55.5,0.75,0.13,568.0,37.1,0
2.71,23.95,55.2,36.9,0.3,0.82,556.8,38.4,0
2.18,26.48,46.3,59.8,1.92,1.77,583.0,23.2,0
2.12,29.75,51.8,40.9,0.77,4.51,326.4,27.2,0
2.56,24.61,18.4,40.5,1.56,0.2,807.1,28.6,0
2.37,18.16,47.4,59.5,1.94,0.05,515.0,24.9,0
1.75,21.34,39.9,55.2,1.05,0.18,581.7,25.6,0
2.17,21.66,31.1,41.2,2.34,4.16,513.2,51.1,0
2.07,24.32,44.4,49.3,0.53,0.46,641.5,28.0,0
1.5,23.75,55.9,40.9,1.98,0.37,424.7,32.1,0
1.92,31.23,67.7,32.1,2.35,1.59,303.9,30.6,0
2.13,19.92,47.4,49.9,1.7,0.15,482.4,28.7,0
2.15,23.73,37.9,44.4,1.72,0.52,571.9,20.1,0
1.61,32.6,37.3,38.5,1.56,0.19,448.0,34.8,0
2.66,19.37,54.6,61.0,1.24,4.39,399.3,27.7,0
2.16,22.65,35.0,38.9,2.84,0.4,552.3,17.1,0
2.22,17.75,51.2,49.4,0.3,0.38,360.9,29.1,0
2.36,22.37,47.9,58.8,4.51,1.21,646.9,30.2,0
1.88,18.49,46.8,45.4,1.57,0.02,453.2,36.1,0
2.38,26.71,29.3,40.7,2.64,1.27,574.6,18.6,0
2.05,22.66,41.4,51.0,1.88,0.73,325.8,27.2,0
1.84,17.79,30.4,52.6,0.3,0.24,703.0,23.2,0
2.43,25.78,39.1,56.8,3.49,0.8,570.3,22.2,0
2.8,22.81,54.2,66.7,4.06,8.28,592.0,29.6,0
2.49,26.29,57.3,43.4,1.27,2.19,306.4,24.9,0
2.57,16.84,47.1,50.0,0.3,4.39,387.6,31.5,0
1.99,23.66,39.3,35.3,0.41,3.13,529.9,21.7,0
1.56,25.48,60.9,54.7,1.3,2.06,337.6,27.0,0
2.8,20.09,39.2,49.8,1.73,0.49,406.0,30.0,0
3.02,16.33,33.6,46.2,3.08,1.57,613.3,30.9,0
2.82,21.81,52.0,41.8,3.63,0.6,409.1,29.3,0
2.07,27.53,49.6,44.5,1.84,0.67,556.1,27.7,0
1.74,27.07,39.6,50.4,2.49,2.48,375.9,24.0,0
1.77,20.07,46.0,38.3,0.61,0.28,590.1,39.1,0
1.53,16.23,49.4,44.9,0.8,0.42,331.9,29.5,0
2.16,20.06,47.0,48.2,0.79,3.2,589.1,20.1,0
2.84,19.89,49.6,32.6,1.33,1.44,824.5,14.3,0
2.14,24.01,39.9,37.5,1.13,0.08,419.8,36.4,0
2.32,21.53,50.3,41.4,3.14,0.16,400.8,19.0,0
2.75,18.61,45.2,63.7,1.23,1.04,670.9,29.3,0
2.04,26.97,40.3,39.7,1.95,1.92,509.7,19.6,0
3.01,22.63,42.5,47.4,2.3,1.89,324.6,29.0,0
3.0,23.96,44.0,37.6,1.65,0.66,550.9,30.2,0
2.15,14.24,30.5,40.2,2.85,0.36,532.5,33.6,0
1.97,11.09,38.6,33.6,2.35,1.86,405.1,27.4,0
2.48,15.53,45.6,54.7,0.72,3.46,399.3,27.4,0
2.06,19.84,31.5,34.7,2.43,0.7,630.3,20.5,0
1.74,24.59,38.8,57.1,0.79,0.18,351.8,26.2,0
2.71,11.46,68.8,52.7,1.22,1.13,294.4,28.3,0
2.69,29.17,33.7,47.2,2.19,0.09,383.7,28.3,0
2.26,22.77,41.2,57.4,2.86,1.13,629.8,26.8,0
1.69,28.12,36.7,79.0,0.3,0.23,460.8,20.5,0
1.71,18.01,43.8,52.8,3.37,0.87,415.4,18.9,0
2.24,24.27,36.9,36.8,5.63,1.18,489.7,38.6,0
2.0,22.38,42.6,62.9,0.3,0.71,573.1,32.1,0
2.06,25.68,37.8,49.9,1.79,2.11,730.2,44.5,0
2.61,20.95,55.6,69.1,0.3,0.56,552.6,30.8,0
2.49,24.13,45.8,42.9,3.51,0.2,794.0,32.7,0
2.75,26.96,35.0,60.8,0.7,0.75,609.7,21.7,0
1.8,19.07,53.4,48.0,1.14,3.97,455.4,38.3,0
2.06,23.09,35.4,74.6,1.03,2.55,633.7,15.1,0
2.5,13.5,29.4,45.2,1.24,0.45,595.5,32.5,0
2.38,25.16,45.0,78.0,1.55,0.33,674.3,28.8,0
2.81,30.8,64.1,52.4,0.32,0.79,610.5,38.2,0
2.37,16.4,26.7,56.5,6.73,1.28,517.1,27.1,0
2.94,21.59,31.7,65.0,1.12,3.14,427.9,28.3,0
2.42,25.96,52.5,40.1,0.33,1.14,520.2,14.5,0
2.62,22.14,38.6,57.7,3.08,2.17,277.7,14.8,0
2.07,22.74,51.1,45.1,1.83,1.43,475.6,30.6,0
2.21,20.24,36.6,49.5,3.84,0.13,323.1,36.0,0
2.56,20.07,46.4,48.8,1.78,2.67,568.7,30.0,0
2.85,21.61,62.4,53.7,0.96,0.27,625.1,27.1,0
2.49,22.19,33.1,53.3,1.08,0.55,547.3,30.2,0
2.17,16.68,55.2,42.2,3.06,2.2,475.6,29.4,0
2.75,21.7,51.8,49.2,3.11,4.65,457.2,32.6,0
1.32,29.06,30.1,24.7,2.89,0.45,680.2,21.3,0
1.63,20.11,50.6,57.9,2.53,0.58,648.0,29.8,0
2.47,16.43,45.7,64.9,5.1,0.8,340.8,20.9,0
2.21,21.32,45.9,49.9,1.53,0.83,538.3,35.7,0
2.44,18.78,48.4,31.9,0.42,1.67,548.8,20.3,0
2.23,15.98,41.5,55.4,1.0,2.04,469.2,26.4,0
2.43,22.63,45.7,40.4,0.73,5.66,295.1,32.2,0
1.87,18.8,47.4,49.8,3.12,1.96,191.8,18.8,0
2.43,19.19,52.5,54.9,0.39,0.43,525.8,22.3,0
2.6,22.69,29.7,53.5,0.41,0.53,246.0,43.6,0
2.69,15.1,57.9,58.8,1.83,1.15,421.5,34.6,0
3.01,14.16,33.4,49.5,4.58,1.39,602.7,30.3,0
2.3,25.02,52.6,49.7,3.46,0.11,562.4,32.5,0
2.31,13.31,45.8,55.4,2.0,0.51,410.5,16.1,0
1.59,17.6,32.2,47.3,3.59,0.27,634.3,32.4,0
1.99,13.9,50.3,41.1,1.15,0.85,578.9,41.7,0
2.12,19.81,35.5,52.5,5.11,0.22,426.8,24.5,0
2.62,23.93,55.7,36.7,0.39,1.04,728.2,40.8,0
1.96,22.51,37.9,47.2,0.64,0.76,573.1,24.8,0
2.52,32.76,30.1,34.2,2.68,0.62,383.0,28.8,0
2.2,26.89,60.3,42.5,2.77,1.26,192.1,18.6,0
2.13,17.81,46.8,42.9,4.66,0.65,533.6,31.1,0
2.3,16.61,53.7,38.2,0.95,0.61,424.3,29.0,0
2.04,34.18,36.5,59.0,3.7,1.26,503.1,26.4,0
2.03,26.78,26.1,58.2,1.85,0.07,464.5,22.0,0
1.52,24.65,61.8,61.1,0.54,0.68,170.3,29.6,0
2.1,22.34,44.9,46.1,0.39,0.26,456.2,23.6,0
2.01,23.23,49.9,43.7,1.21,0.05,334.6,35.7,0
1.99,15.33,51.6,56.0,1.39,0.04,423.8,29.8,0
2.37,22.71,41.6,49.3,0.32,0.22,413.2,24.6,0
2.46,22.32,47.3,49.2,2.38,0.68,509.6,35.0,0
2.29,17.93,60.9,22.6,2.65,1.0,545.0,25.0,0
2.6,19.58,44.7,55.6,1.17,1.91,569.2,34.8,0
2.43,28.82,54.4,54.2,1.42,1.12,140.3,28.8,0
2.08,21.44,25.1,47.9,3.52,0.88,713.2,14.6,0
2.01,31.32,56.2,56.2,2.42,0.04,255.2,32.1,0
2.33,14.17,29.8,54.0,2.47,0.42,498.0,27.6,0
2.43,19.65,55.1,41.0,1.76,1.41,375.7,31.9,0
2.76,15.04,48.9,45.8,1.78,0.38,544.3,29.5,0
2.68,16.56,44.0,37.9,1.9,1.08,225.6,29.6,0
1.98,18.27,44.0,62.6,0.58,1.11,732.4,28.3,0
2.16,23.42,42.5,57.8,1.31,0.44,446.1,48.2,0
2.47,23.2,36.8,39.9,1.96,1.02,575.1,31.7,0
2.63,18.94,42.9,54.2,2.7,0.15,379.9,15.6,0
2.58,11.97,67.1,50.8,2.47,1.56,749.1,17.4,0
2.17,28.65,58.0,41.1,2.07,0.03,294.2,31.0,0
1.7,20.71,36.3,49.2,1.48,0.04,105.4,24.0,0
1.8,16.98,47.7,56.6,2.66,2.45,704.4,35.5,0
2.31,23.24,46.0,57.4,2.65,1.04,323.6,30.3,0
2.34,22.92,43.6,71.3,1.4,0.21,489.5,30.6,0
1.76,20.55,35.0,48.9,1.41,1.1,733.8,21.6,0
2.22,22.67,49.5,45.6,0.3,0.55,439.2,32.0,0
2.45,16.8,53.5,53.6,5.88,0.38,539.0,29.2,0
1.74,25.42,36.7,46.2,2.25,2.0,622.2,21.4,0
2.64,17.51,64.6,42.2,3.02,0.78,504.5,21.5,0
2.05,19.27,60.2,38.7,4.02,0.42,695.2,39.6,0
2.7,24.92,50.5,20.0,0.3,3.45,605.8,32.0,0
1.99,27.42,32.7,55.3,1.34,0.22,365.9,25.3,0
1.79,29.14,49.0,31.6,1.22,0.18,609.8,24.2,0
2.02,26.75,47.8,39.2,1.28,0.12,494.8,28.1,0
2.16,20.54,50.1,50.9,0.59,0.16,495.6,30.0,0
2.04,15.07,60.9,44.8,3.99,0.35,549.9,18.6,0
2.11,28.32,43.2,69.5,1.84,1.44,638.1,27.1,0
2.33,28.17,65.5,32.9,1.81,1.34,355.6,13.7,0
2.13,18.98,49.1,70.4,2.68,1.73,695.8,27.8,0
2.17,26.15,42.1,61.8,0.3,1.03,686.6,38.2,0
1.52,20.51,69.0,57.1,1.63,0.81,405.1,18.9,0
2.36,28.76,53.3,62.4,3.07,0.68,763.8,27.0,0
2.16,19.68,40.5,52.0,4.52,2.49,474.0,26.5,0
2.84,30.9,45.8,31.0,2.18,0.51,585.1,20.1,0
1.82,25.54,51.4,53.1,2.84,2.67,430.8,24.8,0
1.48,30.09,43.5,33.2,2.8,0.39,622.9,18.8,0
2.45,19.91,46.3,42.7,1.52,0.21,433.3,21.2,0
2.34,23.82,36.8,47.2,2.05,0.35,524.0,29.1,0
1.8,17.64,28.1,38.9,1.11,0.83,107.2,30.7,0
1.59,25.8,46.1,57.5,3.39,3.12,429.2,25.7,0
2.81,26.05,46.4,45.9,0.67,0.23,415.2,37.4,0
2.77,32.79,50.3,52.1,0.81,1.04,216.3,33.1,0
1.21,24.17,39.2,47.9,0.71,0.29,615.3,41.8,0
2.02,25.26,31.6,49.3,1.16,1.36,442.2,27.2,0
2.87,19.88,35.3,39.1,0.93,0.75,227.3,20.7,0
2.01,24.44,55.6,36.3,1.4,1.59,590.2,26.7,0
2.0,20.29,38.3,46.5,1.72,2.33,663.4,42.1,0
2.09,22.52,40.6,38.3,2.98,0.49,479.8,21.0,0
1.75,22.79,41.9,61.9,1.68,3.34,273.5,33.9,0
1.52,20.41,38.8,34.2,1.28,0.76,217.4,20.8,0
2.62,22.28,38.1,71.4,1.1,3.31,316.3,25.4,0
1.46,20.31,36.3,51.0,3.67,0.31,375.5,24.5,0
2.3,20.29,59.0,48.7,1.88,2.73,756.5,21.6,0
2.55,26.84,51.8,42.6,3.22,0.49,469.4,33.5,0
1.62,22.79,57.5,54.6,0.32,1.67,309.1,38.1,0
1.83,23.56,59.5,46.0,0.96,4.14,407.8,34.3,0
2.69,15.44,21.5,51.0,3.05,2.92,660.6,28.2,0
2.41,23.91,48.4,56.4,0.79,0.75,583.3,17.6,0
1.95,24.39,39.1,54.7,3.16,0.51,507.0,28.9,0
2.68,20.21,56.2,60.4,0.51,1.14,474.7,32.4,0
2.68,31.38,37.6,53.4,0.7,1.47,500.6,27.4,0
2.31,11.7,34.5,38.5,1.27,0.93,523.4,37.3,0
1.84,25.53,30.7,27.2,0.81,2.26,470.9,26.6,0
2.03,25.21,42.0,50.1,0.81,0.07,515.3,23.8,0
2.31,24.44,54.1,50.3,3.63,1.1,454.9,34.9,0
2.12,22.79,47.6,67.3,0.77,0.89,371.6,34.1,0
2.58,24.48,33.0,46.8,2.41,0.05,460.5,38.5,0
1.59,25.91,66.5,51.7,2.81,0.02,549.5,31.7,0
1.6,18.73,51.5,55.8,1.07,1.12,390.9,22.4,0
2.27,23.35,52.8,53.1,0.75,0.15,563.1,9.9,0
2.0,21.18,57.9,56.4,1.07,1.76,624.5,15.9,0
1.95,17.08,28.6,39.8,4.71,3.58,551.2,23.9,0
1.49,25.23,35.9,38.2,4.41,0.23,415.8,37.3,0
2.21,19.46,53.2,45.2,3.59,1.92,514.4,36.6,0
2.18,15.26,36.9,26.3,4.98,1.07,523.0,25.2,0
2.46,19.57,42.2,47.6,2.47,0.71,529.9,33.7,0
2.23,18.4,44.2,41.4,1.16,1.26,723.5,18.4,0
2.15,26.63,32.2,51.2,3.02,1.95,326.3,36.7,0
2.67,22.69,41.4,45.3,3.87,4.23,531.0,26.0,0
1.68,28.22,54.1,37.8,1.01,1.3,440.0,32.5,0
2.41,19.0,52.3,61.1,4.1,1.65,313.2,31.8,0
1.53,25.93,56.1,48.8,1.38,1.12,311.3,31.3,0
1.86,34.78,55.1,56.6,0.75,1.0,631.6,19.6,0
1.71,23.6,49.1,49.8,0.91,0.08,289.4,23.9,0
2.51,25.88,48.3,52.6,1.43,0.2,544.8,35.4,0
2.17,25.12,47.5,34.4,2.46,0.57,519.7,31.6,0
2.19,15.6,38.7,60.8,1.56,1.26,371.3,20.4,0
1.76,24.64,34.7,56.8,2.4,0.09,625.4,30.6,0
2.08,23.38,38.1,47.8,6.15,0.94,322.8,20.7,0
1.89,20.83,41.7,50.9,0.3,0.02,417.6,19.1,0
2.35,18.02,38.4,58.0,2.11,1.74,336.3,23.7,0
1.8,25.12,49.1,44.3,1.77,1.32,614.7,27.3,0
2.73,17.62,47.0,32.2,1.24,0.88,677.5,19.6,0
1.53,31.6,48.1,44.5,0.3,1.02,537.3,34.2,0
1.88,22.51,48.5,49.5,1.12,3.24,880.9,23.0,0
2.87,16.5,57.0,47.7,2.91,2.85,566.9,27.8,0
2.03,19.69,44.9,61.2,2.23,1.89,594.8,31.1,0
1.67,20.75,55.1,38.4,3.17,0.49,651.0,40.9,0
2.29,32.86,50.2,39.7,1.61,0.14,399.1,32.2,0
2.01,18.02,56.3,37.4,0.3,0.47,561.2,25.9,0
1.87,21.48,61.1,52.3,0.8,1.67,355.0,21.1,0
1.76,19.58,50.8,32.7,0.42,1.13,302.3,19.2,0
3.31,24.25,46.0,55.4,3.83,1.47,663.8,21.1,0
2.1,19.65,46.0,38.7,0.3,0.13,372.5,27.0,0
1.43,16.87,40.3,40.3,2.38,0.21,527.5,36.4,0
2.8,21.12,40.0,65.7,6.28,1.31,744.7,27.1,0
2.44,20.65,54.0,60.3,0.3,0.56,228.3,24.1,0
1.89,19.33,35.4,49.2,0.87,0.55,597.7,28.8,0
1.83,19.58,61.1,34.9,2.3,0.6,496.7,39.5,0
2.47,27.33,43.5,68.1,0.72,1.91,489.4,22.7,0
2.1,20.56,73.6,46.0,0.44,1.44,508.9,31.2,0
1.43,16.9,38.1,50.5,0.82,0.13,502.6,25.5,0
2.91,19.92,47.5,57.1,1.31,0.51,578.5,29.4,0
2.03,22.24,41.5,28.4,1.36,1.34,342.3,32.5,0
2.8,15.99,37.1,41.6,1.81,4.48,575.3,37.6,0
2.71,29.32,55.6,47.3,3.65,2.92,330.9,27.6,0
1.8,25.9,33.9,49.3,0.74,0.34,815.6,35.9,0
2.61,28.44,38.2,35.0,3.6,0.08,484.3,30.8,0
1.94,23.76,50.9,51.3,6.6,1.02,526.9,18.9,0
1.45,12.58,52.4,48.3,1.92,0.63,765.6,26.6,0
2.03,28.91,31.1,64.7,3.23,0.24,383.8,44.3,0
2.36,18.11,50.8,58.0,3.78,1.27,498.3,27.2,0
2.01,18.48,46.3,45.3,3.57,0.21,288.5,25.8,0
2.08,22.7,35.8,46.0,0.73,0.52,354.5,25.8,0
2.66,28.2,37.1,58.1,4.11,1.9,286.4,24.7,0
2.24,26.74,24.7,50.8,0.3,1.38,619.7,18.4,0
1.86,26.08,62.2,34.3,1.93,1.12,585.4,11.9,0
2.48,20.6,55.2,68.9,1.23,3.21,434.4,22.6,0
2.28,20.53,32.1,38.1,3.62,0.16,424.0,25.5,0
1.19,23.56,53.0,72.8,1.4,1.41,645.6,31.9,0
2.37,21.41,39.3,52.3,4.33,0.15,499.2,25.4,0
2.36,26.0,54.1,41.6,1.97,0.18,369.9,28.9,0
2.21,25.74,40.0,24.3,2.27,0.85,661.0,19.7,0
2.56,24.66,41.4,55.8,1.53,0.03,478.8,16.0,0
1.93,10.63,42.1,32.5,0.71,0.83,601.6,30.4,0
2.33,22.58,38.4,51.6,0.78,0.01,510.8,32.6,0
1.57,21.51,59.0,67.3,0.3,1.11,811.7,34.9,0
2.36,22.76,54.0,36.6,0.71,0.45,469.0,36.4,0
2.98,18.61,46.1,55.4,1.54,0.1,198.7,37.2,0
1.8,16.04,55.2,39.9,2.03,1.82,465.8,32.8,0
1.9,24.08,28.7,59.3,1.6,0.59,540.0,24.0,0
1.92,20.4,32.7,48.7,3.46,0.7,569.0,30.0,0
2.25,24.59,49.7,47.8,0.63,0.56,621.3,25.7,0
1.77,18.98,52.4,60.1,1.3,0.1,412.9,26.4,0
2.37,28.37,47.8,54.3,0.48,0.74,734.6,30.7,0
2.54,26.5,26.2,40.0,0.99,1.31,644.7,36.9,0
2.41,23.34,34.4,65.9,0.3,2.8,519.6,33.3,0
1.49,21.04,49.2,32.6,2.83,1.73,395.9,27.9,0
2.6,25.84,69.3,50.8,0.39,0.1,789.2,28.7,0
2.57,23.77,57.2,39.8,0.88,0.22,609.4,30.5,0
2.53,23.07,60.8,33.1,0.99,0.06,426.2,36.2,0
2.35,26.69,48.4,36.7,1.11,0.15,710.3,41.0,0
2.29,28.42,48.3,47.5,1.16,0.79,533.0,28.9,0
2.61,16.36,34.7,51.5,3.14,0.3,726.4,26.6,0
2.97,17.27,54.5,58.6,1.88,1.25,373.5,29.1,0
1.82,18.49,44.3,62.8,1.22,0.04,469.9,35.2,0
2.63,15.24,51.9,50.8,7.44,2.34,707.3,31.6,0
2.17,21.72,45.3,43.6,2.29,1.36,399.7,24.4,0
2.15,24.7,47.8,58.4,1.48,4.17,462.0,28.1,0
1.59,21.9,44.1,41.9,7.38,3.66,89.3,28.1,0
2.09,19.6,47.2,32.0,1.54,1.42,561.8,23.5,0
1.8,27.07,55.0,57.4,1.09,0.21,673.1,23.4,0
2.01,22.63,32.3,61.2,1.78,0.3,361.8,19.5,0
1.76,23.54,30.1,39.8,0.6,0.39,567.1,27.0,0
2.02,27.19,49.3,67.6,0.3,0.67,418.8,35.9,0
2.04,21.45,59.4,53.8,0.32,1.02,273.6,35.1,0
2.24,31.27,61.9,52.3,2.41,1.38,451.2,27.8,0
1.55,19.98,32.8,42.8,0.44,0.09,413.8,40.5,0
1.62,30.99,41.0,58.2,2.24,1.13,519.1,27.6,0
2.34,17.61,30.2,32.8,1.92,0.07,454.1,25.6,0
1.88,24.33,39.5,44.6,2.58,2.11,700.6,14.2,0
2.63,19.11,56.2,40.7,2.11,0.05,416.3,29.4,0
2.29,27.04,44.9,34.9,0.97,0.59,480.6,21.7,0
2.44,19.85,41.3,56.6,7.79,0.65,535.9,38.2,0
2.76,23.31,50.5,51.4,0.97,1.01,492.4,19.3,0
2.08,19.07,37.0,56.0,1.12,0.12,419.7,37.0,0
1.97,26.22,60.9,45.2,1.02,3.25,507.7,29.4,0
2.55,19.05,45.1,57.9,0.45,0.58,578.7,20.0,0
2.4,29.58,41.0,48.8,1.03,0.61,634.8,16.4,0
2.13,17.52,50.9,43.3,3.73,0.33,182.3,30.6,0
2.76,15.94,54.4,41.6,0.73,1.82,576.0,21.6,0
2.12,26.28,61.0,28.2,3.59,0.01,398.8,14.2,0
2.21,19.34,42.9,59.6,2.9,0.13,673.7,41.9,0
2.21,21.97,55.9,58.5,4.04,0.76,639.9,34.1,0
1.83,20.55,46.0,77.3,2.99,4.14,638.8,20.0,0
2.23,16.09,38.9,44.7,1.57,0.04,412.4,15.3,0
2.76,21.65,37.2,41.3,0.69,0.08,291.1,36.3,0
2.38,27.69,34.0,31.0,0.62,1.51,690.7,18.5,0
2.21,26.51,37.6,57.6,1.65,1.6,675.3,28.7,0
2.14,23.04,56.2,55.3,1.35,2.73,199.5,31.1,0
2.33,27.01,52.1,63.5,3.04,1.03,706.3,24.4,0
2.5,17.23,32.6,38.8,3.23,0.62,553.2,21.2,0
2.44,20.54,27.5,55.2,3.45,0.72,519.8,14.7,0
2.07,23.78,33.9,42.8,1.37,0.68,376.6,31.2,0
2.33,21.41,37.2,61.4,3.08,4.36,652.2,44.7,0
2.39,20.89,42.0,53.4,1.55,0.57,431.0,20.0,0
1.8,16.6,56.7,32.4,1.11,0.12,430.3,21.0,0
2.27,12.63,39.5,46.7,3.21,0.41,179.6,33.4,0
1.34,25.68,61.8,28.5,3.16,3.87,388.4,10.9,0
2.39,23.09,28.2,36.4,0.49,0.67,351.2,22.5,0
2.46,26.06,41.5,37.0,2.98,0.46,188.5,29.5,0
2.5,20.03,52.9,41.6,0.69,0.45,733.8,22.2,0
2.04,18.79,53.5,45.4,2.15,0.01,481.3,31.6,0
2.32,22.03,41.6,49.6,1.56,1.2,286.1,30.9,0
2.77,25.84,55.0,49.1,1.78,1.55,355.4,28.8,0
2.77,20.96,53.1,47.8,1.78,0.52,412.9,22.7,0
2.19,25.61,38.2,51.3,2.75,2.47,410.6,25.1,0
2.26,17.47,48.1,35.5,1.59,1.63,620.1,28.5,0
2.64,21.27,52.0,48.7,3.04,1.1,459.6,29.5,0
1.6,21.68,38.9,62.3,2.51,1.46,514.8,38.0,0
2.07,27.52,61.9,46.3,3.82,1.76,460.3,33.1,0
2.73,22.93,36.6,52.9,1.83,0.9,674.4,25.4,0
2.59,29.86,46.4,52.0,0.54,0.61,706.6,32.0,0
2.35,15.94,32.5,56.6,2.23,0.16,479.9,32.4,0
1.6,22.58,46.0,50.9,0.85,0.62,358.1,23.4,0
2.18,22.81,34.3,56.5,0.3,0.96,483.6,32.1,0
1.96,24.79,42.1,53.1,1.62,3.54,40.0,26.4,0
2.33,18.34,29.1,54.6,5.49,0.2,547.0,30.0,0
1.88,29.58,53.0,52.4,1.53,1.7,296.2,35.1,0
1.79,22.06,48.6,37.9,2.8,0.33,466.8,35.2,0
1.37,17.11,55.9,36.3,1.51,3.78,570.7,21.9,0
2.69,21.93,41.5,44.5,3.87,1.08,414.5,20.2,0
2.04,20.59,56.3,63.5,4.45,0.68,434.2,40.4,0
2.26,34.52,45.4,46.3,1.69,0.51,538.7,40.5,0
2.2,26.72,46.1,51.1,3.3,0.27,416.3,33.1,0
1.77,22.22,66.1,28.3,0.38,1.5,638.7,25.9,0
1.7,21.5,40.2,49.9,1.11,1.21,615.9,25.9,0
1.8,26.28,57.3,48.9,2.71,2.65,585.1,21.1,0
1.91,26.49,49.8,21.3,0.99,1.09,405.5,29.5,0
2.35,8.9,39.3,50.9,1.56,0.22,586.0,27.1,0
1.88,24.89,31.8,31.5,0.47,1.38,388.6,27.3,0
2.9,22.13,34.7,40.7,5.15,2.53,486.9,19.9,0
2.61,16.1,56.3,57.9,3.6,5.58,104.6,34.7,0
2.52,25.96,62.3,49.6,0.85,1.39,673.6,31.1,0
2.15,32.11,45.9,43.5,0.54,0.41,759.0,31.2,0
2.81,24.51,46.4,42.7,2.7,1.0,533.7,15.5,0
2.11,26.95,52.8,43.8,0.98,0.87,262.8,17.4,0
2.19,30.12,45.7,49.6,1.14,0.86,467.3,20.3,0
2.27,18.26,56.0,36.0,0.81,0.1,510.7,33.4,0
2.48,13.64,47.9,59.2,2.03,0.26,502.4,24.6,0
2.45,24.96,46.4,36.5,1.69,0.89,881.2,20.8,0
2.01,20.89,38.0,30.7,1.31,1.92,463.3,32.6,0
1.99,15.82,35.5,57.9,3.61,0.24,413.4,25.7,0
2.46,21.65,13.4,43.6,1.6,0.22,524.4,30.6,0
2.49,25.27,57.3,48.7,1.42,1.71,478.6,20.9,0
2.04,21.33,43.5,54.5,1.69,1.41,387.6,27.8,0
1.57,18.46,41.0,40.8,1.67,0.8,235.7,37.3,0
2.12,20.99,25.5,49.4,2.44,0.06,609.9,36.7,0
2.45,21.91,38.6,54.5,1.74,0.77,370.4,22.4,0
2.92,13.32,37.3,64.4,0.43,2.16,349.0,26.1,0
1.72,21.36,37.1,42.9,0.7,0.01,378.3,33.7,0
2.03,15.95,48.3,43.4,1.65,0.13,280.7,28.6,0
2.04,24.97,46.2,53.6,0.3,1.99,598.4,30.5,0
2.74,14.98,31.4,50.1,1.11,0.89,578.4,37.7,0
2.19,26.56,32.0,46.6,2.29,1.3,528.5,29.5,0
1.84,20.16,32.0,63.9,2.23,1.64,606.5,23.8,0
2.42,19.56,63.1,31.2,2.25,0.43,564.7,36.8,0
2.04,23.33,59.9,33.8,3.51,0.42,588.2,22.2,0
1.71,18.1,36.5,31.3,1.76,0.37,773.7,27.8,0
1.84,23.25,25.2,60.0,1.17,0.22,647.3,23.9,0
2.89,18.71,46.3,53.1,0.86,0.44,526.4,19.7,0
2.35,19.49,45.5,34.3,1.38,3.66,359.9,27.3,0
2.24,23.82,48.2,46.8,3.33,0.11,260.6,28.4,0
2.1,16.88,52.4,47.7,1.32,0.33,236.1,26.2,0
2.32,16.31,49.5,25.9,1.61,0.46,642.0,35.0,0
2.31,23.12,33.8,49.9,4.96,0.2,416.3,22.7,0
2.32,21.88,47.9,36.2,1.22,0.1,511.9,30.5,0
2.25,22.76,53.5,55.1,1.75,0.21,357.0,19.5,0
2.55,23.47,37.8,36.5,0.71,0.9,830.8,44.8,0
2.21,22.26,48.0,50.2,0.67,1.09,230.6,23.4,0
1.81,24.74,39.5,60.9,1.06,0.29,520.8,16.7,0
1.96,22.44,65.0,57.7,4.19,0.84,446.2,26.4,0
1.41,12.97,31.7,53.1,2.62,0.01,502.8,29.6,0
3.01,14.13,56.6,47.2,1.89,1.11,451.9,34.2,0
2.55,30.68,28.3,33.0,1.27,0.0,366.3,35.5,0
1.87,22.0,62.9,43.6,0.3,1.24,332.3,32.4,0
2.09,26.28,33.6,45.7,0.5,0.79,807.3,33.9,0
1.95,20.44,46.9,45.0,1.08,0.14,455.3,35.7,0
2.82,21.74,28.7,32.7,3.36,0.11,551.3,29.7,0
1.63,19.96,31.5,52.3,0.61,0.01,260.9,22.7,0
2.25,33.1,54.0,36.2,2.08,0.96,182.5,28.6,0
2.16,23.14,55.3,63.5,2.49,1.97,398.5,23.0,0
2.53,19.59,47.4,49.5,2.01,2.33,631.0,35.3,0
2.16,14.57,52.4,57.8,7.2,1.01,504.2,36.4,0
1.5,30.88,55.4,57.6,1.48,2.62,419.0,36.8,0
2.1,21.27,38.2,68.8,0.91,2.38,564.5,19.9,0
1.81,25.35,31.0,49.8,0.95,1.44,417.4,35.4,0
2.23,25.85,44.9,44.1,5.84,0.54,706.5,24.0,0
2.77,19.92,39.2,44.3,0.53,2.11,712.6,30.6,0
1.5,25.03,48.9,63.0,2.79,0.6,413.4,33.8,0
1.88,19.28,50.5,34.8,0.92,0.62,383.5,17.9,0
1.98,17.54,38.2,39.2,1.22,1.36,489.0,34.0,0
2.05,27.24,52.0,50.4,0.53,3.16,564.0,17.2,0
2.5,21.29,51.5,46.5,2.86,0.83,458.9,26.6,0
2.13,24.33,52.2,57.7,0.3,0.23,656.9,34.8,0
2.37,23.85,40.9,34.6,4.1,0.18,539.8,37.3,0
1.95,24.87,52.8,47.3,0.3,0.43,663.2,33.7,0
2.29,15.0,50.2,46.1,0.64,0.73,331.7,24.0,0
2.51,19.37,51.4,37.3,0.76,0.42,411.1,23.8,0
1.91,20.54,61.8,56.8,3.15,1.49,580.0,27.0,0
2.51,18.26,48.3,47.1,3.72,0.94,507.9,28.4,0
2.22,23.93,38.9,46.7,3.22,0.63,471.9,34.1,0
2.62,27.34,33.9,39.8,1.12,0.29,422.1,27.6,0
2.12,28.05,56.3,44.3,5.7,1.12,513.0,24.8,0
2.35,20.47,48.6,37.8,2.49,1.35,714.2,25.5,0
2.18,23.31,61.7,56.6,2.29,1.84,198.6,36.0,0
2.16,24.01,24.7,58.3,3.18,5.63,477.2,28.4,0
2.3,24.8,54.1,64.8,1.27,0.32,483.7,38.7,0
2.41,18.05,42.4,52.3,2.96,0.02,336.9,34.7,0
1.7,30.19,41.5,44.6,1.99,0.83,476.6,24.3,0
2.77,26.17,37.4,43.3,4.35,3.09,254.1,24.9,0
1.46,26.29,54.0,52.9,0.39,0.34,412.4,27.2,0
1.93,27.42,51.1,50.0,1.29,1.69,459.7,27.0,0
2.16,24.4,33.6,46.3,0.41,0.46,499.2,36.1,0
2.36,17.38,46.6,45.4,5.16,0.6,781.3,24.2,0
2.83,21.37,52.1,59.7,2.67,3.54,377.6,28.8,0
1.46,14.57,46.8,43.7,2.4,0.74,301.3,30.3,0
2.0,23.87,56.1,61.5,2.12,1.55,648.8,32.9,0
1.35,21.24,42.1,49.8,2.35,0.96,40.0,31.3,0
2.21,21.82,22.5,44.3,1.78,1.73,407.1,30.8,0
2.31,27.42,46.9,40.1,4.95,0.46,451.1,24.7,0
2.84,19.94,46.8,46.5,3.83,2.51,358.8,25.3,0
2.25,20.87,48.1,53.0,0.85,0.96,485.8,29.7,0
2.62,22.1,56.1,44.2,1.47,0.44,402.7,26.7,0
2.43,13.72,25.5,56.5,0.3,0.05,238.8,21.5,0
2.03,20.8,42.6,43.7,2.9,0.02,592.7,24.9,0
1.64,10.81,35.8,46.8,2.0,0.52,598.5,29.2,0
2.31,19.37,32.9,35.1,0.74,0.29,351.9,36.3,0
1.6,25.85,44.3,53.6,1.38,0.06,418.8,21.4,0
2.72,24.01,52.0,45.3,0.93,0.97,778.4,20.3,0
2.14,19.32,48.0,63.8,2.34,5.39,567.3,33.3,0
2.68,22.18,38.1,55.0,0.77,0.66,500.0,25.1,0
2.01,17.16,43.5,48.8,1.96,0.96,742.6,22.1,0
2.31,21.99,54.3,60.3,1.46,0.3,256.8,27.9,0
2.28,35.19,51.8,52.1,1.24,0.28,195.1,21.7,0
2.18,30.31,39.5,58.1,3.16,0.48,525.0,43.4,0
2.03,22.24,38.8,39.4,1.92,2.16,626.0,22.6,0
2.36,22.72,27.8,52.6,0.31,3.88,243.4,29.3,0
1.83,17.59,40.7,53.0,1.45,1.62,305.1,31.6,0
1.72,18.39,27.6,32.6,5.77,0.02,619.0,34.6,0
2.7,23.63,65.7,63.1,0.45,0.69,327.2,20.5,0
2.49,19.64,36.4,36.4,1.29,0.66,461.6,31.2,0
2.23,26.07,56.1,35.0,2.6,3.28,531.5,16.5,0
2.87,29.06,63.2,20.0,1.6,1.64,643.2,30.2,0
2.09,23.5,47.2,52.7,1.15,1.5,454.0,27.6,0
2.73,22.46,44.0,31.6,1.97,1.0,573.9,33.3,0
2.27,14.44,31.8,42.8,2.64,1.25,314.1,29.8,0
1.79,25.36,40.0,56.4,0.98,1.44,588.3,27.2,0
2.94,16.85,61.0,49.9,1.37,0.97,363.7,27.8,0
2.6,20.12,48.5,41.8,0.97,2.24,292.9,17.8,0
2.15,26.32,45.3,32.1,3.43,0.05,809.8,22.3,0
2.49,26.63,58.1,46.9,0.4,3.4,774.5,38.6,0
2.04,19.9,52.0,56.6,1.13,1.78,522.2,29.4,0
2.53,20.16,43.5,55.0,1.08,0.9,732.1,32.8,0
1.24,18.85,47.2,65.9,1.67,2.36,451.1,23.7,0
1.79,16.61,37.3,41.5,1.77,2.11,479.6,34.1,0
2.59,19.14,39.4,34.8,0.48,0.65,473.5,26.0,0
2.1,14.74,42.9,51.1,2.36,2.2,363.0,17.9,0
2.28,25.07,50.6,50.1,1.38,0.25,148.4,27.4,0
1.66,23.78,32.5,48.0,2.59,0.76,453.6,37.1,0
2.94,24.52,45.8,40.5,1.7,0.32,695.4,13.5,0
2.68,17.71,41.1,21.5,0.78,0.16,541.4,33.2,0
2.12,16.62,36.0,37.9,1.09,2.7,622.2,29.1,0
2.04,22.24,41.2,53.6,1.24,0.55,559.0,46.1,0
2.61,22.29,21.8,50.8,4.06,1.38,373.0,44.1,0
2.99,21.34,37.4,57.7,0.32,0.56,537.2,15.7,0
2.58,20.7,34.0,51.5,0.9,0.94,450.2,37.7,0
3.07,29.7,42.2,55.4,1.38,0.51,340.6,25.3,0
1.83,23.92,22.2,55.6,2.37,1.63,637.9,26.6,0
1.87,30.87,46.9,48.2,2.83,1.85,304.2,24.0,0
1.72,27.71,54.1,48.3,1.77,0.68,401.1,23.1,0
2.38,29.66,43.8,20.0,1.72,2.36,832.5,37.2,0
2.27,17.16,50.0,41.4,0.52,0.53,605.2,11.5,0
2.14,24.67,39.9,41.9,2.22,1.72,536.8,23.3,0
2.52,20.06,29.5,46.9,1.42,1.26,174.0,32.7,0
2.69,14.51,45.0,38.7,2.4,0.73,482.3,13.7,0
1.59,28.73,51.8,57.4,4.61,2.64,325.3,26.4,0
1.96,20.68,31.8,39.2,1.81,1.02,488.3,19.5,0
2.53,17.25,40.3,59.0,3.66,2.2,471.4,29.6,0
2.01,20.13,42.5,38.4,1.9,1.59,371.5,28.3,0
1.88,18.42,73.5,42.0,2.87,0.91,675.9,34.5,0
2.61,18.88,47.2,41.2,1.19,0.47,643.2,11.8,0
1.68,21.0,25.9,43.0,0.63,3.62,331.1,31.0,0
2.08,29.79,23.5,59.8,1.26,0.07,736.1,22.8,0
2.33,19.0,52.3,44.7,2.03,2.7,327.6,38.2,0
1.97,29.47,69.9,45.0,3.58,0.85,749.6,24.9,0
2.51,25.82,42.2,40.6,1.76,1.66,468.4,22.3,0
1.97,23.78,41.6,45.4,1.47,0.49,439.9,24.2,0
2.76,25.37,49.3,50.2,1.22,0.58,723.4,32.0,0
2.15,22.06,37.0,45.8,5.79,0.25,475.4,32.9,0
2.47,27.79,19.6,46.5,6.14,3.7,664.6,27.8,0
2.5,24.55,55.4,58.2,2.4,0.05,304.8,21.2,0
1.95,14.51,38.9,50.7,1.84,0.59,504.3,19.7,0
1.38,23.33,55.5,36.5,2.43,0.49,571.2,32.7,0
2.34,25.53,37.4,47.1,0.71,2.01,679.5,31.7,0
2.23,20.7,46.2,42.6,1.93,0.84,606.9,30.9,0
2.42,22.57,53.5,53.2,3.24,0.22,506.7,39.1,0
2.11,19.24,55.7,49.0,1.35,0.85,571.0,22.4,0
2.03,15.8,47.3,59.3,1.8,0.32,390.8,41.8,0
3.0,15.02,46.8,40.6,2.13,0.02,590.6,30.4,0
1.61,15.08,51.2,46.1,3.21,0.94,571.7,24.5,0
2.49,25.01,49.6,37.4,3.9,0.54,383.4,27.6,0
1.97,10.79,32.1,47.6,5.53,0.33,518.5,19.7,0
2.07,19.0,32.3,32.6,2.52,0.23,615.7,20.9,0
2.07,18.55,23.9,51.2,1.72,0.73,866.6,27.2,0
1.88,20.73,52.7,47.4,0.42,2.44,677.8,33.4,0
2.43,13.65,41.0,49.6,0.4,1.7,533.8,23.1,0
2.76,23.82,53.2,55.9,1.4,0.01,542.7,43.0,0
2.39,16.27,49.0,50.2,2.58,1.58,478.2,27.7,0
2.24,27.1,35.0,35.2,2.29,0.09,516.7,23.8,0
1.81,19.2,43.8,42.4,1.72,0.95,616.4,19.0,0
2.41,21.57,40.5,47.2,1.86,1.82,612.7,24.4,0
3.06,22.02,38.9,44.7,0.82,0.72,487.2,38.1,0
2.05,23.1,54.2,45.9,2.1,0.57,335.1,40.1,0
2.05,22.17,70.1,64.2,0.88,3.37,467.9,32.3,0
1.98,20.08,56.2,49.0,0.74,0.04,374.6,28.4,0
2.0,23.54,44.7,51.8,2.14,0.13,317.7,18.0,0
1.1,24.1,57.6,27.9,3.58,2.45,591.3,10.0,0
2.36,18.56,62.1,55.5,2.43,2.61,551.8,29.3,0
1.86,23.92,31.1,76.5,2.32,0.56,362.2,25.2,0
1.56,27.36,57.2,61.5,0.7,0.93,451.3,24.2,0
2.5,25.18,52.7,43.6,3.08,0.22,546.0,30.8,0
1.77,26.2,56.9,70.8,0.45,2.59,538.6,18.6,0
2.06,22.77,53.1,48.3,0.48,0.76,565.9,38.2,0
2.79,17.79,42.7,51.1,1.71,1.0,385.7,41.0,0
1.64,18.36,65.3,45.3,1.25,0.15,553.7,32.8,0
1.59,23.44,48.4,45.1,0.64,1.14,492.9,25.9,0
2.31,26.24,40.7,25.5,2.85,1.43,615.8,23.8,0
2.66,34.54,50.1,55.9,2.66,0.42,661.2,25.8,0
1.57,26.42,54.7,45.0,0.91,2.72,954.4,30.2,0
2.36,16.73,45.9,46.1,0.79,0.27,696.4,35.1,0
2.43,18.55,48.9,50.7,1.32,2.73,518.9,31.2,0
1.38,32.25,45.9,43.9,0.42,1.46,494.3,36.8,0
2.52,21.04,38.4,50.6,0.91,2.13,359.6,31.9,0
2.55,22.21,36.8,60.0,1.42,1.44,363.3,35.2,0
2.08,17.68,31.0,52.0,0.53,0.67,540.7,27.8,0
2.7,29.04,60.2,46.5,0.4,0.48,545.4,20.0,0
2.65,24.25,42.8,46.8,0.65,1.59,901.5,37.0,0
2.24,18.51,10.7,50.0,0.61,0.42,390.8,43.3,0
2.02,17.53,49.0,39.7,0.81,0.08,375.3,30.1,0
1.81,23.38,48.8,50.1,2.67,0.34,537.5,24.2,0
2.18,22.2,26.3,54.8,1.13,1.69,424.4,31.3,0
2.43,25.74,36.7,48.9,0.9,1.89,558.4,25.5,0
2.07,24.46,36.2,43.8,1.53,0.39,428.9,28.2,0
1.32,20.81,37.6,45.1,1.91,0.48,457.2,28.6,0
2.71,19.55,57.1,54.5,2.12,0.96,564.4,22.7,0
2.28,21.28,43.5,37.0,1.65,0.36,415.0,23.0,0
2.05,19.52,40.7,39.8,1.9,1.12,445.9,27.5,0
2.54,21.41,56.2,31.9,0.6,0.4,579.3,26.6,0
2.81,22.07,50.0,48.3,0.3,0.15,507.0,32.0,0
1.08,17.96,27.6,56.6,0.72,0.2,404.0,29.9,0
2.37,24.84,38.8,61.3,3.34,0.35,427.7,32.2,0
1.63,20.33,48.2,63.5,2.32,0.22,656.4,27.0,0
2.4,18.21,35.7,41.1,1.05,4.4,546.5,22.4,0
2.25,20.42,65.3,50.5,0.3,1.29,445.8,20.7,0
2.45,23.09,46.1,44.0,3.55,0.24,629.9,34.9,0
2.0,22.37,37.5,64.5,1.55,0.66,565.4,24.6,0
1.45,23.9,33.8,61.0,4.77,0.38,703.2,23.6,0
2.02,26.04,54.3,49.7,2.65,1.38,632.9,37.0,0
2.36,27.87,38.5,41.8,1.95,2.42,675.0,25.2,0
2.61,23.28,48.8,20.0,0.61,0.61,449.0,12.7,0
1.73,17.19,33.5,33.7,0.64,0.67,366.7,29.5,0
2.61,20.79,45.7,29.5,0.95,0.61,615.8,24.2,0
1.94,17.48,38.6,33.5,2.11,0.72,617.2,22.9,0
2.34,29.64,41.8,66.8,1.49,0.04,484.3,27.0,0
2.0,30.94,37.0,35.0,4.2,1.08,343.5,13.7,0
2.27,24.93,55.3,37.4,1.44,3.64,546.0,15.0,0
2.56,25.86,40.1,38.8,2.43,1.85,558.3,24.8,0
1.71,23.13,43.6,74.0,0.59,2.37,296.3,31.9,0
1.93,23.65,44.0,47.4,4.76,0.31,556.1,26.2,0
2.27,14.81,61.1,57.9,0.64,1.12,672.6,25.9,0
3.16,21.67,53.9,49.8,1.42,2.68,302.9,28.0,0
1.85,18.03,52.9,28.2,3.46,0.09,579.4,34.2,0
3.02,23.27,29.2,63.3,1.16,2.52,696.6,28.3,0
3.0,21.73,38.4,52.0,1.19,0.08,705.9,27.6,0
2.16,30.76,56.9,46.8,0.6,4.89,218.8,24.1,0
2.08,26.12,33.3,65.6,1.49,0.11,663.1,25.3,0
1.92,23.28,45.8,44.5,2.27,0.55,453.0,29.3,0
2.17,20.8,34.3,46.6,4.88,0.07,435.6,37.2,0
1.64,29.54,35.4,44.5,1.24,0.07,876.9,29.7,0
2.17,21.87,61.8,58.8,3.24,2.41,533.0,22.3,0
2.8,23.49,52.2,56.1,0.51,0.08,442.6,25.9,0
1.96,22.19,54.8,50.8,2.54,1.89,619.9,35.8,0
2.1,20.18,52.8,37.5,2.57,2.85,752.8,28.5,0
1.52,22.16,43.6,44.3,4.23,3.28,526.0,18.3,0
2.35,13.17,38.1,37.5,0.3,2.39,419.9,31.0,0
2.31,15.04,41.0,59.6,0.52,3.73,513.7,23.5,0
2.23,23.57,43.1,32.3,2.5,0.06,663.6,20.0,0
2.11,29.06,62.8,63.9,8.18,6.82,453.4,28.6,0
2.08,23.57,31.6,60.9,0.74,0.02,663.8,22.1,0
2.4,18.76,39.5,38.8,2.6,0.22,478.9,33.7,0
2.19,15.51,35.9,43.8,2.2,0.1,221.8,28.6,0
2.33,25.53,55.6,40.9,1.78,1.64,728.0,37.4,0
2.29,19.45,63.5,52.3,1.84,0.11,550.3,30.4,0
2.65,24.89,48.1,62.1,0.3,0.42,658.1,24.5,0
2.47,23.75,48.9,59.9,3.95,1.22,545.3,24.4,0
2.28,24.15,45.9,43.7,2.64,0.83,505.6,25.5,0
2.81,22.15,49.4,60.5,0.88,0.18,610.5,31.5,0
2.37,23.73,52.7,59.7,1.73,0.88,476.9,17.9,0
2.72,21.46,49.3,46.1,1.6,0.5,772.0,29.9,0
2.44,19.14,50.0,47.9,0.7,1.06,495.4,21.6,0
1.46,17.66,52.8,63.4,1.09,0.93,772.8,43.7,0
2.72,11.27,27.2,58.6,0.81,5.47,590.7,31.9,0
2.25,21.19,45.0,60.2,2.84,2.39,142.8,32.6,0
2.18,28.84,48.1,73.9,0.78,0.0,351.5,28.5,0
2.31,25.29,49.2,53.5,5.86,0.23,627.4,16.8,0
2.06,23.02,43.3,51.3,1.45,2.93,362.2,28.1,0
2.29,18.7,46.6,61.6,2.58,0.93,296.5,30.7,0
1.96,26.49,37.8,67.9,0.52,1.71,692.6,24.0,0
2.71,21.46,27.3,41.9,0.7,0.84,261.8,27.5,0
2.15,29.09,54.8,46.0,3.33,1.85,616.7,32.4,0
2.05,17.59,33.7,37.8,0.3,0.17,445.5,28.8,0
1.83,18.63,43.4,51.4,0.69,1.61,605.3,29.9,0
2.31,18.19,37.5,56.9,1.56,2.44,540.0,31.7,0
2.27,15.33,60.9,38.5,3.87,0.37,189.0,36.6,0
2.36,17.78,44.2,59.3,2.0,0.55,452.8,22.2,0
1.79,22.46,41.9,43.5,2.78,1.07,463.4,41.6,0
1.56,18.8,52.5,42.7,1.94,2.43,561.4,41.6,0
2.45,4.65,66.6,59.3,1.26,2.86,547.8,24.1,0
2.79,26.83,49.1,41.7,2.74,0.92,463.2,32.7,0
1.79,14.42,41.2,34.0,4.81,1.29,329.9,40.8,0
2.84,24.65,52.0,55.4,1.97,2.48,572.2,38.1,0
2.31,22.14,29.3,46.7,0.75,0.32,630.7,16.0,0
2.2,31.53,45.5,60.0,0.3,2.09,549.6,26.9,0
2.04,26.49,64.9,56.3,1.68,0.36,467.1,24.5,0
1.65,19.73,46.6,30.5,4.11,1.04,444.4,34.0,0
2.6,18.84,46.1,61.2,0.3,3.27,362.3,34.6,0
1.89,28.76,45.2,67.0,1.16,0.86,537.3,19.7,0
1.89,15.36,41.0,58.3,4.51,0.12,528.8,23.0,0
2.6,22.86,48.1,58.7,0.3,2.71,625.4,17.0,0
1.45,21.41,52.8,45.5,2.86,1.06,406.6,27.4,0
1.59,20.46,41.7,43.2,1.22,0.09,517.9,26.0,0
2.19,23.59,20.1,50.1,1.08,0.01,302.6,31.3,0
2.32,22.85,49.7,57.2,0.81,0.36,449.1,40.6,0
2.39,24.06,66.3,56.9,3.32,0.15,415.7,29.9,0
2.08,22.63,41.2,43.6,2.1,1.19,658.6,25.9,0
3.21,23.88,30.3,42.6,2.31,1.09,756.0,33.6,0
2.11,22.42,51.8,33.1,1.6,2.21,323.5,25.5,0
2.11,19.03,62.4,54.5,1.87,0.86,636.2,26.7,0
1.88,22.02,50.3,44.1,0.3,0.35,602.1,29.2,0
2.25,18.79,62.2,45.0,0.83,0.06,417.6,19.7,0
2.45,18.49,52.9,65.3,0.93,0.01,387.2,25.8,0
2.68,20.49,52.1,54.0,1.89,3.12,385.3,22.4,0
1.6,21.46,39.8,51.2,0.89,0.19,443.4,33.6,0
2.1,22.16,47.9,56.3,2.43,0.83,446.2,20.8,0
2.38,26.12,44.7,62.2,2.81,1.9,477.1,21.4,0
2.43,19.76,44.4,31.8,2.79,3.17,423.5,23.0,0
2.2,22.89,42.5,42.3,3.19,0.27,620.9,22.5,0
2.42,22.53,47.3,45.7,2.01,0.32,576.3,39.7,0
1.88,19.26,32.0,38.2,1.18,0.24,474.0,35.6,0
2.82,22.33,53.1,45.3,0.57,0.21,419.1,31.4,0
2.6,26.51,36.2,32.5,1.1,0.73,415.1,25.2,0
1.66,22.84,42.5,57.2,0.84,1.21,565.8,27.6,0
1.77,23.02,48.3,42.8,1.06,1.47,508.4,39.1,0
1.78,18.83,35.7,50.0,2.75,0.48,529.8,25.8,0
2.47,30.86,25.3,48.5,7.54,1.17,628.8,20.5,0
1.69,19.08,41.2,53.6,8.76,0.0,491.9,33.7,0
2.07,14.49,30.7,23.4,2.38,2.63,705.5,26.4,0
2.38,25.87,52.1,52.5,1.21,2.45,199.6,26.8,0
2.17,21.48,33.5,45.2,1.31,0.94,302.7,26.4,0
2.3,20.64,59.9,52.1,0.3,0.33,771.5,26.9,0
1.77,19.55,44.9,36.2,0.82,4.3,440.3,31.5,0
2.44,30.42,45.6,52.1,1.47,2.0,544.4,25.9,0
1.95,23.6,25.2,61.0,3.46,0.02,688.0,30.2,0
2.07,24.47,46.4,49.9,1.64,0.76,551.5,35.3,0
2.3,22.73,44.2,40.8,3.11,0.13,637.0,38.3,0
2.24,23.22,32.0,41.3,2.95,0.17,592.3,21.7,0
2.21,28.29,45.9,53.8,0.96,0.0,647.4,35.1,0
1.9,20.87,41.0,53.7,1.27,1.4,574.0,35.9,0
2.08,15.44,42.8,51.6,1.85,0.35,609.7,36.8,0
2.2,25.91,45.3,47.6,1.92,0.44,413.0,28.3,0
1.65,24.24,40.3,50.0,6.47,0.06,578.5,26.3,0
2.01,22.49,47.5,47.4,0.81,0.01,493.9,17.2,0
2.36,24.12,44.1,44.2,3.38,1.89,486.9,28.7,0
1.69,20.33,49.7,55.6,1.55,1.3,248.1,40.5,0
2.66,22.09,39.7,51.1,3.71,0.58,436.8,30.2,0
2.71,21.41,34.4,60.9,6.46,0.09,479.8,26.5,0
1.7,19.34,37.9,59.2,1.45,1.79,733.3,32.1,0
2.74,27.35,59.4,50.8,2.63,3.13,458.1,19.7,0
2.14,15.64,54.6,54.0,2.56,0.9,542.4,26.1,0
2.37,32.62,57.1,38.4,0.53,0.18,706.3,33.7,0
2.0,25.95,57.8,47.2,2.62,1.27,314.3,31.9,0
2.57,14.0,40.3,51.4,0.55,0.09,442.6,24.5,0
2.36,20.99,48.0,32.2,1.57,0.22,631.9,40.5,0
1.87,21.24,45.8,52.3,2.18,0.76,870.4,17.8,0
1.73,23.76,51.6,38.4,2.42,0.34,202.2,30.2,0
1.62,17.55,42.1,39.5,0.92,3.19,482.4,33.9,0
2.28,22.14,45.9,42.7,3.02,1.99,594.2,36.6,0
2.43,21.45,45.7,47.7,1.0,0.39,626.2,28.9,0
2.46,18.68,50.3,34.7,4.3,3.98,836.9,33.4,0
2.15,18.05,51.6,56.6,4.24,0.57,403.2,28.0,0
1.74,26.13,45.9,49.8,1.32,1.01,464.7,39.7,0
1.93,14.37,46.2,67.2,3.65,1.0,255.8,30.3,0
2.66,24.15,47.3,51.0,2.58,1.26,519.2,36.1,0
2.01,25.59,61.5,53.7,2.07,0.34,576.7,19.9,0
2.26,21.02,27.7,39.5,2.93,3.06,813.8,27.2,0
1.77,22.24,35.3,36.2,2.25,0.37,755.6,31.8,0
2.33,27.24,51.7,54.2,3.5,1.31,727.4,31.7,0
2.02,18.83,47.7,37.1,0.78,1.74,395.7,24.0,0
2.62,19.29,47.6,54.4,3.4,2.56,563.9,15.0,0
2.51,19.77,51.7,65.1,2.19,0.73,558.4,15.7,0
2.0,27.24,47.1,57.5,1.02,1.49,570.1,21.4,0
2.15,27.82,39.4,53.7,1.54,0.11,493.6,47.5,0
1.98,15.72,51.3,50.7,2.5,1.81,669.6,6.8,0
1.63,26.53,45.2,44.2,2.2,1.69,446.6,26.8,0
1.86,25.69,40.5,46.9,0.72,0.63,549.4,25.9,0
2.28,28.99,51.9,42.3,0.64,0.45,718.0,28.3,0
2.33,23.73,51.5,34.8,2.44,0.57,823.0,27.4,0
2.26,21.8,47.1,48.4,1.31,0.11,375.7,21.1,0
2.08,27.15,62.2,59.1,3.51,1.22,582.6,35.1,0
2.57,25.15,58.3,35.1,2.83,2.93,568.2,16.6,0
2.23,32.1,55.0,62.0,3.04,1.31,683.0,41.1,0
2.48,26.31,70.7,60.2,0.86,1.04,745.0,31.2,0
1.49,22.69,43.5,52.0,6.25,5.61,450.0,21.6,0
0.63,16.72,40.4,52.1,3.28,0.94,488.7,23.2,0
2.31,19.39,53.6,46.1,4.58,0.51,511.0,36.0,0
1.63,15.54,42.5,48.4,1.14,1.46,571.8,18.6,0
2.12,21.03,45.1,43.4,4.88,0.88,624.0,28.3,0
2.08,26.17,35.1,48.3,1.26,4.29,443.7,27.8,0
2.83,21.98,51.1,49.4,1.96,2.74,778.6,27.6,0
2.36,26.6,30.3,66.8,1.69,3.52,225.6,31.8,0
2.27,23.52,44.0,53.7,0.64,0.0,320.9,32.5,0
2.53,20.19,44.8,45.9,0.52,0.49,591.2,30.9,0
2.35,22.39,40.6,47.0,1.65,1.18,475.4,35.8,0
2.02,24.12,27.4,40.9,1.63,0.44,415.1,29.8,0
2.63,22.63,27.4,42.5,3.66,1.28,643.9,24.5,0
1.76,22.68,37.5,57.1,1.83,1.51,621.9,20.1,0
2.33,18.54,50.4,43.1,1.11,1.17,687.4,28.4,0
1.58,20.05,47.9,41.8,5.26,0.74,344.7,30.7,0
2.28,32.16,44.8,42.1,7.1,1.43,621.9,15.6,0
2.28,27.53,36.2,40.7,0.55,1.82,620.3,31.1,0
2.87,15.37,48.4,59.3,2.57,1.43,348.9,21.9,0
1.57,11.35,27.0,49.4,0.39,2.01,505.9,21.7,0
1.96,22.34,21.0,45.2,1.14,3.53,645.3,29.1,0
2.53,26.02,42.6,48.3,0.86,0.13,701.3,13.3,0
2.33,19.66,39.5,50.2,2.21,2.84,478.0,38.1,0
2.27,26.6,55.1,40.5,3.84,0.38,335.2,34.4,0
1.82,22.27,46.6,34.1,1.95,1.0,729.8,19.7,0
1.96,21.27,61.5,61.4,0.61,3.42,506.0,26.7,0
2.7,25.4,39.5,57.9,0.67,1.16,216.7,29.1,0
2.18,19.61,49.9,51.8,3.24,0.11,464.1,22.8,0
2.35,20.71,42.5,57.2,2.8,0.83,669.9,24.5,0
2.15,25.02,58.8,67.1,0.63,2.7,317.1,27.1,0
1.73,21.86,43.0,42.6,0.47,0.64,517.6,27.9,0
2.57,30.59,53.5,36.8,0.75,2.26,450.9,27.1,0
2.4,25.12,34.2,54.6,1.33,1.9,494.4,28.4,0
3.12,24.83,40.8,33.3,3.46,2.84,434.6,30.6,0
1.79,21.78,44.2,48.4,1.33,0.37,575.5,25.6,0
2.53,25.94,57.6,45.0,2.7,0.82,466.6,31.0,0
1.68,20.55,23.0,54.7,2.86,0.49,598.5,36.2,0
2.26,23.27,41.7,43.2,2.16,0.92,444.9,31.2,0
2.59,17.88,41.3,60.0,2.14,0.02,667.8,40.2,0
1.37,26.68,24.2,40.5,1.76,0.33,501.9,18.2,0
2.12,23.31,40.4,55.1,0.82,4.38,318.9,23.9,0
1.97,30.92,29.6,41.3,0.91,1.11,371.6,30.5,0
1.92,32.77,21.7,53.5,1.21,0.23,326.3,29.7,0
2.35,25.43,42.4,37.9,1.0,0.85,334.8,25.3,0
2.65,22.31,42.0,47.8,2.47,1.44,303.0,32.3,0
2.15,17.74,42.6,61.2,4.17,1.11,337.1,29.5,0
2.28,26.07,47.5,49.2,3.65,0.84,499.2,36.2,0
2.25,22.95,36.2,59.8,1.26,1.34,610.8,20.6,0
2.2,24.42,62.9,47.7,0.61,0.22,297.1,28.4,0
1.76,29.78,44.7,42.9,1.14,0.69,379.3,24.9,0
2.64,18.29,57.9,49.7,1.72,1.66,620.5,34.0,0
2.32,17.84,28.2,54.2,0.68,1.04,476.3,31.8,0
2.36,20.94,36.7,28.9,0.91,2.84,243.3,24.6,0
1.88,25.7,51.9,53.2,0.3,0.7,505.7,35.0,0
2.02,24.5,42.7,38.6,1.65,0.17,554.3,27.8,0
2.13,17.97,34.3,36.1,1.77,0.06,547.1,19.3,0
1.59,25.4,26.6,53.4,2.16,0.78,836.9,26.2,0
1.52,16.59,52.3,61.4,1.09,0.69,387.0,44.2,0
1.96,18.23,51.5,50.2,0.77,0.36,665.0,26.7,0
2.41,21.48,47.4,34.4,0.55,1.07,496.3,29.7,0
1.94,19.51,40.0,41.3,0.82,0.35,570.2,30.0,0
1.79,26.0,33.9,43.8,4.67,0.29,402.3,27.7,0
1.87,23.29,44.5,50.0,3.73,1.17,399.1,38.7,0
2.02,29.95,31.8,47.3,2.85,3.48,312.4,33.1,0
2.06,20.89,37.5,53.0,3.65,0.27,279.8,32.6,0
3.07,21.45,57.6,58.0,2.01,0.24,600.7,26.1,0
2.62,27.45,26.5,51.4,3.07,0.88,419.5,32.9,0
2.61,21.59,51.8,57.0,1.93,0.15,881.8,25.8,0
2.67,28.72,59.9,45.3,1.49,0.42,429.0,31.0,0
1.8,24.43,53.2,81.0,1.29,5.62,600.9,42.5,0
1.71,11.41,49.0,53.5,3.94,2.21,508.3,38.9,0
1.76,27.3,40.4,54.8,0.49,1.47,226.2,27.2,0
2.73,26.11,38.5,65.6,0.3,0.03,298.1,29.6,0
1.98,26.28,22.5,48.9,1.12,0.37,273.4,20.3,0
1.7,13.4,45.4,41.5,1.73,1.01,720.3,26.3,0
2.03,19.02,41.0,61.1,1.11,1.49,694.8,12.4,0
2.1,19.35,38.0,61.7,2.33,1.32,789.2,34.4,0
2.31,18.21,44.8,49.5,4.88,0.25,166.9,22.8,0
2.3,29.84,45.6,65.6,2.22,0.75,294.6,27.3,0
1.87,21.95,38.6,47.2,1.65,0.27,590.7,24.8,0
2.47,21.84,61.1,57.3,0.31,3.09,384.9,35.2,0
1.94,24.48,52.3,63.2,1.54,0.98,604.1,37.6,0
2.14,24.56,54.0,49.0,2.17,0.59,433.2,37.9,0
2.47,6.99,44.0,52.6,4.03,3.0,417.8,19.1,0
1.94,19.09,50.1,58.3,3.18,2.81,227.6,32.6,0
1.97,15.64,36.0,44.3,2.99,0.84,413.5,21.9,0
2.44,23.8,51.7,39.9,0.59,1.39,555.6,29.0,0
1.86,20.7,43.0,61.3,2.42,0.46,351.8,34.7,0
2.05,22.07,34.8,51.1,2.74,0.44,510.3,26.2,0
2.42,12.65,44.8,42.9,0.98,0.96,343.0,29.5,0
3.02,20.61,42.1,48.9,0.36,2.25,383.8,23.7,0
2.44,27.02,68.2,53.1,3.07,1.09,394.3,35.6,0
2.39,28.34,49.4,32.3,1.95,0.74,569.7,26.5,0
2.41,25.23,60.8,55.2,1.44,1.31,628.7,24.3,0
1.77,15.99,56.3,52.1,1.87,2.01,775.7,30.4,0
2.25,27.67,45.4,64.6,3.06,1.86,616.9,34.4,0
2.19,25.26,40.6,45.8,7.23,0.56,554.6,18.2,0
2.33,21.47,27.6,61.8,0.3,3.29,766.2,31.2,0
2.25,12.89,36.3,47.6,3.34,0.02,541.2,24.5,0
2.35,26.29,51.6,49.4,2.15,0.72,592.2,32.7,0
2.08,19.34,42.0,50.8,1.29,2.86,643.5,24.4,0
2.22,23.56,48.8,68.9,4.36,1.43,526.1,22.0,0
1.71,22.31,24.7,35.6,0.82,1.46,489.8,23.0,0
2.07,28.92,49.5,53.0,2.3,0.2,475.0,29.2,0
2.76,21.44,56.0,48.4,1.58,1.05,414.1,31.7,0
2.33,21.93,27.2,47.7,0.5,4.09,425.6,23.6,0
2.19,29.1,48.7,53.8,0.54,0.29,659.3,28.4,0
2.96,19.04,58.4,59.1,0.77,0.48,335.5,23.5,0
1.66,25.66,61.8,53.3,4.12,0.59,520.7,25.4,0
1.76,21.11,40.0,60.4,1.54,0.54,496.4,24.5,0
2.89,17.49,52.8,45.5,0.97,1.18,286.2,23.0,0
2.22,22.01,59.3,47.5,1.67,0.32,625.7,19.5,0
2.1,25.11,49.0,38.0,0.87,0.85,299.6,27.5,0
1.72,28.09,57.9,67.8,1.65,0.61,388.2,35.9,0
2.38,28.64,44.6,46.1,0.94,1.24,487.2,28.6,0
2.42,20.67,48.9,45.0,0.47,0.33,723.5,25.9,0
1.76,17.56,38.8,54.1,5.0,0.97,578.1,33.6,0
2.14,20.57,43.4,59.1,0.4,1.62,546.6,24.6,0
2.07,16.68,49.3,41.1,4.48,1.42,702.7,29.4,0
2.3,21.02,38.0,59.9,0.3,2.16,460.4,17.1,0
1.75,20.46,42.8,45.0,2.91,3.75,799.7,28.0,0
2.7,25.27,52.6,62.3,0.45,2.31,575.5,25.7,0
2.57,12.07,65.5,42.6,1.54,3.34,520.0,15.0,0
2.05,18.7,24.5,55.4,3.91,0.02,230.5,24.9,0
2.11,18.74,64.8,48.4,3.32,1.19,646.4,11.6,0
2.15,27.34,42.4,36.7,3.71,0.37,580.6,23.9,0
1.89,16.99,54.6,33.8,6.3,1.99,466.6,31.5,0
2.02,23.02,56.6,40.6,1.38,2.05,424.3,21.6,0
2.09,21.42,60.6,57.9,3.47,0.06,802.0,23.0,0
2.85,26.69,37.7,28.6,2.78,1.09,380.5,17.4,0
2.58,24.68,42.7,51.3,2.01,2.28,552.3,30.0,0
2.57,22.55,44.5,50.5,1.49,1.06,505.2,24.9,0
2.35,19.5,41.4,31.2,1.19,0.67,603.3,27.7,0
1.75,13.66,58.2,40.0,1.76,0.1,211.6,36.0,0
2.18,23.11,44.2,40.0,1.6,1.57,600.9,21.0,0
2.59,24.39,28.8,48.5,0.41,0.09,740.0,36.9,0
1.7,14.91,38.7,62.7,5.4,1.09,214.7,26.2,0
2.45,16.45,29.2,58.7,1.47,3.0,357.7,35.4,0
3.13,23.14,42.7,44.4,2.04,0.65,584.8,27.2,0
2.62,23.53,51.7,39.7,6.27,1.76,479.9,16.6,0
2.77,17.54,38.5,32.4,0.85,1.93,602.0,19.3,0
2.29,19.42,41.0,44.2,1.27,0.01,611.7,26.2,0
2.59,13.74,42.3,39.0,0.53,2.96,533.8,16.4,0
1.91,28.2,46.4,47.6,3.27,0.25,764.4,31.7,0
2.52,16.15,50.2,48.0,0.67,0.4,612.9,33.7,0
2.46,24.44,53.1,43.2,5.69,2.46,301.1,17.6,0
2.32,21.84,67.6,43.5,0.68,1.39,605.1,26.0,0
2.73,27.8,46.2,41.1,1.71,0.56,495.1,27.3,0
1.98,18.43,52.4,42.9,0.85,0.11,582.1,32.8,0
2.13,22.28,29.1,62.4,4.69,0.59,675.2,30.9,0
2.24,14.36,41.2,53.2,1.67,4.07,742.3,25.1,0
1.79,13.28,42.3,53.3,1.15,0.13,512.6,18.1,0
2.29,24.68,34.8,58.1,1.9,2.25,625.8,28.0,0
1.51,13.97,39.6,57.2,1.78,0.47,338.0,27.1,0
2.62,20.97,43.9,62.2,6.57,1.28,430.5,22.3,0
2.22,26.55,40.0,53.9,4.5,1.2,415.6,42.8,0
1.99,25.36,71.0,50.1,1.39,0.47,655.1,29.2,0
1.87,19.01,50.1,42.1,1.87,0.07,759.1,23.5,0
2.11,14.85,65.0,39.8,4.5,0.19,978.4,24.1,0
2.48,24.29,59.9,56.8,1.97,1.0,629.2,33.8,0
2.42,28.04,38.6,46.9,3.68,3.57,668.6,36.3,0
1.92,19.02,45.4,34.4,1.61,3.12,240.4,32.3,0
1.86,18.39,40.7,27.1,1.47,0.14,231.8,35.1,0
2.46,19.64,43.4,69.5,0.57,2.5,369.7,19.3,0
1.91,24.57,35.2,38.1,1.21,0.32,311.9,27.7,0
2.22,27.53,40.6,41.1,1.99,2.89,576.8,19.9,0
2.25,16.42,48.6,60.3,1.53,1.71,760.4,33.6,0
2.32,15.26,48.3,35.9,1.67,3.9,501.8,34.3,0
2.54,32.53,47.5,53.3,1.16,0.7,401.6,21.1,0
1.69,21.2,44.4,66.2,1.25,1.58,545.8,23.8,0
1.44,23.14,53.6,69.1,1.58,1.59,392.1,21.3,0
1.97,18.89,42.4,43.5,2.57,0.82,418.5,29.6,0
2.92,24.2,58.9,47.9,3.36,4.4,470.8,27.3,0
3.01,26.32,26.5,44.0,0.64,0.34,558.2,28.3,0
2.93,23.35,51.6,47.8,1.36,5.14,250.0,25.7,0
2.12,29.83,49.9,61.0,1.77,2.01,195.6,40.8,0
1.49,20.53,38.3,34.0,2.41,1.15,371.1,34.7,0
1.26,20.82,41.4,54.5,2.01,0.09,578.4,27.0,0
1.95,23.04,49.6,46.0,1.53,0.36,310.2,17.3,0
2.12,24.09,54.2,61.7,2.83,2.21,775.1,16.1,0
2.72,23.03,27.5,61.2,0.3,1.56,627.8,16.7,0
2.55,16.22,51.3,43.9,2.79,3.95,600.4,31.1,0
2.29,23.41,40.4,46.9,1.34,0.61,628.3,26.9,0
1.84,20.32,56.3,56.9,2.24,2.7,564.0,36.6,0
1.82,19.39,26.6,57.8,4.01,2.38,576.0,33.0,0
2.3,22.15,69.5,23.3,0.59,4.06,686.3,12.4,0
2.48,17.67,36.1,56.9,2.74,0.38,650.0,22.3,0
2.36,16.89,59.3,64.5,1.06,0.82,545.1,16.3,0
1.79,10.23,44.3,50.6,0.88,0.1,788.5,25.2,0
2.46,29.86,36.8,57.5,2.43,1.07,511.6,30.2,0
2.37,24.5,47.7,60.8,0.62,1.58,431.7,28.5,0
1.77,21.47,55.3,50.2,1.47,0.33,277.5,27.9,0
1.89,19.0,29.5,56.1,0.61,0.22,391.6,19.8,0
2.48,9.06,52.0,48.1,3.64,1.22,680.3,44.2,0
2.11,18.72,44.9,47.5,1.5,0.6,494.9,29.1,0
2.84,25.22,50.8,41.4,3.65,0.67,571.9,39.0,0
2.4,26.24,45.1,49.7,2.39,0.76,512.1,33.7,0
2.01,24.89,39.3,66.9,0.3,0.86,319.6,32.3,0
2.2,22.71,33.9,39.0,0.3,0.26,456.8,32.3,0
2.23,27.87,51.7,54.2,0.94,1.03,374.9,24.1,0
1.91,20.52,51.7,51.2,2.82,0.09,434.7,23.9,0
1.83,26.88,51.6,62.7,0.84,0.14,366.9,27.3,0
2.48,20.27,49.3,64.6,2.41,1.49,572.3,26.9,0
2.54,18.03,54.4,38.8,2.06,1.58,621.9,10.8,0
2.44,17.47,59.1,42.3,1.1,0.37,505.3,27.9,0
2.81,17.21,26.2,42.8,0.91,0.25,201.6,32.0,0
1.98,24.97,21.6,43.2,0.93,0.07,297.1,18.9,0
2.87,18.66,62.2,44.0,5.76,0.65,596.9,20.5,0
1.84,17.35,31.6,51.5,2.75,0.85,386.7,28.5,0
1.79,25.21,34.1,39.5,2.45,2.76,386.8,30.9,0
1.5,23.48,42.1,40.9,1.9,0.0,510.3,26.8,0
2.02,26.33,28.5,40.1,0.99,0.62,382.0,30.4,0
2.0,24.31,41.2,52.9,0.56,0.65,181.8,28.9,0
2.41,18.61,35.5,47.4,2.27,2.61,361.3,25.3,0
2.3,22.34,42.7,45.6,1.87,0.26,439.4,27.8,0
1.72,22.56,47.8,39.6,0.48,0.08,416.8,27.8,0
2.04,17.86,41.6,32.0,1.15,0.58,605.2,28.2,0
2.05,17.03,41.1,64.3,0.53,1.14,513.3,27.0,0
1.49,18.94,47.6,45.1,1.59,2.34,502.7,30.4,0
1.81,31.16,55.4,75.1,2.9,0.38,673.5,34.6,0
1.89,20.14,61.0,55.7,0.72,0.35,266.0,31.0,0
2.77,27.55,42.8,66.3,0.91,0.47,734.7,11.8,0
2.28,19.89,63.2,57.9,2.49,0.15,747.7,18.3,0
2.46,26.0,53.8,49.6,2.82,4.54,482.7,32.1,0
1.6,26.06,32.7,42.0,7.65,0.93,441.1,22.3,0
2.68,26.29,32.4,38.2,0.8,0.38,701.4,36.2,0
2.72,23.75,39.2,59.2,2.11,0.54,460.4,17.7,0
1.4,28.2,59.4,50.7,1.21,2.41,553.0,33.8,0
1.92,23.7,40.0,54.2,1.08,1.34,541.7,21.9,0
2.4,29.71,26.1,56.1,1.9,0.97,573.4,35.9,0
2.46,14.71,42.7,51.6,1.61,1.55,335.0,22.8,0
