Flow_Rate,Suction_Pressure,Discharge_Pressure,Vibration_RMS,Bearing_Temperature,Motor_Power,Fluid_Temperature,Cavitation_Index,Pump_Failure
272.35,2.09,12.87,0.4,63.84,69.27,42.87,3.17,0
243.78,2.32,12.71,0.77,51.57,56.58,25.18,2.87,0
279.15,2.14,9.66,4.04,62.96,62.25,29.24,1.01,0
318.54,2.57,13.45,3.28,48.92,66.3,23.52,1.42,0
239.46,3.22,8.27,2.12,43.85,46.37,52.05,2.39,0
239.46,2.04,10.36,1.62,52.1,82.79,46.18,1.77,0
321.06,3.1,7.0,0.69,61.01,63.36,51.04,3.99,0
284.53,2.03,15.9,1.44,56.47,62.12,56.2,1.89,0
228.87,1.99,11.42,0.54,45.24,47.0,44.39,2.78,0
274.42,2.99,17.42,3.26,76.61,77.55,39.4,1.66,0
229.15,3.05,14.01,3.98,53.34,59.31,41.95,1.46,0
229.04,3.01,13.12,3.39,27.86,52.12,33.55,1.62,0
260.89,1.71,10.53,4.23,66.19,43.71,31.96,0.78,0
163.9,2.22,9.38,2.38,54.87,57.58,35.8,1.53,0
172.38,2.99,13.31,4.09,52.95,42.45,37.52,1.4,0
224.7,2.52,11.82,0.4,52.72,65.19,23.4,3.83,0
204.42,1.86,8.65,1.96,52.78,71.62,27.64,1.45,0
264.14,2.77,8.21,3.32,75.03,54.1,27.3,1.52,0
209.14,2.07,9.6,1.29,60.57,63.54,26.88,2.04,0
186.45,3.58,16.55,1.86,58.12,78.3,46.37,2.88,0
315.95,3.43,17.53,1.89,51.85,57.41,36.66,2.73,0
239.84,2.86,12.51,2.19,75.74,58.42,38.07,2.08,0
253.04,3.32,12.37,0.98,65.12,60.08,43.83,3.71,0
185.89,2.54,11.16,1.9,66.87,53.39,48.23,2.01,0
225.5,2.96,9.66,3.98,58.34,54.73,44.56,1.42,0
254.99,3.39,15.44,0.68,67.0,48.47,56.38,4.0,0
198.21,2.65,16.68,1.03,59.72,66.44,40.4,2.9,0
266.91,2.35,9.77,2.05,50.54,58.93,41.97,1.78,0
222.97,1.48,11.79,3.27,59.43,68.98,33.95,0.82,0
236.87,2.45,10.88,0.68,80.17,75.33,21.06,3.17,0
222.92,2.99,10.95,1.26,57.45,44.24,40.79,2.98,0
333.35,3.07,14.96,5.94,70.24,47.45,48.64,1.07,0
249.39,2.8,8.72,2.24,69.3,70.38,32.58,2.01,0
202.4,2.18,13.17,3.12,61.75,56.18,34.89,1.24,0
287.01,1.31,13.82,4.25,74.88,61.21,49.6,0.6,0
195.06,2.2,11.64,2.25,28.92,61.25,39.51,1.57,0
259.4,2.32,14.23,0.7,32.96,45.78,30.77,2.97,0
161.81,2.31,12.37,1.74,75.73,67.59,30.42,1.93,0
190.23,2.87,15.04,3.26,47.23,63.73,46.56,1.59,0
258.86,3.69,8.19,3.51,56.34,44.87,38.69,1.94,0
283.23,2.57,11.13,1.32,76.01,57.52,38.55,2.5,0
257.71,2.37,11.82,1.21,57.4,58.36,26.2,2.41,0
244.8,2.34,5.32,1.21,75.28,71.21,44.77,2.38,0
236.45,2.57,9.29,3.53,50.34,77.6,50.32,1.35,0
183.47,2.0,9.97,1.41,62.39,59.87,36.38,1.88,0
217.61,2.57,14.37,0.4,55.7,34.79,44.09,3.9,0
229.27,2.77,10.23,1.61,72.89,70.89,35.93,2.42,0
297.57,2.63,9.95,3.22,51.86,92.97,45.94,1.47,0
265.46,2.77,14.04,4.07,43.43,70.77,44.94,1.3,0
170.66,2.76,7.96,1.29,49.39,55.91,36.16,2.72,0
264.58,1.44,6.82,2.03,49.92,66.02,18.73,1.1,0
232.67,2.88,11.1,1.95,47.23,72.0,32.01,2.25,0
219.54,2.1,8.38,1.75,46.74,61.7,43.45,1.75,0
277.53,1.84,8.48,1.74,68.46,79.72,48.84,1.54,0
296.39,1.84,13.43,2.92,71.89,43.01,33.95,1.1,0
291.91,2.76,14.19,4.15,59.7,53.94,53.45,1.28,0
212.24,2.37,13.97,1.79,47.23,66.89,54.94,1.95,0
236.09,1.49,14.77,0.86,47.99,70.47,46.98,1.76,0
264.91,2.79,15.1,2.74,30.13,51.79,28.64,1.75,0
293.9,1.64,6.68,6.95,59.56,53.21,47.11,0.5,0
228.44,2.58,13.13,2.67,46.81,50.0,34.62,1.65,0
241.65,2.64,10.68,2.35,72.65,48.83,34.07,1.84,0
200.21,3.03,10.13,0.93,38.46,67.79,44.53,3.47,0
196.17,3.57,13.4,0.4,47.89,59.44,44.29,4.0,0
286.56,1.68,7.67,1.89,53.85,79.46,44.56,1.34,0
311.03,2.47,7.62,2.69,60.58,43.6,46.57,1.57,0
246.76,2.33,13.58,5.12,76.64,57.64,39.43,0.92,0
295.16,2.76,13.22,2.28,38.55,71.04,25.51,1.96,0
266.27,2.63,12.34,0.45,51.38,65.16,60.83,3.87,0
220.97,2.29,9.8,0.95,37.86,43.53,36.09,2.6,0
266.26,2.24,13.86,2.41,64.48,77.28,32.87,1.53,0
319.21,1.83,13.7,2.4,47.24,61.44,27.85,1.25,0
248.39,3.09,12.21,3.47,53.76,88.76,41.52,1.64,0
320.41,2.78,9.06,1.07,52.93,58.02,40.36,2.99,0
132.11,3.05,10.94,5.23,56.4,77.37,38.8,1.18,0
286.99,2.31,14.09,2.87,53.12,54.62,54.98,1.4,0
253.92,2.11,15.32,1.04,43.34,56.46,46.59,2.3,0
236.54,1.85,11.18,1.69,56.02,67.41,29.82,1.57,0
254.13,2.72,11.38,0.71,45.47,34.47,60.74,3.47,0
160.56,1.88,11.6,3.44,64.77,29.71,24.85,1.0,0
240.11,3.61,12.69,4.51,55.69,49.84,38.84,1.57,0
266.07,1.72,10.55,6.41,42.52,40.51,32.7,0.56,0
316.51,2.66,4.76,1.98,83.88,26.17,43.7,2.06,0
226.68,3.44,14.98,2.48,74.91,71.14,46.36,2.3,0
213.62,2.86,16.49,2.33,84.32,48.13,35.87,2.0,0
227.42,2.61,10.47,4.33,50.89,54.84,50.5,1.17,0
291.19,1.92,9.33,1.15,44.98,62.09,41.99,2.0,0
264.79,1.67,11.66,1.69,64.68,67.57,54.61,1.42,0
226.16,2.96,11.53,2.56,68.3,64.24,49.29,1.94,0
273.1,3.4,14.49,4.16,57.36,63.03,35.29,1.57,0
254.37,2.24,12.14,4.91,29.76,67.04,50.55,0.91,0
293.59,1.82,10.02,3.86,43.23,52.5,33.55,0.89,0
218.41,1.03,8.7,1.81,60.07,49.31,46.27,0.84,0
235.26,1.91,14.16,3.11,47.08,25.24,45.26,1.1,0
232.36,2.43,13.5,2.11,38.62,69.57,34.83,1.81,0
184.14,3.46,14.65,1.4,51.91,49.72,20.06,3.26,0
263.33,2.9,9.58,2.31,25.0,89.75,54.78,2.04,0
261.75,2.68,16.6,9.81,47.76,71.07,44.19,0.61,1
250.23,2.26,7.64,1.13,49.89,74.25,40.21,2.37,0
239.44,2.15,13.77,1.25,58.72,70.59,40.19,2.15,0
186.31,3.34,7.23,1.99,61.57,67.96,49.75,2.58,0
231.07,2.62,10.02,4.05,59.53,67.14,61.85,1.24,0
234.58,1.24,15.9,0.44,65.77,68.54,49.03,1.83,0
213.9,2.1,14.08,3.58,52.98,62.62,43.68,1.08,0
242.74,1.99,10.63,1.36,37.53,50.75,42.86,1.9,0
268.18,2.17,10.7,3.39,55.53,42.32,43.64,1.17,0
334.88,2.84,12.25,2.59,44.49,66.34,29.96,1.85,0
257.86,2.44,13.29,1.66,38.72,79.37,45.85,2.1,0
261.59,2.45,15.13,0.64,61.95,58.12,26.89,3.25,0
246.65,3.29,10.86,4.15,38.05,62.27,44.42,1.52,0
163.66,2.08,7.97,1.94,63.16,40.24,35.28,1.63,0
248.81,3.62,12.39,1.65,39.49,53.19,48.66,3.12,0
252.71,2.1,10.86,1.19,51.51,41.57,43.81,2.15,0
360.85,2.55,8.75,2.76,48.23,42.61,36.49,1.59,0
241.34,2.33,12.74,4.08,68.64,61.48,29.89,1.09,0
263.57,2.57,11.47,2.12,62.13,59.14,54.76,1.91,0
248.44,2.77,12.77,1.18,45.11,71.81,39.14,2.84,0
197.41,2.76,9.76,4.76,53.11,71.49,57.4,1.15,0
301.43,2.05,13.22,0.88,70.95,46.89,27.69,2.41,0
283.84,1.83,8.71,1.86,72.92,30.97,37.47,1.47,0
285.6,4.0,9.93,4.35,38.57,45.77,17.49,1.79,0
209.08,2.21,11.39,1.74,70.79,49.34,47.56,1.85,0
313.13,2.92,16.35,0.6,69.88,68.28,48.38,3.95,0
186.92,1.54,13.96,2.46,57.14,69.19,33.95,1.03,0
276.41,2.33,14.69,4.85,53.91,59.3,33.46,0.96,0
348.57,2.42,15.54,1.38,48.39,71.1,36.12,2.31,0
205.43,2.78,21.01,1.52,39.96,98.43,37.6,2.51,1
224.52,0.87,12.1,4.12,59.07,58.22,34.41,0.4,0
254.48,2.6,15.55,0.4,52.96,56.5,50.81,3.94,0
227.34,1.81,14.53,4.94,60.22,47.39,35.31,0.73,0
180.22,2.69,14.49,1.29,60.51,64.78,21.04,2.65,0
253.09,1.88,16.44,0.46,85.21,77.06,37.45,2.74,1
202.2,1.99,10.95,1.79,69.36,52.52,34.88,1.63,0
271.31,2.34,10.75,3.24,61.56,54.13,26.92,1.3,0
208.63,1.87,12.8,1.66,29.36,52.18,41.89,1.61,0
319.75,2.21,11.54,0.78,59.71,42.74,20.74,2.73,0
214.75,1.78,12.8,4.08,73.99,62.01,43.81,0.84,0
235.51,1.4,15.91,1.9,49.88,62.55,39.67,1.11,0
286.61,3.11,10.8,0.44,81.29,59.38,34.37,4.0,0
194.61,1.72,11.24,2.76,61.53,87.59,28.54,1.07,0
260.24,2.39,12.44,0.6,58.53,66.0,25.37,3.23,0
308.82,2.95,11.43,6.49,43.11,43.25,48.82,0.95,0
177.66,2.13,7.21,2.26,73.04,69.48,37.01,1.52,0
258.31,2.0,10.55,1.07,45.03,54.91,23.21,2.16,0
261.69,2.64,13.72,1.05,48.23,55.07,39.88,2.87,0
285.18,3.17,15.59,2.19,32.43,57.4,37.27,2.31,0
194.34,1.8,9.11,5.53,65.75,55.72,54.13,0.66,0
190.58,2.41,9.1,1.27,62.05,64.05,35.88,2.39,0
273.49,1.46,12.08,1.71,55.12,91.73,49.79,1.23,0
263.36,2.26,6.81,2.7,63.88,54.47,37.81,1.43,0
261.27,2.52,10.89,1.74,62.75,61.34,28.18,2.11,0
265.59,1.99,7.66,0.58,50.61,63.51,44.72,2.71,0
219.4,2.23,15.42,2.2,45.58,52.31,52.18,1.61,0
260.45,1.66,10.08,1.24,34.42,53.98,49.07,1.66,0
263.19,2.55,16.13,1.66,52.87,74.9,43.14,2.18,0
217.85,3.13,14.78,6.04,39.3,52.35,49.97,1.08,0
333.96,1.84,10.38,1.74,56.95,46.68,41.7,1.54,0
271.32,2.13,9.32,0.4,53.07,86.74,40.82,3.22,0
196.39,2.8,11.52,1.6,50.18,41.92,25.27,2.45,0
279.54,3.23,11.74,1.95,67.56,73.25,42.12,2.52,0
206.14,1.6,12.87,3.2,43.16,56.98,55.08,0.9,0
285.42,2.4,10.06,2.45,32.82,41.77,23.64,1.62,0
302.14,2.67,13.87,2.43,52.3,54.35,26.88,1.82,0
213.07,2.44,12.66,2.58,46.12,56.62,36.73,1.59,0
293.35,1.01,11.15,3.52,56.46,35.55,26.44,0.53,0
268.58,2.8,10.22,0.57,44.04,66.42,46.84,3.84,0
286.99,3.41,11.54,7.53,60.05,64.91,22.72,0.97,1
335.36,2.57,9.96,1.53,43.33,54.77,46.81,2.31,0
238.96,1.88,12.15,0.83,43.2,67.1,50.04,2.26,0
216.08,2.19,12.21,2.76,62.4,63.06,46.57,1.37,0
209.97,3.56,12.65,1.68,54.44,79.41,40.2,3.04,0
213.29,3.05,16.42,3.86,40.76,43.83,45.34,1.49,0
246.53,2.88,11.67,1.3,43.58,55.61,28.45,2.83,0
265.35,2.71,14.51,4.22,50.53,75.02,42.6,1.24,0
262.45,2.1,12.57,0.85,41.28,68.12,33.82,2.51,0
287.22,2.38,11.4,6.53,51.54,25.48,48.91,0.76,0
250.59,2.45,11.7,2.02,51.97,34.96,47.1,1.88,0
315.41,2.83,11.85,5.37,44.0,60.01,31.9,1.07,0
238.09,3.41,12.7,0.73,62.8,84.6,43.52,4.0,0
372.41,3.17,9.6,3.41,42.76,53.52,43.93,1.7,0
278.16,1.65,8.34,3.35,69.95,69.73,35.26,0.9,0
211.43,2.63,13.64,1.79,52.38,61.24,40.22,2.17,0
201.81,2.94,14.25,0.4,47.08,68.68,45.12,4.0,0
271.71,2.87,13.86,3.43,61.47,76.06,35.43,1.53,0
239.94,2.12,12.39,1.59,55.41,74.16,31.14,1.87,0
282.13,4.25,13.92,4.79,64.12,73.64,42.28,1.76,0
271.3,1.73,13.78,3.96,30.99,50.78,54.83,0.83,0
246.72,1.85,13.97,4.78,61.2,57.73,38.47,0.77,0
211.89,2.64,9.85,3.03,48.77,67.78,36.48,1.54,0
181.83,3.77,9.26,2.24,55.45,67.24,32.07,2.7,0
229.91,2.0,11.03,5.49,53.94,68.92,51.5,0.74,0
288.54,2.34,11.96,9.37,71.16,33.47,48.75,0.55,1
259.63,3.15,11.4,2.09,32.67,77.96,38.54,2.36,0
193.94,2.49,7.31,4.72,74.37,34.45,32.13,1.04,0
257.79,2.3,16.3,1.19,63.48,48.74,32.03,2.35,0
267.34,2.84,11.31,0.81,56.83,62.93,31.45,3.45,0
210.23,2.66,12.43,1.21,37.8,59.56,35.07,2.7,0
256.92,3.12,15.11,1.13,34.94,81.28,34.39,3.28,0
252.62,3.27,6.14,3.51,48.27,42.44,32.62,1.72,0
198.57,2.68,10.72,1.41,62.62,54.54,51.15,2.52,0
266.1,2.68,11.03,0.87,54.93,30.46,55.85,3.15,0
275.24,2.63,11.16,0.88,61.94,61.97,29.11,3.08,0
298.74,2.79,11.57,2.99,37.44,56.88,34.29,1.65,0
297.42,2.53,15.62,3.49,55.53,41.4,30.52,1.34,0
188.0,2.5,13.68,3.14,68.14,79.64,43.18,1.42,0
207.8,3.22,14.4,3.4,72.42,76.2,36.6,1.73,0
273.18,3.41,12.12,1.59,39.95,61.08,29.69,3.0,0
273.12,1.6,8.5,7.37,50.78,77.08,56.53,0.46,1
273.18,2.51,6.8,1.62,50.91,58.61,44.88,2.18,0
423.37,2.09,8.18,1.35,47.48,70.71,30.21,2.01,0
275.69,2.31,12.9,3.44,65.89,72.95,55.07,1.23,0
301.1,2.74,12.08,1.57,89.46,43.97,28.53,2.43,1
292.93,2.9,11.47,1.32,41.64,66.49,46.14,2.82,0
279.31,2.43,11.08,1.68,60.1,62.53,64.18,2.08,0
235.81,1.35,17.03,2.39,58.55,44.64,38.69,0.93,0
284.15,1.92,9.94,4.22,58.8,40.84,37.12,0.88,0
215.22,3.04,14.32,0.43,71.0,67.47,41.68,4.0,0
239.34,0.86,12.0,4.24,59.48,55.77,62.25,0.39,0
228.16,3.21,11.85,0.57,29.36,38.03,54.76,4.0,0
253.68,2.81,14.94,0.65,37.76,68.69,35.57,3.71,0
354.16,3.29,15.66,2.48,42.2,74.02,43.05,2.2,0
165.97,2.38,11.4,0.46,46.02,42.43,49.23,3.47,0
280.88,1.26,14.0,1.3,53.33,59.98,35.71,1.24,0
177.43,2.76,12.91,3.91,52.42,82.78,28.68,1.34,0
228.76,3.26,12.02,3.44,33.12,46.33,50.84,1.74,0
299.0,3.05,12.51,4.22,35.7,85.61,45.1,1.4,0
252.89,2.1,10.28,1.22,29.57,55.14,43.19,2.13,0
201.5,2.55,11.23,1.63,36.35,58.95,51.07,2.22,0
217.81,2.18,10.55,0.6,66.89,39.08,28.55,2.95,0
280.58,2.01,14.25,1.67,51.75,39.63,37.68,1.72,0
217.13,3.07,11.76,0.62,43.57,50.16,66.38,4.0,0
259.74,1.78,8.76,9.61,31.99,73.28,45.68,0.41,1
252.05,1.96,10.19,2.81,42.85,95.11,46.28,1.21,0
220.68,1.84,4.0,2.37,62.29,99.09,41.06,1.27,0
346.48,1.61,10.76,1.16,60.71,58.15,21.59,1.66,0
278.53,2.59,12.09,1.07,51.97,54.65,31.82,2.78,0
158.87,3.2,11.66,1.45,51.8,45.24,49.13,2.96,0
258.39,2.39,16.95,2.6,33.74,76.72,34.58,1.55,0
220.22,1.6,13.44,0.82,45.69,49.11,38.3,1.93,0
288.36,3.0,13.33,0.61,61.67,56.44,42.91,4.0,0
214.34,3.51,7.89,0.4,46.9,67.45,30.23,4.0,0
244.84,2.11,11.09,2.86,74.48,66.77,27.18,1.28,0
272.72,2.21,10.78,1.83,69.47,50.84,39.87,1.79,0
288.96,2.81,10.03,1.44,49.55,58.57,36.29,2.61,0
195.99,3.47,10.0,0.81,51.82,51.24,42.28,4.0,0
234.95,2.19,7.48,1.44,81.68,47.51,25.68,2.03,0
228.63,1.7,8.81,4.85,65.17,44.62,34.65,0.7,0
220.6,2.88,14.19,1.03,55.84,37.93,46.89,3.16,0
329.45,2.98,11.64,3.1,57.23,65.43,69.46,1.71,0
268.22,2.5,10.73,3.43,56.79,56.39,41.19,1.34,0
193.26,2.17,11.99,0.75,54.8,42.97,46.71,2.71,0
291.3,3.1,14.92,0.88,42.15,41.58,44.88,3.63,0
345.5,2.82,12.01,1.91,50.17,41.35,42.93,2.23,0
296.46,2.04,13.35,7.12,37.77,50.82,46.82,0.61,1
181.63,2.53,9.88,3.93,63.7,76.89,30.41,1.22,0
228.21,1.69,10.45,1.91,53.41,49.78,36.43,1.33,0
307.01,2.91,12.88,4.03,64.31,68.36,42.5,1.38,0
218.15,2.34,16.73,0.4,39.71,83.41,30.34,3.55,0
269.97,2.24,15.57,1.79,72.06,62.53,44.33,1.84,0
284.86,2.48,13.46,0.4,70.57,48.53,20.84,3.76,0
208.29,2.52,12.38,2.26,36.11,58.66,48.12,1.8,0
247.32,3.04,15.5,3.32,48.93,59.35,38.5,1.66,0
104.14,2.85,13.99,1.29,50.23,85.91,46.94,2.81,0
203.9,2.41,6.27,1.24,37.75,34.01,49.97,2.42,0
238.63,2.96,9.37,1.95,51.88,76.73,54.1,2.31,0
193.85,2.74,12.85,1.38,61.7,33.85,42.69,2.6,0
323.46,2.24,7.53,1.56,49.37,72.17,22.67,2.0,0
185.64,2.43,9.76,4.32,34.45,53.86,22.39,1.09,0
230.2,2.41,10.25,3.44,64.27,87.39,27.35,1.28,0
255.88,2.8,11.36,2.62,45.5,70.11,47.2,1.81,0
314.86,2.28,11.28,0.49,46.76,68.6,25.91,3.28,0
185.39,2.27,11.28,2.97,75.18,45.87,37.66,1.34,0
302.34,3.68,14.06,1.89,59.76,87.08,35.78,2.93,0
250.46,3.06,11.34,1.4,45.29,102.23,43.61,2.89,0
205.83,2.04,11.04,1.57,40.73,90.17,47.15,1.81,0
270.79,2.84,8.63,4.92,66.59,44.95,40.95,1.15,0
258.96,2.57,14.56,3.83,65.76,57.15,48.02,1.26,0
222.99,2.73,10.32,1.55,48.92,42.17,28.99,2.45,0
253.14,2.58,9.28,5.68,39.89,50.86,50.21,0.93,0
232.66,3.21,12.53,3.64,59.63,64.25,41.31,1.64,0
255.11,2.71,10.08,1.07,62.13,70.94,47.6,2.92,0
279.8,2.46,10.69,1.04,50.53,68.0,34.83,2.68,0
321.37,3.13,12.65,2.23,41.76,34.19,19.49,2.24,0
194.3,2.64,11.18,0.87,55.3,59.45,46.66,3.12,0
345.99,2.57,17.78,6.14,60.54,67.76,38.57,0.87,0
162.16,2.69,11.81,2.28,49.15,74.23,52.02,1.9,0
243.17,2.44,13.54,0.92,58.14,66.42,44.22,2.81,0
276.47,2.51,7.15,5.17,59.33,67.33,69.52,0.98,0
262.64,2.15,9.85,0.4,68.75,56.43,52.71,3.25,0
221.98,2.05,9.28,2.29,49.95,64.08,37.51,1.45,0
240.63,1.9,9.61,1.83,41.33,98.77,24.15,1.54,0
227.81,1.66,13.04,0.59,54.19,78.1,31.29,2.26,0
223.48,1.97,14.59,5.47,75.25,65.47,30.62,0.73,0
288.23,2.4,12.86,1.33,33.84,70.93,34.79,2.32,0
266.07,2.56,11.43,1.2,27.24,61.14,38.75,2.62,0
218.82,2.34,10.42,3.47,53.7,61.06,43.18,1.24,0
290.48,1.09,14.78,2.22,50.45,74.26,53.74,0.78,0
263.83,3.44,17.18,0.95,52.5,51.02,31.29,3.92,0
286.58,3.15,12.34,1.32,52.05,58.06,26.11,3.06,0
278.33,2.77,14.35,4.99,67.07,39.45,48.31,1.11,0
212.7,3.64,12.86,1.67,54.49,71.64,53.32,3.13,0
224.79,1.91,13.89,7.01,64.84,76.04,35.1,0.58,0
283.63,3.63,9.09,0.85,25.27,69.05,50.41,4.0,0
277.47,1.92,10.78,1.49,48.65,56.49,47.7,1.75,0
249.06,2.64,12.99,1.1,45.22,59.34,22.92,2.81,0
255.28,1.74,15.03,3.28,27.58,62.2,33.63,0.96,0
307.49,2.51,9.95,7.24,56.24,76.42,35.23,0.74,1
223.38,2.73,6.92,2.11,53.8,75.55,59.89,2.04,0
274.62,2.41,10.75,2.4,49.4,38.48,45.09,1.65,0
240.9,2.93,14.53,1.43,53.49,46.83,34.97,2.73,0
240.2,2.56,8.04,0.54,56.24,66.52,33.03,3.58,0
299.44,2.19,9.06,1.67,67.16,39.92,24.3,1.87,0
287.14,2.16,12.39,2.79,62.71,73.78,50.66,1.34,0
286.61,2.99,11.71,1.27,58.94,55.87,43.96,2.97,0
308.75,2.11,13.49,0.6,82.69,70.61,46.19,2.85,0
250.95,3.05,8.93,0.4,46.5,60.51,27.14,4.0,0
280.69,3.23,11.19,5.67,38.68,58.52,47.36,1.17,0
236.04,1.5,14.99,1.41,69.09,43.69,37.62,1.41,0
264.59,3.18,9.02,2.7,77.4,51.79,32.73,2.01,0
244.14,3.74,15.69,4.15,47.38,58.27,45.13,1.73,0
254.36,2.65,9.33,4.75,71.53,57.77,28.0,1.1,0
276.78,2.86,14.12,1.24,48.6,70.86,41.79,2.87,0
213.18,3.12,11.07,2.61,62.02,50.36,37.35,2.02,0
344.16,2.33,9.14,2.83,62.68,59.56,50.73,1.43,0
204.73,2.61,10.76,3.75,47.43,82.57,48.92,1.31,0
195.36,1.71,13.36,2.81,77.16,72.32,40.91,1.05,0
302.11,2.58,11.98,2.4,78.54,61.57,42.81,1.77,0
285.62,2.8,14.8,0.87,42.75,38.13,45.99,3.31,0
278.09,2.81,15.59,3.22,57.41,39.39,39.91,1.57,0
278.28,3.14,9.04,1.95,65.97,69.56,31.82,2.45,0
249.45,2.04,8.86,5.21,32.41,71.1,35.17,0.79,0
209.62,2.18,8.74,3.24,55.31,30.82,27.79,1.21,0
253.41,3.64,9.75,0.4,35.16,70.5,49.25,4.0,0
219.53,2.41,14.76,0.81,63.01,51.57,43.98,2.92,0
293.88,2.62,13.4,1.44,56.03,53.92,35.77,2.44,0
243.38,2.46,10.64,1.91,50.51,73.33,32.75,1.95,0
212.85,2.01,11.97,7.81,36.2,70.99,42.36,0.55,1
235.54,3.47,15.51,3.51,47.82,58.52,25.87,1.83,0
268.58,2.18,16.77,1.1,61.23,70.32,29.31,2.32,0
224.63,1.82,12.65,3.58,54.51,54.55,39.8,0.94,0
213.0,2.23,5.35,2.32,69.31,48.15,64.41,1.56,0
260.97,1.3,12.74,3.6,68.53,78.9,44.52,0.67,0
261.02,2.11,14.34,1.55,68.02,79.89,41.85,1.88,0
227.19,1.92,12.56,8.28,48.55,50.35,28.29,0.5,1
228.8,2.87,13.82,5.66,58.54,51.99,30.67,1.04,0
260.44,2.1,12.89,3.15,43.42,73.37,53.56,1.19,0
184.84,3.03,8.91,1.4,39.88,49.6,35.38,2.86,0
186.66,3.34,9.78,3.6,69.18,72.01,40.71,1.72,0
217.67,2.97,11.2,0.54,40.76,44.63,45.92,4.0,0
240.39,2.37,14.66,5.94,39.47,55.7,35.8,0.82,0
263.99,2.58,10.09,5.09,56.26,74.68,34.92,1.02,0
316.39,1.59,13.14,2.89,51.75,45.46,22.75,0.96,0
288.59,2.42,12.76,0.89,52.79,51.18,27.84,2.82,0
242.8,1.98,15.97,1.54,82.67,65.64,45.87,1.78,0
249.14,2.92,11.9,0.4,43.07,33.03,35.61,4.0,0
204.89,4.04,7.61,1.72,60.94,61.09,46.68,3.4,0
249.17,2.8,13.62,0.82,56.04,77.42,24.15,3.39,0
237.01,1.31,17.35,0.4,67.11,72.97,48.11,1.98,0
264.52,2.28,13.78,1.4,45.57,59.26,39.6,2.15,0
212.77,2.57,10.03,1.5,52.31,60.31,25.29,2.34,0
273.37,2.55,9.3,0.64,56.37,82.38,51.29,3.38,0
318.97,2.06,9.62,2.53,37.79,80.56,25.93,1.36,0
245.11,2.65,17.01,4.01,33.33,58.58,50.77,1.26,0
268.08,1.75,11.18,2.64,54.75,50.56,39.68,1.13,0
281.06,1.93,10.34,1.91,71.05,72.86,31.06,1.53,0
231.95,2.89,11.6,2.03,50.77,76.96,58.48,2.2,0
260.08,1.89,11.21,1.62,52.42,80.68,44.05,1.65,0
250.57,2.82,15.92,1.39,68.81,68.75,52.15,2.67,0
254.4,1.68,9.46,2.6,53.21,54.66,44.33,1.09,0
215.21,3.56,14.95,2.71,64.32,34.95,37.84,2.25,0
251.1,2.04,12.31,2.05,87.0,89.07,31.29,1.54,1
272.41,2.37,15.02,1.43,48.08,84.04,38.19,2.21,0
315.3,2.7,15.96,0.88,52.88,48.5,41.63,3.17,0
293.17,2.16,12.21,0.43,59.75,62.86,48.17,3.21,0
346.89,2.59,11.21,0.88,72.9,56.69,36.07,3.03,0
215.47,2.85,12.17,1.42,53.62,60.99,45.14,2.66,0
289.25,3.08,11.76,1.53,63.75,53.99,56.78,2.76,0
258.25,2.97,7.86,9.48,59.17,70.37,41.58,0.69,1
348.54,2.4,15.88,3.73,54.13,42.99,20.41,1.2,0
213.63,2.41,12.61,2.61,49.95,54.09,40.49,1.56,0
212.21,3.91,9.09,3.15,47.69,73.1,39.05,2.22,0
223.03,3.07,6.83,8.17,91.79,30.4,38.74,0.81,1
154.42,1.95,6.18,1.12,36.51,64.63,24.04,2.05,0
226.34,2.56,13.93,6.13,37.64,51.78,42.76,0.87,0
215.84,2.3,10.45,0.4,57.94,84.23,34.68,3.48,0
256.77,2.42,10.86,1.7,57.44,64.94,38.94,2.05,0
265.38,1.76,13.22,0.77,60.12,48.19,49.48,2.18,0
334.43,2.25,10.71,0.4,44.51,81.78,31.88,3.41,0
292.77,3.59,13.37,5.08,42.68,60.33,38.98,1.42,0
224.04,2.85,12.24,1.68,51.57,61.97,37.98,2.43,0
209.57,1.01,11.79,1.45,65.89,73.31,38.34,0.93,0
272.14,3.23,8.07,1.7,42.79,50.91,35.56,2.74,0
190.59,3.15,9.95,2.23,56.81,81.71,36.1,2.26,0
332.42,2.28,13.51,0.99,48.85,68.66,56.75,2.55,0
303.07,2.93,10.29,0.4,36.71,50.38,35.77,4.0,0
228.89,1.98,15.01,1.92,39.62,53.51,42.71,1.56,0
172.91,2.22,17.87,2.25,65.92,41.15,41.05,1.59,0
310.92,3.4,13.64,5.36,47.75,64.62,40.73,1.29,0
244.85,2.34,15.73,1.86,69.93,57.33,44.8,1.88,0
305.7,1.38,13.8,2.14,54.55,64.69,33.67,1.02,0
178.25,2.46,10.66,0.82,38.59,34.47,54.01,2.97,0
223.03,2.45,12.5,0.83,60.73,52.14,30.8,2.95,0
250.24,3.22,17.03,2.63,45.38,45.27,38.35,2.08,0
252.11,2.51,10.69,3.42,50.48,67.39,28.13,1.34,0
229.75,2.25,9.4,4.22,68.59,50.97,48.97,1.03,0
278.03,3.13,9.16,2.51,39.52,67.06,30.79,2.08,0
201.96,2.57,11.46,0.98,49.6,52.0,47.56,2.88,0
243.59,2.05,9.49,0.45,42.0,84.39,42.65,3.02,0
255.41,3.19,16.19,0.76,40.72,60.77,41.76,3.98,0
273.15,2.62,12.54,2.51,49.32,73.74,51.16,1.74,0
282.02,2.5,14.43,0.51,44.71,58.3,33.95,3.56,0
199.39,2.61,11.25,0.78,51.71,73.84,54.67,3.21,0
180.96,1.86,9.15,1.09,62.67,48.41,36.16,1.99,0
307.5,2.18,8.73,2.96,45.99,59.37,44.32,1.3,0
264.95,2.5,9.73,4.83,37.38,53.02,38.07,1.03,0
216.32,2.38,12.87,2.07,62.7,88.03,46.17,1.79,0
319.8,3.26,13.3,2.39,45.91,42.17,29.97,2.24,0
255.21,2.63,13.51,1.9,76.93,91.05,41.07,2.09,0
303.07,3.01,8.28,1.71,50.09,39.39,40.18,2.55,0
253.04,2.51,12.0,2.76,53.37,71.04,44.36,1.56,0
342.73,3.13,9.43,1.72,27.35,50.67,44.05,2.64,0
328.99,2.74,13.0,5.86,41.06,63.82,31.39,0.96,0
238.8,2.51,13.2,2.29,27.65,57.44,53.06,1.77,0
293.72,2.49,9.07,2.48,58.53,47.54,39.42,1.67,0
279.04,1.93,14.42,1.95,54.02,61.22,47.3,1.51,0
311.59,2.8,17.85,3.55,62.56,53.74,27.39,1.46,0
206.58,2.48,14.09,1.06,64.69,68.57,35.85,2.68,0
280.87,2.2,11.59,0.82,66.54,44.92,50.79,2.66,0
297.63,3.16,11.21,3.22,52.3,67.09,56.35,1.77,0
170.86,1.75,11.48,2.28,56.02,72.96,44.24,1.24,0
196.75,2.25,10.1,3.25,61.95,58.38,39.12,1.25,0
158.23,3.12,12.63,1.52,45.46,40.16,29.38,2.81,0
237.88,2.69,9.15,2.17,43.74,85.98,47.97,1.97,0
282.29,2.47,7.28,1.37,73.48,67.0,43.07,2.36,0
317.61,2.65,12.55,1.87,33.33,49.18,16.47,2.12,0
253.33,2.61,12.05,0.46,61.0,67.41,22.67,3.82,0
323.29,1.59,10.57,0.4,59.09,34.87,43.5,2.41,0
187.9,2.29,8.79,0.54,41.52,77.65,31.68,3.2,0
173.35,3.47,12.72,3.49,46.99,91.87,29.6,1.83,0
247.5,2.1,9.52,3.41,50.72,72.36,38.96,1.13,0
267.28,2.31,11.65,6.03,57.6,44.95,43.43,0.79,0
248.53,2.18,16.41,3.29,59.22,30.16,54.3,1.2,0
156.97,2.45,13.63,1.44,54.63,80.46,31.83,2.27,0
245.99,2.15,8.58,1.91,57.26,57.79,44.36,1.7,0
191.3,2.79,8.81,0.4,62.91,54.13,29.73,4.0,0
280.14,2.62,12.38,1.46,62.36,77.47,35.05,2.42,0
266.5,2.96,8.56,2.17,73.41,51.14,41.89,2.17,0
207.71,1.87,7.0,3.98,67.52,71.43,38.52,0.89,0
226.88,2.3,13.33,2.04,55.21,60.36,26.34,1.75,0
202.34,2.36,12.8,0.71,62.69,63.7,45.13,3.02,0
247.18,2.77,13.13,3.81,60.09,84.44,47.41,1.37,0
292.98,2.02,12.66,1.31,56.97,52.67,63.59,1.98,0
205.64,3.05,11.84,0.98,44.58,51.3,42.22,3.43,0
272.68,3.21,10.34,1.83,56.95,56.97,41.74,2.61,0
226.14,1.91,13.29,1.3,30.22,41.96,43.03,1.87,0
214.32,2.21,15.82,2.17,67.87,74.05,26.36,1.61,0
245.18,2.18,10.75,3.11,59.2,72.05,27.04,1.25,0
203.41,4.08,9.45,1.46,53.09,59.86,39.17,3.76,0
225.09,2.24,9.16,1.49,49.95,46.14,17.03,2.05,0
196.1,3.51,9.83,3.12,62.85,18.82,28.69,2.0,0
338.41,1.74,12.51,3.13,77.05,47.49,35.02,0.99,0
251.59,1.91,6.65,2.32,59.5,56.53,50.09,1.33,0
218.51,2.09,13.1,1.75,77.83,31.51,42.59,1.74,0
259.63,1.99,13.61,4.47,64.41,97.42,24.82,0.87,1
244.95,2.34,7.5,1.1,45.34,66.23,39.6,2.49,0
240.06,2.07,9.55,3.15,60.85,68.17,45.83,1.18,0
277.64,2.01,12.2,1.06,59.68,57.75,47.14,2.18,0
284.09,3.2,11.64,2.12,45.33,71.06,50.46,2.37,0
226.13,3.23,13.3,0.61,50.11,55.49,51.98,4.0,0
224.09,3.07,11.65,2.17,49.87,57.57,45.7,2.24,0
237.62,2.81,15.16,4.65,56.2,81.07,44.87,1.19,0
146.41,2.56,11.2,3.66,51.64,76.47,42.33,1.3,0
181.82,2.2,9.54,0.4,58.22,59.84,48.42,3.34,0
311.51,1.93,9.34,4.52,60.17,90.34,32.12,0.84,1
324.02,2.72,13.84,1.26,70.21,58.77,37.96,2.7,0
238.79,1.8,12.07,2.79,61.59,52.41,33.01,1.11,0
275.95,1.9,13.58,1.92,46.58,61.9,44.34,1.5,0
264.01,3.19,13.53,1.18,80.33,64.51,37.41,3.29,0
388.55,3.64,6.95,2.57,46.65,42.11,50.13,2.39,0
300.38,2.74,9.15,1.22,50.35,67.31,40.52,2.77,0
244.24,3.16,9.45,3.25,62.17,91.72,50.64,1.76,0
207.0,2.35,9.96,1.2,89.74,74.25,18.89,2.4,1
177.71,1.7,10.95,1.09,59.82,69.96,32.8,1.82,0
259.16,2.87,14.5,3.31,47.3,67.21,49.38,1.57,0
215.96,2.84,15.0,7.69,35.33,45.03,40.2,0.79,1
186.0,2.54,11.27,3.92,34.53,45.05,50.56,1.23,0
220.9,2.35,11.37,3.54,55.13,62.45,42.51,1.23,0
201.33,3.08,10.24,1.98,61.54,53.58,30.66,2.38,0
325.92,1.91,12.22,3.11,37.96,38.3,57.93,1.09,0
289.67,2.04,12.51,1.46,57.66,54.74,33.37,1.88,0
249.64,1.9,14.02,5.16,39.24,66.76,32.54,0.74,1
316.6,2.55,14.0,0.4,43.91,68.7,48.2,3.87,0
253.48,1.85,6.24,1.91,62.58,47.51,30.89,1.46,0
211.24,2.09,11.62,1.58,46.03,59.31,27.07,1.85,0
318.54,2.08,15.46,1.99,70.72,66.22,32.32,1.6,0
274.25,2.34,10.9,1.13,47.99,40.98,48.2,2.46,0
203.32,1.61,14.85,2.25,68.31,48.41,61.4,1.15,0
241.43,2.55,11.23,1.1,82.18,59.8,40.05,2.71,0
210.6,3.25,12.44,1.38,46.05,46.36,32.76,3.09,0
187.77,2.58,9.16,2.87,84.59,55.08,52.35,1.57,0
291.68,3.42,9.25,9.39,55.16,97.44,33.85,0.8,1
335.92,3.3,13.81,1.36,47.41,37.39,35.56,3.16,0
187.06,2.97,14.2,2.57,51.45,81.37,44.17,1.94,0
275.33,2.54,12.07,4.33,50.16,65.12,51.41,1.14,0
220.72,2.51,8.93,2.68,71.82,41.64,40.71,1.6,0
228.08,2.96,12.11,1.71,70.81,70.18,36.45,2.5,0
223.34,2.26,15.14,1.69,70.67,60.64,63.21,1.93,0
211.12,1.37,16.36,4.55,39.41,78.08,33.29,0.59,0
252.18,2.8,11.21,0.4,57.27,69.91,34.4,4.0,0
212.61,1.82,7.85,2.23,36.4,62.94,36.12,1.31,0
262.17,1.92,14.1,1.53,67.13,55.4,45.51,1.73,0
247.74,2.5,11.31,0.45,49.2,77.53,35.33,3.68,0
239.25,2.44,14.36,2.07,61.04,54.12,48.17,1.84,0
209.16,1.65,12.7,1.2,48.98,39.0,39.48,1.68,0
224.05,2.6,9.79,0.78,33.93,31.56,36.81,3.2,0
283.99,3.08,12.15,4.91,65.62,41.46,34.38,1.25,0
272.54,1.82,15.27,0.91,66.55,72.04,39.75,2.11,0
206.01,3.26,11.63,0.72,56.67,54.55,44.47,4.0,0
254.47,1.56,9.41,0.54,29.66,48.42,39.65,2.19,0
283.81,3.77,8.03,2.48,64.0,53.5,42.33,2.53,0
174.88,2.25,10.07,2.69,46.15,72.44,32.25,1.43,0
274.45,2.59,10.97,7.61,61.2,69.5,32.84,0.73,1
220.18,1.36,14.05,1.55,49.11,62.43,39.95,1.22,0
275.68,2.46,9.2,1.35,50.34,51.0,41.2,2.37,0
215.65,2.64,15.88,0.69,60.97,54.14,40.48,3.39,0
168.78,2.45,8.66,2.8,45.15,58.02,34.1,1.51,0
176.76,2.16,17.83,0.52,53.0,46.58,40.73,3.06,0
252.16,1.93,16.31,1.19,61.12,58.34,40.25,1.98,0
261.69,3.18,12.35,2.38,81.0,45.8,38.79,2.19,0
209.31,2.52,7.88,1.23,54.11,65.49,33.48,2.54,0
278.74,3.42,11.86,1.2,65.07,67.17,45.19,3.49,0
175.23,2.18,11.03,1.02,40.94,76.76,39.88,2.4,0
247.03,2.24,8.81,5.11,75.34,63.91,32.5,0.88,0
195.5,2.99,12.73,1.15,45.3,63.43,38.75,3.12,0
220.67,1.53,9.94,2.83,53.41,47.46,34.17,0.94,0
252.13,1.77,10.21,1.08,61.13,59.29,40.03,1.9,0
211.28,3.16,11.49,1.34,45.64,44.66,54.28,3.05,0
232.7,1.8,10.56,2.01,67.97,34.44,41.48,1.38,0
295.28,1.41,17.2,4.79,47.06,56.02,42.01,0.58,0
224.04,3.62,10.66,0.4,64.97,52.44,54.24,4.0,0
287.61,1.66,13.1,4.41,67.81,69.17,42.71,0.74,0
199.16,2.61,12.36,0.9,61.94,45.57,44.34,3.03,0
273.84,2.54,12.88,2.21,63.5,102.2,41.44,1.84,0
314.87,0.81,13.07,1.84,85.37,52.8,36.15,0.66,1
138.78,2.34,14.2,0.63,60.0,58.95,44.48,3.12,0
214.14,2.77,12.67,1.21,56.32,51.5,57.02,2.81,0
275.97,2.71,12.56,1.84,59.03,71.67,26.79,2.19,0
240.86,3.04,12.15,0.57,70.26,56.79,35.43,4.0,0
266.7,2.27,11.65,3.78,82.95,45.31,31.47,1.13,0
222.82,2.93,9.72,2.02,53.0,32.5,32.59,2.24,0
253.9,2.09,11.85,1.25,44.05,68.61,52.23,2.08,0
242.99,1.65,12.6,1.49,68.95,69.75,38.42,1.51,0
302.55,1.72,13.01,3.76,38.64,65.14,47.23,0.86,0
261.45,1.62,12.45,4.38,58.09,56.77,33.33,0.72,0
265.19,3.11,11.42,0.96,58.66,55.21,33.55,3.51,0
231.47,1.59,11.86,0.68,53.71,71.66,29.82,2.06,0
228.06,2.66,10.62,3.1,54.42,58.48,54.45,1.53,0
230.53,2.34,12.78,0.77,35.17,76.87,47.75,2.89,0
267.75,2.44,11.45,2.69,44.58,58.51,29.49,1.55,0
231.06,3.32,12.45,0.87,66.25,57.97,51.42,3.91,0
263.04,2.24,14.5,0.87,30.5,65.56,37.4,2.64,0
343.39,2.87,10.23,0.45,53.97,80.88,44.53,4.0,0
289.2,2.52,13.49,6.36,51.25,77.65,40.47,0.83,0
235.33,2.41,12.08,4.4,31.09,59.28,25.63,1.07,0
304.05,3.88,17.05,1.54,75.31,54.39,31.72,3.47,0
231.64,1.64,11.46,2.29,42.64,41.88,53.54,1.15,0
158.28,3.27,13.74,2.24,61.59,70.38,49.39,2.34,0
204.64,2.89,12.04,6.43,49.37,33.24,29.78,0.94,0
165.81,2.21,8.53,2.6,44.86,85.58,42.08,1.44,0
234.18,3.48,10.7,3.52,52.17,72.65,37.85,1.82,0
250.83,1.39,14.2,4.89,50.72,48.81,51.42,0.57,0
325.44,2.19,10.92,0.94,52.76,78.46,37.95,2.49,0
264.71,1.77,6.45,1.08,45.56,68.22,32.32,1.9,0
240.14,2.75,11.92,4.39,42.83,67.02,47.37,1.22,0
287.32,1.83,9.27,1.5,67.05,56.0,51.89,1.67,0
150.5,2.76,12.33,0.83,55.08,68.29,43.94,3.31,0
260.6,2.39,15.88,2.15,54.28,38.75,45.72,1.76,0
284.69,2.21,13.92,4.3,44.3,60.94,28.05,1.0,0
183.46,2.73,15.84,6.88,73.89,49.8,27.22,0.84,0
301.47,2.34,10.6,5.59,53.95,55.68,26.5,0.85,0
265.23,1.85,11.64,0.4,32.25,49.67,50.51,2.8,0
231.31,4.18,9.39,1.54,58.31,50.43,36.13,3.75,0
278.48,2.21,10.29,0.65,45.83,79.33,48.26,2.91,0
352.18,1.17,9.68,0.99,65.93,38.51,34.0,1.31,0
258.18,1.99,8.73,2.21,67.46,66.13,39.85,1.44,0
261.17,1.74,15.41,2.2,66.08,43.04,31.94,1.26,0
229.33,3.0,6.77,0.4,49.46,79.82,36.72,4.0,0
211.76,2.69,15.43,0.99,53.65,66.42,22.9,3.01,0
287.37,2.74,15.12,5.85,57.98,38.93,36.82,0.96,0
211.48,2.28,13.25,0.52,65.71,65.02,35.94,3.22,0
253.22,2.33,9.21,4.31,42.55,49.56,23.05,1.05,0
228.51,2.28,8.04,1.27,56.12,63.4,44.25,2.26,0
271.55,2.45,10.63,1.92,77.42,40.07,45.74,1.94,0
265.01,3.0,13.56,4.69,48.58,78.46,33.38,1.26,0
296.69,2.7,12.01,1.6,54.69,30.04,27.95,2.37,0
227.05,2.8,9.39,6.1,86.36,47.89,57.3,0.95,1
237.86,2.8,14.87,0.5,52.11,43.77,42.56,4.0,0
205.96,3.03,16.21,3.72,36.53,65.69,16.2,1.52,0
230.01,2.67,11.43,3.4,54.31,52.61,35.72,1.44,0
266.98,2.72,12.27,5.64,75.08,57.23,33.48,0.98,0
284.06,3.21,8.23,2.99,67.68,50.38,32.75,1.89,0
208.5,2.1,10.96,1.74,43.24,39.47,50.92,1.76,0
289.13,1.99,13.28,0.93,59.98,56.57,42.53,2.28,0
311.0,1.79,12.89,1.49,52.89,40.46,46.35,1.63,0
268.6,2.61,10.73,0.44,64.74,32.52,38.62,3.87,0
334.46,1.39,11.31,3.58,47.62,69.39,48.53,0.72,0
215.18,2.78,10.88,1.91,60.93,41.41,36.27,2.2,0
193.99,2.43,11.3,1.7,77.92,81.86,42.33,2.06,0
169.96,3.18,13.06,1.4,25.0,81.26,44.87,3.0,0
317.32,2.1,7.08,3.26,62.11,73.29,33.77,1.16,0
279.45,2.38,11.81,1.69,70.83,42.96,19.03,2.02,0
247.5,3.17,12.87,2.06,36.32,91.82,23.07,2.4,0
262.6,3.33,10.57,2.03,46.35,24.71,63.12,2.54,0
199.35,2.09,10.8,2.96,50.28,46.75,46.51,1.24,0
360.06,2.61,10.87,2.8,46.23,72.5,46.98,1.61,0
255.81,2.68,10.8,4.69,45.33,71.32,54.21,1.13,0
254.92,2.72,12.01,4.28,50.5,49.12,28.75,1.23,0
282.66,2.34,12.32,1.39,65.22,48.22,32.76,2.22,0
271.65,3.27,6.75,6.71,72.85,56.77,28.95,1.03,0
260.07,1.37,13.63,2.78,70.63,58.7,63.57,0.85,0
214.43,2.25,11.28,7.68,66.93,52.96,30.02,0.63,1
271.22,2.77,16.83,2.51,76.99,84.87,52.54,1.84,0
334.69,2.77,9.02,1.5,79.38,49.75,33.41,2.52,0
310.54,3.31,9.83,1.24,56.99,82.0,40.85,3.33,0
321.69,3.22,11.49,0.4,72.17,66.09,52.7,4.0,0
227.0,2.33,13.03,2.35,60.09,75.29,42.86,1.62,0
205.47,3.28,7.12,2.44,52.41,37.58,38.68,2.22,0
244.34,2.07,9.93,1.93,54.4,75.42,62.68,1.63,0
252.51,3.06,13.48,2.62,67.15,74.89,21.66,1.98,0
299.24,3.59,9.63,0.59,72.59,50.01,30.56,4.0,0
173.84,3.23,15.43,1.81,61.97,72.72,36.9,2.64,0
318.83,2.56,10.87,0.74,50.25,37.8,50.44,3.22,0
242.89,2.3,9.75,2.68,49.13,52.88,34.96,1.46,0
230.79,1.58,13.53,2.22,32.76,77.51,49.68,1.14,0
204.46,2.69,16.02,4.26,59.33,57.27,22.78,1.22,0
175.53,1.83,13.04,1.53,58.51,56.04,51.48,1.64,0
287.04,2.02,15.15,4.24,42.46,81.07,48.94,0.92,0
253.3,1.79,16.19,1.8,60.68,30.7,29.25,1.47,0
191.95,2.22,9.7,3.22,60.48,57.34,39.66,1.24,0
191.72,2.48,14.35,1.03,37.2,59.01,37.31,2.72,0
234.89,2.66,8.19,2.04,51.14,48.05,44.5,2.03,0
325.11,2.14,13.06,1.87,71.91,80.61,51.61,1.71,0
238.32,3.14,11.82,4.43,47.4,46.35,33.17,1.38,0
182.36,2.38,15.11,1.87,55.21,46.54,43.69,1.9,0
238.94,2.03,14.93,1.89,56.93,22.92,42.46,1.62,0
237.73,2.64,13.42,7.31,54.68,76.66,41.25,0.77,1
128.64,3.68,12.75,3.6,63.26,55.06,54.55,1.89,0
247.56,2.7,13.27,1.59,66.22,55.09,41.61,2.38,0
239.61,2.28,12.15,3.0,70.17,56.8,27.85,1.34,0
281.33,1.58,11.85,3.85,51.24,77.9,47.38,0.78,0
333.2,2.37,15.61,2.17,61.29,84.19,56.01,1.73,0
300.7,2.64,15.91,3.51,65.08,34.01,41.4,1.39,0
237.9,2.27,11.65,2.03,53.58,53.06,53.52,1.73,0
200.21,1.5,12.59,4.45,46.37,42.97,35.81,0.66,0
365.8,1.99,12.2,0.4,56.72,56.65,44.14,3.01,0
252.66,3.37,7.97,0.9,47.73,58.63,24.37,3.93,0
250.63,3.36,11.16,1.43,46.55,34.22,33.9,3.13,0
248.91,1.97,16.0,3.5,57.64,65.53,41.69,1.04,0
258.91,2.9,10.13,2.6,52.74,53.26,46.7,1.88,0
243.5,1.79,17.29,1.07,57.11,71.71,44.37,1.93,0
224.19,3.34,14.93,2.23,36.39,60.45,52.8,2.4,0
225.39,2.65,13.0,0.4,52.89,34.26,24.71,4.0,0
248.53,3.07,13.4,0.52,27.88,69.22,54.7,4.0,0
225.55,1.47,9.71,0.45,42.45,39.9,32.86,2.16,0
217.92,2.91,11.34,0.76,53.93,41.53,27.71,3.62,0
254.79,2.5,15.6,3.39,69.56,55.25,50.37,1.34,0
238.53,3.01,10.46,2.67,61.44,55.72,28.88,1.92,0
317.68,3.05,14.65,1.63,56.08,33.7,54.14,2.65,0
130.71,2.54,8.56,3.47,50.48,57.78,18.18,1.34,0
299.12,2.14,9.0,4.65,51.99,58.67,32.44,0.91,0
306.07,2.97,16.75,0.79,70.67,58.08,48.77,3.64,0
156.7,2.46,11.97,4.34,41.72,34.68,46.72,1.1,0
234.58,1.98,10.65,1.06,46.29,62.16,15.0,2.14,0
233.29,1.95,15.41,1.23,67.8,69.29,33.36,1.97,0
186.66,1.61,15.11,6.36,50.87,39.8,22.84,0.53,0
215.0,2.19,14.3,2.29,78.27,43.87,41.39,1.55,0
200.02,3.16,10.58,1.38,63.29,71.81,40.51,3.01,0
328.85,2.61,11.28,3.05,68.86,83.7,37.52,1.52,0
292.11,2.18,12.78,3.78,35.49,57.5,38.93,1.09,0
307.22,2.98,13.74,2.31,67.71,53.26,28.98,2.09,0
282.48,2.0,10.73,1.38,44.81,62.97,32.66,1.9,0
199.19,2.56,12.43,2.59,63.59,80.35,50.67,1.67,0
226.4,2.39,12.67,3.19,50.64,47.25,35.1,1.35,0
272.02,2.97,15.22,1.82,57.67,52.74,34.28,2.41,0
195.0,1.55,13.89,6.11,41.73,52.35,51.4,0.53,1
282.08,1.99,8.23,2.51,34.35,38.75,28.21,1.32,0
239.19,1.52,11.47,3.63,56.81,72.79,54.8,0.78,0
233.13,2.34,9.68,3.71,51.47,63.92,55.65,1.18,0
281.99,3.23,13.42,0.54,44.27,29.74,29.84,4.0,0
269.99,2.2,14.31,3.06,34.82,59.83,49.21,1.27,0
233.76,2.19,12.25,3.28,25.0,84.93,18.38,1.21,0
302.17,3.02,11.33,1.36,61.28,64.13,41.02,2.9,0
201.35,3.14,12.17,1.19,51.94,84.06,29.91,3.22,0
277.72,2.45,12.52,0.53,47.75,51.6,45.05,3.43,0
276.69,2.91,10.4,4.94,57.55,74.49,43.15,1.18,0
236.07,1.85,8.95,1.02,67.17,79.72,37.23,2.04,0
264.68,3.33,6.87,0.56,58.23,58.91,29.07,4.0,0
193.7,3.79,15.17,1.57,49.68,53.83,49.17,3.36,0
291.58,2.81,13.24,0.87,80.59,76.5,39.69,3.32,0
241.68,1.25,12.91,0.55,47.37,68.1,32.93,1.74,0
226.48,2.17,15.16,8.14,38.08,74.31,34.87,0.58,1
297.21,2.87,8.86,0.82,56.2,66.2,39.04,3.46,0
218.3,2.25,7.66,1.07,51.93,58.81,39.01,2.42,0
186.62,3.26,12.96,2.22,66.37,58.67,43.1,2.35,0
179.95,2.85,12.73,0.54,48.68,54.68,49.56,3.99,0
277.27,2.08,7.67,1.89,53.02,66.0,50.47,1.65,0
192.38,2.52,12.9,3.13,44.61,57.34,37.74,1.44,0
328.97,1.96,11.0,2.4,64.69,63.8,44.25,1.35,0
156.31,2.39,9.98,2.78,56.72,48.11,37.99,1.48,0
326.34,2.17,11.17,1.84,51.7,47.23,52.13,1.76,0
259.5,3.2,5.9,1.4,53.2,68.76,38.68,3.03,0
245.65,3.77,10.52,2.82,54.74,65.83,41.21,2.32,0
225.48,1.64,10.24,2.68,37.75,53.55,39.74,1.04,0
267.96,1.35,13.39,0.79,68.95,80.65,44.61,1.65,0
248.31,2.35,11.6,2.2,68.25,47.68,46.31,1.71,0
299.65,1.59,13.6,1.93,55.49,66.56,53.85,1.25,0
255.14,2.53,5.63,3.19,54.21,66.87,52.11,1.42,0
256.76,2.95,9.9,2.57,43.04,60.8,40.43,1.93,0
233.64,3.4,13.39,4.61,75.73,78.99,39.57,1.45,0
247.44,2.62,11.23,3.81,72.83,84.41,37.75,1.29,0
263.85,2.38,14.11,4.13,59.73,42.74,50.08,1.11,0
173.04,1.31,7.49,3.25,64.84,25.87,42.45,0.73,0
189.33,2.52,13.83,4.0,69.77,52.66,64.62,1.2,0
283.45,2.54,10.4,1.5,67.33,45.26,39.36,2.31,0
257.69,2.88,10.16,3.71,44.73,53.44,55.21,1.45,0
241.72,2.07,14.48,1.94,51.27,87.29,55.3,1.63,0
250.83,2.24,14.9,0.56,60.62,100.45,55.04,3.1,0
265.64,1.61,14.59,3.67,57.44,45.78,36.7,0.82,0
225.71,1.13,17.1,2.41,64.04,63.36,39.16,0.77,0
214.98,1.83,15.17,5.15,62.72,63.03,38.38,0.72,0
258.81,1.56,10.01,2.18,57.96,65.19,54.74,1.14,0
205.97,2.7,12.35,1.05,25.0,39.44,35.5,2.94,0
268.37,2.19,11.1,1.28,69.07,78.54,34.22,2.16,0
173.38,2.18,17.07,1.7,65.07,73.53,46.94,1.84,0
296.31,1.91,14.76,2.46,79.83,52.8,26.72,1.29,0
271.27,0.56,11.53,4.04,49.27,78.46,47.68,0.3,0
261.52,3.4,14.19,2.43,32.89,38.37,28.59,2.32,0
294.22,1.9,8.92,0.77,52.83,34.6,35.88,2.35,0
324.95,2.25,12.63,2.49,60.48,63.97,51.55,1.51,0
295.65,1.63,9.66,4.48,49.7,66.47,34.44,0.71,0
167.16,3.08,7.78,2.22,71.46,57.54,43.07,2.22,0
192.42,2.59,13.96,2.77,47.08,76.61,52.09,1.61,0
221.88,2.0,14.27,1.89,53.79,50.14,28.61,1.6,0
251.17,2.26,13.14,1.88,52.05,78.07,41.73,1.81,0
273.29,3.51,11.54,4.15,88.29,71.82,46.47,1.62,1
217.34,2.46,8.83,3.46,44.13,87.94,25.8,1.3,0
258.4,2.39,9.1,8.56,62.0,33.41,29.62,0.61,1
216.01,1.94,9.58,1.4,40.59,52.7,56.16,1.83,0
222.48,1.36,11.42,1.17,59.12,46.41,28.54,1.41,0
186.7,2.4,14.69,0.58,43.55,71.65,36.5,3.29,0
208.45,2.7,14.65,1.69,68.2,83.6,19.84,2.29,0
189.17,3.16,7.88,1.96,65.9,54.42,32.14,2.46,0
206.09,1.15,10.27,1.12,58.26,68.99,47.76,1.21,0
297.41,1.82,10.2,2.82,38.3,81.65,49.59,1.12,0
207.28,2.15,5.67,3.51,54.36,64.89,47.94,1.13,0
368.46,2.5,13.42,2.73,51.35,70.52,39.65,1.57,0
272.2,2.41,11.38,0.86,64.96,30.25,29.25,2.86,0
258.32,2.43,11.72,1.2,44.17,83.49,44.14,2.48,0
211.37,2.74,15.36,2.14,68.86,55.52,35.58,2.02,0
281.51,1.96,12.22,4.33,66.61,100.05,23.92,0.88,0
224.1,3.06,10.92,1.82,38.51,47.24,40.29,2.49,0
255.49,2.76,13.43,0.4,52.36,67.12,52.7,4.0,0
365.2,2.31,14.65,1.68,54.38,72.38,51.1,1.97,0
245.68,3.46,12.74,2.05,67.07,22.48,51.78,2.62,0
301.72,3.43,13.72,5.52,46.76,86.66,43.03,1.27,0
218.36,3.06,11.64,0.4,57.49,71.15,30.7,4.0,0
248.43,0.69,11.8,3.53,68.19,37.58,45.87,0.36,0
329.69,3.45,12.28,0.59,58.02,65.55,41.51,4.0,0
221.79,2.98,10.12,1.43,32.71,65.46,37.43,2.77,0
331.56,3.7,10.58,2.67,49.07,57.98,46.67,2.36,0
281.85,3.24,15.44,3.85,65.85,51.06,44.57,1.59,0
224.69,3.45,17.02,1.2,64.35,58.98,33.8,3.51,0
278.46,3.03,15.98,1.47,28.01,72.92,33.34,2.78,0
293.76,3.31,8.69,1.8,57.41,72.31,28.47,2.71,0
277.98,3.7,8.45,1.15,66.35,60.13,42.57,3.85,0
179.34,2.63,9.02,5.16,61.47,63.43,49.07,1.03,0
217.28,1.56,12.34,2.4,62.84,58.09,34.09,1.07,0
238.86,2.32,4.98,3.33,79.75,45.41,29.34,1.27,0
246.65,2.73,10.53,1.82,54.48,59.14,45.03,2.23,0
277.93,2.54,15.52,1.81,58.66,48.98,55.79,2.08,0
258.0,1.75,14.46,4.09,43.73,45.07,59.9,0.82,0
189.91,1.52,10.73,2.03,47.38,23.71,55.15,1.16,0
267.11,2.06,10.92,2.97,51.02,53.87,39.51,1.22,0
277.48,2.98,13.42,1.55,65.2,71.78,30.99,2.66,0
275.19,3.45,14.34,1.23,46.03,78.35,46.08,3.47,0
298.64,3.05,10.67,2.33,69.82,66.69,39.29,2.13,0
287.53,3.13,11.41,1.04,41.88,40.57,38.01,3.42,0
270.66,2.45,10.58,0.49,62.68,57.68,59.01,3.51,0
246.84,1.45,8.67,1.56,61.62,42.68,53.85,1.29,0
175.26,2.23,11.45,5.97,58.09,88.64,46.37,0.77,1
269.33,2.34,11.26,2.9,66.82,54.19,39.04,1.41,0
259.35,2.2,8.85,1.37,46.09,52.59,40.08,2.1,0
262.22,2.53,13.62,2.99,49.41,73.84,24.56,1.5,0
192.55,2.76,13.21,4.49,43.44,59.41,50.46,1.2,0
201.35,3.01,13.74,1.13,55.11,76.07,52.97,3.16,0
297.39,2.33,10.08,2.98,53.56,43.15,32.36,1.38,0
248.22,1.36,7.04,1.53,65.28,61.34,33.72,1.22,0
280.67,2.21,13.17,4.83,59.64,67.61,49.75,0.91,0
251.27,2.53,10.34,1.36,63.27,20.73,36.76,2.42,0
251.34,3.23,9.77,1.49,52.63,49.76,51.36,2.95,0
292.22,2.16,8.86,2.76,59.87,50.79,32.18,1.35,0
226.78,2.81,11.31,1.01,76.75,60.83,36.88,3.11,0
254.33,2.67,15.94,0.95,38.85,55.35,45.19,3.03,0
229.2,2.53,10.74,4.7,32.93,64.44,36.76,1.06,0
230.45,3.06,9.28,4.09,62.64,56.48,36.18,1.43,0
236.09,2.1,13.63,3.4,44.82,77.21,35.96,1.13,0
260.0,2.15,12.43,1.21,38.42,91.66,46.95,2.19,0
228.46,2.49,6.7,2.09,61.41,37.49,49.63,1.87,0
306.51,2.12,13.66,2.29,42.95,60.37,44.93,1.49,0
209.74,2.8,17.32,5.73,73.47,76.3,33.02,1.01,0
241.59,2.07,5.5,1.97,56.88,49.46,53.68,1.61,0
230.21,2.64,8.91,1.12,52.57,64.2,42.55,2.78,0
315.11,2.44,4.88,3.2,45.14,54.3,50.51,1.37,0
258.84,2.63,11.81,2.33,57.58,44.95,27.1,1.84,0
296.43,2.22,14.48,3.49,35.91,44.75,51.68,1.17,0
183.15,2.3,12.26,5.1,25.38,22.94,36.28,0.9,0
262.02,2.56,15.48,5.3,36.35,62.49,35.58,0.98,0
290.03,2.62,14.08,1.33,68.65,63.48,44.05,2.54,0
253.7,2.5,16.26,1.56,43.91,45.72,19.49,2.22,0
297.95,3.52,14.9,0.4,37.79,55.8,43.5,4.0,0
226.72,1.91,10.99,1.1,53.93,38.37,37.23,2.02,0
313.42,2.46,12.17,1.93,81.7,67.99,54.14,1.94,0
353.45,1.56,9.83,4.77,68.1,53.99,42.71,0.65,0
233.67,2.72,11.42,1.88,45.39,71.56,30.07,2.18,0
229.95,1.83,12.15,3.85,45.18,55.17,31.99,0.9,0
315.4,2.33,11.79,1.26,45.45,45.18,15.41,2.32,0
321.08,2.28,15.36,0.8,44.08,51.96,64.29,2.77,0
226.47,2.67,11.17,2.05,61.53,82.62,15.0,2.02,0
231.09,2.17,9.67,2.53,50.97,91.44,34.59,1.43,0
237.32,2.14,9.83,1.12,41.64,37.39,47.41,2.26,0
189.5,3.36,13.64,0.7,38.96,73.59,54.68,4.0,0
208.66,2.67,8.49,1.38,82.61,43.38,58.04,2.54,0
204.81,2.16,11.5,3.18,63.86,48.6,39.0,1.22,0
215.45,2.35,15.32,2.04,44.73,63.13,45.02,1.78,0
248.44,3.49,12.73,0.93,69.55,67.34,36.95,4.0,0
260.54,2.36,11.81,1.05,41.17,49.08,24.44,2.57,0
319.77,2.09,11.91,3.43,53.35,69.15,29.55,1.11,0
205.07,2.09,9.43,1.77,52.04,77.76,22.83,1.73,0
294.29,2.17,9.86,0.54,57.19,70.93,43.16,3.03,0
240.37,2.14,11.51,4.41,43.69,45.51,36.58,0.95,0
247.77,1.73,12.68,0.58,56.54,53.33,38.13,2.37,0
280.37,1.83,14.37,4.0,34.02,73.13,46.72,0.87,0
199.48,2.0,12.23,1.29,50.48,83.27,42.47,1.97,0
267.21,2.85,15.38,0.88,71.02,40.94,46.62,3.35,0
257.49,2.27,16.01,2.26,67.3,64.54,58.12,1.62,0
272.16,2.38,13.99,1.69,46.65,71.01,32.06,2.02,0
263.01,3.26,15.06,1.36,36.69,39.05,21.27,3.12,0
360.49,3.28,9.52,2.35,28.8,75.28,34.2,2.27,0
221.3,2.33,9.13,0.65,62.41,91.72,37.93,3.06,0
226.11,2.12,13.29,2.17,58.34,69.96,44.36,1.55,0
221.96,1.98,8.65,2.28,59.63,68.49,47.24,1.4,0
225.0,2.92,11.27,1.28,75.29,48.73,29.35,2.88,0
221.32,2.38,13.93,0.4,56.83,52.64,27.87,3.6,0
303.51,2.27,15.53,1.75,57.74,50.29,53.65,1.89,0
313.92,2.01,11.36,1.71,38.23,46.73,43.19,1.7,0
224.32,2.04,10.38,1.57,74.49,56.37,43.53,1.81,0
212.54,2.69,12.8,0.4,53.03,64.64,42.64,4.0,0
271.21,1.71,9.32,2.18,45.2,47.14,41.48,1.25,0
225.15,3.1,11.57,3.7,57.49,54.79,37.75,1.57,0
278.48,2.18,11.98,1.63,79.0,64.78,32.91,1.89,0
259.13,2.41,11.93,0.66,80.62,28.25,34.61,3.15,0
181.79,1.7,12.22,2.73,43.36,74.24,61.66,1.07,0
319.64,2.49,9.91,5.17,69.1,63.2,58.04,0.97,0
330.81,2.3,10.18,0.92,59.03,63.4,49.27,2.65,0
222.42,2.47,10.13,0.95,66.85,77.35,39.33,2.8,0
232.55,3.38,7.95,4.49,58.32,74.07,45.65,1.47,0
262.86,2.61,12.85,1.74,62.38,69.11,25.76,2.18,0
265.05,2.02,14.24,0.4,70.86,64.19,49.96,3.07,0
279.63,2.07,13.99,6.25,34.01,59.85,37.6,0.69,0
340.46,2.86,11.34,0.4,59.32,51.29,40.15,4.0,0
242.04,3.28,9.97,0.4,40.97,45.59,40.98,4.0,0
214.08,2.67,13.86,0.71,49.44,65.81,38.21,3.4,0
187.93,2.91,13.6,3.26,55.01,65.91,48.04,1.62,0
217.11,2.87,12.54,3.45,42.91,62.12,55.95,1.52,0
248.51,3.35,16.36,0.56,48.02,39.84,48.57,4.0,0
330.76,1.33,11.93,0.98,38.19,20.17,40.66,1.49,0
226.71,2.9,11.36,2.47,47.88,60.83,29.34,1.95,0
260.07,3.09,11.0,5.12,61.14,32.49,40.4,1.21,0
249.26,1.7,8.1,0.4,65.39,64.77,39.23,2.57,0
303.48,1.97,13.65,0.4,45.77,89.23,48.24,2.98,0
363.71,1.99,11.74,1.29,70.93,64.97,33.55,1.96,0
226.11,2.06,13.27,0.47,61.93,53.45,31.12,3.0,0
227.98,2.21,16.6,4.31,72.2,44.31,42.98,0.99,0
296.99,2.65,11.02,1.85,33.75,51.35,49.2,2.13,0
280.69,3.02,6.15,4.05,58.74,59.45,41.53,1.42,0
333.1,3.15,13.2,2.49,62.33,76.09,49.66,2.1,0
276.28,2.0,12.42,3.18,34.38,62.1,27.24,1.13,0
233.83,1.99,10.17,1.11,83.97,55.62,44.74,2.11,0
276.58,3.29,12.99,0.4,47.36,70.1,27.18,4.0,0
299.89,2.89,13.97,1.67,61.53,82.14,66.67,2.47,0
286.92,2.55,9.63,3.71,66.12,64.7,53.41,1.28,0
272.83,2.78,11.25,6.13,56.21,62.87,43.85,0.94,0
298.0,2.48,15.69,1.58,71.63,35.1,23.96,2.19,0
302.62,2.81,10.2,3.27,78.94,39.57,26.25,1.56,0
312.2,2.3,12.17,1.09,41.68,37.65,58.95,2.46,0
279.19,2.66,5.44,1.39,56.39,57.13,28.42,2.52,0
242.48,1.59,8.3,1.82,65.99,47.49,45.0,1.3,0
256.6,2.09,12.39,5.4,35.4,52.56,58.23,0.78,0
304.29,2.09,15.07,3.19,67.77,47.3,41.06,1.18,0
213.24,2.28,8.59,2.87,75.48,48.63,28.05,1.38,0
266.59,1.94,12.19,5.21,70.41,32.19,22.25,0.75,0
232.3,2.18,11.06,0.98,60.26,63.3,43.83,2.45,0
251.29,1.59,14.38,1.57,73.47,70.5,28.96,1.41,0
307.53,2.83,8.96,2.88,59.29,61.05,40.02,1.71,0
258.6,2.45,13.08,1.22,39.16,65.47,29.35,2.48,0
252.09,1.48,10.37,1.51,48.74,66.98,33.99,1.34,0
188.81,2.0,12.56,2.33,51.93,66.38,34.31,1.4,0
283.58,2.7,12.17,1.88,54.23,72.7,37.39,2.16,0
279.05,2.17,11.37,0.75,53.87,77.86,32.6,2.72,0
347.35,2.08,13.19,1.08,50.94,83.68,42.85,2.24,0
236.15,2.46,12.11,0.74,57.63,31.11,49.97,3.08,0
259.86,2.71,11.67,3.26,73.05,67.01,36.4,1.5,0
261.22,1.64,11.11,1.04,57.57,41.85,42.61,1.78,0
320.99,2.83,12.19,2.89,62.54,81.09,30.65,1.71,0
245.71,2.02,12.56,2.18,28.67,60.99,24.33,1.47,0
262.56,2.49,9.53,1.91,56.51,64.14,44.02,1.97,0
277.36,2.48,11.13,0.63,68.04,61.76,48.8,3.3,0
258.4,2.18,9.36,2.16,69.96,63.16,20.86,1.6,0
229.91,1.89,11.9,2.69,68.74,84.71,39.09,1.2,0
258.73,2.33,10.52,3.28,58.64,78.59,44.32,1.28,0
298.31,3.48,13.93,0.74,59.97,84.07,42.89,4.0,0
203.81,1.68,13.68,1.61,46.93,57.08,34.1,1.47,0
255.98,3.52,9.69,3.88,65.14,28.13,40.48,1.71,0
218.49,2.34,11.99,3.6,46.99,71.21,49.26,1.21,0
303.78,2.52,13.6,1.82,63.17,43.25,31.4,2.05,0
181.46,1.85,11.56,0.61,55.5,54.57,55.55,2.49,0
224.85,2.04,10.18,3.41,55.18,59.07,26.12,1.09,0
266.97,2.2,9.27,1.94,67.01,60.03,48.98,1.72,0
320.45,1.87,14.14,0.88,61.73,69.66,40.54,2.19,0
247.04,2.37,14.26,1.66,58.39,46.15,34.85,2.04,0
225.02,2.26,11.48,0.62,49.03,69.4,21.58,3.01,0
334.65,3.61,13.92,3.39,74.23,57.15,51.9,1.94,0
184.84,1.8,4.59,0.4,59.0,99.03,30.66,2.73,0
151.05,2.56,15.32,4.07,63.97,36.15,39.7,1.2,0
269.8,2.65,11.61,2.38,55.97,61.91,44.71,1.82,0
227.41,1.86,12.35,0.63,46.68,69.22,63.79,2.46,0
204.04,2.91,11.2,1.54,59.26,53.83,36.44,2.61,0
281.88,2.26,15.49,1.4,47.85,51.39,40.51,2.13,0
260.97,1.0,9.35,0.94,60.25,79.87,44.14,1.15,0
224.62,2.9,15.69,2.22,25.0,72.61,41.16,2.09,0
192.39,1.83,12.99,5.26,50.19,48.02,32.39,0.7,1
289.26,1.87,13.56,1.02,54.83,37.76,54.85,2.06,0
279.26,2.91,11.18,2.07,43.55,68.83,35.39,2.2,0
245.54,2.29,8.73,1.97,59.37,64.84,44.68,1.78,0
333.1,3.05,14.33,2.2,49.93,68.56,37.83,2.21,0
201.85,3.23,12.78,0.4,54.93,58.03,33.94,4.0,0
181.35,2.11,15.4,4.27,48.38,72.88,50.48,0.96,0
218.86,2.98,11.52,8.32,66.66,84.01,42.63,0.78,1
247.95,2.05,10.95,1.93,61.55,82.96,18.16,1.61,0
260.95,3.84,15.47,3.22,58.57,47.72,42.98,2.15,0
239.14,2.08,16.78,2.62,55.74,97.49,33.73,1.35,0
265.84,3.12,12.02,0.72,85.37,69.87,24.11,3.95,1
193.68,3.01,10.12,1.82,53.11,38.6,49.57,2.45,0
314.97,2.69,14.03,1.09,46.64,66.56,32.36,2.87,0
246.3,2.1,11.36,1.69,40.92,63.44,42.62,1.79,0
300.28,2.41,13.5,2.01,65.86,58.25,49.2,1.85,0
265.42,1.21,11.35,2.12,74.57,56.95,37.58,0.89,0
270.55,2.63,15.91,1.01,44.82,70.53,42.51,2.91,0
275.64,2.71,10.25,2.13,51.58,70.59,33.19,2.0,0
270.15,2.58,13.2,1.74,50.69,51.2,51.04,2.16,0
278.92,0.72,10.78,4.04,53.51,51.96,38.18,0.34,0
309.81,1.74,11.3,3.12,33.79,51.37,45.37,1.0,0
258.84,2.05,10.97,3.55,64.68,57.38,55.05,1.07,0
281.91,2.67,13.85,3.73,69.28,73.3,21.49,1.34,0
245.96,2.67,14.3,0.86,32.15,78.04,33.15,3.17,0
314.81,2.4,13.39,3.02,76.1,56.79,38.27,1.4,0
219.56,2.88,11.73,0.83,74.41,76.48,41.28,3.47,0
331.04,1.88,12.35,4.83,25.0,66.63,46.15,0.77,0
248.19,2.87,14.24,2.98,28.92,62.0,52.21,1.69,0
185.62,2.78,14.32,0.78,53.4,88.01,32.55,3.44,0
255.76,2.73,5.27,2.18,70.79,64.94,37.98,1.99,0
219.35,2.39,11.32,0.96,58.48,57.97,51.22,2.7,0
287.83,3.6,11.44,1.33,55.26,72.54,43.38,3.49,0
220.63,2.8,13.67,2.45,61.88,41.54,22.99,1.89,0
229.92,1.92,11.83,1.19,45.3,56.71,22.17,1.96,0
164.97,2.65,13.8,1.57,70.33,63.93,35.11,2.35,0
229.65,2.95,9.3,3.79,53.76,70.79,45.52,1.46,0
140.93,2.15,12.65,1.69,35.4,63.62,45.33,1.83,0
178.72,3.15,14.25,0.87,45.45,40.66,31.07,3.72,0
284.22,2.73,8.31,0.4,59.43,46.73,46.64,4.0,0
285.36,1.09,18.28,3.13,51.52,53.53,42.52,0.62,1
269.15,2.68,14.98,3.1,50.28,63.62,29.19,1.54,0
206.49,2.26,12.0,2.19,57.44,40.55,33.99,1.64,0
247.85,2.82,9.93,7.6,59.3,81.14,20.55,0.8,1
249.84,3.07,11.56,1.52,40.24,64.69,28.09,2.77,0
197.87,2.62,12.21,4.09,69.68,64.29,21.16,1.23,0
317.65,3.5,13.1,1.09,53.43,57.4,24.53,3.73,0
289.48,2.39,15.75,3.26,60.04,38.35,56.79,1.33,0
240.06,2.87,10.81,0.75,56.17,61.36,36.0,3.59,0
251.21,2.98,13.41,3.21,50.08,71.22,22.26,1.67,0
259.38,2.44,8.77,1.58,65.94,57.7,44.19,2.16,0
158.12,2.97,10.97,2.76,55.97,76.04,42.9,1.85,0
238.88,2.14,12.94,2.26,55.88,59.07,41.93,1.53,0
219.31,2.25,13.73,3.06,25.14,70.44,31.27,1.3,0
204.93,1.71,10.12,0.4,64.84,58.34,46.23,2.59,0
237.35,2.64,10.9,1.72,52.95,65.69,29.02,2.22,0
330.9,2.7,15.65,3.92,64.06,73.02,47.94,1.3,0
278.84,3.21,14.9,4.3,74.74,43.79,48.85,1.44,0
224.3,2.97,12.52,2.67,64.88,69.71,39.36,1.89,0
275.77,2.33,6.41,4.03,55.65,75.81,25.36,1.1,0
312.97,1.79,18.28,1.66,51.56,92.86,48.02,1.54,1
291.61,2.76,11.95,1.14,85.31,61.07,34.16,2.89,1
252.68,3.17,11.22,2.06,60.8,28.51,42.74,2.39,0
220.89,2.95,10.69,2.28,57.52,33.29,46.91,2.09,0
281.42,3.15,12.94,2.56,52.8,46.69,31.9,2.07,0
267.71,2.37,12.97,1.94,44.24,79.24,61.46,1.86,0
290.28,2.22,14.38,1.97,31.59,92.95,39.56,1.73,0
278.58,2.06,9.68,3.35,73.25,53.9,33.29,1.12,0
297.23,2.47,11.22,0.94,45.65,60.8,49.99,2.81,0
225.91,2.45,17.08,2.26,52.72,21.28,55.5,1.75,0
309.28,2.62,12.56,2.68,53.73,69.77,19.33,1.67,0
258.89,2.42,11.57,1.2,72.2,62.02,26.19,2.47,0
343.39,2.42,9.65,1.55,45.8,56.25,32.24,2.16,0
218.99,2.03,13.26,5.37,58.09,45.55,61.13,0.77,0
328.12,3.06,14.58,2.18,61.15,54.71,35.21,2.23,0
258.91,2.55,14.19,9.1,38.39,39.82,55.21,0.61,1
220.69,2.4,11.35,2.06,37.26,47.09,42.2,1.81,0
228.23,2.05,12.9,3.47,46.42,40.94,25.5,1.09,0
235.58,1.7,16.18,0.5,57.92,44.75,48.81,2.43,0
269.09,3.28,14.68,0.4,56.4,42.67,43.17,4.0,0
273.53,2.83,10.04,0.83,53.57,68.66,31.38,3.4,0
224.18,1.53,5.63,3.77,62.83,42.75,33.39,0.76,0
248.9,2.96,12.74,1.58,44.72,59.22,29.5,2.61,0
346.4,3.05,14.0,0.48,52.95,43.62,33.75,4.0,0
327.74,2.57,9.28,2.03,53.64,44.21,46.58,1.96,0
269.63,3.46,11.98,3.53,45.04,43.62,30.96,1.81,0
251.71,2.63,11.34,0.92,82.62,74.66,40.84,3.03,0
255.4,1.65,12.26,3.68,29.07,57.26,43.14,0.84,0
277.61,2.72,10.64,0.62,69.89,48.79,39.45,3.63,0
203.97,2.65,15.23,3.46,64.6,44.94,23.84,1.4,0
238.42,2.14,12.37,1.13,64.7,39.84,47.49,2.24,0
174.91,2.84,9.8,4.55,56.15,49.22,28.35,1.23,0
267.97,1.5,14.29,5.16,71.0,38.45,34.25,0.58,0
279.12,3.09,8.84,2.58,49.62,53.48,35.4,2.02,0
228.26,1.97,15.21,1.2,59.71,49.38,39.68,2.01,0
320.83,1.91,14.48,9.44,55.88,48.31,40.96,0.45,1
194.84,2.43,15.47,1.06,52.21,78.57,46.86,2.63,0
184.1,2.76,11.6,5.63,56.46,56.34,36.88,1.0,0
260.1,2.6,10.76,7.02,43.61,57.27,27.83,0.79,0
297.12,2.05,12.21,2.66,47.03,79.23,50.87,1.31,0
325.78,2.2,11.79,0.75,73.96,39.62,35.99,2.74,0
229.35,1.82,10.37,2.5,89.58,52.69,38.15,1.21,0
298.54,2.37,10.62,7.74,61.24,36.76,29.99,0.66,1
248.27,3.15,11.08,1.2,65.0,61.05,31.34,3.21,0
242.23,2.5,9.07,1.85,58.02,69.11,54.42,2.02,0
289.76,3.02,13.69,0.4,60.46,23.63,26.25,4.0,0
279.35,3.37,11.87,1.85,61.53,72.9,27.73,2.72,0
179.06,2.15,11.23,3.16,67.43,64.67,35.38,1.22,0
316.44,2.39,9.22,0.85,73.44,60.55,43.18,2.84,0
312.1,3.8,9.1,5.49,44.39,41.37,30.33,1.41,0
221.85,3.37,16.84,0.55,88.93,71.58,24.22,4.0,0
267.81,1.5,10.43,1.21,56.66,85.24,27.79,1.52,0
272.23,2.73,13.53,4.81,56.66,53.89,35.84,1.13,0
261.73,2.5,12.41,1.74,50.05,55.24,29.99,2.09,0
225.24,3.0,5.06,6.3,50.09,60.34,62.23,0.99,0
219.78,2.05,16.48,0.4,62.4,54.01,59.82,3.11,0
248.85,2.0,13.71,1.48,62.65,57.33,51.66,1.83,0
302.77,2.09,10.08,2.55,61.78,75.43,43.76,1.38,0
274.46,2.16,11.93,7.55,49.54,59.01,43.78,0.61,1
233.32,2.99,9.13,2.2,25.0,64.35,53.22,2.16,0
284.73,1.79,16.57,2.98,33.45,90.5,41.31,1.06,0
121.82,2.13,9.73,1.95,55.16,81.96,31.77,1.66,0
301.69,1.43,10.69,1.8,59.03,44.3,61.23,1.17,0
171.71,3.1,10.18,1.2,49.96,86.16,45.75,3.17,0
233.69,3.26,12.2,2.72,46.69,80.65,54.53,2.05,0
199.61,2.3,15.43,1.59,58.56,82.42,58.12,2.03,0
191.74,2.32,16.47,3.11,53.71,50.62,22.28,1.33,0
302.24,2.77,11.0,2.18,49.28,63.17,31.36,2.02,0
228.95,3.38,12.95,1.46,35.61,54.13,37.97,3.12,0
265.59,2.75,12.2,5.54,44.87,61.82,45.01,1.01,0
247.89,2.08,9.55,1.1,66.19,86.28,49.17,2.21,0
271.47,1.53,18.06,1.24,43.45,62.1,39.37,1.53,0
253.46,1.83,15.41,0.4,62.96,34.2,52.93,2.77,0
192.27,2.54,12.47,1.66,71.64,54.4,46.09,2.19,0
294.83,2.11,15.95,5.25,45.51,50.18,45.97,0.81,0
227.78,2.62,15.03,5.34,49.66,86.85,37.23,0.99,0
179.95,2.17,12.2,1.35,66.85,47.8,43.16,2.08,0
230.73,1.87,12.81,2.92,69.79,53.89,43.09,1.12,0
317.53,1.79,15.78,3.4,47.26,54.41,49.63,0.96,0
288.26,3.44,9.63,0.51,35.54,83.99,26.83,4.0,0
234.31,3.03,16.18,4.42,70.06,74.41,47.02,1.34,0
234.28,3.54,11.44,0.61,62.01,68.52,23.54,4.0,0
235.53,2.82,15.81,1.44,59.81,63.49,31.47,2.63,0
343.45,2.24,11.99,0.77,65.99,63.23,46.08,2.77,0
267.19,3.29,12.84,2.54,40.78,61.14,31.62,2.18,0
269.35,2.48,11.91,0.99,59.69,90.83,40.27,2.77,0
296.36,2.63,10.67,1.2,51.58,40.99,30.79,2.69,0
260.75,2.47,11.32,3.84,62.23,18.52,45.99,1.21,0
238.34,0.73,15.45,1.33,64.59,66.65,40.47,0.71,0
241.16,3.46,6.21,1.97,66.72,81.04,39.75,2.68,0
246.78,2.79,8.9,0.6,62.18,62.78,51.0,3.77,0
248.32,2.7,10.19,0.42,58.01,30.3,44.17,4.0,0
282.74,2.46,9.3,2.28,58.41,71.19,44.94,1.75,0
252.34,2.6,15.77,1.28,59.4,44.03,51.09,2.57,0
282.97,2.14,15.14,6.16,47.51,40.75,52.12,0.72,0
246.37,2.87,13.48,8.07,50.55,45.33,30.5,0.77,1
253.54,1.72,10.41,0.66,59.83,35.87,47.37,2.25,0
160.08,2.61,15.34,0.44,62.81,63.05,44.33,3.86,0
291.23,2.84,8.03,6.25,47.19,50.28,53.12,0.95,0
265.59,2.38,17.35,2.78,42.08,40.04,27.13,1.48,0
294.91,2.72,10.29,2.23,34.9,95.7,33.09,1.95,0
119.67,1.91,11.34,0.5,39.86,52.03,38.03,2.72,0
343.98,1.92,10.93,7.66,48.53,60.78,54.03,0.54,1
243.72,2.64,9.32,0.96,49.64,83.31,37.13,2.99,0
299.87,2.91,16.81,3.49,51.61,70.16,39.59,1.53,0
203.2,1.38,13.97,3.36,40.54,88.63,33.16,0.75,0
277.57,2.81,15.04,0.4,33.25,49.56,47.84,4.0,0
202.6,2.17,8.94,1.12,56.52,75.71,46.76,2.29,0
221.93,2.38,12.45,0.54,56.52,67.36,34.56,3.33,0
336.13,1.7,13.3,0.4,62.46,74.93,29.55,2.57,0
241.42,1.99,12.68,1.65,64.78,72.67,47.72,1.71,0
259.78,3.08,9.1,0.62,59.71,48.42,45.09,4.0,0
289.15,2.52,14.69,0.96,56.38,102.35,33.36,2.85,0
272.31,2.27,12.3,0.48,65.51,26.09,46.94,3.28,0
256.77,2.43,9.61,1.49,72.09,47.04,46.39,2.22,0
266.42,2.79,7.36,6.13,46.88,70.22,52.3,0.95,0
358.15,2.76,13.52,2.5,64.24,64.36,48.47,1.84,0
247.41,2.45,18.13,1.25,47.51,62.01,36.61,2.45,1
259.05,3.16,9.46,1.86,57.63,70.73,32.38,2.54,0
297.28,3.08,12.43,2.36,67.83,47.36,60.15,2.13,0
299.75,2.75,14.78,2.39,51.72,72.6,34.86,1.89,0
303.42,2.53,8.83,1.54,43.58,58.06,21.66,2.27,0
278.74,2.89,10.8,1.06,49.49,81.01,27.92,3.13,0
198.56,2.69,9.85,3.47,43.56,55.43,19.73,1.42,0
323.5,3.14,14.46,0.7,42.11,67.02,52.21,4.0,0
198.41,3.04,15.31,3.51,69.48,69.56,58.21,1.6,0
263.62,1.89,12.4,1.36,61.39,73.58,42.5,1.81,0
216.06,1.85,9.9,4.45,46.37,60.56,23.96,0.81,0
247.11,2.08,10.89,0.8,43.19,55.7,52.02,2.53,0
264.79,3.09,10.42,0.79,44.02,48.37,44.66,3.78,0
264.46,1.55,9.56,2.03,46.36,67.29,52.31,1.18,0
268.99,2.74,11.74,0.95,68.83,31.54,45.9,3.11,0
322.62,2.72,13.44,6.3,53.68,64.63,26.15,0.9,0
270.41,3.2,13.23,1.09,80.58,65.75,46.61,3.41,0
239.01,2.61,11.98,0.87,54.52,88.11,24.45,3.07,0
293.38,1.69,12.14,2.7,48.09,50.09,32.28,1.07,0
303.53,1.92,11.8,0.4,66.13,62.82,50.33,2.92,0
194.76,1.79,8.76,6.57,34.96,62.39,49.84,0.57,0
276.88,2.18,12.4,3.08,57.26,43.41,30.56,1.26,0
281.55,2.39,10.54,2.37,40.45,59.92,28.6,1.65,0
236.61,1.8,8.63,1.0,28.81,39.88,40.26,2.0,0
311.91,3.38,12.93,1.74,53.59,74.44,60.03,2.83,0
243.25,1.7,10.47,1.12,65.02,68.86,45.61,1.8,0
255.65,3.31,12.57,1.32,57.57,66.47,63.53,3.22,0
242.21,3.21,14.12,3.73,56.12,50.45,38.35,1.61,0
250.7,3.04,9.62,2.56,25.0,81.28,48.83,1.99,0
200.67,2.08,12.23,1.44,53.14,43.73,36.84,1.94,0
185.2,2.71,7.47,0.4,53.26,60.75,32.0,4.0,0
321.75,1.73,15.83,8.36,62.46,42.46,30.48,0.45,1
211.89,3.05,8.6,3.75,42.3,57.25,43.54,1.52,0
205.39,2.46,10.71,1.09,64.96,79.07,52.95,2.62,0
153.1,2.25,15.35,2.23,48.89,67.09,36.73,1.62,0
221.25,1.77,11.41,0.88,51.41,46.18,54.21,2.08,0
190.46,1.01,9.01,1.06,61.34,52.17,58.31,1.1,0
323.89,1.88,13.78,0.99,40.73,54.31,48.68,2.1,0
295.44,3.17,13.73,2.11,64.89,47.49,43.27,2.36,0
219.03,2.26,10.42,1.0,38.74,64.09,33.3,2.51,0
351.36,2.4,10.69,2.04,62.86,92.76,53.03,1.82,0
294.18,2.89,10.91,4.85,52.17,51.61,28.59,1.19,0
235.38,3.58,11.48,0.67,53.15,88.95,46.07,4.0,0
137.53,3.3,7.27,0.67,25.0,59.95,27.11,4.0,0
353.09,1.92,11.55,5.6,47.91,64.83,29.43,0.7,0
187.47,1.33,16.46,3.14,52.48,63.91,39.39,0.76,1
175.96,3.92,9.76,1.94,73.58,34.55,47.04,3.07,0
296.02,3.86,10.54,0.47,54.57,66.82,50.05,4.0,0
359.79,2.61,9.04,0.4,47.16,23.52,40.04,3.96,0
312.29,1.74,13.53,0.86,65.0,63.14,35.82,2.06,0
275.38,3.08,15.01,2.15,48.94,62.44,32.1,2.26,0
276.76,2.44,14.95,3.96,67.39,36.98,47.0,1.17,0
288.4,2.43,8.88,2.1,58.14,60.97,46.61,1.81,0
284.15,3.04,13.25,2.21,44.21,55.61,41.78,2.2,0
262.65,2.7,15.58,4.33,66.25,57.69,43.02,1.21,0
254.69,1.79,13.27,2.68,62.21,57.85,56.02,1.14,0
247.18,2.31,13.2,1.22,65.75,51.16,50.17,2.33,0
216.07,2.9,10.82,1.84,52.81,61.14,25.85,2.35,0
237.37,2.81,12.55,4.04,62.21,72.98,48.88,1.33,0
173.82,2.66,15.09,2.36,78.05,56.42,53.81,1.84,0
245.57,3.06,12.82,5.93,57.06,59.25,31.8,1.07,0
205.51,2.28,8.88,1.02,50.22,69.74,49.48,2.51,0
200.34,2.61,10.86,0.73,73.53,94.04,70.06,3.29,0
258.1,0.5,15.02,2.5,63.01,57.11,44.82,0.33,0
312.64,2.23,12.81,2.07,49.59,34.47,37.64,1.68,0
291.32,2.96,12.3,0.66,75.82,46.55,38.99,3.86,0
179.33,2.27,10.61,1.14,40.56,69.04,41.31,2.37,0
205.47,2.22,14.97,4.88,61.35,82.69,24.23,0.91,0
292.33,1.88,16.16,2.77,68.76,45.81,23.77,1.17,0
205.79,3.1,15.16,1.21,67.86,59.35,42.7,3.16,0
239.89,2.83,15.61,0.83,44.2,60.29,39.51,3.39,0
274.75,3.0,11.1,1.44,40.11,48.47,46.63,2.79,0
206.42,1.46,10.75,3.89,57.75,83.03,37.18,0.71,0
254.74,2.4,11.61,2.01,63.46,77.46,40.83,1.84,0
189.97,2.33,12.1,1.81,42.06,65.16,49.51,1.91,0
222.94,2.33,15.58,4.03,58.62,53.7,17.24,1.1,0
264.39,2.13,14.91,0.7,37.51,74.34,30.84,2.74,0
178.32,2.29,13.35,0.98,67.73,67.71,34.76,2.57,0
269.82,3.01,8.42,2.14,48.14,53.44,38.41,2.22,0
249.12,1.35,7.78,1.81,53.03,74.57,25.83,1.11,0
274.86,3.57,12.6,1.51,65.37,65.54,30.91,3.23,0
260.08,2.79,14.2,4.17,64.25,35.09,46.99,1.29,0
311.39,2.47,11.8,0.4,60.69,45.12,44.65,3.75,0
255.64,3.04,16.79,0.76,67.35,40.06,15.0,3.79,0
230.68,1.63,9.29,2.96,59.91,75.47,37.75,0.97,0
255.5,2.1,8.98,1.33,72.37,49.47,38.58,2.04,0
274.45,2.43,10.34,7.74,34.47,69.41,30.87,0.67,1
252.2,3.32,10.24,4.31,54.29,92.58,38.58,1.49,0
251.83,2.47,13.32,1.33,53.78,71.91,43.93,2.39,0
218.41,2.77,10.95,2.9,52.37,53.72,47.15,1.67,0
220.17,2.15,8.13,2.79,60.97,48.84,41.01,1.33,0
186.88,2.79,14.23,5.2,57.57,55.4,46.47,1.08,0
328.73,3.51,7.6,1.55,64.9,44.58,40.11,3.13,0
194.03,3.1,9.32,1.18,40.79,42.83,17.15,3.18,0
218.82,2.45,7.94,2.65,82.51,47.93,38.66,1.57,0
217.67,2.91,12.52,1.57,50.31,67.98,27.71,2.58,0
290.27,2.85,12.47,3.15,58.44,52.19,41.13,1.62,0
236.73,2.8,16.79,4.8,52.53,56.62,37.8,1.16,0
306.15,3.17,14.28,0.86,55.97,67.04,37.71,3.76,0
219.69,3.16,15.6,1.09,48.58,70.91,31.62,3.38,0
262.55,2.42,12.72,4.5,57.47,31.06,36.01,1.05,0
212.41,2.89,9.56,1.93,61.96,34.15,43.07,2.27,0
346.53,2.27,12.32,1.98,26.18,54.21,30.87,1.76,0
196.56,1.95,13.48,3.99,51.06,43.28,33.79,0.93,0
263.94,2.34,13.76,1.76,50.6,72.82,22.47,1.94,0
278.52,2.45,10.82,3.49,82.85,53.04,42.79,1.29,0
268.62,1.5,13.22,0.92,65.32,86.96,27.24,1.73,0
241.66,3.02,9.67,1.38,73.0,52.68,40.28,2.87,0
244.16,0.84,9.39,5.38,61.7,64.63,47.06,0.32,0
251.97,4.13,9.21,1.95,55.99,49.99,52.71,3.22,0
243.38,3.4,12.06,0.88,59.37,67.31,36.79,4.0,0
293.37,2.34,9.06,0.85,68.48,67.64,46.25,2.79,0
349.47,2.51,10.94,1.81,76.0,73.32,39.93,2.05,0
224.91,2.68,14.26,3.59,58.62,57.99,21.28,1.39,0
188.36,2.15,9.43,0.4,47.52,79.06,25.14,3.25,0
246.03,2.62,10.74,1.24,66.09,64.49,48.47,2.62,0
366.09,2.41,12.18,2.8,44.76,50.35,51.58,1.49,0
213.83,2.44,12.62,2.3,59.68,50.46,18.81,1.72,0
323.76,2.61,10.75,2.61,63.18,70.93,43.34,1.69,0
325.5,1.71,13.97,1.01,53.7,78.96,42.69,1.89,0
225.09,2.52,13.48,2.11,44.14,43.17,31.97,1.88,0
275.6,2.6,14.85,4.1,49.55,71.26,32.08,1.21,0
323.28,2.58,11.8,1.35,51.2,37.7,29.44,2.48,0
232.94,2.37,10.72,2.03,42.36,50.74,20.79,1.81,0
240.84,3.18,10.29,2.76,50.37,67.35,29.46,1.98,0
223.82,2.29,12.77,1.04,37.58,47.29,46.96,2.49,0
204.34,2.64,11.06,0.6,62.09,81.99,36.49,3.57,0
220.78,3.28,10.58,1.24,59.0,69.13,47.34,3.3,0
194.92,2.45,10.88,2.87,58.19,42.28,19.99,1.49,0
251.53,2.63,10.29,1.07,50.37,69.83,44.4,2.84,0
215.35,2.44,12.5,0.72,51.98,40.19,47.78,3.1,0
260.52,3.24,8.47,3.22,45.05,60.06,15.0,1.81,0
179.98,2.35,12.76,0.85,61.06,73.16,34.73,2.79,0
264.89,3.27,13.69,7.46,38.71,70.64,43.44,0.94,1
287.51,2.44,10.55,3.98,56.01,58.7,53.03,1.16,0
160.28,1.98,16.81,5.4,47.4,54.84,26.21,0.75,0
266.83,2.91,12.04,2.17,76.09,42.63,53.87,2.12,0
305.25,2.32,8.1,1.03,61.32,62.74,44.39,2.54,0
195.57,2.87,11.3,4.19,54.99,72.07,29.97,1.32,0
325.27,0.86,12.16,0.66,41.73,90.97,49.93,1.13,0
268.86,2.5,13.12,0.4,38.64,53.16,63.03,3.79,0
218.27,2.22,11.36,2.61,60.95,72.7,36.65,1.44,0
247.49,1.86,9.47,0.53,76.59,71.47,35.82,2.61,0
275.12,2.17,9.26,1.8,59.91,52.85,30.48,1.78,0
253.42,2.16,10.37,1.71,57.1,70.81,58.38,1.82,0
274.24,2.47,10.61,3.49,57.28,47.75,32.7,1.3,0
208.57,1.68,9.16,0.62,56.24,63.86,30.31,2.25,0
257.62,2.69,10.17,0.45,57.44,56.83,33.76,3.96,0
186.38,3.32,13.65,1.61,46.78,66.65,33.88,2.91,0
244.99,2.67,16.12,0.4,43.32,67.85,34.22,4.0,0
209.32,2.99,13.89,2.47,56.31,52.07,32.11,2.01,0
216.9,3.16,15.26,2.3,72.92,59.85,32.84,2.22,0
305.62,3.24,14.44,2.33,64.32,58.07,41.43,2.26,0
299.11,3.62,14.08,1.58,40.2,43.66,53.5,3.2,0
277.41,2.2,11.16,6.39,51.94,54.45,30.08,0.72,0
200.85,2.07,12.35,2.67,63.75,51.31,26.97,1.32,0
235.76,2.97,10.95,3.22,73.2,43.09,43.26,1.66,0
304.59,2.92,11.45,1.15,76.5,47.94,45.33,3.04,0
256.38,2.97,12.17,1.63,52.47,56.13,55.41,2.58,0
354.37,3.63,13.78,0.89,64.89,60.83,54.09,4.0,0
267.7,2.51,13.06,2.12,57.99,41.34,24.15,1.86,0
258.64,2.76,11.6,0.91,53.56,78.0,20.02,3.19,0
236.09,1.91,12.14,3.29,55.75,69.2,45.65,1.05,0
256.01,3.78,13.08,1.87,55.9,58.72,45.39,3.03,0
243.14,2.3,13.67,0.4,69.1,41.72,54.82,3.48,0
281.86,2.32,8.2,0.83,38.15,56.81,43.93,2.78,0
293.05,2.29,9.31,5.05,60.62,55.9,34.37,0.91,0
214.63,2.11,14.77,5.29,73.47,43.79,50.39,0.81,0
190.09,2.06,11.85,2.93,72.18,42.57,29.55,1.23,0
167.37,2.19,10.94,1.62,61.83,71.5,60.07,1.9,0
272.86,1.68,11.34,4.59,45.92,55.14,42.72,0.72,0
200.35,2.03,11.34,1.72,64.32,73.28,32.63,1.71,0
153.12,3.67,13.39,4.43,70.9,59.8,31.13,1.62,0
267.49,2.94,9.23,2.1,48.82,71.28,41.95,2.19,0
362.18,3.06,12.06,1.5,59.29,70.77,39.2,2.78,0
249.73,3.21,12.62,3.28,52.54,67.0,38.63,1.77,0
287.73,3.6,12.99,0.73,47.63,77.74,26.9,4.0,0
253.68,1.44,12.56,0.91,51.22,61.5,38.38,1.66,0
245.55,1.76,13.29,0.49,56.54,37.58,48.27,2.53,0
291.36,2.02,10.57,2.69,43.98,39.97,32.45,1.28,0
236.94,2.22,9.65,1.81,42.01,50.21,42.56,1.81,0
262.03,2.32,18.14,10.68,44.32,71.13,51.19,0.49,1
264.48,2.23,11.25,2.77,58.93,54.0,46.3,1.39,0
219.94,2.63,11.54,1.46,37.41,63.08,27.9,2.43,0
294.64,2.52,13.69,1.7,28.4,68.04,43.21,2.13,0
242.13,2.07,15.99,2.3,71.47,62.47,54.65,1.46,0
215.99,1.19,10.64,1.16,42.84,25.63,44.97,1.24,0
274.14,1.9,9.5,0.4,52.67,42.2,51.8,2.89,0
209.57,2.17,8.89,0.49,66.07,86.49,49.8,3.11,0
251.27,2.35,15.98,1.29,37.74,64.89,28.62,2.31,0
249.59,1.82,9.4,0.4,37.73,19.5,57.8,2.76,0
298.87,2.21,11.93,1.91,47.41,61.05,52.54,1.74,0
271.36,1.82,9.56,3.95,66.54,87.04,37.17,0.88,0
248.87,2.42,8.38,0.92,54.74,64.11,52.96,2.8,0
286.8,1.86,11.27,1.33,54.9,60.67,38.72,1.8,0
312.56,1.99,9.66,1.69,51.45,32.57,39.11,1.69,0
275.1,1.71,10.27,1.48,61.75,55.94,31.06,1.57,0
250.47,2.41,17.02,1.93,72.18,35.35,29.65,1.89,0
190.97,1.98,13.06,0.4,90.81,41.66,41.49,3.0,0
202.07,3.04,14.33,4.24,53.22,38.23,37.47,1.39,0
236.26,2.74,14.06,1.58,73.31,86.09,25.13,2.42,0
222.57,2.46,11.75,0.83,66.99,70.92,43.5,2.95,0
241.59,2.02,10.9,2.39,58.2,81.01,45.11,1.39,0
252.55,2.73,12.62,3.8,28.48,40.15,42.99,1.35,0
273.84,2.91,12.42,0.71,50.47,62.86,42.9,3.72,0
246.83,2.59,10.58,2.47,50.94,44.88,44.08,1.74,0
271.89,3.46,12.32,4.74,59.31,46.48,41.67,1.45,0
252.9,2.78,10.23,4.76,52.63,67.04,43.49,1.15,0
161.1,3.05,11.57,3.34,48.24,62.68,45.06,1.66,0
207.73,2.58,11.16,1.18,79.36,64.29,34.15,2.66,0
243.52,2.91,8.83,0.74,70.7,41.16,27.34,3.65,0
195.56,2.02,6.12,0.91,30.73,61.91,43.19,2.34,0
277.0,2.22,9.65,4.69,51.63,65.22,41.51,0.94,0
318.88,2.71,16.51,2.92,62.57,49.87,44.53,1.62,0
304.84,2.71,11.23,3.42,70.97,55.92,51.38,1.45,0
240.4,2.8,13.94,1.82,49.96,35.32,39.65,2.28,0
317.08,3.16,6.69,0.4,52.42,27.66,38.67,4.0,0
256.69,1.65,9.48,2.44,56.14,90.12,44.68,1.11,0
234.83,1.92,8.61,0.83,62.94,63.07,29.8,2.3,0
222.4,2.64,11.49,4.03,36.57,54.62,40.42,1.25,0
236.39,2.07,18.05,0.92,30.82,71.97,38.98,2.38,0
232.53,4.53,13.15,2.24,70.05,46.95,48.77,3.25,0
257.67,2.81,16.24,2.99,43.12,61.65,35.41,1.66,0
257.23,2.45,11.36,10.87,80.47,76.59,40.91,0.51,1
250.14,2.19,15.41,1.77,44.64,43.47,38.44,1.81,0
269.66,2.21,17.18,1.83,52.78,52.62,15.13,1.79,0
303.58,2.52,11.73,4.05,59.42,39.29,34.72,1.19,0
292.73,2.57,10.65,1.6,29.42,72.53,39.92,2.25,0
183.18,2.23,8.71,1.34,89.37,63.08,31.09,2.15,1
135.07,2.34,11.23,1.06,50.26,77.58,38.78,2.53,0
292.04,3.31,12.2,2.01,44.94,72.64,53.39,2.53,0
188.49,3.33,17.08,1.21,41.0,56.08,49.63,3.39,0
239.89,2.65,8.76,4.94,59.34,66.16,21.34,1.07,0
197.34,1.7,12.15,3.33,58.49,66.32,47.6,0.93,0
168.91,2.82,7.46,2.15,41.41,71.0,45.62,2.08,0
274.37,3.43,10.93,1.99,38.54,82.0,39.07,2.65,0
284.16,3.32,12.78,1.0,67.66,43.64,16.55,3.69,0
224.06,2.94,13.28,1.81,47.13,31.86,47.83,2.4,0
133.4,3.35,13.47,1.67,34.35,44.23,35.71,2.88,0
225.42,2.53,12.99,6.53,53.22,67.09,42.11,0.81,0
267.63,2.88,13.45,1.59,50.18,66.21,30.32,2.54,0
183.45,2.09,12.11,2.76,78.4,51.47,32.58,1.3,0
258.25,2.68,9.38,2.88,48.73,55.92,49.36,1.62,0
249.31,3.3,7.37,0.81,51.3,47.49,56.23,4.0,0
276.07,2.15,10.63,1.56,57.63,58.39,35.73,1.91,0
255.38,1.98,11.66,3.27,48.15,49.59,55.13,1.1,0
206.21,2.56,15.13,0.72,60.29,84.55,35.71,3.25,0
303.85,2.36,11.75,7.6,42.8,79.84,35.59,0.67,1
242.87,2.89,11.51,2.11,52.13,70.86,25.82,2.15,0
248.77,2.23,12.96,1.19,59.88,60.47,44.97,2.28,0
208.0,3.53,11.32,0.59,68.65,77.09,38.05,4.0,0
230.05,1.73,14.03,5.58,47.97,61.48,38.61,0.63,0
210.18,3.25,16.95,1.64,47.82,62.42,36.2,2.81,0
242.22,2.04,17.48,2.72,73.49,34.08,30.08,1.28,0
327.03,1.42,12.24,0.68,48.38,63.91,46.26,1.85,0
188.26,2.64,12.84,1.05,54.32,40.63,39.39,2.87,0
177.39,2.35,15.95,3.88,75.55,53.96,48.08,1.14,0
316.2,1.83,11.63,5.48,55.81,62.53,30.56,0.68,0
240.58,1.49,13.7,0.88,52.03,46.52,42.39,1.75,0
219.89,2.49,9.16,2.67,52.92,67.18,61.37,1.59,0
296.8,3.09,11.22,2.63,46.11,75.78,32.89,1.99,0
222.75,2.85,14.89,3.88,60.41,46.74,35.15,1.39,0
332.17,2.53,10.2,2.83,43.91,61.76,35.04,1.55,0
280.51,2.79,11.68,3.2,64.34,41.3,29.57,1.57,0
228.04,2.48,8.06,0.4,55.18,42.5,56.58,3.76,0
347.08,1.64,17.01,2.57,57.83,64.65,16.96,1.07,0
222.74,1.65,15.16,0.57,75.76,70.7,27.77,2.27,0
283.39,2.38,12.47,2.41,37.61,37.36,44.68,1.63,0
263.47,2.4,13.27,4.28,55.29,90.73,32.7,1.09,0
308.58,3.01,12.99,2.27,62.66,52.55,39.7,2.14,0
320.27,2.95,15.46,3.26,47.61,63.11,39.71,1.64,0
251.44,2.86,10.7,3.76,66.41,51.99,44.97,1.43,0
216.1,2.33,13.83,3.52,48.46,55.73,40.82,1.22,0
270.7,1.67,14.69,2.4,58.5,82.78,36.11,1.15,0
219.5,2.75,15.04,2.55,53.52,82.58,41.29,1.81,0
340.6,2.82,6.35,4.16,56.94,35.24,38.22,1.3,0
256.14,1.07,10.5,8.49,55.89,51.55,56.94,0.3,1
233.56,2.0,9.45,0.98,54.62,104.26,34.24,2.25,0
258.31,2.09,12.37,1.32,49.32,53.5,45.55,2.03,0
189.38,2.57,6.96,3.56,47.02,66.34,49.14,1.34,0
206.28,2.02,6.89,6.73,58.79,77.05,26.79,0.63,0
304.02,2.48,17.43,0.47,55.63,72.8,28.87,3.61,0
220.44,2.37,13.54,0.57,46.69,17.74,59.31,3.26,0
202.89,2.4,12.3,2.05,59.12,65.01,33.23,1.82,0
274.15,2.07,12.91,3.72,49.45,86.24,40.12,1.04,0
303.36,2.12,12.37,2.06,73.67,60.44,38.26,1.6,0
282.35,1.85,14.49,2.27,84.87,44.38,39.62,1.31,0
294.82,2.73,10.42,0.89,71.67,44.67,36.28,3.18,0
215.94,2.84,12.47,1.93,71.0,57.01,41.21,2.24,0
186.02,2.04,12.57,1.18,64.77,70.13,31.87,2.1,0
317.56,3.41,9.38,2.49,52.48,103.34,37.76,2.28,0
235.48,2.31,15.19,1.65,32.21,55.65,20.29,1.99,0
238.71,3.42,10.89,0.97,42.7,68.43,38.84,3.85,0
309.77,2.11,14.54,5.68,46.88,36.83,43.35,0.76,0
275.03,1.28,12.29,3.25,69.49,34.73,49.59,0.71,0
270.51,2.74,16.08,2.52,58.07,52.55,51.48,1.82,0
347.43,2.65,9.4,1.05,47.09,66.68,36.23,2.89,0
221.04,2.52,9.29,3.23,32.86,58.71,48.41,1.41,0
291.75,2.11,9.74,0.82,82.82,60.8,28.49,2.56,0
252.57,2.48,12.33,1.01,61.4,55.88,34.83,2.75,0
262.09,2.19,15.85,1.92,65.9,59.58,56.21,1.73,0
318.78,2.32,15.98,2.18,48.57,55.59,41.82,1.69,0
272.85,3.0,6.23,1.34,53.34,39.76,42.33,2.9,0
274.22,2.61,12.62,0.45,50.87,37.63,38.22,3.83,0
298.26,2.87,4.0,1.54,55.77,80.39,58.69,2.57,0
233.58,2.36,13.99,5.24,77.15,47.65,45.31,0.91,0
212.24,2.29,14.8,0.4,40.55,56.39,54.85,3.48,0
202.98,1.81,11.9,2.88,54.5,77.85,34.08,1.09,0
161.51,2.28,12.21,1.69,59.33,55.96,30.28,1.94,0
342.53,0.51,12.18,0.59,53.6,73.16,32.35,0.69,0
200.36,2.15,10.04,4.75,66.94,46.68,46.29,0.89,0
240.04,2.45,13.08,1.13,34.17,83.33,56.47,2.57,0
237.54,2.84,11.42,5.95,77.61,63.41,47.5,0.99,0
263.83,2.34,14.33,2.28,38.55,59.6,48.77,1.66,0
286.71,2.71,11.72,2.49,41.44,57.53,41.73,1.81,0
288.72,1.19,9.85,1.61,49.61,71.48,27.27,1.04,0
223.76,2.47,8.16,4.05,47.23,63.54,60.23,1.16,0
242.48,1.49,7.34,1.76,60.09,12.04,46.64,1.24,0
262.72,1.78,15.28,4.21,58.7,53.28,45.23,0.81,0
238.81,2.39,10.86,2.53,56.36,64.83,48.74,1.58,0
322.33,3.27,12.85,1.58,37.99,45.48,22.86,2.88,0
272.09,2.72,16.46,0.4,53.33,52.44,34.99,4.0,0
283.07,2.51,10.59,5.02,55.24,54.18,46.22,1.0,0
279.83,2.49,10.43,2.2,69.79,83.92,38.55,1.8,0
302.81,2.07,11.67,1.21,57.39,68.97,39.23,2.11,0
258.15,2.17,12.07,3.31,59.59,64.94,52.81,1.19,0
191.64,2.76,16.72,2.52,78.55,42.51,41.17,1.83,0
267.99,1.67,15.91,2.53,41.08,49.73,63.78,1.1,0
220.69,2.86,13.55,9.97,50.34,72.75,39.59,0.64,1
226.21,2.27,15.62,1.02,41.37,69.9,48.05,2.49,0
276.39,3.0,11.55,3.41,74.28,38.69,44.84,1.61,0
305.72,3.08,12.75,4.95,75.1,80.99,34.26,1.24,0
250.96,1.5,11.25,1.65,73.34,47.09,29.69,1.29,0
263.9,2.15,8.77,0.98,61.57,65.37,40.37,2.41,0
326.6,1.99,15.01,1.62,59.57,101.0,59.21,1.73,0
260.83,1.41,13.33,2.49,49.5,53.72,36.06,0.94,0
367.08,1.88,12.05,4.43,64.23,62.51,45.19,0.83,0
275.45,3.96,11.99,1.09,39.62,51.62,37.43,4.0,0
170.77,2.87,8.23,1.63,39.58,62.63,42.22,2.49,0
283.9,3.65,9.56,3.38,49.96,81.38,51.42,1.97,0
267.15,3.0,12.84,3.81,77.64,57.08,41.15,1.48,0
308.04,2.05,10.68,4.09,48.84,55.59,33.85,0.96,0
280.29,2.27,11.46,0.5,50.46,76.55,56.06,3.24,0
243.77,2.85,11.74,7.48,58.45,41.05,33.95,0.82,1
194.91,2.76,10.29,1.36,65.78,61.25,46.77,2.64,0
240.59,2.15,9.58,7.33,70.02,49.08,25.09,0.63,1
211.73,1.59,7.97,8.18,41.56,56.43,52.85,0.42,1
223.88,4.47,11.63,0.41,53.84,46.69,66.05,4.0,0
276.49,2.42,13.55,3.31,57.69,38.57,39.73,1.32,0
325.15,2.3,7.89,1.51,58.9,26.87,29.74,2.09,0
267.76,2.57,11.94,2.06,65.39,53.21,47.68,1.94,0
196.19,2.35,12.7,3.83,64.84,63.42,40.91,1.16,0
270.01,2.57,9.53,0.8,55.31,72.2,61.41,3.15,0
303.85,3.27,15.56,1.44,68.83,39.97,34.01,3.04,0
222.56,2.43,11.04,3.22,66.63,62.28,26.63,1.36,0
243.97,1.8,11.75,2.63,65.66,68.39,43.04,1.16,0
250.66,2.4,11.6,3.8,48.65,65.4,45.83,1.19,0
214.68,2.22,7.57,1.39,63.55,63.87,32.31,2.1,0
279.17,3.35,14.52,0.74,69.44,27.57,49.6,4.0,0
244.56,3.2,9.61,8.02,48.83,58.21,40.56,0.86,1
268.88,2.56,11.41,1.02,56.58,58.77,37.29,2.82,0
210.06,1.73,13.49,0.87,73.78,68.18,45.45,2.05,0
230.31,1.76,15.65,1.1,59.76,80.81,37.12,1.88,0
282.51,2.51,9.3,2.32,53.95,56.11,32.65,1.75,0
233.22,2.7,10.88,2.47,72.54,54.83,23.86,1.82,0
327.71,2.28,15.46,0.52,49.35,61.96,33.83,3.21,0
232.02,2.21,13.16,0.93,34.65,60.33,64.95,2.53,0
260.11,2.14,13.68,4.13,45.65,66.49,40.36,1.0,0
291.97,2.49,9.37,1.55,68.63,67.94,29.83,2.22,0
186.17,1.07,11.05,2.56,61.25,57.36,52.67,0.7,0
170.76,1.84,11.58,0.99,55.82,67.49,39.53,2.05,0
181.35,2.12,9.86,3.0,67.73,56.72,42.92,1.25,0
306.82,3.22,7.81,0.95,57.0,38.24,42.74,3.67,0
225.17,2.01,10.72,0.68,52.33,42.66,54.85,2.6,0
365.12,2.61,15.39,0.4,65.02,24.98,26.71,3.95,0
224.61,2.64,12.15,1.98,50.42,84.94,54.59,2.04,0
258.3,3.28,15.44,3.1,60.88,79.28,47.45,1.88,0
319.39,3.26,12.45,3.16,45.46,75.52,40.77,1.85,0
340.27,2.47,10.09,2.26,42.35,56.75,31.46,1.75,0
342.77,2.21,15.19,4.08,44.61,74.65,37.53,1.04,0
304.38,2.1,12.53,0.58,54.69,73.47,40.42,2.88,0
296.08,2.36,14.4,0.62,47.22,38.19,58.09,3.16,0
276.66,2.24,9.33,0.87,47.56,48.21,54.35,2.65,0
285.03,2.83,14.6,1.46,53.16,68.06,36.12,2.61,0
225.2,2.75,14.67,1.92,54.13,52.66,60.09,2.17,0
213.18,2.86,12.72,4.34,36.39,49.39,49.51,1.28,0
249.85,3.26,9.98,1.56,25.0,72.35,44.71,2.9,0
242.34,3.62,11.88,3.31,59.8,47.58,37.19,1.98,0
229.6,2.57,13.53,2.89,56.67,97.22,34.23,1.56,0
281.34,3.16,12.59,4.33,38.56,83.91,45.43,1.42,0
292.99,2.29,13.5,2.74,60.24,56.8,43.84,1.44,0
253.98,3.21,14.53,4.53,60.21,78.74,36.09,1.39,0
316.49,3.14,10.38,0.4,51.37,62.8,51.14,4.0,0
198.62,3.11,9.11,1.59,78.51,53.76,41.63,2.73,0
241.29,2.56,11.91,0.4,70.23,89.67,44.18,3.87,0
217.74,2.1,11.18,0.86,50.21,65.86,50.73,2.48,0
166.01,1.66,13.96,0.81,50.43,46.58,48.27,2.02,0
246.28,2.48,9.31,4.52,37.51,66.9,23.8,1.07,0
244.52,3.42,14.55,1.68,69.7,85.16,47.62,2.92,0
318.11,2.31,15.38,7.46,57.96,60.04,40.28,0.66,1
278.39,2.97,12.0,1.56,64.88,63.14,35.53,2.65,0
203.91,3.01,12.15,0.4,29.39,55.5,40.52,4.0,0
333.43,2.33,10.08,1.45,64.33,65.28,36.94,2.16,0
304.95,3.29,10.64,2.77,48.88,45.33,41.27,2.05,0
276.19,0.75,10.98,2.41,62.01,48.07,39.79,0.52,0
239.81,1.77,15.61,1.99,61.25,54.86,46.88,1.36,0
206.83,1.95,11.82,2.54,54.75,62.52,24.68,1.29,0
233.25,2.01,8.69,3.79,46.63,76.69,41.84,1.0,0
298.99,2.7,12.64,0.4,59.79,57.79,39.71,4.0,0
334.81,2.67,14.07,2.18,44.97,72.41,62.52,1.95,0
319.45,2.74,11.94,0.8,67.61,53.4,20.43,3.33,0
228.0,2.86,15.67,3.06,46.34,68.83,49.22,1.66,0
199.62,1.93,13.94,0.91,55.27,77.98,44.33,2.23,0
256.34,1.77,9.38,0.93,46.05,58.27,47.66,2.03,0
170.42,2.74,10.62,0.56,56.9,65.27,35.53,3.78,0
264.54,2.12,12.57,2.06,42.62,51.2,43.19,1.6,0
243.36,1.56,7.83,0.4,45.29,68.8,41.45,2.36,0
229.03,3.08,12.84,0.55,82.53,17.98,75.36,4.0,0
178.24,3.34,7.6,2.1,65.13,35.61,36.91,2.49,0
273.11,3.43,14.56,1.61,59.43,68.59,32.15,3.01,0
226.03,2.61,14.27,1.59,61.17,35.46,60.01,2.3,0
197.35,2.88,13.26,0.4,58.67,52.67,43.44,4.0,0
120.75,3.32,10.31,2.1,53.93,81.05,45.14,2.48,0
248.76,2.12,12.43,2.24,64.08,72.96,51.27,1.51,0
329.75,3.17,10.72,4.03,45.08,95.92,40.77,1.5,0
324.76,2.67,9.42,2.85,74.15,61.13,35.81,1.62,0
229.43,3.05,11.15,0.77,56.44,58.76,41.32,3.77,0
222.9,2.61,13.75,0.76,64.62,60.15,31.59,3.25,0
271.09,3.28,12.11,4.26,73.88,46.13,25.48,1.49,0
205.07,2.63,15.63,3.8,60.89,56.8,31.57,1.3,0
263.58,1.61,13.91,1.79,45.27,41.09,16.38,1.32,0
284.47,3.37,13.65,3.13,69.63,77.6,36.36,1.92,0
305.21,1.93,7.98,3.51,75.35,71.08,35.0,1.01,0
245.49,3.25,11.29,0.45,31.64,42.59,46.04,4.0,0
240.83,2.45,9.34,0.65,53.78,50.02,41.29,3.22,0
210.49,3.21,11.54,1.37,58.5,65.86,38.61,3.06,0
212.79,3.18,10.27,4.31,51.83,64.07,51.78,1.43,0
239.81,2.76,11.06,6.0,40.05,44.26,35.83,0.95,1
266.53,2.81,14.65,2.22,44.4,60.99,28.9,2.02,0
291.11,2.75,13.19,0.72,32.81,68.57,15.0,3.49,0
213.86,1.29,14.52,0.84,66.46,69.0,40.25,1.55,0
317.17,2.57,8.0,1.45,71.48,85.27,39.47,2.38,0
237.8,1.83,12.14,1.43,71.32,63.75,52.69,1.71,0
249.04,2.6,14.42,0.81,54.65,41.39,31.32,3.16,0
216.38,1.81,15.77,1.58,58.26,44.03,47.5,1.6,0
140.91,1.79,8.13,0.4,67.84,78.84,15.17,2.71,0
289.78,3.46,11.12,1.66,52.21,84.16,27.01,2.98,0
283.16,3.14,14.59,0.99,43.61,59.48,43.84,3.51,0
237.34,2.5,11.52,0.95,48.15,65.74,46.89,2.84,0
253.01,2.61,9.72,2.68,57.11,61.4,23.41,1.66,0
273.22,2.35,8.13,2.78,46.44,55.53,32.05,1.46,0
179.69,2.84,9.63,1.35,60.68,37.63,40.45,2.73,0
226.19,2.09,7.78,0.64,38.74,67.16,39.05,2.78,0
285.74,3.1,12.15,2.09,52.09,86.73,45.48,2.32,0
193.56,2.35,14.24,1.32,59.87,62.55,49.13,2.29,0
263.21,2.25,8.85,3.28,56.59,55.47,27.22,1.24,0
188.95,2.51,12.64,2.65,46.18,53.52,44.44,1.61,0
270.99,2.15,14.11,2.96,63.82,67.45,32.8,1.27,0
248.4,2.7,11.99,0.4,58.15,77.27,43.36,4.0,0
177.32,2.18,7.97,5.4,29.93,67.99,35.33,0.82,0
302.41,2.78,12.97,2.15,60.46,31.95,50.77,2.04,0
216.94,3.23,11.86,0.4,49.93,86.14,45.87,4.0,0
213.54,2.07,11.61,1.5,48.7,72.5,30.11,1.88,0
259.03,2.42,10.63,1.83,45.04,57.3,23.21,1.96,0
301.69,2.78,12.22,4.52,42.96,52.05,51.89,1.2,0
204.29,2.24,13.27,2.81,57.48,53.3,32.94,1.38,0
252.78,2.78,17.98,2.37,61.55,72.94,33.98,1.92,0
269.3,2.83,12.28,1.87,56.84,30.37,47.42,2.27,0
281.19,3.15,15.78,1.61,66.39,67.71,29.77,2.75,0
257.94,2.14,12.89,0.42,61.98,64.21,41.99,3.19,0
233.48,1.93,11.75,2.21,30.92,64.0,40.18,1.4,0
212.76,2.32,12.37,0.81,44.0,42.56,39.18,2.81,0
253.88,1.92,8.95,1.06,69.26,34.44,51.95,2.08,0
201.75,2.84,12.76,2.9,39.77,93.67,44.66,1.71,0
118.54,1.8,7.02,1.0,25.0,61.99,49.79,2.0,0
269.65,3.9,9.84,0.4,76.98,89.04,37.5,4.0,0
290.68,3.28,12.27,1.53,58.56,73.55,32.76,2.95,0
143.67,2.51,14.98,0.4,46.8,61.69,50.39,3.8,0
204.56,3.02,15.58,1.98,44.82,63.48,34.29,2.34,0
277.86,1.52,11.41,3.1,62.55,76.21,41.24,0.87,0
342.59,4.01,12.39,1.63,60.74,77.89,44.24,3.49,0
250.94,2.15,14.46,0.4,58.93,67.14,32.3,3.25,0
217.24,2.43,8.68,3.38,52.74,76.39,32.34,1.31,0
241.77,1.39,13.01,4.74,39.63,77.11,37.28,0.58,0
311.87,2.79,9.93,1.5,54.57,64.94,47.44,2.54,0
220.93,1.84,11.57,1.06,67.78,50.94,43.46,1.99,0
214.04,2.56,10.85,0.42,48.5,67.46,26.47,3.83,0
228.28,2.17,13.09,2.03,62.21,48.78,59.53,1.66,0
207.1,1.85,13.38,4.17,50.14,54.29,43.8,0.86,0
255.52,2.02,14.23,0.44,64.61,65.96,35.76,2.98,0
323.11,2.64,12.87,0.4,43.24,58.81,38.47,3.99,0
264.54,1.73,12.43,1.54,55.16,79.73,37.58,1.55,0
238.64,2.05,16.64,0.45,60.48,50.09,36.28,3.02,0
236.87,2.9,8.19,1.82,46.89,28.08,51.66,2.36,0
179.66,4.06,16.24,2.28,59.35,79.65,63.76,2.88,0
289.74,2.79,11.28,2.37,54.65,60.71,34.87,1.92,0
246.5,1.95,13.43,2.85,54.47,61.43,35.42,1.19,0
241.88,2.28,11.19,5.38,46.87,48.17,39.1,0.86,0
393.69,2.52,10.24,3.36,66.97,31.75,26.23,1.37,0
263.44,2.29,13.21,3.54,43.66,47.72,45.28,1.19,0
216.17,3.04,14.61,0.56,58.36,68.55,41.87,4.0,0
230.81,2.63,13.18,1.96,44.81,56.98,41.5,2.05,0
301.68,3.04,10.64,4.36,54.21,55.01,21.47,1.36,0
255.1,2.31,21.03,1.16,62.71,34.51,17.38,2.4,0
185.28,3.3,15.0,3.26,51.53,87.17,36.32,1.83,0
291.37,2.4,14.33,6.32,25.0,59.11,46.62,0.79,0
219.93,1.92,11.12,0.8,38.86,95.13,22.22,2.34,0
334.3,3.81,10.44,0.44,29.1,65.5,48.95,4.0,0
298.6,1.41,11.3,2.42,55.81,83.27,36.97,0.96,0
229.87,2.06,14.7,1.72,54.94,49.23,31.71,1.73,0
307.65,2.12,9.52,5.06,50.79,37.28,40.83,0.84,0
253.05,4.0,9.33,0.66,47.48,57.2,27.02,4.0,0
288.37,3.58,13.35,4.23,57.65,68.4,15.0,1.64,0
271.81,3.4,12.8,1.66,37.63,70.03,52.06,2.91,0
211.91,2.3,10.07,1.01,66.47,65.92,39.51,2.55,0
221.04,3.96,9.27,1.97,55.9,94.38,32.79,3.08,0
296.35,2.72,15.59,1.37,43.66,65.88,34.22,2.6,0
234.94,3.09,12.89,1.86,49.98,55.35,32.25,2.48,0
231.84,2.61,8.59,4.09,53.42,56.5,36.47,1.22,0
207.02,2.47,8.77,6.7,38.43,47.92,38.88,0.78,0
269.06,2.35,11.1,1.76,63.05,64.4,46.88,1.95,0
342.81,2.37,13.83,2.56,66.59,76.22,33.04,1.56,0
201.96,2.87,13.49,3.68,56.41,81.13,29.43,1.45,0
251.09,2.72,14.83,2.53,66.29,55.55,34.64,1.8,0
313.55,2.48,8.27,1.07,86.8,59.21,64.64,2.67,1
246.42,3.41,12.56,2.27,32.46,50.38,41.57,2.42,0
270.36,0.72,15.56,1.72,55.62,74.52,44.0,0.61,0
202.19,2.81,15.33,0.4,38.88,41.48,37.45,4.0,0
269.27,2.93,12.9,0.4,73.73,49.17,57.33,4.0,0
241.58,3.19,17.87,2.27,57.96,10.0,48.6,2.26,0
294.36,2.46,13.52,0.9,46.62,42.31,29.59,2.87,0
303.43,2.62,14.61,3.74,51.88,51.13,41.58,1.32,0
366.53,3.09,12.11,1.03,71.04,52.34,36.13,3.38,0
276.08,3.39,10.05,1.2,60.43,40.58,44.11,3.47,0
264.66,2.32,9.81,3.13,61.95,43.05,49.97,1.32,0
258.75,2.66,12.45,1.45,72.86,78.92,27.77,2.46,0
234.11,3.51,11.47,0.86,66.45,48.3,43.59,4.0,0
265.23,1.23,7.58,2.73,68.49,32.86,31.93,0.77,0
236.71,2.09,9.44,8.4,53.48,44.36,54.16,0.54,1
257.58,3.38,11.2,1.01,27.95,44.56,49.66,3.74,0
309.29,3.16,13.82,3.42,56.24,58.94,20.1,1.69,0
204.71,2.81,11.96,3.01,47.03,65.39,28.73,1.65,0
301.29,2.23,11.82,7.33,64.46,39.7,26.56,0.65,1
309.27,1.97,9.53,4.35,33.76,64.5,39.38,0.88,0
244.69,2.15,12.06,1.86,64.94,81.0,43.01,1.73,0
154.52,3.43,15.3,2.68,57.26,75.24,47.91,2.18,0
222.65,2.12,12.39,0.4,59.25,68.69,37.54,3.22,0
308.36,2.56,8.23,5.05,62.43,66.12,37.18,1.02,0
248.97,2.05,8.87,0.56,54.66,55.25,42.84,2.83,0
205.03,3.01,13.47,2.66,51.0,81.28,71.5,1.92,0
227.29,2.18,11.44,2.65,68.62,66.44,24.85,1.4,0
287.83,2.44,11.81,3.0,62.12,47.93,21.21,1.44,0
274.6,1.49,10.47,0.83,63.27,57.74,34.64,1.79,0
239.25,1.53,13.26,1.85,54.01,49.86,32.81,1.24,0
233.49,2.5,11.25,3.23,56.31,57.92,32.62,1.4,0
232.37,1.7,11.53,3.01,54.84,78.23,39.88,1.0,0
208.49,3.76,9.87,7.01,34.07,57.36,28.3,1.14,0
322.69,1.26,14.3,4.83,38.43,48.08,34.05,0.52,0
235.5,2.02,11.45,1.69,53.52,75.61,37.05,1.72,0
304.77,2.51,13.52,1.65,32.47,79.15,37.29,2.17,0
318.46,2.28,9.02,0.97,53.68,48.22,38.59,2.57,0
294.92,1.84,16.33,3.05,44.27,82.2,38.5,1.07,0
230.58,1.93,15.19,0.4,54.09,74.44,31.93,2.92,0
268.17,1.91,7.23,0.42,57.04,51.72,37.45,2.85,0
248.91,2.33,10.0,2.84,32.7,78.28,39.95,1.42,0
209.33,3.67,13.19,4.0,58.9,41.52,49.6,1.75,0
264.6,2.55,8.7,1.1,49.61,52.77,25.19,2.71,0
196.94,3.21,11.67,3.26,27.13,43.58,40.24,1.78,0
303.45,2.8,13.07,5.43,49.47,45.35,41.65,1.05,0
229.09,3.17,11.54,3.81,59.56,72.77,41.84,1.57,0
259.05,0.82,13.35,2.55,50.13,59.78,42.31,0.54,0
262.75,2.32,10.27,2.79,49.4,43.33,26.87,1.43,0
238.35,3.28,6.39,3.15,56.85,51.16,41.61,1.87,0
276.4,2.16,14.46,2.15,49.25,50.03,41.06,1.59,0
228.63,3.56,14.44,1.4,51.79,63.76,45.48,3.36,0
289.21,3.39,18.26,2.23,39.08,94.1,38.34,2.43,0
189.43,2.22,6.48,1.33,48.78,63.09,34.6,2.15,0
255.69,2.2,13.88,3.88,77.61,64.08,50.01,1.07,0
337.25,1.89,7.08,2.16,57.14,83.12,27.82,1.39,0
204.99,2.12,16.39,0.99,58.23,51.86,26.26,2.36,0
219.5,1.76,13.22,1.68,47.29,79.99,27.59,1.5,0
273.13,2.76,9.62,1.04,50.26,53.63,43.46,3.0,0
258.08,1.63,13.95,5.56,52.26,54.6,32.77,0.6,0
265.78,2.86,10.62,3.73,65.49,55.05,38.89,1.44,0
272.01,2.88,12.75,1.48,69.39,58.39,53.85,2.64,0
278.56,1.5,12.51,1.27,49.55,57.38,28.23,1.49,0
299.94,3.43,16.36,1.46,54.72,65.37,22.98,3.17,0
268.44,2.81,16.54,0.57,52.18,53.64,48.3,3.86,0
239.14,2.95,10.51,2.26,64.15,61.51,31.66,2.1,0
280.27,2.04,14.65,0.68,60.62,35.83,28.28,2.64,0
335.49,2.87,12.89,1.96,53.92,71.74,38.92,2.24,0
244.03,3.18,8.47,3.7,67.12,76.98,38.09,1.6,0
206.15,2.44,10.26,5.28,61.22,63.32,31.32,0.93,0
299.82,3.7,17.84,1.33,45.75,71.22,45.62,3.59,0
244.58,2.53,12.89,1.25,55.1,47.44,32.21,2.53,0
152.23,3.18,14.5,0.51,52.88,82.76,31.75,4.0,0
288.13,2.68,11.47,3.13,43.15,62.85,21.34,1.53,0
225.91,2.85,10.65,2.0,52.3,35.92,15.45,2.19,0
245.93,1.5,12.07,1.07,68.67,78.23,42.36,1.61,0
264.94,2.72,11.33,1.19,68.14,70.77,26.79,2.79,0
258.57,2.06,8.27,4.21,65.96,88.07,38.47,0.94,0
281.93,1.99,9.49,0.4,64.35,84.96,59.28,3.02,0
230.4,3.55,13.77,4.77,57.5,80.13,44.65,1.47,0
273.09,2.37,11.05,0.96,47.78,67.11,40.28,2.69,0
238.32,1.9,12.06,3.43,61.77,70.7,44.24,1.01,0
283.25,2.28,12.59,0.73,35.24,43.82,61.57,2.89,0
277.69,1.72,12.78,2.64,46.94,55.84,21.14,1.11,0
207.91,3.36,14.87,1.72,68.26,104.76,38.64,2.83,0
298.87,2.08,9.25,4.7,49.09,34.08,54.75,0.87,0
225.88,2.82,13.43,1.66,62.68,64.65,43.08,2.42,0
286.36,3.31,13.89,5.05,50.64,59.41,52.05,1.32,0
266.53,2.2,14.46,1.45,61.6,72.8,33.74,2.04,0
332.72,2.82,8.47,3.29,36.52,62.98,27.5,1.55,0
239.94,1.88,12.64,3.79,70.26,78.22,59.11,0.93,0
234.28,3.97,16.29,1.62,41.61,60.23,40.75,3.46,0
249.13,3.06,11.75,2.04,38.66,71.61,48.26,2.33,0
236.36,2.38,13.21,0.55,69.62,65.49,48.88,3.32,0
286.0,2.04,13.95,2.47,54.97,55.63,52.8,1.37,0
177.27,2.43,9.44,3.44,51.33,53.49,42.94,1.3,0
202.58,2.3,16.58,5.39,73.81,79.17,43.38,0.86,0
201.95,3.67,13.25,3.64,63.77,69.37,44.97,1.88,0
292.76,1.76,13.3,2.29,49.61,74.94,33.58,1.25,0
326.98,2.58,7.84,1.56,53.39,78.82,50.5,2.3,0
245.3,2.49,13.99,1.9,67.89,52.23,34.29,1.98,0
242.4,2.43,13.27,1.66,43.44,55.94,51.06,2.09,0
253.15,2.43,16.06,3.95,72.32,54.89,47.95,1.17,0
302.28,2.43,11.22,4.77,49.68,75.47,17.94,1.01,0
208.27,3.02,9.53,1.64,44.54,61.36,48.07,2.62,0
260.73,2.87,10.29,2.91,68.04,62.75,42.34,1.72,0
293.88,2.75,10.74,1.81,63.82,44.18,53.34,2.25,0
272.55,0.68,9.2,0.42,33.68,72.36,57.33,1.02,0
258.53,2.68,15.23,0.67,53.72,72.86,41.11,3.49,0
295.05,1.51,15.32,1.02,41.74,68.42,43.57,1.66,0
128.35,2.89,11.51,1.81,64.58,62.44,27.17,2.36,0
280.5,3.38,11.02,2.36,75.64,75.65,38.32,2.35,0
220.57,1.94,7.46,5.45,61.45,59.26,56.56,0.73,0
167.62,2.34,13.74,2.09,45.88,81.29,40.0,1.75,0
273.0,2.14,16.13,2.16,65.68,70.72,49.27,1.57,0
311.81,3.24,10.41,3.43,54.4,41.07,39.78,1.73,0
243.81,2.56,11.71,0.73,54.11,58.0,38.83,3.24,0
292.88,3.54,13.09,2.38,49.18,64.87,45.75,2.43,0
322.55,2.75,16.31,3.21,56.26,49.55,15.0,1.54,0
309.17,2.65,12.5,1.46,54.15,76.19,43.72,2.44,0
323.8,2.54,12.49,1.94,26.15,30.36,17.51,1.99,0
283.4,2.99,12.45,1.6,55.31,72.06,39.17,2.62,0
253.39,1.46,8.44,1.46,53.35,70.36,31.65,1.34,0
177.91,2.55,8.38,2.25,59.16,30.19,28.45,1.82,0
238.93,2.46,9.98,3.97,30.92,61.55,54.78,1.18,0
212.05,2.94,14.53,2.8,61.14,53.48,51.2,1.81,0
347.69,2.39,11.16,4.57,55.34,81.26,36.44,1.02,0
242.09,1.88,10.68,1.45,60.94,47.44,63.78,1.74,0
255.54,2.5,10.63,2.96,35.45,71.99,49.94,1.49,0
274.82,1.85,11.66,2.48,40.18,74.97,38.42,1.24,0
251.96,1.34,16.26,3.93,32.5,54.11,21.12,0.65,0
326.28,2.94,11.62,3.08,56.76,79.47,39.01,1.7,0
221.98,2.85,10.03,4.43,50.86,53.77,33.68,1.25,0
258.76,2.78,12.06,1.21,53.27,79.99,35.38,2.82,0
216.59,3.28,16.39,5.54,38.29,99.07,44.14,1.21,0
190.6,2.1,10.74,1.45,40.48,73.95,33.72,1.95,0
222.47,1.64,9.05,1.32,25.05,69.18,53.21,1.6,0
248.33,2.46,10.75,2.87,38.85,52.9,34.7,1.49,0
230.68,2.29,12.32,0.4,47.2,87.86,29.78,3.47,0
218.84,1.99,13.72,1.94,47.82,73.32,46.5,1.56,0
186.72,2.45,14.52,1.1,54.19,53.09,39.72,2.61,0
246.26,2.13,9.39,0.85,64.14,82.49,48.55,2.54,0
182.29,1.4,9.62,1.08,46.73,61.65,41.71,1.5,0
284.2,2.24,11.19,1.41,60.87,70.15,26.11,2.1,0
253.71,1.82,13.71,1.08,64.34,53.84,43.04,1.95,0
184.41,2.64,8.85,0.8,68.8,45.92,30.92,3.23,0
236.09,2.11,10.48,1.44,60.88,46.7,41.46,1.96,0
216.15,3.17,10.52,0.62,55.88,54.28,34.02,4.0,0
264.36,3.46,14.35,2.93,42.04,67.7,37.95,2.07,0
310.32,2.91,13.32,1.33,58.27,55.53,40.43,2.82,0
165.62,1.57,14.26,0.84,50.48,48.13,47.34,1.88,0
255.18,3.4,15.35,3.26,71.52,45.73,34.49,1.89,0
242.79,3.45,11.24,2.94,56.1,79.0,15.0,2.05,0
280.21,2.51,9.03,0.98,53.08,58.16,30.43,2.81,0
259.59,3.29,9.05,6.55,71.99,30.64,41.34,1.06,0
216.16,2.17,7.4,5.96,49.21,59.88,51.82,0.75,0
235.64,1.38,10.85,3.39,54.96,53.77,43.0,0.74,0
214.18,2.04,11.04,4.47,79.11,63.07,49.96,0.89,0
298.42,3.54,13.97,0.79,58.19,51.49,41.58,4.0,0
250.96,1.61,12.04,2.73,68.5,79.3,42.18,1.01,0
335.55,2.5,10.77,1.86,73.05,57.7,37.58,2.01,0
247.27,2.52,11.71,2.78,48.38,56.84,50.49,1.57,0
218.12,2.19,9.4,3.11,65.91,55.26,56.46,1.26,0
181.88,2.23,14.56,3.15,51.01,67.11,30.35,1.27,0
168.86,2.54,10.04,1.05,79.48,65.92,42.25,2.76,0
178.71,2.16,9.15,8.57,72.32,54.14,28.08,0.55,1
262.02,1.65,14.04,2.09,63.92,60.36,56.71,1.23,0
272.89,2.63,13.44,0.73,67.54,56.2,41.71,3.32,0
178.85,3.14,7.69,3.72,46.65,72.75,39.8,1.58,0
290.28,3.02,14.14,1.14,75.61,40.67,28.61,3.17,0
228.26,2.01,10.15,2.08,44.15,54.89,37.75,1.51,0
256.61,1.75,11.06,1.59,59.88,57.07,39.24,1.54,0
322.55,2.33,12.47,2.8,46.43,80.92,29.26,1.44,0
290.36,3.44,13.47,4.42,65.32,77.63,41.51,1.52,0
237.92,2.89,13.11,2.4,75.94,65.88,31.41,1.98,0
209.9,2.92,11.88,1.39,60.42,45.08,44.35,2.77,0
153.17,3.03,10.94,6.1,58.78,60.86,30.14,1.03,0
217.64,2.75,13.03,4.98,53.64,88.19,41.57,1.11,0
240.5,2.57,11.7,8.69,56.21,57.77,38.06,0.65,1
205.58,2.9,16.51,1.3,50.97,61.93,43.01,2.84,0
244.09,2.17,13.47,0.79,74.6,62.8,41.66,2.66,0
253.46,1.65,9.69,0.47,64.53,47.25,40.95,2.4,0
239.88,2.93,10.81,1.61,50.83,47.87,32.6,2.56,0
220.75,3.24,12.12,2.54,55.72,47.85,45.54,2.14,0
257.59,1.83,15.25,1.07,89.99,55.53,42.87,1.97,0
269.89,2.99,15.53,0.77,58.27,66.63,46.37,3.7,0
200.93,3.51,11.01,2.82,72.44,62.55,39.75,2.15,0
313.49,2.5,9.67,4.32,48.08,67.61,38.2,1.12,0
245.56,2.01,9.35,0.4,60.68,92.41,29.85,3.04,0
250.85,2.57,12.63,0.4,47.51,98.92,33.39,3.9,0
281.87,2.17,17.76,2.03,48.58,61.41,35.27,1.65,0
260.49,2.13,13.35,3.17,64.52,73.85,49.61,1.21,0
292.89,2.76,8.02,0.88,44.25,69.89,27.55,3.24,0
262.92,1.54,10.18,0.54,40.7,76.15,26.61,2.15,0
222.44,1.63,10.44,4.05,63.22,75.63,39.29,0.77,0
266.27,2.51,9.94,2.01,49.14,52.08,32.34,1.93,0
198.53,2.49,11.03,0.97,51.64,89.72,36.18,2.81,0
254.89,2.71,12.92,6.36,33.39,82.97,35.6,0.89,0
248.5,3.63,13.7,3.31,39.77,74.5,33.69,1.99,0
240.63,2.56,14.73,1.84,57.65,70.28,32.37,2.07,0
244.22,2.86,13.31,3.83,52.2,65.98,30.68,1.41,0
165.32,1.91,7.11,0.46,65.91,63.08,36.31,2.81,0
225.31,2.96,9.36,1.44,44.2,71.81,25.38,2.76,0
254.18,2.18,11.6,1.19,53.01,63.81,46.06,2.23,0
257.19,2.54,12.37,1.61,55.56,65.67,31.16,2.22,0
203.75,2.43,14.15,5.0,52.55,60.35,44.53,0.97,0
306.96,3.12,12.11,5.65,62.17,58.0,33.41,1.13,0
211.02,1.71,12.13,2.38,41.97,88.74,50.37,1.18,0
293.63,1.13,12.59,1.25,61.15,63.16,40.4,1.13,0
269.22,2.37,11.36,0.7,68.67,55.73,29.23,3.04,0
220.92,2.78,12.22,5.2,45.12,64.36,64.98,1.08,0
329.89,2.59,14.81,2.92,59.81,43.76,35.82,1.55,0
196.29,3.24,11.79,1.08,59.29,76.0,34.43,3.47,0
291.36,2.76,11.92,1.18,62.07,62.07,35.12,2.85,0
295.03,2.16,11.92,2.31,55.02,56.97,43.98,1.52,0
219.82,1.1,15.24,0.44,72.02,55.44,25.47,1.64,0
312.66,2.36,9.23,1.73,80.32,38.21,41.36,1.97,0
238.75,3.12,16.44,1.03,62.5,89.27,23.15,3.41,0
262.99,2.26,9.06,3.91,58.77,64.87,39.26,1.1,0
261.71,2.52,10.36,2.24,55.17,89.06,51.27,1.8,0
243.96,2.75,13.86,1.29,39.24,58.12,34.45,2.71,0
286.49,1.89,14.58,0.93,37.87,68.84,48.88,2.17,0
285.71,2.87,8.49,6.15,41.15,73.04,23.31,0.97,0
171.32,3.48,9.27,5.39,58.19,69.36,33.78,1.31,0
308.7,2.4,12.69,0.4,52.69,55.24,27.76,3.63,0
175.19,1.82,17.86,5.69,73.33,35.45,59.08,0.66,0
296.46,2.46,15.12,0.84,25.0,95.86,35.92,2.94,0
300.7,1.17,11.38,2.6,55.49,51.04,33.5,0.76,0
200.91,2.7,5.95,2.32,60.2,100.06,37.42,1.89,0
231.51,2.77,12.2,0.71,65.77,52.95,40.07,3.54,0
200.24,3.51,12.91,3.5,56.72,82.68,36.29,1.85,0
240.33,2.38,11.04,0.96,59.38,70.77,28.09,2.7,0
236.14,2.75,9.87,2.31,57.11,71.46,53.49,1.93,0
285.08,1.98,12.4,7.38,60.28,52.57,50.88,0.57,1
308.96,2.29,9.64,1.65,54.77,55.9,43.33,1.97,0
312.81,1.58,16.68,1.91,80.39,56.11,42.8,1.25,0
224.7,2.38,15.79,1.84,61.93,64.12,42.15,1.93,0
240.59,2.32,13.64,1.09,57.37,58.73,35.43,2.47,0
174.25,2.68,12.22,0.4,46.14,53.9,34.35,4.0,0
213.74,2.13,10.35,1.66,50.89,47.77,55.94,1.82,0
293.42,2.55,11.95,0.53,73.12,49.25,46.25,3.58,0
322.7,2.3,16.1,3.19,25.18,68.01,26.7,1.29,0
194.45,2.3,14.17,1.68,55.68,49.47,35.48,1.97,0
223.34,2.55,12.51,5.41,54.7,43.51,44.88,0.96,0
248.81,2.52,14.31,1.41,61.0,62.12,43.68,2.37,0
262.61,2.96,13.36,1.95,58.18,27.27,45.28,2.31,0
213.57,2.43,12.99,2.02,73.19,59.9,25.14,1.85,0
269.08,2.29,14.45,4.17,56.18,61.18,43.2,1.06,0
228.68,2.39,13.29,1.89,54.23,68.44,51.15,1.91,0
249.35,2.07,14.15,1.48,66.42,65.12,24.95,1.9,0
274.58,2.28,12.4,1.28,73.39,40.83,57.4,2.26,0
250.29,3.72,11.36,1.15,63.24,57.21,43.3,3.87,0
230.36,1.95,10.63,0.59,67.14,69.79,41.1,2.65,0
245.07,2.33,10.33,1.38,52.39,66.27,30.48,2.21,0
246.02,2.27,7.99,1.62,56.5,48.27,33.63,1.98,0
233.35,2.35,9.72,4.18,72.83,66.24,36.22,1.08,0
238.35,2.3,9.65,4.06,61.32,73.72,25.74,1.08,0
321.94,2.67,10.73,1.31,52.1,45.36,36.85,2.61,0
275.24,1.47,15.91,0.54,55.39,30.6,31.08,2.06,0
236.7,3.12,11.61,0.9,67.45,86.61,46.83,3.62,0
281.36,2.88,12.6,2.37,68.51,64.73,15.0,1.99,0
234.98,1.75,12.68,1.03,44.89,53.14,37.53,1.92,0
302.79,1.14,15.97,2.05,59.35,52.63,30.32,0.86,0
266.63,1.91,10.56,0.4,54.91,62.2,40.03,2.9,0
245.17,2.35,11.44,4.58,54.21,75.62,63.54,1.01,0
270.15,4.05,11.73,1.82,70.96,37.35,56.74,3.29,0
179.31,2.83,14.84,1.59,52.15,53.99,35.05,2.49,0
199.3,1.42,15.36,3.2,48.09,84.81,38.15,0.79,0
196.27,2.09,13.19,1.43,45.22,72.37,31.62,1.95,0
256.43,2.47,15.08,0.4,52.91,71.09,38.49,3.74,0
327.96,2.65,12.44,1.71,46.18,66.12,47.36,2.24,0
350.41,1.71,11.57,1.84,44.62,64.66,26.86,1.39,0
278.71,2.42,14.95,2.22,44.32,52.98,55.67,1.74,0
272.54,2.07,13.22,6.45,45.03,51.63,49.14,0.67,0
168.95,1.84,10.16,2.88,45.87,72.09,48.71,1.11,0
225.58,2.66,14.49,2.07,59.79,51.91,43.82,2.0,0
214.55,2.96,11.48,3.38,31.48,64.26,30.96,1.6,0
222.06,3.0,11.17,0.4,46.58,62.28,50.12,4.0,0
242.43,2.84,14.23,4.37,53.8,92.88,36.8,1.27,0
228.76,2.2,11.78,3.18,68.78,57.59,23.11,1.24,0
160.93,2.93,12.97,4.59,52.05,77.53,40.8,1.25,0
283.66,2.69,13.65,1.45,53.16,70.61,28.41,2.49,0
201.73,2.58,10.04,2.56,53.94,58.24,33.95,1.69,0
260.77,2.13,12.96,1.5,33.12,41.34,47.07,1.94,0
343.33,2.2,15.37,6.16,62.91,59.21,38.8,0.74,0
208.63,2.54,9.61,1.58,62.41,73.49,39.63,2.25,0
136.14,3.96,13.12,0.79,64.77,41.63,51.68,4.0,0
237.13,2.68,9.93,0.93,85.07,72.54,17.44,3.08,0
299.54,2.13,14.55,2.25,39.42,80.14,51.25,1.52,0
338.13,2.0,14.53,3.1,37.14,61.44,41.47,1.15,0
194.67,2.2,11.11,0.94,63.47,73.71,39.31,2.52,0
272.35,3.81,17.52,2.95,50.95,62.1,39.62,2.27,0
229.06,2.26,14.77,4.35,43.17,68.57,46.4,1.01,0
245.23,3.04,13.77,3.97,51.61,82.4,50.26,1.46,0
369.0,2.27,13.63,2.92,47.58,36.69,37.64,1.36,0
182.37,2.66,14.46,3.16,75.7,48.52,38.66,1.51,0
261.42,2.98,9.51,2.71,82.14,78.76,46.09,1.88,0
271.05,2.16,12.49,0.41,35.37,81.53,19.02,3.25,0
298.86,2.12,12.96,3.56,37.28,38.88,39.01,1.1,0
254.41,3.5,11.0,1.4,45.89,83.43,44.98,3.3,0
263.86,3.09,13.16,4.19,46.73,21.42,35.07,1.42,0
232.38,2.97,15.08,1.15,45.7,69.38,32.01,3.1,0
262.11,2.97,10.95,1.53,52.67,63.28,38.48,2.67,0
234.56,2.78,11.86,2.4,49.64,49.0,34.15,1.9,0
277.97,3.71,9.95,7.62,38.76,49.93,37.54,1.05,0
233.37,2.53,7.53,2.49,42.68,50.48,35.28,1.69,0
266.97,2.85,13.95,2.49,73.56,56.94,55.62,1.9,0
248.68,1.63,11.94,0.82,50.71,89.79,28.6,1.97,0
300.67,2.01,12.12,0.65,50.1,72.35,48.35,2.64,0
247.69,1.78,9.53,1.35,36.75,81.52,34.13,1.71,0
170.21,3.26,11.54,3.09,49.44,55.17,43.26,1.88,0
306.79,0.97,14.74,2.49,66.53,63.45,46.47,0.65,0
209.24,2.26,12.0,1.97,62.15,43.93,55.3,1.76,0
220.58,0.7,12.07,1.45,64.73,55.82,43.93,0.65,0
223.2,2.0,12.52,3.56,40.56,51.71,36.04,1.04,0
311.85,2.21,8.91,5.34,40.36,67.33,40.66,0.84,0
153.89,3.33,13.56,3.39,68.6,49.4,59.18,1.79,0
391.2,2.74,8.86,4.64,64.92,47.45,41.63,1.16,0
297.52,2.0,9.65,1.83,51.9,65.95,26.92,1.62,0
260.05,3.14,9.38,3.11,65.24,59.2,36.17,1.8,0
247.53,2.51,11.56,6.58,40.56,49.49,35.91,0.8,0
262.85,2.52,11.12,4.62,40.07,47.3,47.3,1.07,0
273.45,1.78,12.0,5.9,35.59,49.49,27.78,0.62,0
279.03,1.91,9.74,4.7,59.34,72.22,34.92,0.8,0
275.0,2.0,14.51,5.5,57.6,66.26,42.14,0.74,0
254.03,2.53,14.09,1.41,48.73,48.67,37.2,2.37,0
241.12,2.55,11.57,1.13,45.64,49.27,40.91,2.67,0
243.19,3.43,10.8,1.77,83.97,42.79,41.48,2.84,0
241.23,2.73,10.55,1.54,51.89,54.1,42.14,2.44,0
301.02,0.88,11.22,1.27,71.66,61.84,30.73,0.87,0
276.71,2.66,8.5,5.52,53.24,46.82,47.98,0.98,0
117.68,1.63,9.6,0.68,48.99,92.81,34.65,2.11,0
279.52,1.92,14.15,4.65,72.0,69.36,39.88,0.81,0
258.76,2.01,12.75,3.28,64.48,59.52,27.88,1.11,0
249.16,2.1,16.09,0.4,54.71,61.28,40.4,3.18,0
232.52,1.67,11.25,1.47,68.6,39.13,41.9,1.54,0
300.59,2.62,11.1,1.32,85.24,42.01,40.36,2.55,1
292.64,1.65,10.98,1.05,46.21,79.84,32.2,1.8,0
215.22,2.71,11.2,1.03,60.66,84.53,51.28,2.97,0
268.32,3.84,10.35,1.17,50.09,26.77,45.83,3.97,0
206.28,1.7,12.68,1.08,43.79,67.06,38.61,1.82,0
187.92,2.33,12.07,1.47,43.45,80.72,38.52,2.14,0
221.8,0.99,10.73,1.16,74.11,54.87,32.62,1.02,0
288.81,2.32,15.13,1.3,33.1,82.79,33.77,2.28,0
292.89,2.89,16.74,7.25,61.09,71.51,54.57,0.85,1
273.09,2.93,14.92,3.05,45.1,66.76,36.42,1.71,0
282.63,2.55,13.4,5.06,76.27,56.33,67.64,1.01,0
273.23,3.03,13.9,0.7,51.72,61.38,28.4,3.89,0
221.13,4.03,16.64,1.25,50.63,53.29,43.69,4.0,0
269.44,3.53,13.9,0.98,73.83,64.45,42.26,3.95,0
286.02,2.19,10.54,7.71,65.52,63.79,40.36,0.61,1
283.94,1.63,12.98,3.87,61.65,53.49,24.08,0.8,0
303.5,2.26,13.57,1.85,64.67,30.79,26.29,1.82,0
281.87,1.93,9.51,4.29,42.0,57.08,41.96,0.87,0
265.82,2.77,11.29,1.8,63.9,44.73,29.76,2.27,0
298.16,1.79,14.75,1.84,52.61,43.19,52.09,1.45,0
248.81,2.46,7.44,1.14,59.33,49.65,37.76,2.57,0
210.32,3.0,8.87,1.64,60.81,72.4,42.55,2.59,0
242.66,2.44,11.56,1.96,41.67,43.33,39.6,1.9,0
216.48,1.93,12.88,0.94,62.13,46.69,39.32,2.21,0
219.62,3.2,8.61,4.74,52.76,70.6,55.21,1.34,0
243.5,1.37,11.68,4.5,40.12,48.52,50.84,0.6,0
214.34,2.3,14.88,1.27,53.24,43.09,41.54,2.29,0
236.14,2.48,12.17,0.4,55.24,72.13,46.75,3.75,0
164.79,2.51,14.35,1.77,62.12,58.06,51.73,2.07,0
259.6,2.61,10.52,1.86,26.34,60.98,34.02,2.1,0
250.05,2.87,9.98,3.91,59.66,56.64,24.45,1.39,0
213.23,2.48,14.12,2.23,48.86,66.35,45.53,1.78,0
279.67,2.28,12.92,0.4,64.72,70.28,52.46,3.45,0
292.19,2.26,9.04,1.73,54.98,58.16,22.85,1.89,0
177.66,2.13,10.0,2.31,51.0,37.53,33.94,1.5,0
215.68,2.97,15.91,1.2,52.87,64.46,37.59,3.03,0
215.39,2.11,9.69,4.09,59.0,54.9,30.18,0.99,0
207.7,3.01,14.34,4.09,65.89,72.86,38.55,1.41,0
287.33,2.51,10.8,2.14,44.31,46.57,28.87,1.85,0
241.28,2.19,11.99,4.68,50.88,55.28,36.81,0.92,0
238.1,2.87,12.74,0.4,72.63,37.77,46.99,4.0,0
159.83,2.06,6.75,2.68,50.67,71.75,19.31,1.31,0
278.59,2.88,8.34,2.8,59.41,78.38,29.49,1.78,0
194.23,2.63,12.22,1.54,40.19,52.68,54.01,2.36,0
252.7,2.14,10.19,0.4,34.43,57.09,31.76,3.25,0
262.48,2.82,14.49,1.65,42.52,47.85,15.0,2.43,0
311.23,2.83,7.98,1.34,46.72,49.3,41.71,2.73,0
191.1,3.19,13.41,5.27,67.48,70.4,39.25,1.22,0
114.12,3.08,8.56,3.39,68.79,52.44,41.48,1.66,0
258.27,2.79,11.12,2.08,31.9,67.13,40.57,2.1,0
331.02,1.82,9.34,1.86,48.51,59.77,52.73,1.46,0
305.75,3.97,16.76,5.51,63.37,71.26,32.97,1.47,0
259.43,1.66,8.65,0.4,53.74,54.11,39.06,2.51,0
227.88,3.07,11.69,0.4,73.05,76.28,35.67,4.0,0
286.32,2.76,7.68,7.26,63.08,88.13,46.76,0.81,1
206.19,1.8,16.0,1.63,51.79,34.49,47.78,1.56,0
271.44,2.43,13.0,0.66,52.86,58.62,43.72,3.18,0
272.75,2.45,12.34,0.4,54.32,58.61,61.54,3.72,0
297.71,3.28,15.69,5.63,44.85,49.26,45.53,1.19,0
374.18,2.07,12.37,0.89,66.27,66.11,52.55,2.42,0
267.66,2.34,12.55,0.76,63.91,76.81,31.15,2.91,0
227.1,1.1,12.33,2.6,60.45,30.39,33.02,0.71,0
248.85,3.54,13.41,3.58,57.91,29.25,59.8,1.83,0
170.39,1.86,10.77,2.52,42.78,84.86,26.46,1.23,0
218.74,2.7,11.46,2.52,61.05,56.41,47.68,1.79,0
231.58,2.44,14.03,1.0,56.55,61.34,52.87,2.72,0
226.42,2.44,12.69,2.61,79.03,43.97,51.76,1.58,0
256.86,2.99,11.71,4.97,39.48,60.66,24.05,1.2,0
212.99,3.5,8.5,2.77,46.32,80.53,36.49,2.18,0
300.45,2.65,15.75,1.09,35.96,67.45,46.22,2.83,0
250.01,2.89,10.35,3.69,52.38,62.89,47.42,1.46,0
249.58,2.7,14.47,1.15,34.11,33.45,39.91,2.81,0
235.24,3.11,12.44,2.13,69.23,71.14,33.04,2.3,0
256.98,2.22,8.77,2.21,68.11,60.14,37.27,1.6,0
287.13,3.15,15.13,7.33,53.08,50.88,33.82,0.92,1
210.98,3.17,12.64,2.84,42.84,69.64,27.57,1.94,0
220.38,3.15,15.34,0.87,36.71,47.28,37.01,3.72,0
236.33,2.1,11.54,0.79,46.55,68.41,58.49,2.58,0
189.44,2.4,13.76,2.21,62.5,78.25,37.21,1.74,0
213.13,2.64,7.59,5.41,45.56,62.31,24.87,0.99,0
228.57,1.68,10.75,0.4,77.9,53.64,36.41,2.54,0
289.35,3.46,8.82,2.23,72.89,51.42,57.28,2.48,0
261.82,2.49,11.06,4.95,55.01,65.74,24.07,1.01,0
258.71,2.67,13.18,3.28,49.46,53.52,39.99,1.47,0
288.29,2.15,10.49,6.3,48.17,95.5,47.38,0.71,1
243.82,1.7,14.16,1.71,74.18,38.77,28.59,1.44,0
267.57,2.14,9.86,0.8,47.12,58.05,41.91,2.61,0
245.36,2.63,14.21,1.68,66.21,64.09,30.87,2.24,0
261.94,2.9,15.27,0.9,55.26,62.3,27.74,3.37,0
223.78,2.6,14.53,7.08,63.56,51.59,46.23,0.78,0
140.25,2.71,11.14,2.35,45.16,78.48,58.23,1.88,0
243.96,2.3,6.69,2.74,51.0,70.0,36.13,1.44,0
314.02,2.8,13.46,0.81,54.71,71.1,45.81,3.39,0
291.68,3.39,11.69,1.26,47.42,49.98,44.84,3.38,0
293.44,2.92,9.55,4.03,69.99,53.96,41.74,1.38,0
305.63,2.99,10.61,1.99,45.83,67.32,33.11,2.3,0
253.99,2.68,15.59,1.5,48.08,43.49,29.87,2.44,0
258.88,1.6,9.16,2.28,71.3,69.98,32.03,1.13,0
222.21,1.87,13.17,1.52,68.98,58.49,38.21,1.69,0
235.78,2.77,12.54,0.4,74.06,75.97,35.81,4.0,0
277.71,2.49,11.11,0.59,32.1,53.59,28.51,3.4,0
304.17,2.76,13.61,2.17,57.41,87.21,37.95,2.02,0
243.72,3.51,16.08,4.05,56.08,66.16,33.64,1.65,0
229.74,2.94,11.26,1.36,48.26,67.81,45.57,2.81,0
250.02,3.26,11.39,5.52,58.89,49.61,36.09,1.2,0
277.05,2.56,13.56,3.97,51.14,63.8,48.44,1.23,0
185.03,2.02,14.3,4.38,56.94,51.76,42.3,0.9,0
146.67,2.47,11.68,0.48,95.82,36.89,35.03,3.56,0
225.23,2.02,11.24,3.83,58.81,57.07,38.37,0.99,1
195.07,3.43,6.46,1.29,59.31,77.44,38.65,3.39,0
227.13,2.97,10.05,5.75,64.85,59.04,41.66,1.06,0
243.35,2.81,9.15,1.7,57.17,55.59,43.61,2.38,0
229.6,3.24,13.71,1.24,41.82,55.39,35.5,3.26,0
315.36,1.29,11.39,1.28,35.24,93.62,37.61,1.27,0
264.7,2.85,11.29,3.42,54.65,69.13,41.14,1.53,0
263.52,1.71,11.98,0.44,51.77,36.15,15.0,2.53,0
278.0,2.5,9.82,2.42,31.44,51.85,45.53,1.7,0
198.75,2.31,15.88,1.91,74.55,53.99,30.46,1.83,0
296.76,2.9,15.25,0.99,56.28,49.18,37.11,3.23,0
246.59,2.64,16.05,4.32,72.27,60.97,33.23,1.18,0
280.17,3.31,13.71,3.22,28.22,51.39,47.48,1.85,0
201.77,2.14,11.93,1.05,72.5,52.31,50.25,2.33,0
180.08,2.93,16.04,0.7,49.18,62.3,38.88,3.75,0
286.81,2.6,10.3,1.8,70.11,36.89,39.01,2.13,0
266.94,1.52,9.82,3.29,57.58,27.73,39.61,0.84,0
209.41,1.95,10.5,2.81,60.44,78.64,39.84,1.2,0
210.87,2.41,13.31,3.34,60.45,72.56,50.01,1.31,0
300.64,3.17,10.09,0.4,49.9,65.53,70.1,4.0,0
196.48,2.78,11.61,0.93,47.24,64.57,38.28,3.19,0
323.92,1.8,8.0,2.63,50.67,57.16,45.68,1.16,0
209.47,2.42,13.2,1.05,37.34,105.24,31.53,2.63,0
278.73,3.71,8.21,4.38,49.23,62.89,32.45,1.65,0
235.21,2.57,9.67,1.67,46.64,99.12,29.8,2.2,0
277.14,2.3,15.04,0.73,37.05,90.94,53.39,2.91,0
225.51,2.8,14.95,0.66,60.5,66.92,47.04,3.66,0
242.67,2.96,12.94,2.31,55.09,56.85,36.15,2.08,0
251.84,2.23,12.69,0.81,57.95,60.24,42.13,2.7,0
204.9,2.8,10.67,0.4,63.37,53.99,47.64,4.0,0
283.34,2.3,10.07,1.07,52.15,66.92,51.96,2.48,0
226.91,2.93,11.09,7.21,43.74,70.11,44.09,0.87,1
239.71,2.6,8.22,0.4,58.65,41.64,40.92,3.94,0
205.25,2.79,12.63,1.3,25.0,99.22,53.19,2.74,0
134.69,2.04,12.12,1.27,53.7,48.29,28.97,2.03,0
241.4,2.01,9.67,1.09,64.18,19.71,20.78,2.14,0
358.57,3.07,15.92,1.83,67.56,58.77,52.56,2.49,0
285.31,2.45,13.52,2.54,48.65,42.77,35.51,1.62,0
249.13,2.67,13.73,3.75,28.1,59.2,53.37,1.33,0
238.17,2.32,10.78,9.02,25.0,61.06,59.2,0.56,1
251.01,3.04,12.0,3.35,62.66,66.68,58.54,1.65,0
274.62,2.14,13.57,4.37,50.75,75.09,15.0,0.95,0
196.86,2.42,12.38,1.34,79.21,44.89,48.01,2.33,0
300.14,2.97,16.0,1.88,38.07,54.55,34.91,2.38,0
282.19,3.2,11.49,1.71,59.11,70.18,33.48,2.71,0
282.32,2.19,10.74,1.14,74.95,50.14,43.72,2.29,0
269.73,3.68,13.59,2.1,57.48,31.84,33.73,2.74,0
250.88,2.69,8.84,0.53,35.9,69.29,47.49,3.77,0
280.28,1.87,14.31,1.28,88.27,51.52,53.21,1.85,1
276.63,2.72,8.75,4.81,73.97,50.52,37.98,1.12,0
234.07,2.27,13.6,2.32,52.27,61.8,43.59,1.59,0
224.19,2.76,10.38,4.86,64.83,60.06,35.42,1.13,0
254.58,2.47,13.19,2.35,64.96,74.96,44.68,1.72,0
319.71,2.54,14.27,1.71,62.7,41.26,54.17,2.15,0
194.24,1.95,12.38,0.83,38.42,93.93,44.1,2.35,0
183.96,3.09,9.0,1.98,58.89,38.79,38.81,2.39,0
257.41,1.81,9.76,1.15,72.53,54.18,53.1,1.88,0
252.29,1.83,10.18,0.63,61.05,46.97,35.93,2.44,0
257.8,2.72,7.26,0.91,59.77,60.83,36.18,3.14,0
260.98,3.46,14.82,2.91,48.56,60.28,33.36,2.08,0
239.96,2.29,12.28,4.71,44.15,62.5,24.31,0.96,0
317.04,2.92,9.16,3.09,36.13,63.92,31.4,1.68,0
177.96,3.14,15.64,0.87,64.09,79.6,40.55,3.71,0
212.72,2.99,10.25,2.32,52.35,62.35,42.29,2.09,0
245.35,2.31,12.63,1.58,38.9,80.83,30.32,2.05,0
176.06,1.85,9.94,2.63,66.72,33.74,34.9,1.19,0
242.09,1.18,6.95,1.28,47.96,27.23,21.07,1.16,0
324.77,2.34,8.59,3.58,44.71,61.91,61.87,1.21,0
250.94,3.21,10.88,3.58,49.05,64.9,54.67,1.66,0
260.38,1.83,14.25,3.27,52.68,51.99,32.84,1.01,0
193.29,2.92,12.87,2.22,60.5,59.85,41.38,2.1,0
222.26,1.93,12.35,3.66,44.5,76.13,31.2,0.98,0
233.12,2.56,6.97,0.51,67.12,70.06,50.24,3.63,0
235.7,2.92,15.18,1.51,60.81,55.05,46.43,2.65,0
307.67,2.1,12.56,4.42,48.82,62.97,26.86,0.93,0
275.1,2.6,11.7,0.86,53.08,71.38,30.26,3.08,0
199.98,2.25,14.83,3.78,49.93,41.56,39.3,1.12,0
261.09,2.92,15.12,2.43,55.79,47.93,53.84,1.99,0
272.42,2.64,14.89,1.85,73.24,73.85,36.21,2.13,0
301.31,2.53,11.38,1.53,49.8,34.06,53.08,2.28,0
321.12,3.44,9.49,0.87,57.27,43.64,43.11,4.0,0
204.32,2.9,14.47,3.8,46.62,41.8,31.67,1.43,0
213.51,2.09,8.59,2.3,61.38,73.77,35.82,1.47,0
193.41,2.45,16.87,4.43,58.32,43.73,46.32,1.08,0
239.47,2.45,12.07,3.13,70.96,71.88,48.41,1.4,0
270.99,2.55,9.35,2.07,45.05,54.7,49.32,1.92,0
294.43,4.01,8.92,1.38,63.29,86.68,42.14,3.81,0
246.58,2.72,8.81,0.79,70.17,61.92,44.46,3.33,0
235.61,1.28,12.35,0.63,49.75,76.0,62.57,1.7,0
256.83,2.17,11.98,4.3,53.48,66.91,64.07,0.98,0
212.42,1.34,8.91,1.65,57.29,53.24,40.47,1.16,0
344.03,2.3,11.11,2.92,52.16,59.81,22.32,1.38,0
177.66,1.31,8.58,0.86,57.13,60.13,41.29,1.55,0
258.31,1.98,13.47,1.09,63.08,53.07,41.16,2.11,0
341.06,1.59,11.86,1.54,53.63,73.32,27.38,1.42,0
250.31,2.73,11.05,1.88,53.54,97.66,41.25,2.18,0
241.45,2.5,8.78,0.42,58.2,61.74,29.55,3.75,0
233.91,2.68,11.25,0.47,50.21,70.75,43.77,3.89,0
241.88,2.44,10.96,1.04,50.8,67.93,45.95,2.66,0
311.78,1.66,12.79,2.32,44.21,20.85,45.27,1.17,0
150.47,2.81,12.42,2.79,54.49,67.37,49.89,1.74,0
319.0,3.65,13.98,2.89,60.37,66.62,44.69,2.21,0
185.92,2.75,10.79,3.88,51.77,41.27,47.89,1.34,0
238.0,2.24,7.35,0.54,45.72,33.17,52.92,3.14,0
230.68,1.64,14.48,2.07,53.85,66.41,35.58,1.24,0
276.48,1.96,9.66,2.44,59.77,84.68,38.56,1.33,0
178.08,2.77,9.23,6.36,56.54,54.46,36.45,0.91,0
270.8,3.14,11.89,4.08,81.75,55.03,32.55,1.47,0
341.09,2.66,12.76,1.71,47.12,94.62,37.02,2.24,0
188.66,2.98,10.67,1.57,53.2,73.44,48.35,2.64,0
258.54,2.92,10.65,0.77,64.35,41.79,47.27,3.63,0
220.21,2.8,11.02,1.26,46.66,49.3,23.06,2.79,0
269.16,2.1,15.54,2.77,78.14,92.69,57.15,1.31,0
250.86,2.6,11.99,2.38,55.06,50.05,48.47,1.79,0
221.13,1.99,9.58,1.02,61.73,52.0,42.28,2.19,0
271.95,2.51,9.61,0.82,55.23,70.06,26.19,3.03,0
331.2,2.7,11.37,3.14,67.22,56.05,28.15,1.54,0
241.41,3.51,12.59,2.57,42.25,66.65,55.03,2.29,0
282.39,1.71,13.21,1.1,73.86,64.32,50.04,1.83,0
191.8,2.79,12.31,3.18,57.78,57.82,51.29,1.57,0
206.96,3.39,9.9,1.87,62.9,78.14,38.67,2.72,0
271.26,2.96,10.94,1.69,46.14,40.87,53.07,2.52,0
316.79,3.0,13.83,0.4,59.05,61.76,26.3,4.0,0
266.0,2.85,9.13,2.18,43.38,51.3,27.67,2.08,0
235.91,3.28,10.84,1.09,69.11,84.63,50.09,3.5,0
249.97,1.85,13.49,1.78,39.52,57.38,30.82,1.52,0
193.73,1.67,14.19,2.61,56.85,88.84,39.6,1.08,0
277.2,2.5,11.52,1.11,50.34,53.67,22.25,2.64,0
289.7,1.2,10.97,0.86,36.25,61.64,15.0,1.43,0
229.66,3.24,8.69,0.72,43.78,76.32,29.78,4.0,0
228.85,3.23,13.31,5.33,60.4,45.67,36.21,1.23,0
261.96,2.24,15.3,1.25,44.24,82.64,30.75,2.24,0
230.35,2.28,18.41,1.42,46.97,60.39,46.2,2.13,0
247.02,2.46,12.97,2.33,59.48,66.17,50.11,1.72,0
344.49,2.53,11.87,3.56,65.98,68.19,46.1,1.32,0
238.88,2.58,9.7,2.55,62.93,58.86,28.43,1.69,0
233.87,2.83,7.3,1.01,54.44,47.85,45.25,3.13,0
220.86,2.4,12.44,0.95,57.61,61.41,27.72,2.72,0
283.49,3.07,17.88,1.43,56.42,29.83,58.63,2.86,0
241.84,2.77,15.18,4.39,42.56,40.34,40.49,1.23,0
220.78,2.14,14.79,2.28,58.35,57.9,31.44,1.51,0
309.46,3.3,12.61,1.91,42.46,83.21,40.53,2.61,0
313.88,1.69,12.9,1.47,62.37,82.76,41.68,1.55,0
222.98,2.44,5.94,2.81,56.62,74.69,47.08,1.5,0
166.01,3.08,13.91,2.39,29.03,36.91,21.12,2.12,0
295.34,2.07,10.55,4.02,66.75,64.51,33.04,0.98,0
219.19,2.69,10.25,0.4,48.74,47.09,44.82,4.0,0
285.58,2.83,11.19,4.87,47.74,58.99,47.79,1.15,0
161.35,1.98,11.11,2.63,66.47,74.32,72.7,1.28,0
290.17,2.46,10.21,2.18,53.04,69.87,53.78,1.79,0
195.5,2.41,12.03,1.6,62.17,79.25,33.11,2.11,0
282.88,2.17,10.6,0.4,47.16,38.86,57.74,3.29,0
250.64,3.88,12.25,2.2,64.64,44.66,45.8,2.82,0
207.07,2.04,8.28,2.19,57.37,82.6,53.66,1.49,0
231.68,3.1,11.46,6.66,59.86,82.83,44.67,0.98,0
280.88,2.26,9.26,0.79,52.86,59.76,54.37,2.77,0
254.77,1.85,10.4,1.29,74.56,59.65,50.83,1.82,0
276.3,2.56,12.36,2.48,77.45,77.59,45.52,1.72,0
338.94,2.89,7.99,4.72,28.56,67.98,35.62,1.21,0
179.61,3.05,9.94,2.39,66.12,69.1,35.58,2.1,0
322.77,3.44,13.42,1.75,42.04,46.13,30.5,2.87,0
254.7,4.27,8.47,0.64,61.12,77.24,39.26,4.0,0
209.55,2.65,16.44,2.12,33.67,57.01,51.07,1.96,0
190.14,2.1,15.01,0.95,59.84,39.11,45.81,2.38,0
241.49,2.77,10.76,1.09,44.97,48.28,32.25,2.96,0
291.47,2.34,10.03,2.23,49.49,51.04,49.68,1.68,0
244.26,3.06,12.5,1.75,49.81,82.17,28.24,2.55,0
318.0,1.72,8.38,2.41,46.19,49.55,43.32,1.18,0
184.7,3.92,6.99,1.41,46.51,65.77,53.95,3.68,0
249.46,3.01,10.85,2.11,50.22,28.35,28.24,2.24,0
193.64,1.49,11.66,0.89,53.15,74.05,41.71,1.74,0
266.36,2.07,12.24,1.01,58.88,48.13,33.01,2.3,0
289.91,2.99,10.46,4.03,77.33,65.86,56.28,1.41,0
231.07,3.21,15.18,6.57,43.64,65.86,62.5,1.02,0
132.81,1.74,8.26,6.04,56.52,69.49,45.55,0.6,0
258.95,2.93,9.15,1.18,64.27,64.98,48.78,3.01,0
269.65,1.33,13.22,2.74,46.49,88.72,53.66,0.83,0
268.19,2.45,9.1,1.36,27.91,63.13,47.65,2.35,0
305.61,3.17,9.0,2.13,32.09,93.73,31.77,2.34,0
201.8,2.17,12.31,2.14,28.35,69.57,35.55,1.6,0
280.61,1.6,9.37,1.73,73.48,64.12,35.48,1.34,0
303.66,2.59,11.67,1.67,62.37,73.37,22.67,2.22,0
169.96,2.14,10.25,0.4,64.07,62.95,49.78,3.24,0
264.38,2.88,9.85,1.27,66.78,66.74,27.48,2.85,0
227.31,1.97,6.74,2.78,48.09,65.21,48.29,1.22,0
246.33,2.04,12.35,3.57,82.64,63.71,32.73,1.06,0
265.65,1.29,8.88,1.73,59.03,91.78,37.78,1.08,0
228.07,2.6,11.58,5.15,54.13,94.09,45.58,1.02,0
219.59,2.4,10.72,2.2,68.32,64.91,55.28,1.74,0
251.54,1.79,11.48,4.54,63.01,78.89,48.69,0.77,0
201.07,2.62,11.63,2.23,71.02,78.01,38.82,1.88,0
201.14,3.12,12.48,0.4,71.73,76.39,39.66,4.0,0
280.57,2.37,10.18,4.67,50.76,68.18,28.23,1.0,0
198.3,2.66,15.11,1.63,57.24,69.95,46.37,2.31,0
279.98,2.66,7.38,1.56,44.09,68.57,39.18,2.37,0
270.82,1.78,11.43,0.63,35.46,49.22,30.7,2.37,0
172.34,3.73,14.09,3.69,65.04,59.02,47.78,1.89,0
219.51,2.22,13.19,0.69,66.48,42.05,54.19,2.85,0
303.73,2.89,9.56,4.64,31.21,68.65,38.22,1.23,0
205.85,2.96,9.98,1.59,46.39,66.47,34.38,2.6,0
229.1,2.42,9.48,3.55,55.67,70.49,34.22,1.26,0
270.79,2.86,13.5,0.87,56.82,48.38,44.02,3.38,0
285.25,2.65,10.15,4.89,79.54,74.47,28.08,1.08,0
238.68,1.65,12.64,3.03,47.48,67.07,40.76,0.96,0
223.11,2.3,12.66,1.54,52.94,93.49,35.94,2.06,0
314.01,2.13,17.92,4.21,62.8,72.09,45.05,0.98,0
328.25,2.22,12.78,2.2,50.8,51.03,45.82,1.61,0
294.05,1.72,9.97,6.13,48.94,39.75,28.77,0.58,0
253.84,3.18,8.35,1.15,47.96,63.27,46.68,3.31,0
213.63,3.46,11.31,3.95,57.8,44.56,44.58,1.66,0
212.63,3.09,11.7,3.28,52.89,48.98,38.09,1.71,0
273.51,3.26,6.47,0.47,63.19,45.51,35.69,4.0,0
268.83,2.29,10.22,0.62,59.29,51.28,35.75,3.07,0
313.07,2.12,12.74,1.48,25.0,81.84,38.29,1.94,0
279.27,2.03,10.67,2.61,33.98,45.49,30.69,1.32,0
182.36,2.89,14.42,3.49,48.99,53.63,33.16,1.52,0
297.34,2.64,8.1,2.56,66.76,38.54,42.04,1.73,0
205.09,2.45,13.69,3.9,47.18,34.4,34.28,1.19,0
232.72,3.28,14.28,1.68,59.5,55.81,48.78,2.79,0
261.26,2.74,14.39,3.57,62.18,63.11,38.69,1.42,0
339.81,2.0,8.09,2.18,61.48,42.74,35.25,1.46,0
389.95,2.09,12.79,1.48,48.43,37.21,43.32,1.92,0
277.3,2.91,10.33,0.63,41.22,31.93,35.94,3.86,0
241.76,3.13,8.48,0.4,39.25,62.18,32.2,4.0,0
274.05,2.83,10.97,1.65,90.65,74.02,36.62,2.44,0
289.94,3.64,9.74,2.29,60.47,38.58,19.58,2.57,0
235.57,3.48,14.3,1.11,77.09,50.28,20.29,3.68,0
330.78,2.76,13.28,1.39,45.0,76.23,30.8,2.62,0
260.35,2.0,9.12,1.5,69.98,56.8,28.06,1.81,0
272.4,1.71,10.19,0.8,49.28,58.49,46.5,2.09,0
279.97,2.27,11.05,1.05,54.65,65.7,52.6,2.46,0
268.97,2.95,11.82,3.13,51.56,53.35,43.25,1.69,0
287.75,3.6,14.52,1.8,44.45,48.33,21.03,2.95,0
222.22,2.75,13.73,2.56,44.63,64.61,25.9,1.8,0
224.88,3.2,12.13,0.4,54.53,39.28,43.5,4.0,0
200.49,2.35,11.35,4.41,47.96,35.82,38.28,1.04,0
269.78,2.87,7.57,2.08,56.52,49.62,21.43,2.16,0
285.05,2.99,15.23,3.47,44.95,70.68,31.43,1.59,0
270.6,1.31,10.88,0.69,63.49,77.44,29.25,1.69,0
325.35,2.25,15.89,2.84,49.48,52.88,54.57,1.38,0
249.75,3.07,12.49,1.5,74.64,72.45,47.05,2.79,0
280.09,2.66,17.06,7.04,54.39,80.73,37.13,0.8,0
200.87,1.78,13.52,1.18,53.77,60.57,42.29,1.83,0
232.58,1.04,8.42,2.16,74.24,69.55,41.46,0.76,0
281.3,2.28,10.46,0.75,49.06,88.0,40.79,2.85,0
288.21,2.46,11.58,2.13,50.12,49.43,58.27,1.82,0
236.77,1.97,9.82,1.9,46.59,56.38,54.09,1.56,0
246.78,2.59,11.06,4.13,57.45,84.01,55.25,1.2,0
181.7,2.8,8.58,2.23,46.18,45.9,43.31,2.01,0
233.93,2.9,12.01,1.54,64.32,62.33,36.62,2.6,0
290.07,1.09,12.59,1.87,54.44,50.58,27.59,0.87,0
275.88,1.71,9.49,0.4,65.07,80.46,30.05,2.59,0
272.53,2.32,16.85,2.35,63.71,42.23,50.14,1.61,0
252.24,2.84,12.16,3.73,48.85,58.99,27.26,1.43,0
250.32,2.79,9.96,2.19,46.16,44.3,38.2,2.03,0
220.29,2.78,7.93,0.45,51.06,38.0,26.15,4.0,0
281.45,2.27,12.15,2.55,55.11,31.53,39.03,1.49,0
268.94,2.3,11.35,2.63,59.01,57.53,29.39,1.48,0
272.14,2.06,13.96,2.8,60.34,67.25,46.64,1.27,0
226.33,2.96,11.64,1.88,54.62,60.27,37.56,2.37,0
153.1,1.95,9.02,2.31,46.83,63.52,31.91,1.37,0
299.37,3.01,16.18,2.62,47.96,53.48,30.44,1.94,0
228.45,2.62,13.09,0.92,61.22,74.77,41.34,3.03,0
211.18,2.47,11.36,1.05,47.2,70.92,40.51,2.68,0
281.21,2.11,12.41,2.84,61.72,61.88,34.48,1.29,0
232.36,1.69,13.19,1.04,62.12,63.08,36.82,1.85,0
297.7,2.11,8.43,1.79,73.41,53.01,35.07,1.74,0
277.77,2.3,12.39,2.81,49.23,89.18,18.21,1.42,0
280.76,1.08,10.87,3.9,51.1,72.12,39.61,0.52,0
188.53,2.38,13.27,1.22,27.25,58.46,24.44,2.41,0
304.54,3.05,10.15,1.01,43.68,57.41,31.13,3.38,0
261.76,2.84,10.49,2.82,43.53,54.15,43.21,1.74,0
233.38,2.2,16.16,4.04,61.07,55.52,37.6,1.04,0
256.45,2.53,15.08,0.45,76.69,63.7,55.28,3.73,0
170.07,2.17,4.0,2.01,61.97,34.4,32.03,1.66,0
268.39,2.59,14.89,5.27,66.89,56.26,35.89,0.99,0
203.68,3.42,11.82,0.94,46.46,58.03,41.62,3.91,0
189.13,3.08,10.23,2.89,40.62,59.88,39.63,1.86,0
181.49,2.81,9.48,1.84,52.1,62.62,50.48,2.27,0
300.07,2.2,9.63,1.88,47.51,60.48,46.4,1.76,0
221.68,2.95,10.3,1.69,44.67,66.08,53.88,2.51,0
319.02,1.49,9.18,2.41,57.62,57.98,23.84,1.02,0
225.89,2.35,8.61,4.16,40.77,74.82,47.86,1.09,0
173.17,2.85,9.4,0.98,64.92,69.87,30.19,3.2,0
199.76,2.94,12.81,1.05,50.21,93.69,44.45,3.19,0
305.61,2.9,12.13,2.35,54.46,70.53,37.56,2.01,0
242.98,2.68,13.39,2.45,56.2,48.82,33.11,1.81,0
225.33,2.38,11.83,1.68,49.4,57.65,51.74,2.04,0
257.2,2.82,8.73,3.76,70.19,52.39,23.23,1.41,0
272.58,1.93,13.24,1.15,35.73,60.12,58.13,2.01,0
300.28,1.99,9.49,1.08,70.4,76.47,46.31,2.14,0
315.18,2.54,13.62,2.17,50.84,55.14,41.69,1.85,0
233.81,2.6,9.09,0.95,66.05,51.47,38.51,2.96,0
190.33,1.4,10.28,8.35,57.41,67.74,36.29,0.37,1
231.39,2.77,11.1,0.58,65.21,47.77,44.68,3.79,0
261.71,2.96,13.69,4.9,53.58,46.89,26.06,1.2,0
206.63,2.45,12.44,1.1,57.86,65.73,15.0,2.61,0
206.93,3.92,12.05,0.57,68.17,33.13,40.86,4.0,0
265.47,2.09,16.71,2.32,56.15,52.76,32.54,1.46,0
247.81,2.28,7.41,1.65,70.96,72.84,30.84,1.97,0
251.48,2.26,9.4,6.78,59.23,32.5,24.24,0.7,0
215.87,2.45,9.3,2.57,46.21,33.59,52.04,1.61,0
239.63,2.3,7.57,1.61,50.74,38.49,58.21,2.01,0
208.41,1.66,10.2,1.85,65.66,19.03,39.48,1.33,0
290.06,2.17,13.72,0.4,40.12,88.45,38.44,3.29,0
296.59,2.44,10.52,0.4,64.51,61.81,44.23,3.7,0
166.92,3.24,11.17,0.43,50.61,49.94,43.63,4.0,0
208.17,3.82,7.69,1.69,39.52,40.65,34.8,3.25,0
182.66,3.3,10.01,1.97,57.49,93.02,52.13,2.56,0
220.75,2.03,10.85,2.63,46.6,69.83,51.32,1.31,0
246.25,2.08,13.61,3.18,48.14,58.07,47.43,1.18,0
184.77,2.4,7.81,0.4,47.49,78.29,57.78,3.64,0
208.52,3.57,10.86,2.4,56.38,65.83,47.74,2.44,0
204.82,2.4,14.72,4.39,50.32,52.47,33.44,1.06,0
259.33,1.7,10.89,1.42,59.69,50.9,40.79,1.6,0
253.12,2.2,6.71,8.01,67.15,51.14,49.4,0.59,1
217.52,2.95,15.2,1.87,61.5,44.76,29.48,2.37,0
257.96,2.91,13.84,1.17,76.66,76.67,37.27,3.02,0
225.4,2.38,14.17,3.5,79.62,52.23,24.17,1.25,0
237.78,2.91,7.64,2.63,51.52,80.3,60.12,1.87,0
325.31,1.14,15.78,4.53,41.17,47.57,44.07,0.49,0
310.32,2.56,10.07,3.15,51.53,51.01,45.96,1.45,0
191.52,3.02,10.73,1.98,56.42,53.21,24.91,2.33,0
287.34,2.0,10.24,3.25,81.71,46.51,51.12,1.11,0
286.51,2.0,14.37,0.4,50.5,51.2,43.11,3.03,0
198.33,1.38,11.55,2.78,58.34,68.26,22.02,0.86,0
286.84,3.45,13.2,1.81,46.83,78.03,44.57,2.83,0
319.21,2.07,12.19,0.62,50.84,64.49,30.22,2.76,0
199.49,2.64,11.76,3.09,40.43,42.14,40.57,1.52,0
208.71,2.86,9.63,4.11,37.45,51.01,47.53,1.34,0
295.79,3.41,16.53,1.51,71.33,51.32,41.95,3.08,0
262.22,2.41,8.34,0.94,67.79,85.51,21.56,2.75,0
274.82,2.18,13.03,3.72,50.56,74.78,42.65,1.1,0
265.33,2.6,12.94,0.92,67.76,78.21,48.52,3.0,0
267.58,3.27,14.89,1.99,39.32,49.37,38.0,2.52,0
190.31,2.4,15.47,1.92,52.92,40.9,45.16,1.89,0
297.13,1.93,11.66,0.88,57.09,68.6,45.33,2.26,0
302.63,1.58,13.33,0.58,70.19,53.1,19.79,2.16,0
239.68,1.77,16.41,3.42,57.37,64.37,52.5,0.95,0
248.04,3.02,11.84,2.5,61.54,66.19,34.4,2.01,0
181.1,2.31,9.33,1.36,49.36,54.07,32.76,2.21,0
273.14,2.14,11.04,1.4,58.17,75.06,33.05,2.02,0
275.74,2.07,8.74,2.64,70.17,38.09,52.3,1.33,0
247.2,2.55,12.93,1.25,35.6,61.64,54.74,2.55,0
300.6,2.36,14.66,1.65,68.63,70.18,44.72,2.03,0
234.97,2.34,11.7,1.16,52.48,85.53,35.19,2.43,0
275.41,3.31,7.95,1.53,38.13,62.02,69.09,2.98,0
204.12,3.42,14.55,1.63,51.79,78.86,39.82,2.97,0
248.94,1.53,7.56,2.72,70.48,77.88,33.47,0.97,0
242.15,2.7,8.14,1.11,49.21,95.05,50.25,2.86,0
260.14,2.03,11.55,3.87,58.59,64.86,38.79,0.99,0
233.37,2.35,12.63,2.66,35.64,90.78,60.91,1.5,0
244.08,2.69,13.06,1.82,33.09,72.15,31.54,2.19,0
287.17,2.37,11.83,1.55,42.08,36.99,38.19,2.12,0
230.35,2.64,16.4,1.38,67.15,60.43,55.33,2.51,0
177.7,2.9,12.16,3.41,54.39,46.25,44.88,1.56,0
328.73,2.68,14.59,1.25,68.2,82.95,37.04,2.68,0
312.17,2.11,13.97,0.4,68.9,62.53,30.77,3.2,0
191.85,2.12,8.77,1.22,45.9,40.21,28.64,2.15,0
281.04,1.64,11.58,4.63,73.8,73.24,27.05,0.7,0
227.37,1.99,17.31,0.74,48.47,79.82,49.72,2.5,0
261.86,3.68,10.74,5.44,67.0,53.95,47.86,1.37,0
263.24,2.02,10.31,1.31,66.51,53.29,45.21,1.97,0
239.45,1.78,12.43,1.25,55.78,63.03,28.95,1.78,0
214.73,2.69,10.83,6.11,55.8,32.84,37.09,0.91,0
218.93,2.43,10.02,2.19,58.85,70.65,43.26,1.77,0
208.77,2.38,10.79,3.25,56.39,85.37,52.61,1.32,0
212.57,3.35,15.58,0.87,50.32,50.24,43.61,3.95,0
246.98,2.83,11.66,1.44,49.29,87.65,41.32,2.63,0
217.79,2.18,8.68,0.4,50.41,74.92,30.72,3.31,0
280.69,2.25,8.22,1.16,69.62,58.84,49.02,2.32,0
316.93,2.2,17.52,1.47,35.94,69.52,37.22,2.02,0
223.9,3.02,11.44,1.37,49.04,83.97,25.9,2.89,0
260.77,2.32,13.09,1.64,51.09,62.13,31.15,2.0,0
272.49,1.42,10.07,1.43,52.26,65.89,46.84,1.33,0
271.24,2.47,12.8,0.4,58.56,51.97,47.16,3.74,0
253.42,1.58,15.65,1.12,38.82,58.2,15.0,1.66,0
283.42,3.81,10.37,2.02,67.3,70.51,39.08,2.91,0
271.7,1.92,13.15,2.37,65.64,57.29,27.07,1.33,0
194.31,2.4,8.49,4.43,63.09,52.45,43.96,1.06,0
289.11,2.65,17.06,0.4,52.51,77.26,45.88,4.0,0
289.93,2.33,12.67,1.18,46.14,67.24,29.26,2.4,0
215.65,2.33,10.97,3.36,51.1,52.8,40.1,1.26,0
251.71,2.75,11.26,1.93,55.73,86.29,48.36,2.17,0
280.75,3.42,10.72,1.21,62.99,91.7,50.24,3.47,0
240.58,2.96,10.85,3.62,54.02,75.22,31.55,1.52,0
298.28,3.39,5.88,1.88,59.33,42.08,50.79,2.7,0
356.37,1.87,11.76,3.04,49.79,66.11,42.58,1.09,0
214.63,2.69,11.65,1.71,58.44,68.83,35.07,2.27,0
187.85,2.59,13.22,0.4,52.01,36.23,39.09,3.93,0
263.67,2.71,10.69,4.51,58.22,77.88,48.0,1.18,0
282.47,3.33,10.07,1.55,33.8,63.14,47.83,2.97,0
239.61,2.37,11.98,0.43,60.85,76.84,49.08,3.53,0
315.4,2.26,7.97,1.15,61.48,55.42,33.27,2.36,0
189.76,2.82,12.36,0.8,61.35,67.26,42.24,3.45,0
281.18,1.43,7.35,0.4,43.15,67.98,37.6,2.17,0
222.74,2.36,14.8,1.4,46.48,62.83,42.12,2.23,0
327.37,2.42,13.71,0.4,44.58,67.37,34.93,3.67,0
339.66,1.95,9.68,1.39,58.96,57.94,55.87,1.85,0
215.5,3.13,13.65,2.16,62.9,42.25,39.82,2.29,0
225.27,1.86,12.28,2.13,46.64,29.37,38.61,1.38,0
288.68,2.42,9.48,1.01,70.79,50.74,44.44,2.67,0
232.58,2.68,6.94,0.57,70.63,71.86,51.09,3.68,0
247.96,3.31,12.79,3.25,56.66,44.42,40.45,1.84,0
251.14,2.49,10.01,2.45,59.45,75.91,36.88,1.69,0
163.61,3.06,14.74,1.19,34.85,80.87,48.9,3.13,0
249.38,2.92,12.04,0.4,48.65,67.09,57.42,4.0,0
218.96,2.57,10.25,0.7,39.97,57.51,54.21,3.3,0
227.81,1.85,16.49,5.54,44.08,75.37,30.16,0.68,0
314.96,1.64,13.44,3.06,61.17,77.36,47.73,0.95,0
193.46,2.56,4.0,2.19,64.07,56.62,39.3,1.86,0
286.59,2.17,10.78,0.79,64.57,61.27,52.74,2.66,0
237.45,3.05,8.54,0.81,57.9,47.8,58.33,3.71,0
237.41,2.95,10.0,3.34,61.28,64.29,16.26,1.6,0
285.57,2.39,11.64,4.85,35.93,29.0,40.14,0.98,0
265.3,1.81,12.89,3.38,39.53,55.61,35.43,0.98,0
275.68,2.81,12.65,1.36,52.49,47.2,32.89,2.69,0
293.57,1.89,14.69,0.92,62.17,58.68,30.77,2.17,0
235.09,2.04,13.59,0.73,49.63,48.07,35.53,2.58,0
222.45,1.91,13.44,1.27,38.67,31.3,37.11,1.9,0
201.17,2.42,12.5,0.8,46.7,50.19,36.49,2.94,0
212.86,3.2,15.22,1.88,43.8,52.86,19.78,2.56,0
382.71,2.5,11.21,1.7,34.31,75.98,41.28,2.11,0
306.01,2.23,11.27,6.55,81.69,50.38,50.55,0.72,0
189.2,1.58,7.24,3.39,69.79,47.29,34.42,0.85,1
190.49,2.83,14.64,1.9,31.29,42.12,23.58,2.25,0
271.68,2.03,11.81,6.51,31.94,77.14,40.95,0.65,0
274.63,2.57,19.33,2.44,45.33,56.65,50.61,1.74,0
274.7,2.29,10.99,0.76,37.13,64.08,41.57,2.85,0
238.53,3.0,12.22,3.22,83.59,36.84,32.73,1.68,0
244.35,2.41,13.37,0.58,45.37,33.68,29.51,3.29,0
264.75,2.46,9.25,0.4,59.34,46.47,47.06,3.73,0
253.87,2.79,12.9,2.38,48.93,84.35,37.68,1.92,0
150.13,3.76,12.09,2.7,40.99,43.63,34.81,2.38,0
239.66,3.03,11.24,3.23,67.57,50.61,33.93,1.69,0
211.69,2.45,14.93,2.69,62.86,60.19,42.2,1.55,0
257.88,2.5,9.74,2.31,54.29,50.62,41.17,1.76,0
384.34,2.19,12.69,1.06,83.58,67.18,40.54,2.37,0
266.54,1.93,15.64,2.08,57.82,47.53,30.35,1.45,0
235.89,2.17,10.23,3.24,49.52,43.48,29.75,1.21,0
291.48,2.04,11.26,2.3,77.98,100.77,33.49,1.43,0
271.72,2.89,17.86,2.86,59.85,45.95,42.9,1.76,0
268.9,1.86,13.19,2.8,74.54,71.93,45.5,1.15,0
277.31,3.3,10.73,3.55,54.53,45.87,54.67,1.72,0
342.54,2.95,14.01,0.4,25.0,36.89,31.63,4.0,0
199.11,2.51,10.58,2.34,36.29,58.65,47.26,1.75,0
271.31,2.5,8.09,6.32,67.99,39.89,22.8,0.83,0
208.31,2.17,15.43,2.01,47.93,54.1,43.5,1.66,0
275.0,2.66,9.24,2.02,58.04,48.06,24.88,2.03,0
208.66,3.15,18.13,1.44,68.61,78.78,27.75,2.93,0
231.22,2.08,10.78,1.36,57.15,36.87,47.53,1.99,0
236.72,1.58,17.33,5.28,44.69,70.14,41.53,0.6,0
293.91,2.92,8.58,0.4,54.87,64.28,36.83,4.0,0
291.33,2.69,14.56,2.22,56.28,56.56,26.06,1.94,0
193.94,1.83,13.25,1.48,50.1,48.63,43.69,1.67,0
252.47,2.06,14.09,0.4,38.38,62.58,40.87,3.12,0
218.07,1.98,14.42,3.22,50.73,63.38,47.23,1.11,0
193.37,2.07,10.76,1.68,53.89,65.91,22.63,1.76,0
240.23,2.31,8.73,2.19,37.68,55.96,46.2,1.68,0
236.12,2.34,11.87,1.27,43.98,42.82,34.58,2.32,0
359.2,2.11,12.56,2.48,46.4,73.18,42.91,1.41,0
269.48,2.05,10.82,2.73,32.68,59.95,39.37,1.28,0
188.01,2.36,12.69,0.69,56.54,50.81,31.49,3.04,0
224.59,2.6,12.82,0.69,57.84,44.98,35.88,3.35,0
295.96,2.31,9.72,1.26,48.47,73.84,31.23,2.3,0
343.98,3.2,12.99,4.81,38.58,80.77,34.75,1.32,0
178.63,2.8,11.33,1.32,59.88,68.63,30.91,2.73,0
165.4,1.55,10.25,1.29,61.55,69.64,44.02,1.52,0
334.19,2.81,13.97,1.07,56.18,77.59,31.4,3.03,0
267.53,2.86,10.06,5.53,55.5,54.57,45.58,1.06,0
210.93,2.24,10.86,2.04,62.13,92.01,72.66,1.7,0
274.06,1.6,12.18,3.78,53.85,44.11,37.43,0.8,0
131.39,2.5,15.44,4.03,43.99,56.35,24.18,1.19,0
250.15,2.5,12.48,0.76,54.16,48.43,61.04,3.11,0
264.75,1.83,13.32,0.96,50.3,60.95,43.49,2.06,0
291.59,1.63,11.26,2.17,54.16,85.96,38.7,1.19,0
204.37,2.45,11.8,0.73,65.61,56.42,36.26,3.09,0
253.86,2.36,11.88,0.94,40.58,66.32,29.49,2.7,0
208.36,2.25,12.73,1.37,57.13,16.38,36.61,2.15,0
261.49,2.45,11.26,0.97,39.97,66.42,32.2,2.76,0
209.71,1.84,15.35,0.59,43.98,74.98,32.29,2.49,0
231.64,2.24,11.07,1.1,73.89,61.84,45.86,2.39,0
205.19,2.82,7.73,1.87,60.49,44.01,49.71,2.26,0
279.3,2.29,18.86,0.81,56.93,41.99,37.74,2.78,0
288.63,1.5,11.18,1.14,35.1,51.68,45.02,1.57,0
239.44,2.22,15.28,1.47,52.17,41.87,60.96,2.04,0
251.72,1.86,15.51,5.63,30.13,83.64,31.59,0.67,0
184.81,2.66,14.36,0.91,55.45,67.01,23.66,3.08,0
236.51,2.69,11.5,4.41,40.04,81.67,48.33,1.19,0
247.74,1.5,12.72,0.4,61.69,55.66,32.66,2.28,0
367.94,2.96,8.81,3.13,56.94,48.53,34.73,1.69,0
199.96,1.83,16.98,2.72,40.41,49.46,41.23,1.15,0
315.89,3.44,9.87,3.12,59.58,53.07,52.39,1.97,0
294.86,2.47,11.37,2.86,80.12,52.58,41.31,1.5,0
262.63,1.75,12.25,3.57,52.57,78.33,18.8,0.91,0
329.14,1.81,11.73,1.34,65.56,73.7,43.58,1.75,0
266.74,2.71,10.36,4.46,29.76,64.06,42.32,1.19,0
267.51,2.27,15.49,0.95,60.61,35.1,31.4,2.57,0
247.61,2.44,14.38,0.4,48.17,64.43,22.98,3.7,0
305.06,3.47,12.81,0.4,51.77,55.34,36.18,4.0,0
299.34,2.08,11.0,2.03,62.14,81.09,16.97,1.59,0
221.84,2.54,14.66,2.54,52.08,73.43,22.13,1.67,0
190.63,3.35,10.84,3.25,35.59,62.13,26.49,1.86,0
240.87,2.66,15.93,1.97,73.33,28.53,27.47,2.07,0
214.0,1.54,12.28,1.02,37.6,57.96,48.79,1.69,0
247.14,2.8,15.07,3.19,44.93,50.2,38.49,1.58,0
305.68,1.8,11.72,1.8,56.54,66.08,43.49,1.48,0
229.42,3.34,12.18,0.98,56.65,42.87,42.08,3.75,0
248.07,2.01,15.06,2.43,60.14,63.94,24.61,1.36,0
252.61,4.28,17.48,1.76,56.6,26.73,34.36,3.55,0
288.18,3.38,15.9,10.09,68.78,39.22,37.72,0.75,1
148.89,2.02,14.19,8.03,60.88,46.8,38.67,0.54,1
222.7,2.51,13.47,0.91,40.77,51.81,44.79,2.91,0
259.51,2.95,10.73,0.4,25.0,65.83,49.25,4.0,0
304.0,2.97,12.74,0.74,56.81,35.17,43.7,3.73,0
227.86,2.77,9.72,0.4,72.59,50.38,57.62,4.0,0
165.56,3.25,12.94,2.71,39.97,50.76,44.39,2.05,0
277.89,2.43,13.1,4.16,42.4,70.32,34.66,1.12,0
221.41,2.28,7.1,0.74,59.26,57.12,52.84,2.86,0
196.47,2.29,12.1,3.92,60.8,45.49,27.8,1.11,0
221.9,3.02,13.04,0.54,68.47,43.82,45.34,4.0,0
241.7,2.72,11.79,3.83,74.69,51.71,38.5,1.34,0
222.79,2.67,12.9,0.87,57.83,35.27,31.42,3.16,0
150.75,2.98,8.65,1.9,43.88,84.39,42.09,2.36,0
290.37,1.27,10.06,3.26,44.25,59.93,37.15,0.7,0
307.37,2.69,14.59,1.34,48.48,46.3,21.54,2.59,0
279.32,2.63,12.0,0.49,67.37,44.18,41.84,3.77,0
198.8,3.5,12.85,6.95,49.0,41.89,29.68,1.07,0
240.93,1.58,10.63,0.5,66.54,65.57,41.22,2.26,0
249.71,3.43,12.05,5.59,36.7,35.2,38.73,1.25,0
276.95,2.55,6.24,2.66,58.45,57.33,44.31,1.63,0
280.08,2.79,14.12,4.2,45.99,68.6,17.28,1.28,0
216.96,3.51,16.52,2.89,61.27,51.21,30.09,2.12,0
253.69,2.84,9.34,0.52,51.92,44.82,41.07,4.0,0
270.58,2.74,9.65,0.4,64.57,72.57,68.83,4.0,0
315.51,2.65,13.1,1.02,49.78,43.02,41.39,2.91,0
281.7,2.21,15.68,0.4,54.69,55.83,35.6,3.35,0
285.51,2.48,11.99,1.97,64.7,61.73,48.73,1.93,0
253.77,2.07,8.93,2.05,53.78,50.94,34.11,1.57,0
313.47,2.47,11.48,1.49,55.7,42.02,44.33,2.25,0
268.44,1.1,9.43,0.73,64.13,51.62,40.52,1.38,0
211.25,2.76,10.33,2.27,54.08,65.1,50.72,1.96,0
313.15,2.43,11.24,0.87,35.98,49.07,46.62,2.87,0
281.41,2.3,9.68,1.84,48.15,66.82,35.21,1.86,0
230.06,2.63,10.06,0.83,31.92,56.17,24.98,3.16,0
228.42,1.64,12.19,1.29,52.0,50.92,29.31,1.62,0
263.35,3.66,12.54,9.35,60.66,49.12,42.96,0.86,1
270.84,2.44,8.44,3.48,56.5,63.48,39.48,1.29,0
258.88,2.41,12.99,0.55,71.74,76.9,40.27,3.36,0
264.01,1.92,11.05,5.69,70.39,61.83,42.54,0.69,0
326.5,2.51,13.8,2.85,58.08,45.53,31.81,1.53,0
298.22,3.33,13.95,1.42,26.29,76.4,38.96,3.12,0
258.58,3.12,10.64,1.62,63.06,46.72,39.9,2.72,0
292.36,3.01,13.54,2.28,45.74,85.93,25.62,2.14,0
203.54,2.83,9.91,5.62,65.57,57.59,33.88,1.03,0
267.91,2.28,15.31,2.64,58.75,46.82,43.91,1.47,0
331.42,1.63,10.0,1.01,62.87,68.38,46.99,1.8,0
240.19,2.38,12.88,1.41,61.02,55.33,31.92,2.23,0
211.86,2.36,11.53,1.03,83.68,66.64,44.99,2.59,0
220.66,3.13,9.46,2.33,61.25,61.38,33.86,2.18,0
200.97,2.69,14.25,2.81,39.64,39.31,31.21,1.66,0
214.69,3.47,10.46,2.83,67.86,58.95,59.1,2.13,0
233.33,3.22,7.75,4.53,49.83,67.52,35.85,1.39,0
186.75,2.23,4.79,2.71,71.14,61.69,25.25,1.4,0
250.7,1.42,9.81,0.69,73.51,78.84,35.62,1.83,0
290.6,3.33,15.44,4.7,62.46,64.68,37.34,1.4,0
209.15,3.32,15.14,1.64,39.67,56.37,49.13,2.87,0
318.37,1.68,10.2,1.81,49.48,63.15,36.41,1.37,0
272.99,3.41,11.06,1.35,71.09,52.61,43.78,3.28,0
296.38,2.73,10.84,0.92,78.99,65.41,50.63,3.15,0
220.4,2.6,8.67,0.98,55.74,65.39,34.17,2.91,0
288.45,3.47,9.63,3.59,51.7,41.42,42.91,1.79,0
200.86,3.31,14.45,1.97,40.84,71.59,39.37,2.57,0
290.06,2.89,13.26,1.38,41.0,93.5,42.25,2.75,0
257.73,2.78,12.68,4.6,57.79,68.19,41.01,1.19,0
274.9,2.87,8.66,2.72,63.41,29.55,41.46,1.81,0
197.1,2.26,12.25,1.52,37.15,53.6,37.14,2.04,0
209.72,2.47,6.24,4.98,64.95,40.81,40.25,0.99,0
276.88,1.96,14.11,4.28,71.47,55.62,37.27,0.89,0
207.32,2.3,12.65,1.39,62.57,70.29,63.31,2.18,0
270.84,2.28,8.64,1.12,74.83,49.23,46.05,2.4,0
188.48,2.12,16.04,2.99,59.27,88.27,40.02,1.25,0
288.17,2.58,7.51,1.32,59.38,16.79,36.62,2.51,0
194.54,2.31,13.33,1.99,59.16,56.28,49.79,1.78,0
274.85,2.8,13.39,1.7,71.31,65.69,31.85,2.37,0
278.15,1.53,8.9,2.04,61.45,41.71,27.17,1.16,0
218.65,2.43,11.91,5.28,48.64,43.68,26.42,0.93,0
276.19,2.58,7.91,2.01,60.08,71.34,52.97,1.98,0
261.72,2.31,4.88,3.26,60.2,88.93,52.46,1.28,0
225.75,2.4,9.33,2.12,52.45,90.69,41.6,1.78,0
204.62,1.55,10.46,1.97,67.27,54.8,34.4,1.2,0
161.68,2.71,13.61,0.74,56.1,80.27,34.51,3.42,0
265.73,2.89,12.17,0.4,63.46,58.97,60.42,4.0,0
179.58,2.8,12.23,0.98,61.12,73.75,39.09,3.14,0
254.29,3.12,9.46,0.4,46.29,56.84,43.43,4.0,0
238.14,2.62,10.67,1.02,43.25,42.98,35.6,2.89,0
280.56,2.79,9.68,1.99,46.42,84.03,40.9,2.15,0
236.41,2.59,8.94,1.23,54.03,87.94,43.78,2.61,0
235.17,2.91,10.52,0.4,74.1,53.69,58.06,4.0,0
282.93,1.55,12.19,10.88,54.43,74.05,39.13,0.32,1
265.08,1.96,10.57,1.76,59.49,57.82,45.17,1.63,0
264.23,3.45,11.19,1.73,65.48,92.71,36.43,2.9,0
271.12,1.02,13.74,4.34,50.69,37.61,41.86,0.46,0
180.9,2.42,10.75,3.87,50.02,57.33,43.42,1.18,0
284.06,3.2,8.67,1.73,67.62,38.29,37.95,2.69,0
277.56,2.44,13.41,1.87,61.82,36.2,42.37,1.96,0
204.25,2.26,12.66,6.28,48.23,58.26,32.91,0.75,0
239.02,2.58,12.82,1.75,50.05,53.24,45.03,2.15,0
248.23,2.29,13.56,3.71,56.02,44.83,40.56,1.15,0
243.95,2.52,13.14,1.14,58.96,72.56,34.48,2.63,0
265.02,2.09,12.07,0.82,69.93,79.48,38.83,2.52,0
314.41,3.17,17.98,2.75,61.38,67.69,53.07,1.98,0
298.68,3.35,8.79,3.67,43.2,31.85,38.95,1.7,0
190.95,2.42,10.53,0.59,45.56,65.09,44.28,3.28,0
277.99,1.67,14.42,2.66,58.72,64.95,44.25,1.07,0
309.8,2.19,12.36,1.18,56.71,47.37,45.8,2.24,0
267.41,2.39,13.89,0.4,44.87,65.19,28.95,3.62,0
299.09,2.8,12.42,0.63,67.63,52.4,29.65,3.72,0
340.55,1.9,15.44,1.35,28.02,47.69,32.52,1.82,0
296.07,2.04,9.48,3.65,59.03,42.26,46.07,1.04,0
261.22,2.81,15.36,3.0,36.44,72.52,42.62,1.65,0
297.03,3.06,14.93,0.56,65.57,79.4,42.12,4.0,0
256.52,2.13,8.97,2.78,51.82,57.88,38.79,1.32,0
251.08,1.7,13.58,0.89,63.97,74.77,26.75,1.99,0
234.19,4.47,11.89,2.58,50.31,82.9,34.0,2.91,0
320.35,2.97,10.48,0.96,70.91,61.97,42.11,3.36,0
213.17,2.34,7.28,5.96,32.61,58.84,38.3,0.81,0
318.96,3.02,9.47,1.05,65.55,67.04,41.79,3.29,0
272.49,2.43,13.77,1.43,47.71,47.43,24.43,2.26,0
187.03,3.02,14.03,0.89,59.5,68.2,39.87,3.53,0
266.54,2.6,11.47,2.8,60.01,62.27,19.13,1.6,0
155.5,2.55,14.04,0.85,38.29,40.4,26.96,3.03,0
278.15,2.43,14.36,0.4,66.97,40.58,30.29,3.68,0
289.84,1.63,12.39,2.45,59.72,45.22,21.57,1.1,0
223.34,3.66,10.19,2.37,56.4,67.69,31.98,2.53,0
255.56,1.94,13.1,0.71,59.62,54.94,42.77,2.47,0
337.94,1.68,13.22,0.91,56.5,59.62,51.66,1.95,0
227.24,2.37,13.68,1.55,65.02,80.49,34.65,2.12,0
202.35,1.92,14.16,2.91,49.34,66.64,33.43,1.16,0
316.67,2.47,8.59,7.03,65.03,50.36,38.8,0.75,0
338.32,2.91,10.73,2.9,61.87,45.19,37.32,1.76,0
250.17,3.1,7.25,3.16,52.94,64.58,29.87,1.76,0
295.52,2.99,13.87,5.28,77.15,45.43,45.42,1.14,0
310.37,2.32,11.47,3.28,60.42,78.8,37.06,1.28,0
216.59,2.53,13.08,5.8,57.34,63.69,33.41,0.9,1
228.16,2.74,8.31,2.04,61.89,61.94,34.31,2.08,0
305.39,1.45,15.5,2.39,53.74,45.68,63.51,0.99,0
325.83,2.84,9.01,0.9,69.41,69.29,47.75,3.3,0
275.33,1.63,13.94,0.74,54.74,76.93,36.61,2.05,0
210.41,3.72,12.29,1.22,64.83,57.96,15.64,3.77,0
339.42,2.26,11.53,3.37,42.18,73.92,22.96,1.22,0
226.11,2.39,11.32,3.5,33.45,53.93,40.86,1.26,0
234.92,2.04,10.4,1.89,59.83,59.07,37.09,1.62,0
265.41,2.12,15.24,4.11,50.39,91.29,28.48,0.99,0
319.94,3.86,12.03,1.34,52.69,54.43,38.68,3.73,0
288.43,3.06,8.83,0.66,26.9,68.1,32.55,4.0,0
268.67,1.57,11.04,2.92,75.41,54.16,33.59,0.94,1
270.85,3.4,12.32,2.3,56.25,64.21,38.27,2.39,0
251.96,3.22,14.24,2.36,71.01,70.44,29.84,2.23,0
275.12,2.33,10.49,5.95,38.29,46.49,26.14,0.81,0
136.17,2.68,10.66,2.35,56.18,49.42,26.46,1.87,0
236.65,2.49,12.06,3.77,59.89,68.52,35.95,1.24,0
260.86,3.68,14.18,0.4,56.61,62.42,24.17,4.0,0
198.2,2.02,8.58,2.3,57.8,77.59,61.9,1.43,0
267.38,2.59,13.26,0.5,38.32,64.05,49.33,3.69,0
240.8,2.24,10.84,1.62,58.8,87.9,47.2,1.95,0
329.0,1.64,11.19,1.27,44.89,70.45,31.15,1.63,0
320.79,3.81,17.0,5.14,47.59,88.18,31.52,1.49,0
229.04,1.79,11.51,5.35,55.2,85.34,25.84,0.68,0
243.21,2.63,13.89,5.7,50.78,50.37,58.38,0.95,0
246.67,1.46,13.8,2.19,51.47,82.21,53.43,1.06,0
229.68,2.26,9.05,0.4,68.49,74.1,46.72,3.43,0
258.78,2.75,7.39,2.66,53.13,73.05,38.79,1.76,0
215.88,2.01,14.05,1.39,50.24,77.78,36.12,1.9,0
199.12,2.85,9.29,2.11,53.52,55.36,45.06,2.12,0
278.02,2.34,7.84,0.8,41.66,64.93,55.98,2.85,0
278.33,3.2,14.57,5.07,56.95,53.69,46.43,1.26,0
213.81,3.32,9.45,3.31,63.66,94.65,28.87,1.82,0
290.29,2.15,10.07,1.61,58.77,48.71,32.34,1.88,0
221.58,2.55,16.94,0.98,55.44,40.82,44.68,2.86,0
261.39,2.61,7.85,3.62,62.22,47.74,31.36,1.34,0
286.92,2.87,8.86,4.13,48.35,59.18,35.29,1.33,0
248.49,2.51,10.85,1.38,55.47,59.07,55.1,2.38,0
270.46,2.61,11.4,1.01,71.78,73.35,36.86,2.89,0
226.76,2.35,9.77,2.2,51.47,60.46,24.24,1.71,0
241.16,2.57,9.1,2.58,62.29,52.58,68.86,1.68,0
240.74,3.28,15.77,0.68,62.59,67.24,50.88,4.0,0
216.4,2.89,12.66,3.86,45.91,77.47,39.36,1.41,0
242.05,2.92,13.46,1.66,63.26,63.11,39.93,2.51,0
180.31,2.93,11.66,4.53,47.72,73.03,18.73,1.27,0
227.9,2.41,12.72,4.59,60.15,61.25,36.07,1.03,0
237.18,2.69,14.33,4.32,47.52,56.1,32.56,1.21,0
238.47,1.85,9.51,0.47,58.37,70.48,40.98,2.68,0
239.13,3.26,12.66,0.62,56.55,63.43,56.28,4.0,0
247.22,0.83,13.74,3.48,56.34,75.07,44.4,0.44,0
271.57,2.45,15.86,3.47,58.26,83.13,60.3,1.3,0
289.35,3.18,16.87,0.73,48.63,58.3,26.04,4.0,0
220.76,1.68,12.17,1.84,41.0,69.7,24.58,1.36,0
195.86,2.74,14.85,4.01,55.98,76.02,52.42,1.3,0
203.11,2.09,5.32,2.88,68.23,66.15,41.04,1.26,0
228.08,2.28,15.88,3.42,62.0,67.65,44.67,1.22,0
234.16,3.07,10.19,2.56,60.37,62.15,39.73,2.01,0
215.35,2.62,11.4,2.98,48.87,63.83,41.95,1.55,0
191.67,1.28,13.1,1.92,57.24,67.83,46.88,1.01,0
229.47,1.91,11.62,1.64,45.03,50.88,42.53,1.66,0
258.16,3.09,12.49,2.15,49.92,34.52,34.29,2.27,0
276.78,2.77,15.97,3.86,59.29,58.68,63.3,1.35,0
224.92,3.55,11.04,1.27,33.2,57.46,40.94,3.52,0
231.42,3.51,9.28,1.48,75.75,84.3,38.01,3.21,0
208.3,2.29,16.53,0.68,38.99,64.44,36.55,2.97,0
248.59,4.0,13.32,1.65,77.66,68.43,43.41,3.45,0
211.82,2.51,16.81,0.69,44.93,53.83,37.57,3.23,0
275.79,1.92,14.16,4.29,44.81,51.06,19.71,0.87,0
169.64,2.12,8.69,1.8,50.23,47.48,37.46,1.74,0
233.82,1.15,13.61,0.82,49.73,41.1,29.17,1.38,0
263.55,3.46,9.54,3.89,47.74,70.9,42.67,1.68,0
258.27,3.46,12.02,0.84,50.55,64.6,39.7,4.0,0
371.19,1.89,11.81,0.59,56.1,82.16,33.36,2.58,0
265.74,2.36,7.96,0.4,44.23,68.25,49.41,3.58,0
204.82,2.56,9.97,0.4,65.09,63.64,39.29,3.87,0
245.7,1.92,17.51,1.75,71.95,30.28,36.23,1.6,0
170.07,1.45,12.6,1.91,31.66,88.62,36.38,1.14,0
246.37,2.37,11.56,3.0,77.26,60.59,36.16,1.4,0
212.51,2.31,16.53,2.18,64.27,28.74,45.07,1.68,0
291.19,2.27,11.01,2.09,58.09,63.39,32.21,1.7,0
225.27,2.63,11.77,0.78,48.11,47.84,40.7,3.25,0
244.75,3.36,14.48,4.02,57.0,47.3,34.96,1.59,0
221.4,2.32,11.0,2.47,65.77,64.0,33.57,1.56,0
328.25,2.6,10.13,1.67,86.32,51.19,44.73,2.23,0
235.54,2.94,6.37,2.27,81.3,75.4,30.65,2.09,0
332.47,2.83,9.66,3.23,36.66,58.27,45.21,1.58,0
286.64,2.13,9.63,0.7,52.51,66.0,43.1,2.74,0
271.69,2.56,12.4,1.06,55.93,68.5,53.27,2.77,0
266.59,2.83,10.47,0.4,71.12,63.78,22.41,4.0,0
267.72,1.82,17.4,1.86,53.99,63.21,50.19,1.46,0
163.25,3.26,9.36,2.73,45.94,62.12,36.97,2.05,0
237.45,3.36,15.5,2.52,55.65,82.4,22.12,2.23,0
288.03,2.07,12.55,3.25,50.38,72.66,33.41,1.15,0
247.8,2.62,14.02,3.07,66.84,49.64,45.12,1.52,0
186.77,2.89,13.87,1.95,83.65,43.33,39.14,2.25,0
247.64,2.17,6.45,2.9,65.93,48.09,53.48,1.31,0
326.68,2.79,11.97,5.4,66.41,66.42,36.62,1.05,0
306.11,2.6,11.34,3.79,69.83,43.43,39.67,1.29,0
247.21,1.62,9.17,3.6,60.45,50.21,38.15,0.83,0
292.82,2.78,13.15,1.39,50.22,39.85,29.78,2.62,0
233.51,1.84,16.29,1.52,51.4,73.97,39.71,1.66,0
173.33,3.06,5.32,4.11,68.15,69.94,37.81,1.43,0
208.4,2.1,10.66,0.66,58.47,73.18,40.88,2.74,0
320.33,2.4,8.89,2.09,43.21,52.88,40.59,1.8,0
237.67,3.32,12.18,3.78,70.71,33.62,40.02,1.65,0
239.05,2.8,11.19,2.13,45.71,47.48,40.96,2.07,0
236.51,1.85,10.49,1.77,41.47,39.79,51.0,1.53,0
335.69,1.89,13.72,3.24,44.48,39.63,30.22,1.05,0
323.17,2.14,16.09,2.72,58.68,77.05,32.76,1.35,0
349.85,2.74,18.65,3.57,66.67,56.3,54.17,1.42,0
242.84,2.71,10.15,7.03,58.06,64.34,52.71,0.82,0
263.3,1.99,7.45,1.6,48.32,76.55,42.59,1.75,0
181.75,1.8,13.4,3.02,45.3,44.71,60.24,1.05,0
316.46,2.67,16.03,1.63,64.25,69.21,44.89,2.32,0
197.45,2.39,14.03,0.69,53.89,38.21,58.74,3.08,0
259.75,3.79,16.02,1.8,59.09,63.79,54.6,3.11,0
200.62,2.52,11.44,0.5,53.32,76.01,56.28,3.61,0
223.5,3.59,10.48,0.81,58.59,42.91,28.51,4.0,0
212.32,1.8,12.29,2.94,59.68,72.43,46.68,1.07,0
222.65,1.56,11.17,2.74,84.1,63.37,39.17,0.97,0
225.74,1.83,13.66,4.69,59.83,53.19,26.62,0.77,0
225.33,3.21,14.42,4.14,50.35,41.99,53.36,1.49,0
287.5,3.55,14.62,1.05,57.11,63.63,51.94,3.86,0
200.28,2.03,13.28,3.27,43.6,67.41,38.55,1.12,0
259.92,2.22,12.61,2.72,43.5,55.24,33.82,1.4,0
304.81,1.8,13.99,1.35,70.0,45.28,40.58,1.73,0
226.91,1.41,7.09,2.3,58.65,71.44,21.86,1.0,0
217.69,2.93,12.53,0.98,68.43,77.77,26.53,3.28,0
239.63,2.63,12.13,4.43,35.5,74.3,37.0,1.16,0
303.09,2.51,12.53,2.84,43.29,83.84,46.16,1.53,0
258.73,1.66,11.78,4.76,58.58,50.23,38.15,0.69,0
226.1,3.48,13.08,2.02,45.11,38.77,34.44,2.67,0
271.77,2.2,10.56,0.99,37.91,66.16,31.72,2.46,0
200.4,2.82,14.82,0.4,42.05,53.96,64.39,4.0,0
280.66,1.63,13.18,1.15,51.15,74.81,29.26,1.7,0
268.39,2.39,12.38,1.13,59.96,44.45,21.72,2.51,0
236.15,2.67,10.26,3.26,75.58,45.54,34.24,1.48,0
212.26,2.7,14.04,2.38,42.37,61.02,45.18,1.86,0
210.1,2.59,12.52,3.7,42.99,62.62,41.08,1.31,0
274.07,2.8,10.11,1.3,37.59,70.12,32.49,2.75,0
305.3,1.82,11.86,3.97,61.88,58.52,41.92,0.87,0
221.32,2.62,13.57,1.74,56.5,31.24,51.09,2.19,0
270.63,2.57,13.38,1.05,43.42,111.78,42.04,2.79,0
156.08,2.64,13.22,0.4,45.03,60.5,41.54,4.0,0
223.69,2.54,12.23,0.64,53.51,103.33,41.57,3.36,0
248.6,1.74,14.56,1.18,54.19,58.11,32.54,1.79,0
209.06,1.71,15.09,2.26,42.52,44.21,44.49,1.22,0
207.86,1.17,13.84,1.01,57.13,55.24,50.42,1.3,0
219.95,2.99,10.53,7.33,38.48,76.51,53.52,0.87,1
263.15,3.0,9.35,3.14,55.59,69.29,44.3,1.71,0
241.57,3.01,10.64,0.78,52.87,64.61,40.15,3.71,0
149.28,2.68,16.88,1.35,59.81,59.08,58.77,2.58,0
154.57,1.22,12.7,1.51,69.54,61.94,41.2,1.11,0
222.69,1.88,17.32,2.5,50.55,57.77,35.16,1.26,0
270.6,2.6,11.7,0.4,55.0,77.95,33.11,3.94,0
126.36,2.58,11.35,5.77,31.23,73.74,31.96,0.92,0
227.51,2.37,11.81,7.0,78.66,45.86,34.97,0.72,0
226.32,2.72,11.77,2.74,32.67,37.84,59.27,1.71,0
312.48,2.51,10.07,4.66,54.01,41.61,32.43,1.06,0
232.67,2.57,9.13,2.33,25.0,54.66,55.27,1.79,0
267.23,2.12,13.25,1.54,45.09,63.32,37.95,1.9,0
256.36,3.09,14.64,0.82,75.83,59.18,50.42,3.74,0
154.12,2.24,18.11,2.68,68.74,69.45,29.21,1.43,0
284.57,1.7,10.92,2.02,66.82,59.78,39.82,1.3,0
259.69,2.04,11.12,3.34,52.69,83.94,23.84,1.11,0
272.87,2.29,10.07,0.92,74.81,67.63,40.22,2.64,0
426.68,3.1,14.81,3.06,58.09,60.27,47.87,1.8,0
156.21,2.47,14.04,1.29,63.28,37.34,49.67,2.44,0
327.61,2.39,9.81,0.9,86.76,65.25,39.95,2.78,0
237.06,1.75,9.74,1.2,68.08,67.49,36.42,1.78,0
262.93,2.97,14.38,1.05,54.21,49.3,40.87,3.23,0
247.95,2.11,12.96,2.55,61.13,42.66,34.28,1.39,0
230.91,2.44,13.9,3.29,71.85,76.42,34.27,1.34,0
224.36,3.39,9.79,0.51,62.47,45.47,35.92,4.0,0
264.83,2.81,7.31,1.14,64.4,62.48,42.28,2.94,0
181.73,1.52,9.81,3.02,70.46,60.45,54.36,0.89,0
283.78,1.44,13.72,3.41,85.36,66.7,52.99,0.77,1
231.27,2.46,17.28,2.38,43.78,45.58,36.81,1.69,0
199.15,1.77,10.93,1.86,63.42,58.19,31.85,1.42,0
229.75,2.89,17.69,0.95,60.52,45.49,32.67,3.28,0
306.57,2.53,14.07,0.59,50.37,61.11,25.21,3.42,0
225.91,2.6,8.52,1.53,47.23,67.56,47.28,2.34,0
266.13,2.08,12.54,1.56,74.82,73.43,26.06,1.85,0
217.11,3.54,14.16,1.82,42.73,82.42,17.42,2.88,0
284.11,4.21,5.94,2.59,38.09,56.05,47.29,2.74,0
280.85,2.33,13.61,2.48,48.24,55.78,46.85,1.57,0
333.19,2.71,14.93,2.95,33.62,79.09,29.19,1.62,0
242.1,2.56,13.0,1.94,44.85,68.63,43.03,2.0,0
280.09,2.34,11.85,0.93,42.37,78.56,26.81,2.69,0
254.41,2.0,11.57,6.04,56.03,89.29,39.03,0.69,0
308.31,1.85,11.42,0.7,72.35,47.35,43.59,2.37,0
217.65,1.82,9.06,0.95,47.93,72.14,46.94,2.07,0
283.53,2.74,10.28,2.45,65.38,51.01,43.96,1.85,0
241.24,2.19,10.96,1.28,64.02,83.45,21.06,2.17,0
247.11,0.95,12.28,4.73,28.35,42.18,43.02,0.4,0
254.13,2.77,10.61,1.96,48.38,73.76,61.81,2.16,0
261.35,2.48,9.83,2.91,50.49,51.7,43.93,1.49,0
244.77,3.31,13.9,1.7,59.58,68.32,26.15,2.8,0
259.66,2.72,12.93,0.45,61.84,79.02,32.9,4.0,0
321.02,1.61,10.65,8.0,58.97,50.34,34.88,0.44,1
294.35,1.16,13.27,2.35,44.26,37.97,16.68,0.81,0
289.11,2.07,10.87,0.93,47.4,56.12,41.01,2.38,0
229.5,2.12,12.16,1.86,36.96,54.19,36.5,1.71,0
209.98,3.07,14.44,3.35,55.8,40.73,36.96,1.67,0
292.99,2.49,10.49,0.4,50.59,29.86,38.75,3.78,0
289.42,3.18,9.07,1.97,61.39,78.25,32.78,2.47,0
316.27,1.71,11.64,1.52,63.36,82.37,48.55,1.54,0
222.82,3.08,8.59,0.72,50.99,50.97,41.84,3.91,0
239.67,2.93,11.31,3.41,58.39,55.61,34.66,1.57,0
176.22,1.29,11.3,0.98,52.41,72.12,44.45,1.44,0
232.34,3.29,5.84,4.46,41.64,72.35,43.55,1.44,0
294.85,2.56,13.33,1.3,45.4,86.69,30.45,2.5,0
229.01,2.74,11.54,3.04,27.77,69.32,38.27,1.59,0
278.82,1.98,14.95,2.42,50.25,44.62,38.26,1.35,0
241.43,3.27,12.54,2.22,47.88,71.87,34.15,2.35,0
264.58,1.79,13.84,1.88,41.86,49.53,26.43,1.43,0
198.35,3.0,14.98,2.14,64.83,59.02,33.84,2.21,0
253.83,2.99,11.67,3.03,61.32,76.69,52.66,1.75,0
115.4,1.92,12.0,4.58,61.64,46.42,33.51,0.82,0
241.59,3.69,8.07,1.27,63.3,58.9,48.99,3.65,0
176.63,2.64,15.1,7.16,54.98,41.61,39.65,0.78,1
304.27,2.89,11.64,3.7,54.86,45.17,41.68,1.46,0
284.98,1.58,9.49,2.72,64.96,51.8,27.76,1.0,0
271.0,3.77,13.85,2.58,63.01,84.45,51.64,2.46,0
318.45,1.77,6.55,0.4,67.33,60.5,60.6,2.67,0
207.3,3.11,10.93,6.96,54.48,99.66,33.02,0.95,1
328.63,1.9,14.27,3.19,43.16,74.32,53.04,1.07,0
291.95,2.13,10.91,0.89,57.85,74.73,27.31,2.49,0
239.36,2.97,10.21,0.49,48.06,43.59,39.46,4.0,0
301.1,3.12,10.96,3.24,62.84,57.7,28.28,1.73,0
200.22,1.74,6.98,1.33,58.45,42.85,43.77,1.68,0
212.9,3.15,13.79,1.82,55.62,55.35,37.96,2.56,0
222.61,3.13,11.69,1.77,50.3,53.14,39.49,2.59,0
226.2,1.94,11.32,1.82,67.01,59.37,53.12,1.58,0
202.45,3.46,11.33,0.41,66.09,72.38,52.44,4.0,0
305.04,1.63,12.04,4.15,48.27,56.07,38.28,0.75,0
238.35,2.13,13.63,1.29,40.26,72.65,51.07,2.09,0
265.86,2.79,11.87,1.59,57.15,38.01,51.5,2.46,0
224.33,1.99,8.6,1.06,69.23,66.72,51.09,2.15,0
168.07,2.66,13.44,3.49,39.86,53.46,41.48,1.4,0
262.15,2.64,13.25,1.04,60.64,63.8,43.31,2.89,0
163.95,2.39,12.51,0.79,45.15,72.94,37.16,2.93,0
246.91,3.0,14.69,3.08,42.8,38.38,63.34,1.73,0
188.43,2.36,12.08,1.54,66.17,82.04,43.99,2.12,0
339.43,2.64,14.78,2.53,62.8,57.1,39.18,1.74,0
291.01,3.19,15.52,1.22,53.17,87.93,45.03,3.23,0
254.76,2.97,13.46,0.81,64.47,61.07,42.72,3.61,0
306.87,2.97,10.13,1.41,63.2,79.81,60.62,2.8,0
211.92,1.81,11.67,3.72,37.17,60.9,39.78,0.91,0
274.46,2.81,15.1,1.39,56.01,64.01,47.66,2.67,0
258.99,1.97,8.26,3.94,71.95,61.74,38.81,0.95,0
261.88,1.73,11.02,1.32,60.69,56.71,23.13,1.68,0
307.26,2.46,11.14,2.71,25.0,56.14,40.01,1.55,0
282.96,1.96,9.84,1.75,42.15,63.38,48.53,1.63,0
262.99,2.97,14.18,1.34,66.95,68.23,41.36,2.88,0
175.53,2.99,12.94,0.88,48.31,63.5,28.44,3.5,0
206.8,1.36,10.22,1.27,68.46,67.79,55.85,1.35,0
244.48,2.0,13.51,2.08,79.55,37.23,28.1,1.5,0
254.2,1.62,11.6,0.43,52.14,73.56,32.27,2.42,0
199.14,2.22,9.77,0.82,47.59,48.86,28.75,2.68,0
358.53,2.77,10.22,2.66,42.93,35.29,29.64,1.77,0
318.24,2.35,13.09,0.61,64.1,87.71,40.45,3.16,0
277.1,2.15,14.35,1.93,47.77,81.15,46.11,1.69,0
253.24,3.28,10.78,3.2,50.17,59.84,34.13,1.84,0
240.45,1.12,13.36,4.59,41.7,76.04,45.64,0.48,0
207.16,3.24,15.95,0.4,49.81,55.03,47.69,4.0,0
253.49,2.17,8.85,2.0,46.52,52.96,36.71,1.67,0
261.6,2.45,12.89,5.84,31.22,51.09,24.86,0.86,0
194.12,2.18,14.08,4.76,44.94,50.4,55.14,0.91,0
265.04,3.43,11.76,0.48,63.95,56.11,33.29,4.0,0
243.01,1.76,15.1,2.31,71.19,49.29,17.9,1.24,0
164.15,2.51,17.5,1.12,53.72,17.27,36.11,2.64,0
211.28,2.82,12.86,1.15,55.4,57.25,45.84,2.93,0
231.39,1.53,11.42,1.24,58.43,45.46,47.34,1.54,0
334.95,1.95,14.44,3.15,78.55,64.46,28.63,1.11,0
275.04,2.41,14.11,2.49,42.88,56.4,21.51,1.61,0
189.9,1.97,5.7,2.48,39.85,69.52,43.06,1.32,0
271.87,2.01,11.99,2.39,54.38,60.2,45.17,1.38,0
180.37,2.29,11.01,0.92,59.73,41.0,51.18,2.64,0
298.72,2.89,12.99,0.82,54.6,41.01,50.03,3.49,0
228.8,2.29,11.52,0.68,38.63,41.39,41.47,2.98,0
245.79,3.15,11.79,1.77,65.62,47.04,30.81,2.6,0
309.66,1.9,9.84,0.4,53.34,49.46,35.17,2.88,0
192.08,1.75,13.84,2.44,61.65,73.79,37.57,1.19,0
187.13,3.66,16.14,5.17,73.63,62.79,30.85,1.42,0
223.74,2.11,9.88,2.56,37.44,32.08,50.81,1.38,0
296.73,1.71,8.51,2.79,34.38,46.87,50.28,1.06,0
181.63,1.45,12.05,1.07,61.79,59.45,26.04,1.57,0
122.55,3.15,11.93,1.36,30.59,44.94,36.78,3.02,0
229.7,2.3,14.93,1.73,50.2,61.22,60.62,1.93,0
274.83,2.35,8.93,1.67,48.14,47.41,51.63,2.01,0
304.01,2.4,10.66,2.45,59.32,57.99,41.88,1.63,0
229.16,3.11,6.63,4.83,47.01,51.46,50.96,1.28,0
231.49,2.39,15.44,1.69,60.9,61.68,56.49,2.03,0
301.93,3.91,12.63,4.12,42.2,81.61,40.95,1.82,0
165.86,2.58,10.84,1.9,40.1,73.39,26.43,2.05,0
232.52,3.14,8.69,0.58,55.23,43.78,48.6,4.0,0
258.57,2.98,8.92,2.07,56.26,97.67,49.11,2.25,0
270.21,2.48,13.04,2.18,58.54,77.71,29.94,1.8,0
227.06,2.15,9.23,0.6,72.75,49.71,42.61,2.9,0
251.55,2.7,12.26,4.48,70.37,47.01,32.09,1.18,0
138.03,2.81,17.11,2.86,60.42,65.11,23.55,1.71,0
220.38,2.16,11.13,3.63,64.71,70.57,42.21,1.1,0
270.41,2.6,9.6,3.77,58.15,86.51,54.52,1.29,0
205.8,3.24,12.96,0.88,69.15,67.63,43.21,3.81,0
252.65,3.74,8.94,3.78,59.37,50.04,41.77,1.86,0
270.11,3.01,16.3,0.41,48.37,52.39,26.67,4.0,0
234.59,3.62,15.51,1.97,45.97,69.4,46.28,2.81,0
257.67,2.12,11.59,1.32,68.81,39.89,34.46,2.06,0
206.68,2.92,9.76,0.61,52.8,82.42,32.22,3.93,0
240.7,3.3,10.94,2.78,78.0,51.83,48.82,2.05,0
277.46,1.96,11.26,3.06,41.75,74.39,27.84,1.14,0
257.06,2.21,12.96,0.85,70.02,77.99,37.88,2.63,0
223.61,3.54,14.6,1.89,49.88,105.82,28.52,2.82,0
260.09,1.91,9.41,2.69,59.89,55.42,37.01,1.21,0
282.16,1.7,14.53,0.4,39.38,55.83,18.08,2.57,0
157.75,3.42,13.54,2.99,32.94,55.06,45.42,2.01,0
302.16,3.22,10.73,0.73,72.76,62.61,43.9,4.0,0
234.87,2.76,9.28,0.77,49.74,50.33,61.77,3.41,0
269.15,2.47,12.29,2.96,66.82,78.18,42.42,1.47,0
303.88,2.24,9.35,0.72,47.12,75.12,30.98,2.84,0
188.27,2.67,14.56,3.81,66.84,56.15,49.92,1.32,0
218.08,3.45,9.19,1.56,49.86,49.34,49.69,3.07,0
237.02,2.64,13.37,1.21,40.47,53.46,53.07,2.68,0
214.73,3.8,11.8,3.33,62.76,52.96,20.39,2.07,0
328.07,1.96,10.6,1.92,66.34,67.41,32.99,1.55,0
211.45,2.49,11.74,2.11,62.69,62.9,30.92,1.85,0
225.0,2.28,14.7,0.63,53.26,72.33,55.29,3.02,0
259.2,1.85,9.02,6.54,34.01,82.31,48.06,0.59,0
195.9,2.41,10.97,5.39,42.17,64.48,51.3,0.91,0
232.19,2.75,10.12,1.99,46.58,68.9,29.15,2.12,0
264.29,2.81,11.9,1.38,51.9,96.84,41.33,2.67,0
235.02,3.8,10.29,2.56,68.57,68.56,23.73,2.49,0
245.8,2.78,7.58,0.44,53.59,52.65,28.98,4.0,0
226.18,3.19,9.36,2.36,29.72,58.98,41.24,2.21,0
181.85,2.54,16.09,0.4,25.0,35.01,42.22,3.85,0
264.47,3.51,12.62,1.48,46.66,68.18,43.93,3.21,0
328.97,3.94,12.53,0.67,48.84,51.76,33.5,4.0,0
250.83,2.82,11.29,3.01,59.27,46.64,44.25,1.66,0
260.14,1.9,11.87,1.16,37.57,47.02,40.05,1.98,0
281.17,2.17,10.93,0.58,38.41,77.15,55.7,2.97,0
192.88,2.67,13.32,3.86,60.44,56.12,35.73,1.31,0
326.61,2.77,12.25,12.91,71.01,71.46,21.65,0.49,1
259.1,2.92,9.07,1.75,31.44,65.79,46.17,2.44,0
323.43,2.78,12.63,2.53,45.77,63.01,43.36,1.83,0
217.01,2.5,5.85,1.0,68.33,54.25,31.1,2.79,0
331.81,2.12,13.03,1.21,66.2,67.44,36.73,2.16,0
284.88,2.74,8.48,4.86,43.89,53.61,41.94,1.12,0
274.89,3.61,11.76,2.86,68.92,62.35,36.21,2.2,0
260.53,3.11,9.01,2.9,55.54,76.59,28.9,1.87,0
238.82,2.82,12.01,1.09,62.92,79.76,38.0,3.02,0
304.02,3.12,13.45,0.83,46.55,53.46,48.84,3.74,0
256.32,2.28,15.76,5.52,58.51,65.58,36.38,0.84,0
161.48,2.2,8.15,1.75,41.01,68.76,42.12,1.83,0
199.73,2.05,14.44,2.75,48.43,63.56,38.19,1.28,0
241.64,2.42,12.33,0.9,51.44,71.45,27.65,2.82,0
263.95,2.25,10.87,0.4,56.68,71.62,38.94,3.4,0
247.45,3.22,13.9,1.47,83.88,87.56,35.55,2.96,0
304.85,2.21,11.41,5.6,85.72,92.34,47.59,0.81,1
162.2,2.02,13.79,2.57,50.35,57.53,52.35,1.32,0
256.46,3.67,9.52,2.54,72.76,84.9,48.82,2.42,0
168.19,2.23,10.42,1.39,41.69,66.59,32.65,2.11,0
284.19,2.59,14.36,1.78,59.79,57.34,28.37,2.14,0
245.75,2.77,15.71,2.03,46.77,69.11,24.86,2.11,0
268.88,1.82,11.91,2.29,49.59,56.5,41.69,1.28,0
211.13,3.24,5.03,0.6,86.93,59.36,32.91,4.0,0
307.58,2.88,11.5,4.31,50.36,43.55,28.87,1.3,0
296.88,3.44,12.08,2.91,47.2,61.21,59.62,2.06,0
276.26,2.09,11.42,2.11,43.0,73.99,44.86,1.56,0
244.17,2.56,12.84,3.41,45.77,70.81,43.36,1.37,0
276.09,2.52,10.81,3.95,37.94,65.46,42.86,1.21,0
218.19,2.66,14.1,3.41,57.67,86.05,56.19,1.42,0
288.5,1.63,9.08,3.55,57.46,92.01,38.33,0.85,0
324.23,2.57,15.09,1.21,59.05,67.47,46.18,2.61,0
298.18,1.64,15.88,1.84,54.86,83.97,49.03,1.33,0
217.17,2.72,9.72,3.82,48.19,65.24,58.58,1.34,0
266.26,1.22,9.72,1.57,47.12,61.32,39.99,1.09,0
191.81,1.39,13.03,3.27,56.91,74.41,52.35,0.77,0
275.76,2.99,9.03,1.13,54.38,58.94,21.72,3.15,0
270.28,2.17,10.77,1.0,47.37,24.61,61.17,2.41,0
165.86,1.91,14.76,2.32,51.56,56.12,44.23,1.34,0
197.72,3.26,13.84,4.81,73.47,37.42,47.55,1.34,0
237.26,2.7,16.95,2.94,78.64,54.18,27.16,1.61,0
236.46,3.02,12.43,2.17,52.36,51.82,26.51,2.21,0
195.57,2.4,10.47,2.91,46.19,51.91,33.54,1.44,0
267.5,4.11,12.13,2.49,54.48,44.23,40.2,2.74,0
261.32,2.14,11.62,1.02,68.63,42.02,37.45,2.36,0
241.26,3.55,11.66,1.62,54.48,50.3,35.9,3.09,0
215.99,2.46,11.94,0.61,59.26,54.44,38.03,3.31,0
297.19,1.51,9.67,2.56,47.11,55.53,16.65,0.99,0
324.49,2.79,12.71,3.97,41.0,63.88,44.27,1.34,0
228.24,2.69,8.48,4.39,64.14,70.6,38.3,1.19,0
222.45,1.87,10.21,1.52,57.34,44.85,49.51,1.69,0
272.1,1.95,11.7,0.96,62.87,46.88,35.24,2.2,0
233.89,2.49,6.35,2.68,34.47,84.97,36.28,1.58,0
243.73,2.71,13.92,0.57,76.99,71.36,41.58,3.72,0
283.28,1.02,6.87,0.44,58.03,48.37,46.84,1.51,0
164.08,3.13,13.67,3.08,33.31,41.2,51.51,1.81,0
309.32,2.2,8.77,2.12,66.84,52.52,39.59,1.63,0
253.27,1.7,10.99,2.77,50.52,56.2,44.29,1.06,0
231.48,3.06,13.3,0.53,55.37,70.23,40.33,4.0,0
245.98,2.49,17.5,6.03,49.27,25.47,37.06,0.85,0
248.31,3.23,12.29,0.51,53.83,45.53,20.78,4.0,0
172.1,2.76,7.04,4.75,54.43,87.0,42.06,1.15,0
317.27,2.5,14.38,4.81,34.96,60.24,30.89,1.03,0
251.86,2.41,11.42,3.76,65.39,60.94,48.71,1.2,0
269.94,2.79,12.17,2.92,56.35,51.53,31.32,1.67,0
292.82,2.25,13.39,2.62,60.35,71.83,34.32,1.45,0
204.05,1.99,6.44,0.73,64.79,32.94,31.78,2.52,0
271.31,2.87,12.02,0.97,56.45,53.63,45.33,3.22,0
237.96,2.41,10.98,1.42,58.97,28.78,36.97,2.26,0
288.1,2.52,15.05,2.09,37.35,59.7,45.68,1.89,0
154.27,3.15,13.82,1.48,45.04,53.31,15.0,2.88,0
245.54,2.43,7.93,1.7,56.02,35.55,59.94,2.06,0
222.87,2.51,15.16,0.72,57.23,75.16,29.9,3.18,0
269.45,2.14,13.12,5.14,59.81,70.35,47.69,0.84,0
271.15,2.76,8.13,2.39,71.87,75.45,45.0,1.89,0
218.16,2.71,12.14,5.99,53.87,37.4,47.12,0.94,0
217.95,3.04,14.59,0.56,59.35,44.94,31.82,4.0,0
245.02,2.15,8.96,0.61,55.71,78.03,36.61,2.9,0
209.65,2.23,15.44,3.88,52.0,72.16,43.98,1.08,0
287.89,2.98,8.22,1.39,52.47,81.05,40.04,2.82,0
233.39,2.65,10.02,4.3,45.59,56.4,30.91,1.19,0
119.19,1.96,9.64,3.53,53.6,58.36,45.73,1.02,0
233.13,3.28,15.44,1.79,52.37,69.24,62.84,2.7,0
203.27,1.48,10.77,0.81,53.18,39.73,35.78,1.79,0
176.59,2.97,9.09,0.87,34.1,62.94,44.88,3.5,0
194.32,1.74,13.11,1.13,53.81,98.03,42.28,1.83,0
254.92,3.63,13.65,2.02,44.48,54.63,36.29,2.78,0
309.79,1.57,13.67,2.96,54.26,35.95,48.06,0.94,0
264.09,3.19,11.32,0.84,41.86,66.17,47.93,3.82,0
222.71,2.45,12.64,0.95,55.6,46.48,34.5,2.78,0
270.52,2.28,10.37,0.89,51.44,58.4,54.33,2.67,0
229.34,2.61,16.19,8.25,47.48,76.31,40.11,0.69,1
218.74,2.88,14.86,1.29,58.47,68.37,50.76,2.84,0
198.05,1.96,14.71,2.52,59.51,52.67,43.44,1.3,0
171.17,2.01,13.99,3.7,54.41,72.58,40.4,1.02,0
232.45,2.89,13.3,0.97,61.83,34.98,39.92,3.26,0
257.11,1.48,8.89,2.81,50.04,62.96,46.76,0.91,0
245.65,2.15,13.58,2.78,59.8,54.24,29.0,1.33,0
231.28,4.32,12.29,0.84,54.49,24.6,43.71,4.0,0
207.44,1.92,15.16,1.29,43.01,41.84,53.1,1.89,0
277.37,3.19,14.02,2.81,45.38,59.78,45.11,1.97,0
190.73,2.15,13.38,1.67,68.98,71.2,22.53,1.84,0
284.92,2.81,7.79,4.01,73.92,60.33,26.17,1.33,0
204.9,2.89,11.78,0.59,63.56,55.56,40.21,3.92,0
216.14,3.18,10.61,4.29,48.0,72.15,32.13,1.43,0
183.99,2.38,12.63,1.78,72.13,64.11,48.9,1.97,0
227.44,3.69,10.96,1.52,62.35,74.96,35.26,3.34,0
293.89,2.15,11.31,3.02,59.03,68.62,45.51,1.26,0
273.2,2.64,13.15,1.59,77.11,49.32,59.39,2.32,0
294.03,2.65,10.92,2.14,44.68,70.06,40.23,1.95,0
273.5,1.83,12.3,3.47,64.28,74.41,29.88,0.97,0
200.33,2.33,8.2,2.47,45.22,81.0,43.96,1.56,0
235.11,2.6,9.92,3.79,47.72,52.09,42.83,1.29,0
214.89,2.24,13.64,1.46,86.22,54.55,42.5,2.07,1
309.88,3.96,8.92,2.5,61.03,73.21,53.68,2.64,0
196.14,2.0,15.11,5.34,77.19,72.62,28.14,0.76,0
290.22,3.21,14.44,0.45,61.52,52.35,49.99,4.0,0
290.18,3.01,11.33,2.61,59.83,49.91,33.94,1.95,0
332.33,2.49,19.5,3.31,47.49,53.5,53.81,1.37,0
231.56,1.98,15.11,4.99,66.73,61.19,18.78,0.79,0
282.05,2.04,9.63,2.56,55.3,46.68,62.31,1.34,0
352.67,2.19,13.87,2.82,55.97,66.3,37.29,1.35,0
222.21,1.43,12.16,1.16,51.87,34.1,27.9,1.48,0
180.92,1.9,10.06,4.45,53.79,47.52,49.08,0.83,0
165.4,1.61,9.33,3.06,55.3,62.76,45.12,0.93,0
282.07,3.31,14.49,1.12,56.47,46.21,44.53,3.49,0
165.26,2.87,10.51,1.0,54.39,53.72,49.3,3.18,0
233.25,2.97,11.75,1.62,36.32,58.09,40.36,2.59,0
269.68,2.85,9.7,2.03,61.5,91.82,37.07,2.17,0
258.33,2.6,10.13,1.86,53.52,40.41,28.41,2.09,0
269.15,3.38,11.68,1.93,25.0,63.54,38.86,2.66,0
260.0,2.13,12.97,1.59,35.95,44.63,34.89,1.88,0
307.55,2.56,5.53,1.92,49.32,44.06,39.92,2.02,0
207.15,2.95,12.04,3.87,70.34,46.87,41.13,1.44,0
219.54,1.71,10.13,3.03,62.29,57.65,57.37,1.0,0
215.23,4.36,15.51,0.53,46.75,81.51,32.53,4.0,0
287.36,2.52,19.36,4.15,52.71,77.62,38.59,1.17,0
290.52,2.59,11.1,2.55,68.25,53.13,35.65,1.7,0
270.31,3.25,7.69,0.83,47.6,56.0,25.97,3.92,0
303.26,3.05,12.29,2.14,41.97,68.87,69.12,2.25,0
196.99,2.52,11.49,1.11,65.57,60.86,30.64,2.67,0
325.03,2.58,16.93,1.12,68.39,50.45,43.69,2.72,0
318.55,1.6,16.17,1.59,47.74,69.92,57.0,1.41,0
283.1,2.17,14.16,4.12,60.85,84.31,27.61,1.01,0
330.18,2.81,10.53,1.28,54.51,75.88,48.76,2.77,0
175.45,2.77,13.69,3.15,47.91,80.35,24.61,1.57,0
226.4,3.23,12.66,7.36,69.02,57.91,31.98,0.94,1
216.91,2.43,12.6,9.76,47.03,43.76,45.61,0.55,1
282.47,1.67,8.1,1.64,64.07,30.0,37.27,1.44,0
202.74,3.13,14.65,0.71,55.82,28.92,54.55,3.99,0
284.09,3.36,12.27,2.69,52.93,56.95,41.29,2.13,0
311.67,3.04,11.75,3.03,48.34,67.6,45.21,1.77,0
281.28,2.4,10.5,3.95,43.16,72.65,33.1,1.16,0
262.77,3.13,10.02,2.68,52.0,63.65,29.61,1.99,0
205.55,4.56,12.79,0.64,48.85,49.18,28.44,4.0,0
211.89,2.57,7.63,0.4,56.11,69.82,30.65,3.89,0
306.23,1.71,13.97,4.37,40.63,42.03,33.05,0.76,0
285.07,2.15,9.36,3.6,53.18,43.44,51.57,1.11,0
248.24,2.88,6.85,0.86,59.87,69.19,44.03,3.41,0
231.19,1.54,16.55,0.82,46.92,41.5,27.22,1.86,0
158.84,2.6,9.85,6.26,63.89,48.52,35.88,0.87,0
201.81,2.73,10.19,3.98,65.19,45.33,39.7,1.3,0
336.01,3.42,14.84,1.6,40.51,62.54,69.33,3.0,0
192.38,3.29,16.64,1.0,45.9,68.82,40.09,3.65,0
258.53,3.02,8.17,1.56,38.91,69.21,44.54,2.69,0
295.33,1.2,9.61,1.29,60.08,51.3,30.08,1.19,0
193.53,3.05,9.79,3.05,56.53,57.48,47.21,1.78,0
258.31,2.92,14.34,2.36,35.79,71.03,53.8,2.02,0
292.21,2.65,16.1,1.16,47.18,52.04,38.49,2.75,0
250.56,1.46,9.3,3.23,58.7,46.31,46.15,0.82,0
379.08,2.03,15.54,1.05,56.36,50.38,45.75,2.21,0
174.91,1.8,10.23,1.2,69.52,50.88,40.69,1.84,0
297.64,1.29,12.84,1.72,41.18,60.46,52.91,1.09,0
242.22,2.5,8.82,4.02,54.89,59.6,32.01,1.18,0
284.74,2.02,11.7,1.09,42.98,57.49,31.28,2.16,0
269.86,4.08,11.72,3.54,56.32,48.0,40.04,2.13,0
217.01,2.4,11.21,6.23,52.83,46.02,36.27,0.8,0
260.3,3.28,12.96,1.34,58.26,69.74,15.0,3.16,0
166.39,1.56,9.48,3.75,50.09,65.15,32.69,0.78,0
277.15,2.18,9.79,4.32,64.15,53.48,18.7,0.98,0
263.42,2.56,13.09,10.34,46.42,59.15,36.79,0.55,1
278.74,1.96,15.36,2.78,42.82,78.18,47.13,1.21,0
297.62,2.25,11.94,1.77,57.7,58.92,40.54,1.86,0
266.54,2.37,13.26,5.33,77.25,59.91,41.33,0.9,1
256.66,2.36,13.9,3.28,36.74,82.91,38.44,1.3,0
210.35,3.61,14.08,3.09,41.27,76.06,42.12,2.08,0
217.95,2.73,9.62,2.83,57.78,50.39,68.25,1.67,0
303.4,2.79,10.06,6.44,68.53,76.06,36.48,0.91,0
314.64,2.82,10.27,1.29,58.68,57.45,39.87,2.78,0
239.29,2.87,16.82,3.79,47.7,44.24,31.35,1.42,0
252.07,2.45,13.27,2.84,60.04,79.56,20.96,1.5,0
209.29,2.31,13.16,4.56,61.2,49.36,42.66,0.99,0
302.77,2.6,12.92,1.22,46.84,52.35,51.32,2.63,0
279.94,3.19,8.7,0.7,64.9,54.28,63.2,4.0,0
337.35,3.18,16.85,6.42,54.59,90.55,38.12,1.03,0
210.48,2.36,13.2,0.41,34.0,45.72,37.41,3.55,0
232.99,2.96,13.81,1.13,53.38,50.96,49.36,3.1,0
260.42,2.38,7.59,0.53,48.17,54.87,57.12,3.36,0
279.09,2.52,13.95,4.09,70.66,67.91,27.64,1.18,0
240.29,2.22,11.11,0.88,39.05,58.96,46.65,2.6,0
210.72,2.39,8.69,2.6,49.2,49.99,58.28,1.55,0
289.66,3.3,9.62,0.88,58.09,69.36,37.51,3.89,0
282.45,2.56,8.84,0.66,84.03,80.35,28.42,3.35,0
208.77,2.58,8.8,6.11,78.46,35.65,47.85,0.88,0
310.99,1.63,12.15,3.27,54.46,49.78,26.54,0.9,0
302.66,2.31,11.03,1.51,59.19,67.68,51.9,2.09,0
256.04,2.36,12.84,2.19,62.22,41.51,59.91,1.71,0
253.58,2.0,16.19,0.68,42.85,57.68,35.0,2.6,0
274.93,2.51,11.68,7.31,55.12,79.06,56.58,0.73,1
211.22,2.24,6.39,1.1,71.27,69.34,46.31,2.39,0
251.35,2.55,11.4,3.54,56.7,67.82,53.86,1.33,0
153.14,2.57,14.98,0.55,78.4,71.21,33.5,3.58,0
289.44,1.93,11.79,2.39,49.65,64.87,46.23,1.32,0
179.73,2.26,15.82,2.87,53.94,54.94,42.42,1.37,0
317.65,2.55,13.13,1.97,54.03,74.47,32.14,1.98,0
235.14,3.21,7.4,3.47,39.38,52.86,36.48,1.7,0
240.47,2.65,12.27,1.54,68.27,57.58,45.76,2.37,0
221.75,2.1,12.74,1.14,51.0,35.16,28.75,2.2,0
237.04,2.74,14.7,2.05,58.1,52.83,27.99,2.07,0
313.83,3.52,16.55,0.72,47.82,61.18,27.23,4.0,0
138.05,3.05,14.27,0.74,75.7,60.4,32.24,3.83,0
307.46,2.83,13.1,1.11,69.79,73.86,42.86,3.0,0
265.21,2.94,13.69,5.48,55.7,53.43,34.93,1.09,0
195.68,3.36,11.58,1.84,40.31,54.04,52.78,2.72,0
201.61,3.15,8.34,7.84,63.93,51.88,25.56,0.87,1
325.44,2.84,12.1,1.73,68.0,63.62,45.13,2.38,0
207.45,3.14,12.91,1.15,43.87,83.19,36.33,3.27,0
198.1,1.85,8.99,5.93,53.28,25.34,38.95,0.64,0
301.18,1.6,15.32,1.1,55.92,52.68,46.84,1.7,0
265.23,2.59,14.51,1.68,68.04,54.74,15.0,2.21,0
207.79,2.54,8.57,0.65,53.18,28.03,18.62,3.34,0
259.75,2.17,15.41,4.79,66.54,58.14,39.37,0.9,0
203.84,3.0,11.23,1.91,45.73,54.7,37.78,2.37,0
299.54,1.38,10.05,4.63,42.33,53.42,25.72,0.59,0
297.76,2.18,14.7,2.92,76.98,43.45,60.05,1.31,0
273.94,2.21,11.87,1.87,39.25,58.69,28.41,1.77,0
266.27,1.52,16.75,2.59,45.99,42.5,34.68,0.99,0
329.25,3.4,9.87,5.15,64.42,47.37,51.5,1.33,0
249.99,1.68,7.67,2.16,48.63,57.01,33.25,1.23,0
196.82,2.15,11.3,1.7,48.31,75.32,31.32,1.82,0
270.23,3.04,13.97,0.4,52.63,66.15,43.89,4.0,0
343.87,2.89,9.68,2.82,29.13,69.21,32.57,1.77,0
204.34,1.84,8.67,1.92,68.45,89.42,43.95,1.45,0
233.73,2.91,12.57,5.69,57.11,66.61,45.13,1.05,0
268.74,2.67,8.34,0.64,45.26,44.3,43.79,3.54,0
247.57,3.9,12.77,2.89,34.4,51.56,51.79,2.35,0
205.8,2.74,11.15,0.45,38.62,47.14,36.14,4.0,0
300.48,2.42,13.24,1.59,35.87,57.96,34.96,2.12,0
354.4,1.99,8.54,5.41,57.73,53.83,39.14,0.75,0
258.83,2.05,15.25,5.33,57.85,45.86,15.0,0.78,0
209.32,2.0,11.54,2.79,62.35,73.86,42.14,1.24,0
180.3,3.32,13.91,2.82,63.79,74.93,36.7,2.04,0
261.61,2.51,14.4,3.84,62.54,62.69,43.82,1.23,0
299.67,2.84,9.11,1.93,73.45,44.97,31.04,2.23,0
271.38,3.41,14.21,1.76,69.34,61.82,53.45,2.83,0
249.89,1.08,8.44,0.65,66.5,50.82,37.92,1.42,0
223.48,3.27,8.57,2.19,57.84,79.29,48.36,2.37,0
200.85,2.53,16.91,0.72,63.65,42.06,34.93,3.22,0
287.56,2.76,14.78,1.49,50.07,69.86,44.67,2.52,0
291.12,2.0,17.18,4.02,52.35,69.55,24.45,0.95,0
180.44,2.05,11.07,2.66,75.66,73.45,18.03,1.31,0
321.54,2.79,12.26,1.05,48.31,62.94,37.93,3.04,0
275.83,3.93,13.32,1.42,47.43,55.05,39.8,3.68,0
312.98,3.1,11.97,2.28,50.66,95.9,39.04,2.19,0
189.6,3.26,10.13,3.12,48.41,46.84,37.11,1.86,0
188.54,2.38,9.76,0.93,49.43,70.77,35.98,2.73,0
243.3,2.14,12.53,4.9,57.91,60.28,46.75,0.87,0
272.63,2.03,9.33,2.08,58.3,65.14,57.84,1.52,0
330.84,2.21,9.26,0.92,65.93,65.06,65.87,2.55,0
281.77,1.27,12.98,1.13,81.26,43.76,50.94,1.33,0
239.08,2.07,11.76,4.75,50.58,39.87,17.12,0.86,0
203.81,2.16,14.34,3.19,54.21,40.84,50.51,1.22,0
305.35,2.39,10.94,4.14,32.94,53.31,50.38,1.11,0
206.59,2.58,10.55,2.72,39.49,63.72,38.99,1.63,0
323.28,2.72,13.06,0.96,53.25,49.69,49.27,3.08,0
237.2,2.49,9.97,4.84,60.56,38.45,43.6,1.02,0
321.58,2.15,10.35,0.85,60.9,73.78,39.85,2.57,0
280.55,1.32,10.45,2.23,62.4,36.92,42.53,0.95,0
243.84,2.15,11.48,0.63,70.09,67.2,34.46,2.87,0
226.63,1.92,16.43,1.47,75.47,48.73,21.6,1.76,0
234.66,2.78,8.56,1.57,52.08,78.26,21.23,2.46,0
269.27,3.05,15.24,0.81,45.37,52.12,49.17,3.7,0
253.47,3.06,13.84,1.09,62.86,33.59,29.74,3.27,0
223.28,2.95,15.92,2.49,66.21,59.41,24.7,1.98,0
242.55,2.42,19.84,1.35,56.63,47.39,24.5,2.33,0
253.54,2.19,15.58,11.91,52.85,72.16,35.24,0.42,1
154.21,2.05,14.31,3.32,48.95,64.95,55.16,1.12,0
270.62,1.6,8.72,3.52,54.49,50.56,38.55,0.84,0
205.91,3.1,9.03,4.19,63.28,44.96,25.69,1.42,0
198.1,2.4,12.9,2.82,46.98,43.54,54.82,1.47,0
174.07,1.75,7.75,1.17,45.39,51.21,43.27,1.81,0
169.27,2.0,13.54,3.49,62.2,80.46,36.53,1.06,0
189.0,1.98,6.66,1.65,44.82,57.84,44.85,1.71,0
218.09,2.53,14.88,0.69,56.81,74.21,40.12,3.26,0
337.9,3.14,11.2,3.0,56.18,37.79,32.83,1.85,0
226.34,2.29,12.32,2.76,55.0,31.19,34.53,1.43,0
258.0,1.15,10.13,3.54,47.29,45.82,27.63,0.6,0
268.02,2.39,7.25,1.92,75.81,69.86,35.3,1.88,0
255.9,2.41,15.09,3.86,59.78,55.67,49.3,1.18,0
246.52,2.37,15.34,0.87,48.83,73.35,49.03,2.79,0
196.21,2.12,11.12,0.45,58.97,78.96,38.24,3.11,0
315.29,2.63,13.65,2.23,76.99,45.64,38.35,1.89,0
331.32,2.54,11.02,1.36,56.07,72.51,29.67,2.43,0
174.28,2.49,12.72,1.02,73.4,80.82,43.96,2.73,0
203.92,2.75,13.9,1.72,41.23,75.5,26.17,2.31,0
237.41,2.24,13.39,3.16,44.79,36.09,48.32,1.27,0
206.6,2.21,15.35,0.4,29.32,32.18,44.19,3.35,0
272.77,3.33,13.3,1.52,78.71,53.27,37.35,3.0,0
217.23,2.84,12.07,5.83,34.58,53.84,44.35,1.0,0
347.43,3.0,10.1,0.6,57.09,72.64,36.59,4.0,0
303.57,3.24,10.8,1.28,75.85,45.49,41.89,3.19,0
259.57,2.82,14.03,4.67,66.65,66.24,42.15,1.19,0
296.21,3.06,8.25,1.82,59.52,43.75,51.67,2.49,0
299.77,1.55,14.76,2.44,70.4,65.18,44.89,1.05,0
224.62,2.62,11.3,1.55,46.98,53.14,50.49,2.34,0
213.27,2.39,9.95,4.94,61.21,65.38,43.93,0.97,0
253.52,3.51,9.25,1.21,53.65,54.54,39.43,3.56,0
288.77,3.06,13.69,2.17,53.4,26.89,45.15,2.23,0
256.26,2.12,11.96,3.6,57.29,67.63,43.45,1.09,0
179.04,2.72,15.97,1.05,69.1,77.55,36.39,2.96,0
213.87,2.6,8.84,0.56,73.8,47.46,25.92,3.6,0
246.67,2.77,10.55,0.4,51.8,72.14,34.78,4.0,0
246.6,1.89,11.77,3.15,41.94,50.8,34.7,1.07,0
338.76,2.72,10.12,0.79,45.17,39.75,45.55,3.33,0
187.63,2.36,12.02,2.77,78.37,50.83,39.35,1.47,0
272.75,2.67,12.8,2.67,72.77,57.24,31.87,1.7,0
317.01,2.07,13.21,0.73,41.9,40.19,38.35,2.6,0
352.22,2.15,15.77,2.31,74.93,80.24,36.79,1.51,0
231.8,3.2,8.74,7.22,46.46,37.04,30.81,0.95,1
272.11,1.87,12.84,3.27,62.98,51.88,54.67,1.03,0
275.64,1.91,10.38,10.96,46.45,46.17,38.14,0.39,1
258.8,2.47,13.08,1.35,80.95,80.31,32.08,2.37,0
245.55,2.04,13.08,2.41,48.16,37.39,23.38,1.39,0
269.62,1.97,9.53,0.99,42.4,72.38,40.87,2.19,0
136.05,2.56,9.75,5.85,49.52,62.96,45.18,0.9,0
280.69,1.6,13.28,1.64,86.52,41.28,33.48,1.38,1
255.68,1.9,12.06,0.72,58.13,54.73,41.4,2.41,0
239.99,3.73,11.45,2.39,42.66,57.26,29.09,2.57,0
342.11,2.78,13.64,1.28,45.54,68.77,37.71,2.74,0
219.63,2.05,13.83,2.73,34.03,50.33,50.85,1.29,0
231.86,2.75,10.68,1.87,61.48,69.47,37.67,2.2,0
339.62,2.84,9.87,3.31,39.99,60.73,33.56,1.56,0
212.56,3.1,8.85,0.4,68.27,66.77,53.42,4.0,0
225.24,2.42,12.08,2.07,64.48,46.78,41.98,1.82,0
243.38,3.09,8.44,0.97,53.8,56.38,34.97,3.47,0
287.83,1.28,12.25,4.23,69.83,61.65,31.34,0.58,0
259.35,1.87,15.04,5.49,66.11,61.22,28.51,0.69,0
191.83,2.6,11.12,1.23,56.88,59.41,44.27,2.62,0
226.05,2.7,10.66,2.76,45.78,91.38,47.67,1.68,0
222.67,1.95,16.99,0.91,59.96,68.61,40.0,2.27,0
246.53,2.66,15.77,2.58,59.89,70.91,38.02,1.73,0
269.16,2.13,10.09,0.95,60.9,63.7,45.88,2.42,0
268.82,2.33,12.35,2.68,55.95,68.0,25.82,1.48,0
170.08,3.11,12.82,2.97,58.93,62.98,40.76,1.85,0
297.88,3.05,12.51,6.21,58.63,87.27,40.17,1.02,0
261.37,1.9,16.54,0.55,71.35,59.1,44.15,2.63,0
312.3,1.87,12.22,2.84,39.71,72.47,44.79,1.14,0
269.99,2.25,12.59,0.4,42.98,91.28,35.92,3.41,0
299.56,2.48,13.72,1.89,55.9,69.8,58.54,1.98,0
270.99,2.11,14.97,1.82,45.88,55.73,29.15,1.71,0
310.58,3.12,14.34,1.8,57.53,48.99,35.23,2.56,0
273.5,2.71,13.35,0.5,41.64,52.57,48.58,3.86,0
245.59,2.74,8.1,1.96,43.54,65.88,33.65,2.14,0
352.26,1.74,10.78,1.92,79.73,86.76,41.11,1.37,0
290.01,3.2,14.05,0.4,52.25,69.05,34.68,4.0,0
275.82,0.81,12.63,0.4,40.95,54.2,36.09,1.22,0
192.57,3.0,14.07,2.3,53.62,55.43,27.06,2.12,0
192.03,3.06,16.72,4.01,67.44,57.76,47.61,1.45,0
263.17,2.24,9.06,2.21,69.47,39.89,47.83,1.62,0
256.55,3.26,14.84,2.42,37.47,53.13,47.8,2.22,0
222.36,2.46,11.17,1.1,45.8,52.48,35.71,2.62,0
256.34,2.54,14.34,1.8,57.67,101.67,43.32,2.08,0
321.49,2.7,11.9,0.53,54.59,73.9,59.95,3.79,0
281.29,4.41,17.32,2.88,35.8,43.9,42.9,2.67,0
198.65,3.31,12.33,0.89,37.74,36.46,28.44,3.86,0
244.98,2.92,10.4,0.58,42.19,40.41,31.46,3.99,0
213.78,1.95,13.05,1.96,33.75,81.2,30.99,1.52,0
232.55,2.59,12.81,4.24,49.5,39.76,53.21,1.18,0
231.39,2.01,14.85,2.22,69.33,84.15,43.94,1.45,0
228.51,2.99,13.12,4.23,47.01,63.6,24.26,1.37,0
193.52,2.58,18.19,1.34,67.99,56.31,53.03,2.49,0
244.26,1.83,11.72,2.4,55.36,42.83,45.67,1.25,0
224.77,2.55,11.75,1.63,52.8,78.96,41.74,2.22,0
118.17,1.99,10.49,3.14,35.01,68.19,55.17,1.13,0
342.38,2.59,12.21,2.65,69.04,73.5,37.71,1.66,0
298.99,1.98,12.58,1.01,56.4,55.91,53.62,2.2,0
233.07,2.52,12.7,6.41,35.8,70.0,17.9,0.82,0
250.85,2.95,12.17,0.62,59.58,82.22,32.67,3.95,0
197.28,2.47,10.48,2.15,47.95,68.93,47.92,1.81,0
326.31,2.27,9.8,0.9,55.74,44.16,56.78,2.63,0
335.38,2.62,11.06,1.92,57.88,67.8,27.82,2.07,0
257.05,2.92,14.85,0.84,69.59,71.32,35.82,3.48,0
296.06,1.84,15.39,1.91,41.47,85.15,41.66,1.45,0
257.89,2.66,11.81,2.32,61.86,68.77,30.61,1.86,0
189.85,3.29,9.65,3.11,70.94,76.52,37.37,1.89,0
231.47,2.84,11.8,0.4,85.25,69.24,55.82,4.0,1
255.94,2.53,17.23,1.3,67.59,39.68,29.69,2.48,0
229.55,2.88,14.5,3.44,59.34,72.44,37.6,1.54,0
240.16,2.77,13.38,2.55,58.3,61.8,42.73,1.82,0
245.89,2.95,14.41,8.61,73.63,89.95,44.65,0.75,1
246.36,1.29,15.85,1.27,51.56,38.41,31.35,1.28,0
252.35,1.57,9.12,6.52,64.55,43.02,38.22,0.5,0
202.27,3.1,11.02,3.34,81.33,70.88,37.1,1.69,0
217.73,1.6,10.68,4.71,53.69,82.67,43.04,0.67,1
192.19,2.74,13.47,0.99,30.83,58.2,28.24,3.06,0
294.0,2.29,12.4,2.58,44.67,58.28,52.71,1.49,0
155.25,1.9,13.89,2.28,58.52,63.11,42.58,1.35,0
301.91,2.71,10.73,1.36,44.96,52.74,50.67,2.59,0
312.39,2.62,15.43,4.21,50.83,74.81,34.29,1.2,0
236.4,3.77,11.83,1.86,51.46,52.76,27.8,3.03,0
132.86,2.13,13.74,3.28,61.73,70.51,30.45,1.17,0
233.74,3.36,14.99,0.57,43.65,40.15,47.01,4.0,0
247.11,2.71,14.79,2.33,47.99,85.78,35.59,1.89,0
204.52,2.1,12.9,3.58,71.88,28.19,23.8,1.09,0
226.82,2.98,14.05,1.17,49.22,44.05,41.8,3.07,0
318.86,2.84,16.35,1.77,63.71,93.8,36.79,2.35,0
279.92,2.52,13.28,1.91,55.17,61.52,37.05,2.0,0
208.39,2.66,10.18,1.9,54.72,50.1,22.9,2.11,0
178.11,2.14,13.46,0.81,63.86,40.84,24.91,2.6,0
235.28,2.0,11.91,3.64,32.65,53.46,34.52,1.03,0
240.39,2.96,6.13,1.5,60.32,64.35,30.72,2.69,0
272.33,2.37,13.15,3.05,61.63,67.3,34.31,1.38,0
225.91,2.45,12.29,2.15,65.18,64.83,48.33,1.8,0
273.02,2.67,14.89,0.91,50.49,33.21,29.36,3.09,0
337.08,2.66,10.12,2.51,55.01,62.08,30.94,1.77,0
286.7,1.64,8.24,1.14,25.57,65.08,34.73,1.72,0
247.84,3.27,12.42,1.47,46.96,65.23,30.37,3.01,0
241.76,2.57,12.95,0.4,57.11,60.44,37.85,3.9,0
233.95,2.38,12.23,3.58,72.65,41.57,50.28,1.23,0
303.13,2.76,12.05,0.54,77.15,46.18,37.13,3.85,0
221.77,2.64,9.33,3.63,50.89,78.2,42.58,1.35,0
252.04,2.96,11.65,1.84,65.49,48.36,16.79,2.4,0
252.3,2.82,11.13,2.18,53.23,49.17,40.82,2.06,0
227.42,2.93,14.68,1.33,35.61,55.56,54.76,2.84,0
188.24,3.31,12.95,0.57,62.26,41.75,40.98,4.0,0
264.53,3.03,11.31,4.44,76.98,69.51,41.28,1.33,0
247.25,2.4,16.31,0.99,50.42,40.97,42.86,2.68,0
272.51,1.83,11.33,5.26,44.11,76.26,55.68,0.7,0
225.99,3.5,13.39,6.24,55.81,39.83,53.54,1.17,0
304.94,2.36,11.58,2.94,53.53,55.81,29.78,1.41,0
210.55,2.22,16.08,1.71,86.32,65.16,52.03,1.87,1
327.04,1.46,12.22,0.61,67.07,71.86,53.76,1.96,0
171.36,2.7,12.29,3.3,56.55,56.62,22.9,1.48,0
269.56,2.59,11.65,4.48,25.0,49.46,40.26,1.13,0
271.39,1.59,12.49,2.01,53.28,81.29,45.26,1.22,0
214.2,2.77,15.0,1.96,77.23,62.72,15.0,2.16,0
269.1,2.2,14.11,2.72,55.96,57.44,33.2,1.39,0
307.58,4.11,12.07,1.1,64.86,32.72,32.84,4.0,0
150.24,2.16,16.25,0.4,59.7,62.87,33.55,3.27,0
272.62,2.24,14.18,2.41,49.16,59.93,50.45,1.53,0
137.8,1.98,10.9,0.48,75.3,39.66,39.43,2.85,0
206.55,3.27,8.55,1.77,57.27,48.28,44.21,2.7,0
323.31,2.28,10.96,1.17,46.52,61.4,40.89,2.35,0
223.82,2.07,13.03,1.45,55.26,67.01,64.68,1.91,0
197.18,2.92,13.49,1.56,72.13,44.72,49.96,2.6,0
241.09,1.67,15.4,2.79,37.25,44.87,39.82,1.03,0
343.06,2.88,9.26,1.27,58.24,61.73,37.36,2.85,0
167.57,3.57,10.9,2.1,55.88,47.38,33.03,2.66,0
202.69,2.84,9.06,0.75,36.52,56.99,30.27,3.55,0
317.38,2.88,8.65,0.94,64.2,86.63,28.03,3.29,0
333.6,3.02,10.43,2.93,58.08,59.36,49.82,1.81,0
245.35,3.53,12.92,1.28,65.54,75.34,31.05,3.49,0
194.24,3.23,13.93,0.8,68.66,41.32,46.42,3.93,0
344.31,2.76,9.63,2.1,54.33,48.48,34.96,2.06,0
321.75,3.04,9.98,1.81,48.33,48.16,32.49,2.48,0
280.55,1.97,7.55,4.87,37.91,43.44,36.7,0.8,0
213.44,2.97,12.54,2.63,47.27,33.47,57.92,1.91,0
247.79,1.9,10.17,0.82,55.13,62.9,70.38,2.29,0
242.78,2.28,16.16,0.43,43.44,65.8,36.34,3.4,0
264.89,0.65,13.02,1.82,62.0,45.81,35.42,0.53,0
315.3,2.74,11.57,3.53,44.16,48.82,49.55,1.43,0
289.57,2.11,10.4,1.8,33.85,61.17,41.53,1.73,0
201.52,3.17,8.26,1.86,48.06,60.31,33.47,2.54,0
311.94,2.73,8.58,0.59,57.21,75.5,44.91,3.72,0
264.09,3.17,10.44,1.14,39.89,77.01,47.68,3.32,0
280.92,1.85,10.25,0.4,44.34,49.98,37.6,2.8,0
315.99,3.12,9.5,2.69,47.44,58.99,37.88,1.98,0
199.98,3.76,12.94,2.32,49.01,44.99,57.15,2.63,0
248.39,2.96,13.29,1.97,58.57,82.53,31.79,2.3,0
226.08,2.97,10.85,0.93,62.65,63.99,34.6,3.42,0
179.45,2.6,16.84,0.72,49.31,74.91,35.37,3.3,0
265.6,2.19,7.63,2.32,42.53,54.55,56.99,1.53,0
363.02,2.96,12.15,2.26,56.64,75.31,20.23,2.1,0
167.2,1.6,11.45,3.15,61.21,71.17,48.22,0.91,0
248.55,2.25,10.62,2.25,74.37,79.18,39.71,1.6,0
278.82,1.44,10.26,2.97,68.75,39.84,58.13,0.85,0
255.54,2.08,11.98,2.29,39.89,61.12,43.56,1.47,0
244.91,2.89,11.44,3.99,53.31,76.46,18.49,1.38,0
191.54,2.8,11.02,1.38,60.47,45.96,56.11,2.67,0
260.48,2.53,8.75,2.27,44.8,67.83,37.64,1.8,0
215.95,2.6,7.95,2.84,50.79,68.57,19.59,1.59,0
151.45,1.37,11.28,1.92,63.09,70.52,35.95,1.08,0
303.76,2.28,10.99,0.4,58.0,65.01,40.36,3.45,0
293.13,2.09,11.51,2.73,55.02,69.26,29.51,1.31,0
252.32,2.1,11.73,1.12,47.16,66.49,24.69,2.22,0
260.31,2.86,10.69,0.85,37.65,77.77,42.97,3.4,0
298.34,1.98,11.47,0.63,51.25,49.23,27.56,2.63,0
260.1,2.14,9.87,3.22,53.91,65.11,29.74,1.2,0
290.68,1.25,15.81,2.01,37.38,78.28,53.57,0.96,0
236.61,2.32,10.0,0.69,55.58,48.24,36.69,2.99,0
309.04,1.85,11.07,0.78,59.7,49.63,27.83,2.27,0
264.44,2.55,10.19,1.85,46.7,67.87,31.04,2.06,0
258.73,1.93,10.15,0.69,59.84,80.73,43.86,2.48,0
192.85,2.56,12.06,2.03,58.31,57.99,44.22,1.96,0
262.91,2.41,11.74,3.63,51.35,61.43,46.66,1.24,0
212.56,3.5,10.85,4.1,50.01,65.46,48.04,1.64,0
221.28,2.8,11.29,3.23,51.01,52.7,43.34,1.56,0
213.31,1.4,10.2,5.09,44.73,92.91,46.08,0.55,1
202.02,1.74,13.0,2.12,59.14,46.13,35.24,1.29,0
345.61,2.53,17.14,6.8,44.86,61.35,28.82,0.79,0
309.91,1.94,9.81,5.94,45.63,61.59,53.58,0.68,0
336.42,0.72,12.98,2.21,60.97,27.17,48.8,0.52,0
194.97,3.31,12.11,1.36,52.1,47.37,37.19,3.17,0
253.21,2.93,13.67,1.46,55.74,39.72,33.36,2.7,0
191.79,2.81,13.74,0.4,34.46,70.8,62.86,4.0,0
218.69,2.14,12.51,1.37,48.72,34.6,30.96,2.04,0
208.68,2.76,11.9,0.51,75.17,74.13,42.27,3.92,0
305.78,2.08,10.91,3.47,33.63,42.3,33.3,1.1,0
232.17,2.62,10.09,0.42,76.0,74.42,35.89,3.92,0
298.08,1.95,11.76,2.67,58.13,39.05,32.5,1.24,0
277.19,3.41,8.79,1.34,48.6,66.36,18.36,3.29,0
353.66,1.56,10.52,3.43,52.55,74.03,43.9,0.83,0
183.43,3.24,14.77,1.49,69.77,68.6,46.57,2.96,0
306.67,2.52,12.25,2.77,27.67,41.68,33.35,1.57,0
301.59,2.21,14.23,2.64,71.99,76.95,66.06,1.42,0
206.2,2.6,15.67,1.31,58.19,68.19,42.83,2.54,0
295.32,2.94,11.56,2.28,67.15,24.63,41.67,2.08,0
265.13,3.32,12.52,2.85,34.02,61.66,43.87,2.03,0
239.76,2.69,11.25,3.44,52.27,102.51,34.07,1.43,0
212.92,1.97,9.97,0.4,27.06,76.75,30.22,2.98,0
217.64,2.53,9.62,0.49,69.37,52.51,32.39,3.63,0
342.24,3.59,14.11,2.99,43.21,68.16,34.55,2.11,0
250.03,3.31,12.52,1.28,43.03,54.11,45.61,3.27,0
285.2,3.05,16.62,1.99,31.79,75.22,36.22,2.35,0
214.41,2.98,14.43,0.4,60.33,47.79,46.19,4.0,0
214.91,2.92,10.17,6.84,55.86,78.13,27.38,0.9,0
298.69,3.2,14.1,0.79,46.03,73.81,33.56,3.91,0
189.27,2.23,11.24,2.34,58.16,69.64,32.88,1.55,0
231.32,1.69,15.04,0.95,45.64,91.06,15.0,1.91,0
251.53,2.54,10.78,4.18,33.89,75.09,35.42,1.17,0
255.01,2.01,9.37,3.47,50.63,75.32,29.62,1.06,0
241.94,1.87,10.01,3.77,74.74,76.9,44.57,0.93,0
267.81,2.07,10.14,2.68,66.66,70.71,47.33,1.31,0
281.18,3.99,9.9,3.2,60.46,66.96,26.0,2.24,0
283.06,2.58,10.57,1.24,57.93,49.84,37.55,2.6,0
205.64,2.72,14.14,4.45,50.64,50.05,27.2,1.19,0
237.21,1.77,16.49,1.69,63.83,66.48,43.24,1.5,0
303.76,1.39,8.67,0.82,61.78,69.14,33.13,1.68,0
290.26,2.01,15.16,1.69,54.0,60.27,34.66,1.71,0
188.22,3.36,10.81,1.44,57.39,52.78,37.83,3.13,0
265.82,2.7,12.87,1.81,35.73,57.96,42.86,2.21,0
160.98,2.86,7.86,0.81,49.24,59.21,40.55,3.47,0
252.11,2.94,13.31,3.33,40.68,64.13,43.93,1.6,0
335.4,2.15,6.99,0.99,40.45,56.67,47.19,2.39,0
207.34,3.33,12.78,2.27,60.64,77.49,38.67,2.37,0
212.46,2.12,12.64,2.62,39.82,58.34,29.64,1.37,0
284.38,3.34,12.48,2.54,64.22,50.35,23.99,2.21,0
180.57,2.77,10.16,2.68,67.38,58.79,32.37,1.76,0
221.53,1.43,13.37,0.79,54.26,43.48,42.25,1.74,0
276.84,2.05,12.98,2.98,47.73,90.2,26.17,1.21,0
221.46,1.43,11.48,0.65,67.37,69.83,50.74,1.88,0
239.38,3.2,13.68,0.44,61.63,59.81,29.49,4.0,0
283.49,2.49,11.76,1.92,69.34,81.25,38.87,1.96,0
268.97,1.16,13.32,1.34,42.02,56.92,54.76,1.12,0
262.01,2.73,11.69,2.85,51.88,59.5,38.18,1.66,0
234.74,2.18,12.54,4.41,52.38,49.44,29.08,0.96,0
266.65,1.61,13.44,2.98,57.51,45.89,15.0,0.95,0
244.43,3.51,11.01,0.86,62.5,63.16,44.06,4.0,0
270.6,2.56,8.92,0.95,56.65,75.96,43.1,2.91,0
227.64,2.32,12.69,0.91,71.02,46.83,45.76,2.69,0
241.78,2.26,14.97,3.07,50.5,56.41,41.13,1.31,0
205.45,1.59,12.75,1.77,42.41,56.95,34.64,1.32,0
248.42,1.72,12.8,2.41,47.01,71.57,32.14,1.17,0
213.5,3.27,11.89,0.68,45.52,53.53,40.42,4.0,0
199.87,2.22,13.85,2.4,49.53,71.3,49.9,1.52,0
261.64,2.51,11.54,1.35,51.77,70.73,15.0,2.42,0
259.57,1.27,10.87,5.37,52.28,50.07,49.39,0.48,0
285.23,1.71,14.76,0.67,57.78,55.6,37.1,2.22,0
230.6,2.87,10.67,0.55,49.47,61.21,38.33,3.99,0
268.36,2.73,14.22,1.57,67.59,53.45,46.95,2.41,0
274.79,3.55,14.76,1.48,31.74,46.58,38.29,3.25,0
270.01,3.31,13.42,4.27,28.28,82.24,42.26,1.5,0
212.85,2.36,8.88,1.24,67.02,33.26,23.66,2.37,0
256.72,2.78,12.07,6.62,66.07,63.49,37.23,0.88,1
266.39,2.31,11.5,1.72,69.87,80.47,45.06,1.95,0
250.32,3.73,10.76,0.91,62.64,47.91,36.08,4.0,0
156.11,3.19,12.36,1.32,55.03,60.4,36.68,3.1,0
257.22,2.6,13.92,2.88,51.9,73.54,41.64,1.57,0
349.56,2.62,10.85,2.59,35.77,14.36,44.31,1.7,0
233.8,3.37,11.57,5.02,56.77,59.24,55.22,1.34,0
217.24,2.85,11.4,0.5,37.76,36.42,44.4,4.0,0
266.8,3.44,14.91,1.34,84.59,74.45,53.52,3.31,0
264.06,1.18,11.36,8.78,42.62,48.11,39.03,0.3,1
303.67,2.78,8.91,1.04,54.09,86.77,16.31,3.03,0
193.4,2.19,8.07,3.9,73.08,45.68,35.72,1.06,0
282.91,3.55,12.91,0.4,50.61,66.74,31.9,4.0,0
276.57,3.43,10.1,1.02,50.69,46.85,39.37,3.78,0
243.6,2.52,13.67,2.57,25.0,56.44,36.79,1.65,0
265.24,3.42,8.67,2.62,39.28,59.94,42.63,2.21,0
296.33,3.57,10.65,2.32,61.74,60.39,33.3,2.5,0
289.25,2.54,8.67,2.52,75.07,84.82,42.16,1.69,0
198.56,3.98,13.09,3.84,44.31,81.41,43.7,1.96,0
286.91,2.48,13.62,1.77,57.36,48.76,40.35,2.05,0
247.09,2.37,12.85,4.9,87.5,60.64,25.37,0.96,1
253.28,3.02,9.29,1.94,61.8,42.54,48.94,2.37,0
253.29,2.29,10.14,1.78,66.71,39.13,46.2,1.88,0
243.24,2.55,12.59,0.4,45.81,50.0,38.09,3.87,0
303.63,3.35,7.78,4.3,73.63,85.25,21.89,1.51,0
246.23,2.51,11.4,0.46,46.69,34.69,43.02,3.67,0
199.62,1.48,15.79,3.57,44.58,68.64,34.72,0.77,0
232.29,2.72,11.55,2.93,72.75,66.91,34.5,1.63,0
258.04,2.08,8.28,4.79,47.36,48.85,39.22,0.86,0
305.31,3.02,10.48,0.4,54.96,69.67,54.55,4.0,0
277.14,2.92,10.42,5.56,74.51,69.61,41.47,1.07,0
211.73,3.38,17.35,1.32,44.03,59.44,38.89,3.3,0
361.83,3.04,16.16,1.09,52.16,57.74,34.79,3.26,0
261.91,3.15,13.83,0.69,47.68,56.32,40.31,4.0,0
307.39,2.1,11.14,1.61,51.06,47.34,39.99,1.84,0
243.17,2.98,15.0,2.26,55.47,62.48,46.03,2.12,0
274.0,3.68,9.17,2.67,71.08,52.42,34.69,2.35,0
287.78,2.09,14.69,1.2,74.71,62.42,31.88,2.13,0
304.82,3.58,14.32,1.05,56.87,50.85,35.57,3.89,0
297.58,2.17,11.62,5.85,46.28,50.14,39.13,0.76,0
289.25,1.99,14.85,2.31,63.14,51.83,39.79,1.4,0
235.82,2.68,10.88,2.72,55.06,79.04,39.9,1.68,0
224.27,2.93,8.84,3.55,55.45,39.34,30.09,1.52,0
264.97,3.05,14.44,2.51,42.62,86.59,39.15,2.02,0
291.99,1.92,11.79,1.15,35.59,71.52,46.84,2.0,0
239.98,2.76,13.5,0.68,54.77,36.55,52.72,3.57,0
297.93,2.09,16.55,3.04,42.17,51.33,49.84,1.22,0
315.37,1.61,10.19,2.81,48.64,35.66,39.39,0.99,0
208.77,1.94,11.64,2.61,72.79,69.7,38.42,1.26,0
212.34,2.05,15.92,1.96,54.16,79.15,52.43,1.59,0
243.68,2.81,13.67,1.89,68.29,63.44,38.9,2.24,0
263.84,3.19,10.25,0.75,58.55,78.29,48.67,3.99,0
226.39,1.62,9.61,0.4,62.01,62.76,39.71,2.45,0
310.85,2.71,10.68,3.71,48.4,74.56,16.01,1.37,0
269.08,1.79,10.15,5.26,68.83,64.38,46.64,0.69,0
251.78,2.88,12.59,2.88,58.73,60.21,49.66,1.74,0
185.38,2.13,12.2,0.62,51.83,71.6,36.72,2.85,0
190.79,1.87,12.7,1.93,58.72,57.66,28.43,1.47,0
262.65,2.98,9.9,0.95,46.42,81.85,55.22,3.39,0
154.03,2.15,11.82,1.48,51.48,55.27,38.54,1.96,0
295.57,2.31,6.86,0.76,54.34,68.51,36.56,2.88,0
242.88,1.17,12.36,2.11,48.69,49.4,44.49,0.87,0
395.94,3.07,14.94,3.43,73.7,36.4,67.36,1.64,0
353.86,2.99,8.44,2.58,50.02,65.37,44.84,1.95,0
241.83,2.5,13.21,1.35,79.99,32.94,41.78,2.41,0
245.21,1.58,10.47,2.25,55.81,92.24,40.7,1.13,0
294.8,3.23,14.01,0.41,52.19,54.69,56.54,4.0,0
326.64,2.1,12.4,3.33,48.95,58.83,45.27,1.15,0
176.29,2.23,13.01,2.94,60.07,55.35,48.64,1.33,0
169.61,3.89,12.16,2.54,65.73,62.11,43.04,2.56,0
222.01,2.08,15.32,4.36,25.0,65.1,45.36,0.93,0
276.22,2.95,12.87,2.47,55.06,47.4,37.22,1.98,0
272.36,2.84,10.24,1.45,31.14,21.69,41.69,2.63,0
298.14,2.73,12.25,1.39,66.78,43.49,33.14,2.59,0
196.01,2.67,11.08,1.5,67.0,52.72,34.92,2.43,0
145.77,2.73,12.41,2.54,55.49,64.2,44.9,1.8,0
288.61,2.66,10.95,0.89,57.5,62.75,32.96,3.11,0
212.73,2.47,10.31,1.05,37.84,71.3,41.31,2.68,0
159.17,3.41,12.5,0.69,48.43,35.36,36.32,4.0,0
256.53,1.71,12.14,0.87,47.65,46.61,28.76,2.02,0
285.69,3.11,14.66,1.74,49.61,53.39,42.28,2.6,0
244.51,2.99,10.96,5.75,65.47,82.86,47.75,1.07,0
229.4,2.92,7.05,0.66,70.38,100.81,26.85,3.82,0
242.83,3.17,11.09,4.17,62.33,39.77,46.09,1.46,0
233.32,2.44,7.93,1.11,51.12,76.37,28.85,2.59,0
189.34,1.38,13.04,3.88,46.05,61.3,53.56,0.67,0
217.84,2.46,7.82,1.48,56.09,68.34,45.67,2.25,0
273.46,1.91,9.53,2.39,58.56,40.13,26.85,1.31,0
264.48,2.06,11.09,2.45,52.35,80.33,48.53,1.39,0
257.56,1.75,15.86,1.65,47.09,26.68,33.87,1.51,0
205.22,2.21,9.32,1.61,62.38,40.28,30.35,1.93,0
241.83,2.14,12.03,5.11,63.56,55.95,47.22,0.84,0
152.03,1.07,13.45,2.07,39.26,51.1,52.07,0.81,0
258.03,2.92,15.71,1.48,50.4,60.39,44.76,2.67,0
314.3,3.83,13.94,7.29,64.33,49.73,36.28,1.12,1
183.66,2.86,14.73,7.69,66.86,54.65,41.7,0.8,1
223.63,2.38,14.16,9.93,55.77,57.23,34.18,0.53,1
264.81,2.47,8.98,0.52,59.38,56.65,38.26,3.49,0
306.38,2.25,12.9,0.4,58.03,62.23,44.08,3.41,0
229.83,2.55,14.12,2.38,66.45,73.44,25.74,1.76,0
218.85,2.48,9.61,5.32,41.69,48.7,44.46,0.94,0
161.4,2.0,10.55,1.93,58.21,80.22,25.88,1.57,0
254.65,3.51,9.99,4.75,44.33,60.74,27.26,1.46,0
341.89,1.61,13.93,4.99,68.06,78.92,46.54,0.64,0
262.48,2.93,11.83,1.1,42.3,54.86,31.56,3.12,0
249.0,2.44,11.2,1.68,59.9,47.01,30.09,2.08,0
264.49,3.64,8.8,0.4,44.4,61.2,37.04,4.0,0
249.5,2.7,11.83,0.7,64.03,98.46,34.09,3.46,0
213.41,2.28,10.58,0.89,60.27,39.52,42.31,2.67,0
287.05,2.35,12.61,0.51,57.88,70.16,41.75,3.34,0
260.16,2.52,9.14,2.33,78.53,62.66,30.14,1.76,0
250.79,1.81,12.44,0.49,46.57,66.06,22.89,2.6,0
206.11,2.04,10.9,4.07,66.11,41.91,37.97,0.96,0
308.66,1.43,8.88,5.32,69.06,66.86,51.01,0.54,0
279.91,1.95,8.68,4.79,66.12,64.43,39.34,0.81,1
225.12,2.56,9.06,3.09,46.87,37.75,36.52,1.47,0
295.08,2.68,11.48,0.4,52.18,61.97,57.3,4.0,0
227.61,1.31,12.3,3.65,47.73,56.36,47.53,0.67,0
214.81,2.42,12.67,3.92,51.43,54.69,22.72,1.17,0
215.81,2.84,12.77,0.86,44.91,59.32,37.21,3.37,0
170.3,2.4,10.1,3.27,50.64,76.32,42.23,1.33,0
271.22,2.12,14.65,2.58,72.61,66.87,29.32,1.38,0
167.6,2.25,10.89,1.47,51.17,44.35,37.07,2.07,0
194.72,2.18,13.13,2.57,56.27,67.46,40.21,1.42,0
156.6,2.12,11.59,4.73,46.29,59.34,37.76,0.89,0
246.13,2.6,12.94,1.13,54.82,50.76,27.89,2.74,0
243.24,3.88,11.46,1.11,64.92,41.4,54.68,4.0,0
235.3,2.05,12.98,2.54,60.87,72.1,42.67,1.35,0
203.08,2.31,11.98,1.46,72.02,51.44,31.41,2.13,0
197.25,2.47,14.03,0.71,40.48,73.62,48.76,3.14,0
270.9,2.09,9.95,3.97,45.92,43.85,39.19,1.0,0
225.23,3.16,7.58,2.63,50.05,89.92,49.92,2.03,0
264.24,1.08,9.57,0.4,73.3,99.51,38.96,1.63,0
210.16,2.18,14.67,3.44,58.59,68.13,25.24,1.16,0
258.15,2.99,11.61,3.2,38.0,79.45,29.33,1.68,0
308.65,2.32,12.23,2.37,68.11,53.2,51.41,1.6,0
276.38,2.01,9.37,1.61,56.32,51.72,50.33,1.75,0
231.44,2.76,12.16,1.51,65.68,77.91,26.71,2.51,0
261.57,3.04,9.44,3.1,74.0,62.27,53.93,1.75,0
239.17,2.63,9.81,0.56,43.27,39.42,50.26,3.63,0
250.35,2.02,10.99,2.73,74.0,61.16,33.66,1.27,0
235.35,2.77,13.11,3.18,54.11,41.67,39.22,1.57,0
242.6,2.26,13.38,3.87,50.03,57.22,17.97,1.1,0
259.54,2.95,13.45,1.09,56.86,75.73,32.99,3.16,0
205.3,3.39,8.03,1.29,40.69,81.89,37.89,3.34,0
204.29,0.94,11.98,3.04,54.76,64.14,43.09,0.55,0
187.52,2.57,11.51,1.06,52.09,80.07,38.84,2.77,0
177.99,1.46,8.17,0.57,43.74,53.1,41.39,2.0,0
195.22,3.97,12.04,1.72,47.24,85.51,30.32,3.33,0
257.18,2.22,11.37,6.28,68.66,49.16,43.24,0.74,0
209.82,2.95,13.28,2.1,52.87,47.86,56.83,2.2,0
273.11,2.48,12.2,0.4,43.23,53.09,44.39,3.76,0
251.56,2.02,10.63,2.32,60.38,48.79,40.34,1.41,0
161.42,1.95,14.31,1.63,64.2,67.76,32.59,1.69,0
279.47,3.45,6.45,0.77,54.98,78.78,36.43,4.0,0
286.49,3.07,11.84,1.3,40.19,60.23,26.88,3.01,0
205.28,3.67,7.59,5.31,25.0,64.67,25.54,1.4,0
268.91,2.53,9.72,0.83,44.19,39.26,39.3,3.05,0
211.46,2.67,13.31,5.75,67.65,61.44,45.54,0.95,0
254.4,2.34,8.81,1.99,66.55,86.56,31.44,1.8,0
193.1,2.33,8.44,1.48,45.45,81.19,51.96,2.13,0
169.31,1.87,17.95,1.57,52.17,43.58,34.39,1.66,0
232.77,2.55,8.6,1.65,63.37,53.43,39.1,2.2,0
244.43,2.03,16.13,5.58,53.34,111.1,49.45,0.74,0
232.1,2.77,11.57,0.4,66.24,66.27,36.87,4.0,0
196.72,2.6,10.69,1.48,53.83,82.73,46.28,2.39,0
232.0,2.67,13.42,1.63,60.78,83.91,45.73,2.32,0
262.12,3.51,15.34,3.15,51.13,43.26,33.26,1.99,0
247.98,2.48,9.13,1.91,45.59,70.86,33.53,1.96,0
258.21,2.95,10.72,2.05,68.99,62.81,52.22,2.24,0
219.84,3.73,14.12,5.95,36.98,86.13,53.2,1.3,0
302.73,3.28,12.72,2.09,47.8,89.43,46.26,2.46,0
197.07,3.19,14.75,1.4,53.87,47.52,31.32,3.01,0
271.94,2.32,13.29,2.04,65.3,111.62,48.68,1.76,0
303.19,2.64,16.52,2.15,44.45,62.54,37.22,1.94,0
271.64,1.71,12.45,0.56,56.52,69.48,27.31,2.36,0
240.89,2.8,12.55,4.23,38.36,20.22,33.63,1.28,0
226.23,2.66,12.8,2.69,60.28,75.12,37.76,1.69,0
296.62,2.51,11.64,0.89,76.88,27.69,50.87,2.94,0
185.97,3.12,14.12,2.61,31.49,57.84,31.97,2.02,0
206.34,1.78,12.59,0.46,46.27,51.71,30.34,2.6,0
232.11,3.48,13.97,2.86,65.04,66.99,35.17,2.11,0
305.69,3.04,14.36,3.3,90.32,62.69,38.78,1.67,0
267.09,2.46,13.07,7.01,62.06,68.8,46.73,0.74,0
206.44,2.41,13.25,0.89,46.25,78.69,45.7,2.82,0
236.04,2.79,9.47,2.08,53.22,44.94,17.5,2.09,0
222.36,3.41,10.62,1.81,40.28,56.93,36.44,2.79,0
218.06,2.56,14.11,1.19,64.66,47.32,41.24,2.62,0
294.05,2.59,15.56,0.93,67.55,46.19,31.3,2.97,0
188.27,2.51,7.15,1.75,71.88,88.99,32.2,2.09,0
322.4,3.57,10.58,2.17,51.04,40.97,46.25,2.61,0
287.27,2.28,12.06,1.31,45.31,47.67,46.83,2.22,0
299.09,2.48,9.8,2.59,72.94,92.91,38.23,1.62,0
229.17,3.38,9.94,1.95,71.57,58.1,44.02,2.64,0
243.25,2.59,13.19,0.85,43.15,59.03,44.63,3.08,0
185.51,3.18,15.95,3.57,50.49,66.01,29.03,1.65,0
226.39,1.95,6.92,3.38,64.47,41.93,29.17,1.06,0
272.21,2.38,11.57,1.75,51.97,46.17,36.07,1.98,0
308.32,3.39,13.16,0.4,55.38,50.75,33.07,4.0,0
200.18,2.09,13.95,0.45,37.37,75.63,34.03,3.08,0
233.55,2.41,12.8,4.35,41.53,70.07,39.05,1.08,0
243.19,2.65,16.4,6.07,53.9,50.55,39.08,0.91,0
187.19,1.91,12.07,4.06,46.61,58.0,15.0,0.9,0
276.61,2.25,15.28,1.04,41.22,71.69,40.96,2.46,0
217.42,2.57,10.38,3.43,51.23,24.23,37.48,1.37,0
241.21,2.53,12.14,3.17,44.47,64.53,42.26,1.43,0
229.66,3.27,8.97,3.2,55.34,71.37,33.59,1.83,0
214.48,3.42,14.25,1.87,66.91,46.22,33.65,2.74,0
249.68,1.99,11.7,2.13,51.38,69.75,36.09,1.47,0
240.3,2.57,12.89,0.49,49.89,60.23,50.69,3.69,0
233.27,2.9,11.22,8.47,67.88,87.16,35.83,0.75,1
217.22,3.41,13.47,0.45,63.8,52.15,51.11,4.0,0
264.38,2.93,12.99,1.31,64.58,68.86,49.77,2.87,0
324.41,2.67,9.51,7.59,25.0,37.95,36.62,0.76,1
256.29,2.9,9.66,1.56,49.62,61.13,34.89,2.58,0
294.83,2.9,11.93,1.74,48.14,72.23,35.24,2.43,0
187.44,1.94,13.65,1.96,45.09,52.12,38.56,1.51,0
257.1,2.62,16.66,2.19,67.64,76.79,34.41,1.9,0
200.62,3.38,12.76,0.76,48.48,73.8,47.36,4.0,0
183.54,2.38,14.52,3.08,38.32,62.16,33.54,1.37,0
216.73,2.58,7.97,2.97,57.95,55.93,48.63,1.53,0
303.64,2.35,17.03,1.8,54.91,13.74,30.68,1.93,0
292.75,1.11,13.51,2.77,43.93,50.27,23.33,0.69,0
260.94,2.51,11.88,0.97,67.21,76.51,22.03,2.83,0
181.03,2.68,11.59,5.32,61.37,55.9,34.6,1.02,0
241.17,2.19,9.23,10.14,61.33,66.78,31.92,0.48,1
263.58,1.81,9.95,1.36,60.81,53.04,31.47,1.73,0
257.9,1.97,16.78,2.07,68.08,38.6,49.83,1.49,0
167.03,2.96,9.53,0.75,53.14,71.22,32.68,3.69,0
209.94,3.68,9.48,3.22,40.1,41.58,20.34,2.06,0
247.12,3.33,10.24,1.38,52.51,56.07,45.65,3.17,0
274.13,1.69,9.0,1.38,35.13,65.47,53.36,1.61,0
151.17,3.01,12.04,3.11,42.26,49.83,44.5,1.73,0
242.7,2.1,14.72,2.35,74.43,83.56,33.3,1.46,0
256.44,2.15,10.47,1.0,41.79,89.58,41.72,2.39,0
288.23,2.22,8.57,0.4,40.91,47.86,31.97,3.37,0
281.18,2.92,12.73,1.45,63.04,48.45,30.28,2.71,0
276.22,3.08,11.86,0.45,65.36,53.42,38.02,4.0,0
214.0,2.44,14.51,3.6,35.0,77.3,39.43,1.26,0
164.14,2.45,10.86,1.7,57.99,67.29,37.97,2.08,0
232.31,2.78,11.35,1.29,48.42,71.26,56.72,2.73,0
295.07,2.84,11.63,1.01,58.97,79.73,40.43,3.14,0
312.71,3.21,12.22,2.4,51.37,46.42,49.6,2.2,0
281.97,1.73,11.02,1.59,38.61,67.54,62.32,1.52,0
269.32,2.51,10.61,3.56,49.22,60.77,35.26,1.31,0
267.08,1.86,7.37,1.68,62.51,66.45,41.49,1.58,0
224.97,2.47,10.59,3.48,78.32,77.24,48.17,1.3,0
244.15,2.36,13.79,1.3,59.68,57.72,41.22,2.31,0
325.11,2.47,14.13,2.35,50.31,49.55,37.23,1.72,0
207.58,2.02,10.82,0.62,40.84,44.23,63.44,2.71,0
322.67,1.61,15.25,1.81,53.1,86.31,51.98,1.31,0
235.51,1.24,11.93,5.5,50.46,59.37,18.98,0.46,0
309.64,2.42,8.66,0.66,58.67,39.48,53.57,3.16,0
186.69,2.24,7.87,2.9,54.28,80.74,56.0,1.35,0
276.37,2.09,15.05,5.57,60.75,34.35,51.95,0.77,0
216.85,3.29,11.07,1.11,50.68,36.75,47.51,3.49,0
186.31,1.98,8.96,1.5,75.51,55.26,55.51,1.8,0
259.83,3.35,6.35,1.07,62.01,51.8,48.83,3.61,0
295.43,3.47,11.01,3.42,46.52,64.68,45.79,1.86,0
211.98,1.33,13.01,3.62,67.01,31.1,41.34,0.68,0
182.54,2.56,10.26,4.65,41.13,64.89,29.28,1.08,0
245.87,2.26,9.37,5.91,44.74,79.18,26.27,0.79,0
246.07,0.75,10.63,0.57,45.39,45.27,47.73,1.04,0
274.67,1.63,15.11,3.56,70.94,54.32,47.55,0.85,0
292.73,2.96,8.52,4.88,52.85,47.98,39.57,1.21,0
247.33,3.71,10.4,4.35,47.46,64.81,31.43,1.66,0
333.5,3.04,15.03,0.95,56.97,43.87,28.7,3.46,0
260.09,2.69,13.24,3.46,61.5,41.99,36.38,1.43,0
234.41,2.49,12.45,3.49,74.07,57.73,47.02,1.31,0
177.48,3.51,10.38,1.51,37.04,65.06,62.38,3.18,0
238.18,3.79,12.08,2.37,70.16,62.26,39.75,2.62,0
234.86,2.15,10.66,0.4,30.19,53.41,42.88,3.25,0
293.21,1.3,9.85,2.84,65.88,70.02,51.26,0.79,0
270.81,1.24,9.3,1.82,68.96,63.46,39.36,1.01,0
196.93,3.29,13.96,2.12,69.58,42.46,43.69,2.45,0
257.75,2.47,11.85,1.9,61.83,19.86,48.22,1.96,0
280.22,2.61,12.79,1.75,42.22,67.82,51.02,2.17,0
318.76,1.43,12.38,0.66,63.96,56.15,40.54,1.87,0
289.94,2.05,13.1,1.27,42.19,43.35,35.19,2.03,0
284.24,2.32,11.36,2.81,43.74,84.38,42.04,1.43,0
252.7,2.62,10.8,4.53,49.52,84.22,23.03,1.13,0
267.47,2.26,9.96,0.95,50.61,79.1,42.94,2.57,0
306.23,1.88,8.47,2.5,57.89,63.39,48.67,1.25,0
190.03,2.03,9.19,2.03,46.66,12.53,56.98,1.55,0
234.28,3.22,11.09,4.33,58.96,77.63,49.25,1.44,0
215.23,2.65,7.99,1.82,38.53,46.19,15.0,2.16,0
267.06,2.87,8.54,5.44,55.47,51.61,53.92,1.07,0
305.36,1.96,14.61,1.66,51.73,73.49,54.67,1.68,0
223.14,0.73,12.56,1.6,67.17,90.48,30.79,0.64,0
142.44,2.19,10.87,1.06,68.37,83.12,35.99,2.37,0
231.45,1.98,17.68,3.28,52.96,62.59,54.39,1.09,0
291.11,2.71,7.88,5.07,31.49,71.08,40.56,1.07,0
274.19,4.47,14.44,1.39,37.31,43.41,34.12,4.0,0
269.27,2.92,11.72,1.63,68.48,35.66,32.49,2.53,0
237.4,4.14,13.96,1.04,53.28,76.2,66.35,4.0,0
192.44,2.84,12.27,0.49,75.99,64.84,47.87,4.0,0
273.19,2.12,7.32,1.14,65.76,38.28,37.21,2.22,0
212.46,2.71,12.24,1.55,58.06,59.28,54.29,2.42,0
348.28,3.57,12.84,4.19,56.54,69.25,39.1,1.64,0
275.67,3.6,6.52,1.07,41.21,73.6,52.11,3.87,0
223.87,2.15,16.86,1.63,47.42,69.42,45.81,1.87,0
222.49,2.65,12.78,2.22,60.0,54.55,36.61,1.91,0
245.82,1.64,13.68,0.79,50.86,47.28,44.98,2.02,0
239.22,2.99,9.09,3.05,60.62,61.76,45.39,1.74,0
300.26,3.43,13.73,1.59,67.35,72.03,48.01,3.03,0
258.39,2.52,14.72,1.3,52.84,73.58,56.28,2.48,0
217.08,2.1,12.63,4.85,49.82,83.7,62.12,0.86,0
335.07,2.72,11.98,5.24,44.24,60.53,44.11,1.05,0
252.22,2.75,9.77,0.92,65.02,43.35,20.92,3.17,0
284.6,2.55,11.46,3.47,64.04,76.3,48.77,1.35,0
222.63,2.61,10.72,6.39,81.24,61.24,37.39,0.85,0
266.34,2.4,13.43,1.76,57.12,40.76,23.09,1.99,0
264.0,3.1,9.88,2.43,53.84,69.36,46.91,2.1,0
164.97,2.94,13.41,2.03,60.61,81.18,44.39,2.24,0
340.69,1.91,9.9,3.53,51.54,65.75,31.94,1.0,0
308.08,1.89,11.34,1.12,44.38,81.36,28.14,2.0,0
232.13,2.35,13.54,1.12,56.07,52.73,53.96,2.48,0
200.4,2.94,10.24,1.2,60.49,49.09,45.06,3.01,0
265.64,2.59,13.63,0.92,61.29,72.82,32.09,2.99,0
253.9,2.11,13.38,0.91,60.33,54.71,46.63,2.44,0
266.01,2.66,11.32,1.81,67.77,78.08,35.8,2.17,0
258.62,2.3,14.9,1.46,61.25,62.56,45.45,2.12,0
272.78,3.03,12.19,2.6,58.25,78.28,43.14,1.97,0
315.13,2.7,14.76,1.15,39.81,69.47,15.0,2.81,0
275.56,2.31,16.48,2.53,57.95,46.5,41.08,1.53,0
202.77,2.64,11.4,1.98,52.95,30.13,38.33,2.04,0
311.32,3.29,13.61,6.35,41.54,71.73,32.6,1.08,0
323.83,2.16,10.41,1.89,61.01,68.48,27.36,1.72,0
391.84,2.74,9.42,2.72,61.22,44.73,37.82,1.73,0
199.44,2.46,11.51,0.82,60.1,71.98,36.47,2.97,0
260.93,2.76,8.59,0.95,61.67,80.86,46.51,3.13,0
156.31,2.11,9.66,5.64,56.49,49.39,38.55,0.76,0
274.89,2.57,13.48,3.02,52.04,31.0,40.89,1.5,0
225.33,3.16,10.72,2.72,76.24,74.56,43.27,2.0,0
336.56,1.94,13.78,1.88,56.78,79.09,35.36,1.55,0
215.14,1.7,12.75,2.11,25.0,48.99,30.04,1.27,0
173.99,1.73,16.63,1.78,25.87,71.61,62.13,1.43,0
228.79,1.8,13.31,3.0,69.46,64.97,39.22,1.06,0
161.1,2.86,14.79,2.01,32.99,58.36,37.9,2.19,0
283.8,1.66,13.0,3.43,48.47,68.71,54.13,0.88,0
157.07,2.32,12.78,1.0,40.41,52.47,58.87,2.58,0
251.28,2.87,14.91,1.93,51.37,43.48,54.46,2.25,0
156.5,2.75,13.67,0.7,59.63,66.09,36.1,3.52,0
235.59,2.27,12.53,4.12,47.02,64.02,43.47,1.06,0
323.95,2.61,12.51,2.85,45.21,21.8,45.85,1.59,0
266.23,2.56,13.35,0.51,63.75,42.28,62.37,3.64,0
211.14,2.37,10.32,2.68,86.58,49.92,44.2,1.5,0
248.6,2.37,10.22,1.78,61.49,67.87,44.65,1.96,0
250.81,3.84,15.56,4.2,44.03,37.16,29.87,1.76,0
271.27,2.99,16.66,3.9,65.45,55.21,27.45,1.45,0
188.49,3.99,9.68,4.95,75.93,89.07,53.54,1.61,0
276.67,2.2,10.33,3.5,67.76,61.0,43.46,1.16,0
128.3,2.45,14.86,1.87,36.48,61.94,44.47,1.96,0
221.66,1.7,13.33,2.41,61.34,59.08,50.74,1.16,0
228.03,2.01,13.69,1.3,49.49,74.73,48.52,1.98,0
278.5,3.64,14.24,1.62,55.63,60.63,47.22,3.18,0
251.02,2.19,11.4,3.17,50.51,56.7,46.36,1.24,0
186.75,3.65,12.82,0.65,63.91,62.28,41.39,4.0,0
205.68,1.75,12.63,2.68,50.76,79.89,42.09,1.12,0
258.94,1.87,9.85,2.98,72.01,66.03,49.16,1.1,0
246.44,2.3,12.79,3.29,54.96,60.86,30.62,1.26,0
223.94,2.46,15.09,1.23,52.32,77.66,29.5,2.48,0
228.36,3.05,11.16,5.49,61.86,52.17,40.82,1.13,0
281.33,2.77,12.38,2.97,59.29,11.97,41.49,1.64,0
226.7,2.25,12.52,3.99,62.21,66.72,47.24,1.07,0
246.04,2.42,11.29,0.65,53.4,66.54,37.78,3.18,0
347.65,2.31,13.69,0.44,71.01,50.67,32.22,3.41,0
185.93,1.95,10.3,0.64,66.88,55.97,46.02,2.58,0
166.67,1.97,15.33,2.13,54.85,78.87,53.47,1.45,0
285.26,3.12,13.57,3.37,64.87,66.81,43.65,1.69,0
219.46,1.4,9.66,1.56,51.84,82.12,25.46,1.25,0
235.68,3.47,16.25,1.62,61.84,64.03,42.76,3.02,0
214.85,2.29,12.42,0.4,64.9,57.7,20.69,3.48,0
238.31,2.04,10.19,1.63,58.0,70.62,39.59,1.77,0
321.93,2.94,14.76,1.58,45.16,65.52,19.9,2.6,0
286.1,3.39,13.24,0.98,40.68,66.58,35.7,3.79,0
288.8,3.17,7.57,1.33,58.52,56.55,45.11,3.07,0
186.27,2.8,10.69,4.94,46.31,51.42,37.15,1.13,0
198.2,3.15,12.7,2.27,67.65,51.98,51.49,2.24,0
122.24,1.47,6.6,2.04,36.89,67.8,42.19,1.12,0
213.58,2.19,12.21,1.29,70.81,69.74,28.76,2.15,0
293.05,1.95,12.39,2.58,55.61,20.57,49.01,1.27,0
273.26,3.23,9.04,8.15,44.75,49.01,46.89,0.86,1
240.03,2.27,12.68,3.21,49.58,36.14,52.74,1.27,0
249.0,3.01,12.02,1.54,52.56,52.53,47.1,2.69,0
219.0,2.82,9.02,1.73,60.8,50.95,44.7,2.37,0
259.21,1.98,14.3,3.76,40.3,62.22,30.07,0.99,0
284.46,2.15,14.09,7.37,43.49,62.79,48.13,0.62,1
177.29,3.28,11.28,0.6,51.11,91.96,38.54,4.0,0
263.48,2.03,11.5,1.9,54.63,65.59,48.06,1.62,0
291.96,2.57,13.82,1.72,63.6,69.58,62.3,2.17,0
231.32,2.03,11.5,3.74,58.23,38.67,52.07,1.02,0
281.53,2.31,7.17,1.96,50.33,54.98,42.85,1.8,0
376.66,2.47,13.22,4.07,57.84,43.75,40.73,1.16,0
245.3,2.03,9.97,0.46,56.99,68.98,35.82,2.97,0
267.7,1.92,11.03,2.83,51.98,60.78,16.77,1.18,0
216.79,2.67,15.64,3.74,56.4,54.88,40.46,1.34,0
258.16,1.99,11.67,0.4,29.18,74.35,34.86,3.02,0
270.71,2.01,12.0,2.78,66.2,55.96,43.22,1.25,0
258.77,1.94,13.27,0.74,61.58,80.01,34.84,2.44,0
204.11,2.45,13.26,1.74,72.98,79.81,42.21,2.05,0
259.29,3.07,9.7,1.61,45.27,50.47,52.46,2.68,0
315.8,3.4,11.85,0.77,61.86,76.7,41.57,4.0,0
270.19,2.06,12.09,2.15,32.14,61.69,29.14,1.52,0
293.29,3.79,12.68,1.6,33.81,54.09,31.69,3.32,0
239.33,1.9,12.72,1.31,52.16,65.92,46.91,1.85,0
283.75,3.15,18.47,6.04,48.06,36.19,47.53,1.08,0
262.57,2.07,9.06,3.78,67.57,51.93,31.28,1.03,0
207.21,1.98,14.45,2.6,69.14,66.27,39.71,1.29,0
264.33,2.05,14.96,1.52,70.4,55.59,49.05,1.85,0
205.37,2.47,13.23,0.5,62.17,76.17,57.21,3.53,0
221.52,2.85,10.37,1.1,62.69,54.03,41.76,3.03,0
258.52,2.9,16.16,1.15,39.62,61.82,38.01,3.02,0
263.38,1.93,6.52,5.59,71.8,58.2,36.3,0.71,0
196.48,1.91,10.29,0.44,70.02,37.08,41.43,2.82,0
297.43,1.95,14.93,1.47,38.44,65.89,53.89,1.79,0
275.74,2.43,11.07,2.83,60.62,64.76,41.45,1.49,0
218.29,2.37,15.99,2.21,48.44,31.01,45.0,1.72,0
180.81,1.93,8.22,1.57,77.2,22.95,25.78,1.71,0
243.48,2.66,9.22,0.97,43.3,53.2,55.94,2.99,0
229.93,3.86,10.67,2.75,56.11,78.46,53.37,2.41,0
255.09,2.2,13.04,1.69,57.23,100.78,37.04,1.87,0
233.66,2.24,11.44,5.62,54.36,32.69,38.96,0.82,0
159.66,2.84,10.77,1.98,80.78,84.38,51.79,2.19,0
232.52,2.16,15.55,6.15,75.29,77.42,69.45,0.73,0
236.25,2.9,15.78,2.36,35.35,51.25,23.15,2.01,0
278.51,2.07,10.96,1.39,60.85,88.25,34.89,1.96,0
218.58,3.6,7.73,1.29,54.86,67.0,36.06,3.54,0
325.54,2.71,6.61,1.93,65.01,56.59,50.41,2.13,0
163.98,2.13,12.6,1.02,57.55,33.29,43.54,2.35,0
309.0,2.15,13.64,0.92,45.25,61.53,34.88,2.48,0
239.91,2.19,12.16,3.66,42.55,60.62,25.84,1.12,0
288.68,3.32,11.82,2.66,50.18,93.58,50.11,2.12,0
253.59,1.74,9.99,0.88,53.55,45.81,38.0,2.04,0
301.28,2.1,13.64,3.08,57.33,46.71,28.42,1.21,0
232.57,2.16,16.2,1.63,48.15,52.34,33.18,1.88,0
200.56,2.49,6.46,2.68,75.47,99.84,35.75,1.58,0
313.92,2.34,11.81,2.85,61.42,42.74,37.0,1.43,0
244.89,1.61,9.57,1.18,65.49,79.62,29.55,1.65,0
259.97,2.26,8.27,6.62,53.34,36.63,29.68,0.72,0
305.56,2.44,9.18,1.21,42.55,66.47,63.7,2.48,0
203.56,2.12,12.95,2.82,65.6,61.47,43.3,1.3,0
276.8,2.91,13.01,1.09,43.08,49.5,35.89,3.12,0
223.45,3.05,15.65,1.7,30.73,70.77,43.78,2.58,0
244.05,2.45,12.02,1.8,61.79,47.99,41.61,2.01,0
253.25,2.64,7.6,3.63,45.93,35.77,30.93,1.35,0
182.49,1.2,11.4,2.31,50.99,55.33,20.85,0.85,0
214.95,2.25,8.53,3.22,63.33,46.24,34.69,1.26,0
310.8,3.1,8.98,2.18,43.84,63.89,38.17,2.26,0
289.88,2.25,13.45,4.31,35.77,55.71,38.9,1.01,0
247.18,2.06,12.49,2.89,69.63,83.46,21.69,1.24,0
260.94,3.87,13.47,2.37,54.3,55.21,64.8,2.67,0
236.76,3.59,11.11,2.68,70.09,64.14,64.03,2.28,0
311.05,2.78,13.98,0.57,62.51,42.57,44.45,3.82,0
240.98,3.18,10.97,0.82,62.87,53.6,40.25,3.84,0
260.43,1.16,14.79,2.43,56.96,46.33,34.35,0.79,0
301.57,2.03,12.86,2.08,56.95,77.77,45.79,1.52,0
215.02,2.22,11.48,4.01,68.61,48.64,38.83,1.05,0
320.15,2.36,12.53,0.4,64.77,50.24,52.52,3.57,0
181.13,2.21,11.96,1.99,47.93,64.48,49.14,1.7,0
323.33,0.97,15.99,0.64,60.92,49.29,31.49,1.28,0
233.23,2.73,12.61,2.38,47.57,81.14,33.12,1.88,0
239.08,2.83,12.0,2.56,51.25,89.37,49.7,1.85,0
164.95,3.46,11.4,3.15,61.82,46.54,46.95,1.97,0
229.53,2.03,14.11,0.88,47.39,72.68,28.87,2.38,0
203.21,1.98,13.77,0.5,56.77,47.33,35.43,2.82,0
222.66,0.89,11.32,2.94,59.56,54.65,38.46,0.53,0
243.82,2.32,9.11,1.14,50.93,70.35,39.63,2.43,0
293.1,3.04,9.75,1.07,63.64,62.1,39.28,3.28,0
259.34,2.13,11.54,2.0,49.73,62.5,48.99,1.64,0
263.85,3.79,15.37,0.68,66.31,76.47,41.46,4.0,0
200.7,2.35,11.37,2.88,56.57,76.37,40.81,1.42,0
210.37,2.59,10.51,0.78,57.07,60.77,32.43,3.19,0
330.94,1.68,7.6,0.97,44.21,50.48,41.68,1.89,0
216.92,2.67,15.78,1.43,52.18,60.01,39.71,2.49,0
324.53,1.31,13.42,0.86,57.34,44.87,35.2,1.56,0
239.06,2.92,13.99,3.51,67.29,71.79,28.49,1.53,0
250.1,2.93,14.4,3.32,51.14,57.18,52.77,1.61,0
298.17,3.32,11.59,2.13,67.25,43.42,57.8,2.45,0
307.24,1.89,12.21,1.12,45.93,80.11,42.45,1.99,0
245.01,2.6,15.72,0.92,59.01,59.79,54.35,3.0,0
232.53,2.84,12.45,2.37,48.92,48.78,42.3,1.96,0
247.48,2.77,13.47,0.92,73.53,77.14,26.13,3.19,0
265.21,1.98,14.18,1.21,71.36,78.86,43.0,2.01,0
290.11,1.06,13.61,0.56,58.43,31.7,36.6,1.47,0
250.19,2.71,11.68,2.0,48.58,76.61,44.76,2.09,0
277.85,2.41,11.92,0.93,36.8,62.37,55.71,2.76,0
323.73,2.16,13.94,1.72,59.54,74.57,34.93,1.82,0
267.16,2.96,13.94,1.05,57.49,58.98,43.88,3.22,0
264.02,2.47,14.92,3.4,65.3,65.69,48.61,1.33,0
181.65,1.71,13.38,2.44,37.4,55.44,53.54,1.16,0
131.62,1.34,13.49,0.65,56.7,74.88,49.86,1.77,0
267.48,1.82,10.88,3.61,60.15,49.93,28.85,0.94,0
245.73,3.94,10.55,1.51,44.18,75.39,28.84,3.57,0
226.83,2.93,13.95,3.7,56.4,62.68,47.65,1.48,0
260.96,2.61,10.56,2.17,46.28,71.35,36.15,1.91,0
247.28,2.39,11.95,1.52,45.1,44.86,30.16,2.16,0
300.75,2.35,15.45,0.52,48.63,66.34,51.88,3.33,0
253.87,3.2,15.05,0.63,51.81,68.0,36.3,4.0,0
216.39,2.21,12.75,4.28,69.86,87.81,56.3,1.0,0
294.56,2.85,11.26,0.98,51.14,70.47,35.6,3.2,0
240.23,2.29,11.69,3.52,44.85,51.18,32.53,1.2,0
273.69,3.66,14.17,3.78,64.75,50.56,39.36,1.82,0
228.52,2.95,11.91,2.79,67.33,71.42,47.58,1.82,0
220.76,3.25,10.6,0.55,64.83,51.9,42.93,4.0,0
253.79,2.15,15.04,1.14,71.43,52.21,58.92,2.25,0
250.58,3.13,12.45,5.81,57.31,47.11,41.72,1.11,0
271.59,2.31,10.56,4.98,56.87,62.0,38.23,0.93,0
237.91,2.57,13.2,0.87,46.55,63.29,55.09,3.02,0
167.36,3.48,14.43,1.48,71.79,55.11,45.95,3.19,0
230.53,1.87,9.48,3.45,53.89,85.43,35.86,1.0,0
285.72,2.62,11.5,0.41,51.36,68.57,42.39,3.95,0
236.62,2.76,11.38,3.34,50.28,86.37,42.18,1.5,0
238.91,2.81,13.13,2.16,62.64,61.96,37.95,2.06,0
294.39,2.23,13.58,9.91,56.0,49.01,41.82,0.5,1
217.96,3.75,10.62,3.9,57.27,45.08,27.12,1.82,0
180.57,1.72,8.27,0.4,51.11,58.15,36.44,2.61,0
242.77,3.38,14.58,3.07,52.62,71.3,44.31,1.95,0
228.21,3.23,9.2,4.55,53.22,55.54,34.72,1.39,0
206.52,3.64,12.68,2.59,72.06,72.85,31.08,2.37,0
242.11,1.55,11.67,2.48,33.39,81.05,39.59,1.04,0
272.12,1.98,12.41,2.47,60.38,47.9,35.27,1.33,0
249.58,3.4,16.13,3.82,68.06,43.51,26.78,1.67,0
263.81,1.37,19.6,2.38,32.94,74.22,27.03,0.95,0
331.6,1.54,7.92,1.94,54.14,64.03,44.08,1.2,0
234.57,2.21,14.46,2.53,66.79,64.88,40.91,1.46,0
262.53,2.62,11.61,0.52,45.96,70.46,43.14,3.7,0
227.09,3.46,14.62,1.97,58.22,37.11,37.01,2.68,0
211.91,2.39,14.39,1.35,43.82,66.62,24.87,2.29,0
223.68,2.14,15.52,3.91,55.4,62.71,31.26,1.04,0
228.46,2.69,12.71,0.94,70.33,66.93,36.78,3.07,0
266.18,2.78,9.78,1.92,75.35,45.68,44.36,2.2,0
355.71,2.76,14.32,1.04,58.06,61.21,22.51,3.02,0
217.78,2.39,12.29,2.46,39.65,52.75,16.89,1.61,0
231.25,1.33,11.42,5.55,51.27,75.66,54.49,0.49,0
247.16,1.95,10.81,3.1,33.24,58.7,45.98,1.12,0
267.81,3.35,14.52,3.13,51.47,51.0,31.24,1.91,0
261.86,2.61,16.01,0.74,66.58,45.14,37.65,3.27,0
307.78,2.31,9.01,2.43,38.65,73.09,35.79,1.57,0
140.81,3.17,13.55,1.24,52.52,74.72,42.9,3.18,0
142.59,1.82,11.07,1.68,45.21,88.85,34.93,1.55,0
227.69,2.36,8.33,1.47,76.52,55.17,28.51,2.18,0
299.38,2.58,12.37,0.96,59.78,44.81,44.89,2.92,0
179.55,2.24,9.92,2.23,65.2,58.11,58.14,1.61,0
114.66,2.56,8.06,2.47,58.51,49.53,45.3,1.72,0
275.7,2.39,10.05,3.54,64.13,50.56,40.75,1.25,0
260.96,1.66,9.43,4.11,67.97,67.12,37.86,0.77,0
200.94,2.61,10.38,2.93,55.46,76.38,32.11,1.56,0
205.65,1.7,8.69,0.73,48.63,66.2,35.92,2.15,0
206.36,2.6,11.01,1.25,43.78,61.7,43.92,2.6,0
254.97,3.32,10.22,2.02,76.1,72.31,51.87,2.54,0
221.82,2.33,12.94,3.96,64.85,56.59,52.32,1.12,0
272.23,1.8,13.48,2.58,28.32,81.75,41.7,1.17,0
121.54,2.42,12.65,3.68,52.06,104.99,41.87,1.23,0
211.44,2.0,11.41,4.65,59.99,50.56,40.52,0.85,0
199.33,2.86,11.34,4.38,75.07,78.14,45.71,1.27,0
238.46,2.41,9.91,1.03,41.77,78.16,40.48,2.65,0
225.79,3.53,9.97,0.82,60.12,67.91,40.64,4.0,0
285.9,3.2,13.76,2.87,50.2,79.3,31.4,1.94,0
166.33,2.41,7.6,3.8,40.64,65.32,31.16,1.19,0
252.05,2.93,11.8,0.57,71.15,69.73,33.09,4.0,0
275.13,2.26,11.19,1.78,43.43,61.23,42.4,1.87,0
333.55,2.52,13.5,3.72,66.65,62.11,36.94,1.27,0
228.32,2.28,8.44,0.92,35.86,69.54,65.82,2.63,0
264.6,2.96,12.03,2.26,49.12,66.32,43.88,2.11,0
168.83,3.36,12.86,2.64,61.86,44.3,55.71,2.16,0
142.36,2.98,7.24,0.47,63.6,67.64,54.85,4.0,0
288.01,3.05,9.31,3.28,60.24,56.32,44.25,1.69,0
249.75,3.05,11.77,3.65,66.83,51.66,39.59,1.56,0
303.03,2.83,13.29,2.14,51.54,74.55,31.01,2.09,0
188.2,1.82,12.46,0.43,71.71,45.99,33.98,2.7,0
273.4,3.52,13.4,1.34,59.28,55.93,48.4,3.4,0
334.1,3.58,9.3,3.93,63.82,44.01,42.7,1.73,0
268.89,2.36,8.03,1.05,59.36,53.97,33.58,2.56,0
262.45,2.28,12.21,4.42,60.9,95.89,37.93,1.0,0
250.39,2.87,8.93,1.85,42.99,48.53,43.29,2.32,0
179.31,2.83,9.84,3.34,43.7,57.73,40.25,1.54,0
311.0,2.38,14.33,0.85,48.51,80.88,37.62,2.83,0
222.51,1.75,12.47,5.55,61.17,66.58,39.45,0.64,0
272.7,2.68,10.58,1.22,47.94,57.92,15.84,2.72,0
179.66,2.83,10.25,1.7,51.45,49.61,40.18,2.4,0
196.92,2.94,13.55,1.61,54.13,70.1,29.42,2.57,0
314.58,2.71,12.53,0.4,72.01,55.14,43.63,4.0,0
234.37,2.34,8.96,1.79,62.23,92.62,41.34,1.92,0
315.4,3.1,7.13,1.01,37.46,55.76,47.48,3.43,0
246.48,2.54,16.7,2.18,56.92,85.35,47.58,1.85,0
167.11,2.22,8.94,2.54,51.36,73.16,57.2,1.47,0
290.14,2.39,13.32,1.06,52.26,73.04,20.17,2.58,0
223.45,1.45,15.78,1.09,55.01,57.63,38.74,1.55,0
281.44,2.39,12.37,1.2,68.51,53.11,19.6,2.44,0
251.13,2.91,10.5,2.26,45.24,56.1,44.91,2.08,0
180.56,2.7,8.43,1.55,57.45,75.68,38.33,2.41,0
257.39,3.41,8.4,1.09,58.49,67.86,35.29,3.64,0
348.83,2.34,12.94,1.49,52.34,32.01,42.67,2.14,0
272.18,2.79,15.63,3.88,47.34,40.67,29.47,1.36,0
247.41,2.98,11.01,2.16,45.94,57.97,58.48,2.18,0
298.39,3.91,10.61,1.38,49.95,68.04,37.56,3.72,0
259.48,2.59,13.74,4.52,63.85,56.56,40.77,1.12,0
259.43,1.87,10.29,2.78,50.7,52.46,38.71,1.16,0
200.88,3.01,12.69,0.48,53.81,45.24,49.22,4.0,0
260.52,3.62,12.1,3.26,41.12,73.7,27.98,2.01,0
296.59,2.31,10.98,5.85,49.31,61.49,48.28,0.81,0
212.38,3.0,11.96,3.4,57.75,85.21,34.81,1.62,0
314.1,3.24,16.41,1.27,34.99,40.5,34.9,3.21,0
245.87,3.11,13.51,1.85,67.54,70.37,48.79,2.51,0
210.05,2.58,14.73,0.44,47.89,68.22,37.32,3.82,0
294.89,2.08,9.7,3.13,76.16,72.71,46.14,1.19,0
237.09,2.45,14.74,1.7,60.04,72.4,46.32,2.08,0
284.18,2.78,13.6,1.18,32.98,52.39,36.51,2.85,0
236.87,3.04,8.25,1.75,58.33,57.29,42.33,2.54,0
247.31,2.7,13.35,0.49,51.18,62.5,35.16,3.87,0
272.21,2.27,10.72,0.55,58.48,44.96,39.8,3.15,0
263.09,2.83,8.14,0.73,74.4,75.47,44.74,3.58,0
160.2,3.02,12.32,0.4,63.46,22.88,30.43,4.0,0
199.54,2.73,13.35,1.3,52.29,42.57,44.4,2.67,0
291.82,2.0,12.38,0.9,38.24,34.83,43.18,2.32,0
244.05,2.39,11.73,3.99,65.47,76.5,25.11,1.14,0
226.43,3.07,11.17,0.83,61.12,63.23,32.54,3.68,0
188.86,1.67,18.17,2.92,68.89,52.01,33.09,1.0,0
201.41,1.24,9.04,1.04,53.29,61.44,35.56,1.36,0
159.02,3.4,14.18,2.22,58.54,63.96,30.44,2.45,0
245.44,2.81,12.04,4.66,52.04,41.41,49.39,1.19,0
223.07,2.86,9.86,0.73,56.04,62.19,50.61,3.61,0
206.5,1.85,11.88,5.13,36.83,80.83,32.12,0.73,0
246.93,2.94,8.52,3.27,58.82,83.47,28.46,1.63,0
266.38,2.67,10.51,2.54,59.59,72.8,39.87,1.76,0
344.19,1.55,11.88,2.16,48.95,63.87,53.3,1.14,0
181.97,3.35,8.12,1.87,62.28,73.87,61.54,2.69,0
302.17,2.6,13.27,3.73,65.47,70.59,33.25,1.3,0
293.79,2.26,9.59,1.87,71.8,43.14,17.25,1.81,0
214.94,2.27,8.37,1.59,42.76,46.3,25.13,2.0,0
259.15,1.29,9.3,3.01,63.03,69.52,22.18,0.76,0
229.41,2.86,17.44,1.03,71.05,49.97,44.17,3.13,0
258.36,2.66,7.05,6.13,50.79,44.62,40.98,0.9,0
317.91,2.38,13.09,2.5,71.74,79.34,42.17,1.59,0
277.25,3.27,10.12,1.7,46.29,60.94,51.26,2.77,0
272.89,1.67,11.12,1.67,55.84,59.03,56.29,1.43,0
230.64,2.14,13.51,1.53,34.28,41.96,48.43,1.92,0
183.22,1.99,13.39,2.76,32.59,53.27,47.35,1.24,0
240.62,2.33,10.3,2.2,36.36,54.85,25.26,1.69,0
304.3,2.54,8.61,1.8,72.02,46.42,34.91,2.08,0
181.28,2.76,13.56,4.32,45.69,41.77,53.85,1.24,0
202.52,2.29,13.38,4.84,45.72,86.22,34.5,0.94,0
255.68,1.97,11.29,0.79,59.9,81.14,51.06,2.42,0
205.69,3.51,13.1,1.65,46.08,58.43,41.23,3.02,0
214.34,3.95,10.89,1.4,69.46,40.09,47.83,3.72,0
230.94,2.59,9.93,1.27,77.36,34.12,31.28,2.57,0
188.55,2.05,12.01,1.38,28.34,53.23,47.63,1.95,0
206.16,3.39,13.3,0.83,61.24,26.2,33.61,4.0,0
281.65,1.63,12.77,3.31,30.27,53.21,42.31,0.9,0
191.17,2.3,13.27,1.65,38.68,29.68,39.71,1.98,0
178.1,2.08,10.1,2.07,60.73,58.59,51.92,1.57,0
221.65,1.8,15.95,3.34,43.68,62.95,48.32,0.98,0
282.94,2.33,11.14,0.81,58.13,57.2,22.34,2.83,0
241.14,1.98,11.7,2.22,55.37,92.58,31.9,1.43,0
229.09,2.51,8.7,0.62,35.22,56.91,33.64,3.35,0
252.0,2.52,11.52,0.63,62.89,85.95,46.92,3.34,0
171.44,2.13,13.33,1.93,58.59,64.44,35.05,1.67,0
272.26,2.28,13.91,1.85,55.47,90.19,29.11,1.84,0
267.25,2.36,15.9,0.81,47.22,33.67,26.35,2.86,0
231.58,2.99,13.3,3.98,59.68,43.76,47.27,1.43,0
295.27,2.41,12.69,0.4,39.47,55.7,19.26,3.65,0
199.26,2.99,10.88,0.79,42.9,84.05,50.55,3.67,0
300.76,2.85,10.35,1.4,58.85,56.41,27.13,2.69,0
256.95,2.84,14.43,1.13,67.36,49.8,35.52,2.99,0
234.86,3.33,14.38,0.71,49.27,69.1,28.31,4.0,0
249.11,1.83,9.31,6.99,60.48,73.59,30.81,0.55,0
245.17,2.22,13.81,3.43,57.46,48.49,37.77,1.18,0
304.91,3.56,13.63,1.61,59.97,49.67,38.63,3.11,0
201.55,2.35,9.22,4.27,46.7,85.42,24.54,1.06,0
215.69,0.81,13.35,3.87,53.21,78.73,35.95,0.4,0
296.63,2.38,9.38,1.14,54.54,82.75,41.03,2.48,0
223.2,2.58,5.93,1.68,72.98,74.11,44.68,2.2,0
290.52,0.93,11.6,1.89,41.75,47.2,19.58,0.74,0
326.47,3.3,12.64,3.32,38.15,59.51,35.21,1.8,0
231.92,2.07,11.71,2.67,90.99,44.08,19.46,1.32,1
280.66,2.7,19.17,1.71,58.71,74.64,34.92,2.28,0
198.08,2.36,12.95,1.2,61.58,51.85,35.7,2.42,0
283.96,1.73,12.37,1.83,62.71,34.32,46.29,1.4,0
258.97,1.86,13.07,0.7,64.26,61.71,49.73,2.38,0
271.29,1.94,10.9,0.93,65.79,76.88,29.78,2.23,0
220.95,3.15,14.32,1.57,64.32,39.34,42.94,2.79,0
175.25,2.41,12.9,1.75,68.52,58.12,46.55,2.01,0
272.65,2.19,12.79,5.73,57.01,51.68,32.53,0.78,0
157.15,1.94,10.44,0.95,67.87,74.87,47.73,2.2,0
235.72,3.22,8.09,0.4,77.7,29.29,41.36,4.0,0
292.35,3.38,10.75,1.27,57.35,77.02,37.27,3.35,0
258.64,3.21,12.71,1.1,60.77,49.42,41.42,3.42,0
337.68,2.8,10.89,1.54,48.04,57.6,24.2,2.51,0
296.13,2.67,12.73,1.35,53.02,72.88,41.4,2.57,0
220.57,1.77,11.42,1.72,59.23,82.18,31.54,1.49,0
251.23,2.35,13.08,3.33,50.33,60.77,40.29,1.28,0
247.87,2.09,9.56,2.14,56.11,49.13,35.94,1.54,0
178.8,1.4,12.48,1.08,59.1,52.03,42.88,1.51,0
207.68,3.13,10.4,0.4,73.25,77.49,51.92,4.0,0
224.77,2.08,8.15,2.7,44.63,46.74,41.27,1.32,0
158.37,3.22,11.59,3.42,60.04,64.93,50.0,1.72,0
252.14,3.03,15.84,1.34,47.75,60.11,29.77,2.93,0
238.79,2.83,8.35,5.28,64.19,71.39,54.34,1.08,0
174.72,2.87,12.3,2.62,65.15,60.51,29.87,1.85,0
268.19,2.13,13.99,2.08,75.13,53.49,27.47,1.6,0
282.21,3.61,17.75,1.65,49.89,52.44,37.25,3.11,0
260.22,2.53,10.77,3.47,56.75,52.16,35.56,1.34,0
235.42,2.68,10.42,5.06,64.65,39.31,24.18,1.06,0
276.61,2.11,9.08,4.88,62.9,67.59,28.72,0.86,0
280.61,1.94,14.85,1.87,25.15,63.15,15.0,1.56,0
263.83,2.79,9.83,4.85,46.75,38.01,26.49,1.14,0
212.89,2.63,11.07,1.05,61.84,53.92,33.4,2.86,0
262.45,2.03,7.38,3.12,52.48,55.87,54.9,1.16,0
303.8,1.64,14.21,0.95,64.74,51.22,47.13,1.86,0
223.15,1.74,14.9,2.87,67.5,58.2,43.23,1.05,0
344.41,3.22,14.11,2.87,52.44,58.4,61.65,1.95,0
226.35,2.13,7.99,1.34,62.21,73.42,22.08,2.06,0
251.46,2.3,13.52,1.08,72.47,59.93,39.32,2.47,0
219.74,3.37,7.82,4.53,67.22,68.9,60.35,1.46,0
260.05,1.83,12.15,0.77,45.75,39.14,34.93,2.26,0
171.6,2.06,12.51,0.57,52.78,44.08,31.72,2.84,0
225.43,2.04,12.78,2.51,55.33,39.39,48.17,1.36,0
200.85,3.47,13.34,1.82,43.78,54.06,34.43,2.82,0
256.09,3.7,11.98,2.48,67.84,60.83,52.59,2.48,0
294.75,2.95,7.09,1.13,47.26,85.02,48.31,3.1,0
279.07,2.97,13.34,1.22,53.78,47.55,38.1,3.01,0
143.28,2.15,12.24,1.87,67.86,72.74,49.81,1.73,0
341.89,3.67,9.74,1.89,49.59,47.52,37.64,2.92,0
263.29,2.66,8.08,1.79,50.96,60.36,41.33,2.19,0
215.06,3.01,15.85,5.01,59.06,57.72,45.85,1.2,0
257.07,2.44,15.08,5.29,50.09,46.14,36.1,0.93,0
257.93,2.34,13.76,0.72,73.39,47.32,55.1,2.97,0
219.99,3.5,10.31,2.51,44.01,83.96,40.7,2.33,0
258.91,2.82,5.71,0.84,27.46,52.0,42.9,3.38,0
222.66,3.37,13.91,5.97,65.12,74.98,26.84,1.17,0
231.8,2.65,12.92,1.24,50.71,70.18,33.55,2.66,0
219.12,1.99,11.06,1.54,45.31,50.83,41.63,1.79,0
185.53,2.15,14.81,3.42,59.61,59.95,48.69,1.15,0
256.56,2.56,14.12,0.92,60.03,61.81,54.13,2.95,0
276.34,2.12,12.44,0.56,45.86,67.3,29.39,2.94,0
273.17,1.84,12.09,0.91,69.24,53.92,31.73,2.13,0
286.9,3.22,12.13,3.84,65.34,37.4,27.7,1.58,0
264.6,2.17,13.7,1.43,78.69,49.49,44.94,2.03,0
226.03,2.58,9.86,3.65,49.5,77.48,54.13,1.32,0
287.78,2.68,13.06,1.93,56.88,59.53,38.42,2.1,0
188.91,2.15,9.7,0.45,57.8,53.69,40.58,3.16,0
209.47,3.37,15.34,1.12,51.08,37.87,41.33,3.56,0
206.61,1.83,13.33,2.3,59.84,78.56,35.31,1.29,0
298.6,2.66,10.28,0.4,60.74,56.89,27.79,4.0,0
292.43,2.65,12.2,2.61,60.75,76.31,50.6,1.72,0
271.93,2.47,9.87,0.56,51.08,70.24,41.54,3.4,0
298.24,1.72,15.76,1.17,52.49,71.93,34.52,1.78,0
210.43,3.02,16.06,5.05,48.19,84.89,70.05,1.2,0
265.69,2.95,13.74,5.13,45.99,61.81,39.97,1.15,0
244.37,2.09,15.89,2.8,54.23,58.0,22.88,1.29,0
288.11,2.92,12.38,2.13,73.2,83.46,46.55,2.16,0
244.81,2.72,13.91,1.23,79.47,72.51,21.58,2.74,0
232.68,1.73,15.06,0.43,70.77,49.43,44.66,2.58,0
274.34,1.99,11.99,1.93,49.43,75.65,44.39,1.56,0
289.43,3.18,12.18,1.51,59.89,82.72,53.8,2.88,0
219.92,2.69,14.33,1.31,30.44,25.5,29.98,2.62,0
247.25,2.16,13.62,4.29,53.14,41.33,37.06,0.98,1
202.37,1.98,10.11,0.89,50.34,47.85,39.31,2.32,0
137.59,2.19,6.53,8.25,77.49,70.85,48.66,0.58,1
259.02,2.23,11.56,3.36,58.12,71.83,44.34,1.21,0
277.4,1.99,6.76,1.5,55.61,67.79,45.19,1.81,0
261.79,1.45,9.52,0.4,54.18,73.15,52.19,2.2,0
162.27,3.18,9.81,3.26,51.51,43.38,37.78,1.77,0
234.21,3.08,10.58,7.31,61.38,41.91,54.63,0.9,1
150.17,1.74,14.05,9.89,47.05,78.8,39.12,0.39,1
311.64,2.58,14.59,0.94,61.6,61.56,48.95,2.94,0
201.13,1.96,13.27,3.45,72.18,78.13,35.04,1.04,0
306.49,2.34,13.58,0.69,56.35,49.52,45.95,3.02,0
292.56,2.29,13.64,0.4,51.23,44.16,51.58,3.47,0
209.47,2.24,5.76,4.21,54.1,40.94,29.18,1.03,0
199.02,3.7,12.03,1.24,69.41,72.02,49.44,3.72,0
265.77,2.24,7.51,1.53,56.67,76.98,41.79,2.01,0
212.01,2.02,13.27,1.5,47.69,68.13,60.38,1.83,0
254.61,2.04,6.77,0.4,64.7,52.75,37.36,3.09,0
228.27,3.13,11.55,1.52,46.47,69.56,42.93,2.82,0
169.85,1.51,13.37,4.82,52.2,69.15,38.44,0.62,0
149.63,2.04,9.21,1.36,57.75,29.62,46.63,1.96,0
260.2,3.37,14.4,2.25,45.32,54.74,18.17,2.41,0
224.73,2.65,13.27,0.45,33.56,64.19,25.9,3.9,0
225.11,2.62,12.95,3.23,60.39,76.62,46.69,1.46,0
281.31,3.78,13.75,1.27,28.7,58.72,40.27,3.75,0
302.8,2.65,11.1,0.88,43.88,62.24,19.97,3.11,0
237.74,2.08,12.38,0.86,64.34,58.99,33.66,2.46,0
234.67,2.33,12.03,6.94,60.03,63.98,36.07,0.71,0
272.51,1.82,11.97,0.4,53.1,39.47,35.15,2.76,0
188.94,3.25,10.32,2.88,44.25,50.92,49.32,1.97,0
260.04,2.84,8.89,0.4,49.83,26.53,52.56,4.0,0
274.83,3.17,11.16,2.9,61.92,53.37,17.62,1.91,0
280.61,3.23,11.02,0.99,53.41,67.44,38.81,3.61,0
162.85,2.25,10.16,2.87,40.18,48.12,41.14,1.37,0
215.74,1.93,14.13,1.68,44.44,56.23,25.18,1.65,0
210.48,2.47,9.07,2.34,49.78,65.86,52.53,1.72,0
254.49,1.98,11.57,2.09,59.4,100.84,43.71,1.48,0
271.63,2.6,14.92,2.06,56.25,58.78,48.51,1.97,0
317.35,3.18,14.27,0.4,40.04,70.79,35.54,4.0,0
227.73,2.4,15.04,0.83,71.16,57.2,32.21,2.88,0
227.61,2.59,10.52,3.47,46.09,65.34,34.31,1.37,0
301.74,2.44,13.96,1.19,60.29,59.57,38.9,2.5,0
263.35,2.98,9.34,1.65,43.63,53.67,35.74,2.57,0
307.04,2.1,11.31,0.75,84.78,56.96,49.06,2.62,0
262.99,1.18,11.55,0.93,70.9,78.71,66.66,1.36,0
197.93,2.78,10.56,6.19,45.71,64.34,45.83,0.94,0
190.01,3.09,11.1,5.04,56.06,42.05,20.53,1.23,0
180.18,2.77,10.77,2.89,42.65,53.64,41.55,1.67,0
279.79,2.12,9.54,3.1,50.73,46.62,28.12,1.22,0
303.49,1.82,14.14,2.42,60.08,73.91,35.92,1.24,0
333.22,2.8,11.54,1.89,65.14,48.61,39.64,2.23,0
287.94,2.58,12.5,6.45,40.14,72.93,37.41,0.84,0
302.33,2.42,12.41,1.24,46.02,74.65,29.65,2.44,0
223.9,3.59,12.14,0.98,66.3,62.16,45.22,4.0,0
197.96,1.93,12.23,1.36,70.89,68.17,20.06,1.85,0
288.25,3.57,11.24,1.34,45.72,52.48,43.86,3.44,0
268.8,2.52,15.55,3.55,66.48,72.74,30.98,1.31,0
254.83,1.4,13.9,1.03,40.17,41.4,42.79,1.53,0
267.43,2.39,12.05,1.85,51.43,53.06,26.55,1.93,0
264.54,3.08,10.88,2.55,41.27,55.39,42.31,2.02,0
307.77,2.28,11.7,2.11,50.13,74.8,53.77,1.7,0
308.27,1.62,13.04,0.66,77.91,85.58,34.05,2.12,0
274.49,2.4,15.75,2.53,54.34,53.18,33.83,1.59,0
288.06,1.99,8.57,2.23,51.62,58.55,44.32,1.43,0
273.13,2.8,13.65,2.87,48.22,42.28,42.11,1.7,0
229.25,2.96,14.82,2.72,51.4,58.75,26.18,1.87,0
284.05,1.87,8.28,2.82,45.3,76.52,51.08,1.15,0
187.25,2.08,11.55,0.4,56.64,33.06,48.09,3.15,0
297.43,2.95,9.34,0.87,54.61,60.28,52.82,3.48,0
196.25,1.98,13.08,3.82,49.51,70.77,45.46,0.98,0
262.86,1.85,11.1,1.01,48.46,60.86,58.88,2.05,0
211.97,1.79,11.67,3.99,57.19,57.16,21.27,0.86,0
274.9,2.71,10.97,1.33,46.25,73.15,55.24,2.62,0
248.47,2.69,13.8,1.13,52.12,47.87,36.1,2.82,0
178.24,2.09,12.57,1.37,49.59,48.31,34.56,1.99,0
268.93,2.5,12.58,12.66,28.53,32.31,32.86,0.45,1
223.99,3.42,12.4,1.73,65.32,64.88,45.09,2.86,0
289.65,1.92,13.43,3.32,33.01,63.32,48.0,1.05,0
250.06,1.33,11.35,8.96,33.78,51.4,35.34,0.33,1
267.79,2.77,16.25,2.63,65.74,46.6,42.74,1.79,0
206.91,2.43,8.91,6.2,41.7,59.29,67.64,0.82,0
223.48,2.07,7.69,3.76,30.08,61.44,33.3,1.03,0
229.36,2.89,7.48,2.9,71.05,42.04,36.06,1.74,0
288.55,3.0,6.8,0.64,47.34,30.81,54.2,3.98,0
325.48,1.18,13.68,1.51,69.58,34.12,24.24,1.06,0
213.77,2.11,13.38,2.63,44.02,38.2,42.45,1.36,0
298.46,3.89,15.02,1.15,35.28,41.92,15.85,4.0,0
152.36,2.85,9.36,2.78,51.14,58.74,26.2,1.77,0
196.26,2.91,13.86,1.69,40.5,61.27,28.1,2.47,0
206.85,3.2,12.14,0.9,59.85,57.48,31.23,3.72,0
189.14,2.51,12.42,3.31,63.11,65.38,27.53,1.38,0
178.74,2.98,13.56,2.41,66.16,66.01,42.01,2.03,0
268.58,2.93,10.11,2.89,51.26,64.95,54.0,1.77,0
240.37,2.82,18.47,2.14,71.56,61.34,60.39,2.08,0
267.07,2.31,15.33,1.29,43.87,44.15,29.71,2.27,0
281.07,2.6,10.67,1.82,56.61,39.97,47.28,2.12,0
261.95,2.15,9.27,1.18,53.34,51.57,52.09,2.21,0
279.6,2.51,11.78,5.5,78.67,77.03,41.21,0.93,0
246.87,1.8,12.46,2.46,69.49,95.16,47.08,1.21,0
196.59,2.03,14.66,1.86,55.39,68.36,44.6,1.63,0
297.6,2.33,9.08,1.59,57.38,65.37,44.59,2.05,0
223.49,1.93,12.71,0.85,73.43,76.0,32.63,2.31,0
207.9,2.2,8.18,2.54,45.98,82.7,20.06,1.45,0
241.99,2.4,13.09,0.7,30.6,46.17,36.51,3.09,0
208.92,2.74,11.73,4.75,43.39,103.55,32.33,1.14,0
231.22,3.07,16.84,3.19,50.03,83.82,37.22,1.73,0
265.48,2.22,8.13,0.99,71.33,39.5,49.61,2.48,0
265.68,3.3,15.43,4.83,67.43,45.02,54.36,1.36,0
209.6,3.06,7.74,1.72,54.47,102.25,41.51,2.58,0
228.05,2.8,8.68,3.03,60.6,75.55,28.16,1.64,0
298.34,2.59,7.81,1.7,46.49,51.04,36.11,2.2,0
272.34,2.69,12.63,1.74,80.06,61.19,32.28,2.25,0
343.38,3.21,9.07,3.98,69.56,71.31,41.24,1.54,0
303.11,3.23,8.63,1.9,55.64,73.33,35.33,2.57,0
301.49,3.3,12.51,1.33,54.12,80.52,49.03,3.19,0
187.55,2.52,13.13,1.13,63.42,63.63,31.52,2.65,0
284.37,2.83,12.1,1.6,54.31,64.21,61.83,2.48,0
247.61,3.31,11.59,6.78,33.14,54.54,25.28,1.03,0
225.21,2.13,16.57,2.41,73.4,46.07,43.06,1.45,0
257.56,2.31,12.36,0.93,69.02,45.37,23.89,2.65,0
292.53,2.51,14.01,2.36,59.46,57.84,50.48,1.74,0
272.54,3.04,12.36,4.78,49.96,65.16,40.47,1.26,0
210.47,3.05,9.26,4.88,55.12,38.17,42.06,1.24,0
283.41,2.36,13.37,2.63,25.0,90.69,31.03,1.52,0
221.31,1.59,10.36,3.68,41.71,49.57,50.86,0.81,0
259.75,2.65,11.77,1.89,76.21,47.14,46.43,2.11,0
236.35,1.95,12.76,1.57,61.21,59.58,34.55,1.73,0
240.15,1.61,7.15,1.01,31.62,24.45,39.83,1.78,0
284.48,1.74,7.98,1.14,45.07,65.43,31.1,1.82,0
203.19,2.7,14.27,1.88,31.9,45.15,30.31,2.15,0
337.53,3.32,10.34,3.48,45.63,31.17,33.85,1.75,0
168.05,2.52,10.46,1.99,53.02,62.15,37.26,1.95,0
223.1,2.63,12.42,1.16,74.22,62.13,40.02,2.73,0
266.66,3.21,11.04,4.12,64.42,89.18,39.56,1.5,0
276.29,1.57,13.04,4.56,51.37,62.69,31.35,0.68,0
245.48,2.81,11.87,1.24,51.96,62.58,47.59,2.83,0
247.42,2.49,12.5,1.76,45.39,60.62,50.9,2.07,0
268.47,2.84,10.25,0.65,68.08,21.32,49.14,3.73,0
239.6,2.21,12.48,3.56,69.51,61.15,47.06,1.15,0
312.69,2.01,14.76,0.4,38.94,59.27,15.0,3.04,0
287.77,2.58,10.58,1.96,34.35,57.83,30.02,2.02,0
289.28,3.49,14.29,2.31,51.18,47.49,25.12,2.45,0
206.52,3.02,11.87,1.23,52.65,68.48,22.27,3.04,0
246.43,2.2,13.84,1.16,58.1,45.35,51.44,2.28,0
236.48,1.7,12.32,3.0,34.9,70.58,56.95,1.0,0
204.75,1.49,11.92,2.5,46.41,65.82,40.08,0.99,0
266.21,3.29,12.87,3.12,54.01,81.04,44.71,1.88,0
225.81,1.93,15.03,0.53,45.65,53.04,36.41,2.7,0
279.49,2.3,12.59,4.98,65.29,80.06,51.7,0.92,0
201.84,3.29,13.2,5.24,77.42,63.18,42.8,1.27,0
327.36,1.53,11.08,2.26,48.54,58.87,34.79,1.09,0
209.67,3.4,15.93,1.55,65.67,47.2,45.62,3.04,0
259.87,2.35,13.6,1.87,50.71,65.93,38.18,1.88,0
285.63,1.81,12.19,4.54,43.84,52.86,41.96,0.78,0
224.32,2.35,11.69,1.14,46.45,59.58,46.93,2.46,0
288.36,2.07,14.44,0.5,64.22,71.66,77.6,2.96,0
194.69,2.76,10.48,3.01,47.3,59.54,57.86,1.62,0
315.35,2.11,7.54,1.97,49.65,64.76,41.5,1.64,0
250.64,1.35,12.18,4.34,41.27,82.7,30.6,0.61,0
223.16,2.37,14.98,2.09,62.61,68.44,17.46,1.77,0
236.54,1.69,15.98,6.86,60.5,49.81,52.84,0.52,0
286.4,2.62,11.73,7.15,72.46,53.92,51.2,0.78,1
223.7,1.79,12.11,1.37,62.16,62.11,33.72,1.7,0
216.28,2.21,13.3,0.4,59.95,91.82,39.12,3.34,0
240.03,2.61,11.34,2.31,62.0,39.98,42.08,1.83,0
197.04,2.37,13.29,0.64,51.93,62.85,45.94,3.14,0
331.92,2.65,11.79,0.57,56.32,80.47,56.55,3.64,0
224.51,2.91,14.53,3.71,66.17,69.22,26.97,1.47,0
287.42,1.81,13.81,2.53,45.16,58.02,46.74,1.19,0
259.43,2.46,14.03,1.19,75.42,34.21,42.19,2.52,0
205.7,0.5,11.49,2.09,62.66,82.67,34.9,0.38,0
249.73,2.65,16.81,2.21,79.25,52.9,48.06,1.92,0
285.28,2.32,13.21,2.49,40.89,45.71,38.89,1.55,0
241.53,1.91,12.62,4.18,40.89,63.76,39.2,0.88,0
303.69,2.69,10.1,1.91,59.46,81.41,43.14,2.13,0
295.97,3.2,11.76,0.4,56.48,66.07,35.42,4.0,0
291.35,2.21,12.29,5.33,49.52,54.53,46.54,0.84,0
229.32,1.93,10.03,1.97,39.77,63.72,36.03,1.5,0
201.41,2.6,11.27,1.16,51.79,61.78,56.9,2.69,0
222.39,1.7,11.59,0.67,57.61,52.98,42.28,2.21,0
258.83,2.1,12.14,2.2,39.3,61.01,33.3,1.53,0
274.56,3.23,7.59,1.71,50.08,47.64,43.09,2.73,0
152.28,2.54,11.66,0.96,59.59,45.17,49.9,2.87,0
249.63,1.37,11.06,3.82,64.45,68.29,24.25,0.68,0
257.11,1.42,11.95,0.78,51.57,54.08,52.67,1.75,0
237.51,2.6,14.59,0.73,45.39,59.61,43.4,3.27,0
308.11,3.02,17.13,1.14,56.38,48.42,39.7,3.16,0
268.98,1.53,13.7,0.4,52.52,51.5,33.14,2.32,0
308.96,2.77,8.91,0.4,37.42,52.75,43.47,4.0,0
240.28,3.3,11.14,0.81,49.59,51.19,31.16,4.0,0
292.19,3.63,13.49,1.35,47.92,53.85,20.11,3.49,0
323.58,2.7,13.21,0.81,55.27,62.96,32.87,3.28,0
309.03,2.8,14.47,2.21,46.2,80.85,37.27,2.02,0
200.85,1.22,11.76,0.91,48.42,71.41,46.13,1.41,0
238.58,3.76,11.09,2.34,52.81,54.98,37.81,2.62,0
234.47,2.15,16.38,1.02,62.66,50.51,28.55,2.38,0
272.02,1.94,12.15,2.15,56.11,33.31,33.39,1.43,0
280.89,2.35,9.46,5.02,86.98,49.9,40.21,0.94,1
212.25,3.41,15.69,2.53,39.82,43.52,46.46,2.25,0
253.05,3.82,8.26,0.4,65.94,60.82,48.13,4.0,0
159.1,2.58,4.0,0.81,54.06,85.03,26.38,3.12,0
314.89,3.1,13.92,0.45,38.27,54.07,40.51,4.0,0
226.94,2.53,14.28,0.55,50.46,38.21,47.74,3.51,0
252.51,1.88,13.04,3.68,36.84,57.06,31.27,0.95,0
236.07,3.39,8.74,1.61,55.99,53.39,58.0,2.96,0
301.57,2.13,11.85,1.73,51.34,78.92,35.06,1.78,0
122.31,3.42,11.3,3.71,46.78,31.73,50.2,1.72,0
249.25,3.28,10.66,0.9,42.28,45.13,46.91,3.8,0
245.24,2.87,15.53,2.2,67.2,71.41,33.12,2.08,0
229.59,3.6,9.38,3.02,53.08,36.46,40.16,2.11,0
327.68,3.84,12.79,1.48,57.51,68.61,53.64,3.52,0
210.07,2.39,14.99,5.53,57.12,50.02,34.63,0.88,0
284.73,2.01,12.95,1.55,56.3,75.39,41.77,1.8,0
266.03,1.38,15.1,0.72,51.08,59.27,24.94,1.75,0
306.77,3.85,13.41,0.99,73.21,57.6,43.6,4.0,0
219.98,2.24,13.07,2.07,81.84,68.98,35.95,1.68,0
217.02,3.18,12.92,3.08,72.37,60.29,45.24,1.84,0
299.32,2.06,13.53,0.78,55.26,41.46,31.56,2.53,0
269.14,3.42,11.04,4.33,54.43,52.19,43.2,1.53,0
180.48,2.08,8.75,0.74,68.11,35.59,36.5,2.62,0
225.73,1.78,14.39,4.78,45.91,47.03,15.0,0.74,0
267.39,2.37,14.9,1.07,75.52,27.92,40.88,2.55,0
287.7,2.18,12.63,0.4,64.5,95.07,52.61,3.3,0
219.43,2.86,10.63,2.82,51.64,59.61,29.04,1.75,0
118.86,2.47,8.11,0.4,58.38,68.0,33.55,3.74,0
273.55,2.88,12.21,11.82,62.52,47.47,53.25,0.55,1
195.09,2.33,8.63,2.03,49.87,67.88,45.56,1.77,0
159.22,2.1,8.28,0.58,67.41,71.61,36.71,2.88,0
122.55,2.15,11.95,1.41,70.27,74.04,42.96,2.02,0
286.63,3.73,10.09,0.51,51.85,58.76,33.74,4.0,0
255.79,2.64,12.86,2.7,49.29,75.23,64.71,1.67,0
239.85,1.31,11.6,0.4,53.74,50.89,48.87,1.98,0
312.51,2.19,10.48,0.4,41.12,65.61,57.09,3.31,0
278.68,2.56,7.74,5.56,34.99,60.72,40.92,0.94,0
322.73,3.61,9.87,0.77,49.8,42.37,27.26,4.0,0
187.33,3.12,9.96,2.25,43.48,32.55,45.03,2.23,0
248.45,1.95,8.94,1.57,76.25,55.52,52.55,1.73,0
177.25,3.95,11.18,1.21,49.53,55.57,52.97,4.0,0
239.68,2.48,9.13,1.28,60.47,55.96,23.12,2.45,0
238.81,3.25,11.59,3.09,47.46,75.75,42.11,1.87,0
278.2,1.81,12.6,1.67,76.39,80.64,24.02,1.55,0
252.05,1.06,9.93,0.65,52.67,69.86,34.14,1.4,0
278.05,1.65,13.06,0.58,40.08,68.81,45.85,2.26,0
281.65,0.55,8.6,4.38,63.04,58.8,53.31,0.3,0
346.97,3.77,9.22,3.22,58.11,62.65,42.22,2.1,0
235.81,2.63,11.72,5.46,69.44,66.44,28.52,0.98,0
207.65,1.95,13.72,3.27,53.15,62.1,45.99,1.08,0
261.07,2.77,14.17,0.77,56.29,68.89,31.49,3.44,0
213.9,2.61,16.03,1.5,36.91,60.69,37.08,2.37,0
316.69,2.87,11.06,4.44,65.03,52.57,40.9,1.26,0
237.26,3.23,11.68,0.65,55.75,63.92,33.3,4.0,0
224.55,2.33,9.42,0.4,53.51,56.46,46.36,3.52,0
228.79,1.97,8.87,5.78,52.25,81.78,47.52,0.7,0
282.33,3.0,12.57,5.59,51.61,53.59,50.28,1.1,0
242.9,2.98,10.06,4.62,65.19,102.9,54.25,1.27,0
221.12,2.56,15.08,4.37,43.89,84.6,38.57,1.14,0
324.94,3.81,8.34,3.6,63.92,43.01,27.73,1.96,0
211.47,2.24,13.22,4.68,35.74,78.77,28.69,0.94,0
251.6,1.96,9.49,0.86,32.0,58.12,57.35,2.32,0
279.35,2.75,9.95,1.45,71.93,68.48,56.15,2.54,0
176.59,2.1,13.35,1.16,42.73,83.65,53.38,2.18,0
271.61,2.8,10.31,2.55,56.27,48.37,34.14,1.84,0
202.52,2.0,10.71,0.4,51.78,53.05,56.88,3.03,0
287.03,2.26,9.97,4.67,59.13,71.3,38.3,0.95,0
206.68,3.63,16.46,0.4,55.62,54.5,43.43,4.0,0
281.17,2.26,10.46,3.63,67.52,26.63,48.26,1.16,0
299.76,2.02,12.13,1.07,37.85,74.46,52.61,2.18,0
288.76,3.2,11.5,2.5,63.05,65.54,45.41,2.13,0
261.31,1.87,12.55,2.15,54.38,59.65,53.75,1.38,0
239.59,2.08,10.46,0.4,36.61,61.88,40.13,3.16,0
224.06,2.85,11.5,2.22,48.64,93.57,37.97,2.05,0
316.2,3.06,12.98,0.73,35.75,75.19,36.8,3.86,0
218.52,3.23,9.84,0.4,34.92,47.09,28.51,4.0,0
203.33,2.05,14.72,1.98,49.76,61.85,15.0,1.59,0
279.94,2.86,14.96,0.4,69.24,77.79,50.41,4.0,0
214.17,2.22,13.52,5.54,58.75,77.47,37.66,0.82,0
207.25,2.14,12.17,0.74,70.59,37.46,47.43,2.68,0
185.04,3.22,4.52,2.09,55.91,52.48,45.98,2.41,0
228.27,2.17,13.06,1.89,73.6,42.99,41.58,1.73,0
246.28,2.67,11.02,3.66,72.36,69.59,49.44,1.36,0
260.94,2.59,11.38,1.03,43.6,46.39,50.72,2.85,0
292.81,1.86,7.26,1.15,55.85,83.32,30.48,1.94,0
273.71,3.08,13.23,1.92,46.33,79.43,55.33,2.43,0
241.41,2.84,8.38,0.79,53.26,56.3,48.64,3.47,0
241.08,1.31,12.3,1.21,74.9,41.03,31.24,1.33,0
272.96,2.67,14.26,0.87,47.3,48.17,33.51,3.14,0
307.27,2.04,10.83,2.3,40.77,66.77,27.57,1.43,0
255.68,3.16,15.04,3.1,41.56,72.78,46.28,1.81,0
228.89,1.63,10.13,3.97,50.25,59.42,38.23,0.78,0
205.32,2.29,13.5,3.78,99.94,21.48,15.07,1.14,1
184.97,2.72,8.74,2.59,72.67,70.2,34.46,1.77,0
279.98,2.53,14.58,2.56,25.0,29.69,36.19,1.66,0
276.01,2.96,14.19,2.51,54.57,28.21,41.06,1.96,0
275.98,1.59,13.17,1.7,47.45,74.97,24.61,1.35,0
244.21,3.49,11.02,0.61,66.84,42.21,41.17,4.0,0
313.31,2.82,8.49,4.82,40.85,63.76,55.01,1.16,0
228.21,3.32,11.02,2.5,42.56,61.38,41.87,2.21,0
292.99,3.02,14.78,3.18,48.14,47.92,45.89,1.71,0
248.26,2.49,12.32,1.12,46.7,63.09,55.63,2.63,0
222.62,1.73,8.12,7.06,62.82,51.74,39.05,0.52,0
276.66,2.16,9.19,4.38,50.99,60.71,38.73,0.96,0
268.43,3.45,15.13,1.29,67.04,54.21,43.45,3.4,0
266.06,3.33,13.22,1.05,45.28,52.48,31.15,3.62,0
253.66,2.13,8.91,3.14,65.39,50.11,33.05,1.21,0
248.29,0.81,7.59,1.69,41.12,46.52,19.61,0.69,0
357.48,2.37,10.44,2.28,62.38,72.79,62.88,1.68,0
303.29,2.33,7.37,4.63,49.0,53.21,48.31,0.99,0
282.53,2.35,11.61,2.24,65.7,43.03,30.53,1.68,0
255.03,2.82,18.13,1.61,25.71,53.87,50.24,2.47,0
295.32,3.03,8.01,2.6,45.6,52.08,31.92,1.96,0
273.31,3.09,11.53,0.42,69.02,54.09,40.68,4.0,0
251.18,2.77,15.28,2.16,52.58,70.7,40.63,2.03,0
236.34,1.42,13.87,0.5,34.58,50.58,35.54,2.03,0
246.36,2.3,11.63,2.96,46.52,54.31,31.87,1.36,0
107.33,3.88,11.63,1.67,59.6,69.65,52.09,3.32,0
259.48,2.72,9.11,5.44,45.27,66.66,40.84,1.02,0
228.02,2.72,11.33,4.14,68.93,49.69,56.82,1.26,0
321.67,2.72,12.61,2.26,68.02,74.49,29.59,1.94,0
250.87,2.75,14.76,5.8,63.01,73.64,35.27,0.98,0
196.5,1.07,10.45,1.22,67.37,72.59,39.54,1.08,0
247.76,2.36,11.53,0.76,48.82,64.54,51.03,2.94,0
202.92,2.48,9.63,1.57,72.85,57.4,32.11,2.2,0
271.3,3.27,12.56,1.54,67.91,43.89,45.71,2.93,0
263.09,2.53,13.96,1.63,53.45,39.25,43.43,2.19,0
293.1,1.51,13.57,1.95,35.48,58.73,54.28,1.18,0
214.41,2.76,9.07,0.4,26.6,60.21,44.98,4.0,0
251.53,2.02,12.37,0.96,66.88,56.08,22.04,2.28,0
188.57,1.77,10.31,1.22,35.67,58.33,29.86,1.79,0
281.57,2.0,14.53,5.71,43.94,80.45,30.37,0.72,0
273.35,2.83,11.6,1.2,60.72,84.41,35.48,2.88,0
272.31,3.26,8.2,1.3,39.4,43.41,53.24,3.19,0
250.07,2.79,11.45,3.07,84.21,64.33,37.35,1.61,0
268.66,2.88,13.15,1.58,57.85,60.78,40.35,2.54,0
322.2,2.78,12.61,6.73,72.74,70.12,37.75,0.87,0
237.17,2.56,10.72,3.29,67.51,86.0,45.39,1.41,0
256.24,2.92,10.54,2.94,25.0,92.82,32.78,1.74,0
201.12,1.05,9.53,0.4,63.93,70.79,38.29,1.59,0
210.93,2.57,11.01,2.35,54.81,60.6,38.17,1.78,0
254.4,1.87,9.86,2.06,54.25,54.56,39.29,1.42,0
299.68,3.2,14.43,3.75,54.7,97.3,34.34,1.6,0
238.47,2.41,9.75,3.0,67.66,48.49,26.65,1.42,0
239.38,2.52,12.31,2.66,74.74,72.34,49.33,1.61,0
231.69,1.6,12.14,2.44,40.69,56.04,38.84,1.08,0
225.94,3.11,14.36,1.2,55.93,39.92,51.29,3.17,0
263.27,2.88,14.72,0.76,71.82,85.73,44.79,3.58,0
182.62,2.83,13.74,2.5,52.51,33.87,45.15,1.89,0
307.64,2.01,12.88,0.8,57.44,27.77,51.31,2.46,0
220.06,2.04,9.38,1.93,57.61,70.5,65.98,1.6,0
282.49,2.63,9.33,5.06,80.38,55.44,53.04,1.04,0
192.85,2.08,9.89,5.76,63.98,66.47,48.86,0.74,0
280.1,2.76,13.88,1.57,79.85,59.89,42.92,2.44,0
280.24,1.2,12.18,3.98,75.92,69.01,52.59,0.58,0
267.29,2.21,14.17,1.91,52.28,55.56,32.53,1.75,0
205.25,3.58,14.51,0.76,58.61,73.53,45.85,4.0,0
261.23,2.76,10.19,1.93,79.63,73.97,52.77,2.17,0
196.76,2.6,12.08,8.37,41.3,83.23,49.52,0.68,1
238.63,3.69,11.97,2.85,64.13,78.96,39.24,2.25,0
296.32,1.1,11.18,0.9,64.25,58.4,44.55,1.28,0
285.85,2.01,10.66,2.47,51.68,70.44,36.71,1.35,0
250.68,2.26,14.96,3.39,50.43,66.26,32.32,1.22,0
206.13,3.02,12.13,3.94,52.08,66.32,54.51,1.45,0
279.05,3.03,12.03,1.56,63.43,40.14,35.66,2.7,0
250.87,1.98,9.99,5.86,72.68,71.3,35.57,0.7,0
145.59,3.1,13.69,1.76,63.87,69.13,35.79,2.58,0
285.22,2.26,9.49,2.5,39.91,87.3,33.04,1.51,0
248.91,3.23,13.14,0.42,73.07,77.48,32.75,4.0,0
304.11,1.88,13.21,4.78,69.32,62.24,22.75,0.78,0
200.71,2.43,10.97,0.63,52.05,58.47,24.48,3.23,0
107.05,2.21,12.79,3.21,47.15,44.94,38.07,1.24,0
262.56,3.13,12.46,1.3,44.1,87.27,44.56,3.07,0
263.12,2.19,11.9,0.63,67.89,44.02,23.24,2.9,0
173.92,2.47,12.03,1.37,32.45,31.97,41.82,2.36,0
205.97,2.8,12.15,0.4,68.19,73.5,52.83,4.0,0
373.98,2.83,12.32,1.06,49.58,61.3,35.28,3.06,0
236.25,3.03,12.15,1.17,58.42,63.97,30.11,3.14,0
282.89,2.63,9.24,0.66,25.0,62.8,39.4,3.44,0
220.72,2.25,11.62,2.4,33.72,44.13,45.19,1.54,0
155.94,2.29,12.66,1.83,46.85,65.53,34.41,1.86,0
242.34,2.52,12.24,2.39,44.05,55.16,49.53,1.73,0
238.05,2.65,14.38,1.2,64.1,53.06,44.69,2.7,0
232.01,2.41,13.55,1.61,58.64,81.35,57.31,2.11,0
244.84,2.51,9.82,0.59,78.21,71.87,23.19,3.41,0
261.89,1.59,11.58,1.1,61.16,25.49,25.88,1.69,0
243.24,2.9,11.22,0.63,47.2,63.24,35.82,3.86,0
193.12,2.61,11.99,1.46,69.68,75.99,26.61,2.41,0
271.88,3.1,11.99,1.1,49.44,41.31,55.74,3.3,0
162.28,2.5,13.53,3.21,48.75,47.04,42.33,1.4,0
157.73,1.46,12.44,3.42,55.03,75.0,36.7,0.78,0
283.26,2.28,15.08,2.19,74.43,53.19,55.54,1.66,0
272.82,2.38,12.6,3.35,67.61,30.33,42.93,1.29,0
247.42,2.95,9.92,2.34,67.24,78.0,37.91,2.05,0
187.2,1.26,10.83,1.24,78.53,57.39,32.18,1.26,0
218.14,2.52,13.51,2.03,66.95,65.61,45.56,1.93,0
238.18,2.81,7.96,5.23,40.26,59.26,45.22,1.08,0
178.18,2.1,8.64,3.77,61.46,76.81,46.82,1.05,0
216.74,2.54,12.03,1.94,74.48,43.52,48.06,1.99,0
279.35,2.12,14.38,0.4,36.78,69.96,54.51,3.22,0
314.23,2.06,15.27,6.39,54.82,79.78,31.72,0.67,0
231.13,2.25,11.46,1.7,42.19,39.76,62.37,1.91,0
284.04,2.07,14.65,4.12,56.54,48.91,58.0,0.97,0
163.87,2.91,12.18,1.89,68.62,84.67,57.17,2.32,0
279.68,2.06,8.17,4.54,71.11,76.22,37.94,0.89,0
213.82,1.96,11.98,2.38,52.79,47.71,32.86,1.35,0
263.83,3.56,10.45,0.43,62.94,41.78,41.05,4.0,0
238.85,3.08,14.3,1.56,36.95,64.24,42.83,2.74,0
309.42,1.38,11.94,2.41,34.02,64.94,48.57,0.95,0
210.65,2.04,8.81,2.2,68.44,59.11,38.36,1.48,0
278.24,2.65,8.25,3.76,25.0,95.0,49.21,1.32,0
237.42,2.69,11.95,2.38,46.75,69.7,36.53,1.85,0
242.88,1.61,5.95,1.98,63.12,47.39,40.48,1.24,0
241.73,3.2,10.7,0.73,57.65,75.86,47.23,4.0,0
211.94,3.0,12.58,5.99,25.0,60.87,41.22,1.03,0
249.37,2.79,9.36,1.51,61.31,49.85,33.24,2.52,0
247.18,3.31,14.48,1.17,44.66,73.52,30.98,3.42,0
260.86,2.77,14.98,0.81,56.45,82.13,50.65,3.36,0
253.8,2.77,9.46,1.06,47.51,63.24,44.96,2.99,0
285.91,3.43,11.25,3.55,46.69,45.34,53.87,1.79,0
291.56,3.16,14.49,0.53,33.4,61.7,51.45,4.0,0
202.72,2.0,12.0,1.39,50.69,45.66,37.18,1.89,0
289.09,2.88,8.51,0.4,69.83,63.4,50.07,4.0,0
196.61,2.1,11.64,0.96,49.93,71.32,43.52,2.38,0
276.45,2.8,9.87,1.14,50.47,30.35,38.86,2.93,0
277.89,2.79,14.77,1.05,46.55,70.73,66.5,3.03,0
163.99,1.67,13.51,0.81,39.57,54.39,63.46,2.03,0
254.18,2.43,11.22,4.89,43.03,51.57,46.5,0.99,0
228.92,2.66,12.36,1.15,57.66,40.09,31.5,2.77,0
215.86,2.24,8.73,3.44,84.51,43.9,35.22,1.19,0
310.79,2.69,10.12,1.28,66.71,86.47,34.58,2.65,0
220.58,2.98,15.88,0.63,62.44,72.74,48.14,3.97,0
213.71,2.48,12.13,3.05,78.9,79.42,43.84,1.44,0
253.41,2.63,14.33,4.06,60.62,47.14,36.88,1.24,0
280.85,3.33,12.58,0.62,67.9,86.98,60.66,4.0,0
243.63,2.78,15.29,2.83,57.57,59.0,35.7,1.71,0
302.49,2.62,7.0,1.52,60.42,48.17,58.64,2.37,0
273.89,1.93,11.53,6.62,38.1,43.83,51.71,0.61,0
151.98,2.9,16.11,3.82,51.28,44.27,46.44,1.43,0
226.17,2.7,14.39,5.34,48.26,48.8,32.21,1.02,0
224.72,3.27,15.31,1.3,47.62,46.59,56.04,3.21,0
271.57,2.53,11.98,5.56,46.92,73.56,59.73,0.93,0
131.88,1.41,10.66,3.28,72.17,99.02,42.36,0.78,1
364.71,1.48,9.43,2.16,50.58,56.29,52.48,1.09,0
273.9,2.94,9.26,3.05,53.27,56.58,40.98,1.71,0
256.7,2.16,14.02,0.8,82.18,32.13,55.05,2.63,0
303.17,2.76,13.28,2.17,64.31,46.12,30.52,2.02,0
355.46,2.57,11.83,1.5,55.1,35.69,49.89,2.33,0
289.18,2.4,13.27,4.1,67.7,72.2,15.0,1.12,0
292.7,2.44,12.36,0.4,46.97,89.0,28.3,3.7,0
255.88,1.98,14.41,2.13,49.9,43.78,29.4,1.47,0
243.63,2.49,14.38,1.36,50.66,56.95,40.14,2.39,0
228.59,2.15,9.34,5.91,57.99,56.27,31.16,0.75,0
212.82,2.28,12.68,1.69,60.6,70.25,31.24,1.93,0
219.08,2.31,7.83,1.56,43.61,61.58,38.21,2.05,0
189.22,2.36,12.33,2.15,59.88,91.72,38.72,1.74,0
246.59,3.05,13.51,3.11,62.25,48.76,28.47,1.75,0
174.19,2.42,8.72,0.4,49.39,73.49,26.57,3.67,0
258.59,3.11,10.96,0.58,53.01,51.07,31.49,4.0,0
248.37,3.42,12.02,5.93,41.36,35.97,50.02,1.19,0
256.61,3.01,12.58,2.23,36.89,81.4,66.37,2.17,0
226.5,2.82,11.3,8.86,41.23,88.1,54.6,0.7,1
388.46,2.7,9.07,0.89,63.65,66.15,36.43,3.15,0
311.21,3.02,11.86,2.84,61.28,50.55,44.16,1.84,0
194.0,2.55,7.87,2.26,78.13,42.92,39.98,1.82,0
260.48,3.09,11.42,4.82,55.46,68.41,38.57,1.27,0
222.64,2.87,10.9,0.48,55.62,28.1,41.1,4.0,0
204.35,2.28,11.66,5.96,59.05,73.08,42.77,0.79,0
189.7,3.04,10.6,2.09,42.2,53.73,22.54,2.27,0
269.45,2.55,8.23,1.8,65.84,53.41,33.81,2.09,0
219.34,2.44,11.08,2.8,59.59,43.9,39.57,1.5,0
293.55,2.21,14.33,1.73,43.63,38.44,63.84,1.85,0
294.72,2.6,15.15,2.15,59.46,59.13,46.37,1.91,0
311.83,3.1,18.1,4.38,64.1,62.93,51.02,1.37,0
211.64,3.03,16.23,0.8,39.02,58.62,38.9,3.71,0
271.39,2.71,9.01,2.74,67.69,76.42,54.39,1.7,0
278.46,2.86,10.98,2.8,49.6,60.9,42.84,1.76,0
228.66,3.26,11.94,6.18,25.0,70.73,48.26,1.1,0
215.27,2.41,11.79,1.46,66.66,37.97,41.75,2.22,0
322.43,1.83,12.17,0.4,71.11,53.37,45.52,2.77,0
260.24,3.28,18.02,1.29,41.52,82.25,35.24,3.23,0
278.62,2.18,9.29,1.02,34.95,74.58,58.3,2.4,0
213.01,2.09,10.22,5.45,70.93,65.0,35.18,0.78,0
195.13,1.42,16.11,0.4,47.59,54.32,30.51,2.15,0
224.37,2.84,10.46,3.94,71.14,45.96,41.6,1.37,0
244.42,1.53,12.98,2.51,33.5,52.06,58.73,1.01,0
202.11,2.05,14.59,0.6,71.86,69.56,33.17,2.77,0
249.56,2.85,13.22,2.63,67.88,30.26,38.19,1.84,0
174.02,2.93,12.48,0.4,61.49,86.93,42.56,4.0,0
199.6,2.11,14.35,3.22,30.95,78.58,26.76,1.18,0
280.19,2.42,9.77,1.76,50.65,78.24,26.24,2.01,0
277.17,1.98,10.76,0.4,67.09,69.22,51.25,2.99,0
232.37,2.17,13.34,0.55,34.76,61.62,40.76,3.01,0
204.2,2.66,6.83,3.29,48.73,65.67,29.4,1.46,0
203.77,2.2,15.54,6.37,59.76,54.51,36.86,0.72,0
233.2,2.35,12.76,6.5,41.09,91.77,34.41,0.76,1
279.0,1.62,12.38,4.06,70.61,57.92,40.08,0.76,0
291.77,3.18,7.92,0.42,68.23,52.87,41.97,4.0,0
227.66,2.81,8.78,4.53,57.91,56.02,18.52,1.21,0
198.09,2.98,11.0,7.05,60.21,49.15,53.34,0.9,0
262.05,3.27,14.02,5.41,48.51,72.14,40.74,1.23,0
212.94,2.0,6.81,2.52,62.08,52.21,33.62,1.33,0
226.68,2.28,13.97,0.7,47.83,58.11,48.84,2.93,0
309.64,1.36,11.1,4.37,52.64,80.05,29.66,0.61,0
287.22,4.38,11.44,1.88,49.09,76.06,36.86,3.5,0
257.11,2.41,12.63,1.87,72.23,44.64,27.83,1.93,0
192.76,3.12,12.67,1.97,69.48,77.71,47.44,2.43,0
259.51,1.76,10.22,1.99,42.96,38.75,51.94,1.36,0
297.82,3.1,13.56,0.65,71.05,37.48,43.84,4.0,0
233.1,3.61,6.2,1.45,45.42,55.1,38.11,3.35,0
310.8,2.46,10.87,5.95,77.23,64.39,27.24,0.86,0
308.17,1.89,12.38,1.94,73.85,56.63,35.43,1.48,0
324.87,2.42,11.14,1.37,81.31,66.58,42.32,2.3,0
263.74,1.16,7.43,0.88,58.52,54.35,34.26,1.36,0
276.43,2.48,13.9,0.85,51.63,29.11,35.45,2.96,0
313.64,2.99,8.88,3.3,51.37,57.14,28.78,1.64,0
270.13,2.48,11.83,2.47,59.5,37.19,32.57,1.67,0
227.44,2.33,12.38,2.28,42.83,60.05,25.33,1.65,0
229.82,2.82,12.05,3.22,26.08,41.21,42.77,1.57,0
260.73,2.86,14.92,3.96,50.2,67.76,40.5,1.37,0
191.92,1.5,11.87,2.04,55.49,80.32,40.95,1.14,0
243.55,2.55,13.07,3.58,61.67,34.06,36.39,1.32,0
299.34,3.96,11.86,1.15,59.77,29.37,34.09,4.0,0
151.39,1.7,13.53,4.37,56.69,55.49,37.02,0.76,0
319.05,2.45,15.48,1.7,69.03,76.94,35.74,2.08,0
300.51,3.67,12.34,6.45,44.53,62.34,41.53,1.19,0
229.31,3.16,13.95,1.89,46.94,53.6,58.33,2.52,0
274.45,2.19,15.64,0.72,80.31,43.86,38.11,2.78,0
250.14,2.62,15.39,2.49,25.0,70.85,34.08,1.75,0
305.35,2.5,11.04,1.8,68.43,83.06,37.51,2.05,0
294.22,2.05,14.59,0.55,61.76,31.96,35.08,2.85,0
187.0,2.46,12.62,6.66,54.98,64.41,35.04,0.78,0
276.43,2.33,14.79,1.73,65.75,98.17,34.16,1.96,0
240.75,2.57,13.42,0.54,63.62,50.92,46.85,3.58,0
253.73,2.05,12.69,1.77,37.49,57.14,46.72,1.7,0
217.23,1.73,13.08,1.17,43.31,59.48,49.02,1.79,0
328.67,2.48,12.64,1.34,49.23,53.87,51.14,2.39,0
296.8,3.53,12.74,2.68,29.54,76.46,36.35,2.24,0
216.71,2.55,11.6,1.02,54.9,87.02,24.32,2.81,0
189.94,2.3,11.37,3.93,62.65,34.43,59.7,1.11,0
232.64,2.95,16.41,1.14,68.99,45.98,17.42,3.09,0
269.55,2.41,13.19,0.85,55.94,78.69,36.58,2.86,0
260.81,3.62,10.57,2.16,46.01,69.0,25.73,2.66,0
306.39,2.5,11.31,0.4,57.69,66.55,44.03,3.78,0
285.55,2.92,14.64,1.77,54.06,70.45,30.43,2.42,0
293.63,2.05,10.16,1.58,64.42,61.44,51.32,1.81,0
264.71,2.8,8.29,1.44,54.46,67.22,42.32,2.61,0
187.48,2.67,8.48,0.66,65.67,55.12,55.11,3.49,0
241.19,2.47,7.68,1.02,51.86,56.58,41.02,2.72,0
297.7,2.2,8.75,3.96,70.48,58.57,51.59,1.06,0
247.68,2.12,9.05,0.85,57.13,53.89,29.14,2.52,0
272.64,2.67,15.46,4.49,47.83,67.03,49.85,1.16,0
235.66,2.88,11.88,3.4,51.0,64.46,38.65,1.55,0
203.66,2.42,11.09,1.61,63.72,32.01,42.38,2.12,0
244.45,2.67,8.39,4.58,39.75,56.95,49.28,1.15,0
263.91,2.48,11.64,2.77,53.45,60.31,43.87,1.54,0
220.49,2.56,7.66,1.66,67.83,82.95,32.09,2.2,0
239.39,2.38,11.08,0.94,61.2,55.7,35.11,2.72,0
207.72,2.51,17.16,1.86,41.19,61.45,29.42,2.02,0
300.37,4.12,13.66,5.62,58.73,58.85,47.15,1.5,0
236.75,2.69,11.48,1.84,38.9,79.83,36.54,2.17,0
315.37,2.89,13.75,6.6,57.24,42.08,35.51,0.92,0
318.79,2.76,10.7,1.32,71.56,48.23,42.03,2.69,0
246.35,2.34,10.0,3.72,55.88,47.22,37.63,1.18,0
204.62,3.28,16.26,5.56,41.42,60.21,51.69,1.2,0
156.13,2.33,9.14,1.5,52.71,37.59,47.85,2.11,0
183.76,3.13,11.11,0.95,57.33,81.98,47.23,3.56,0
188.18,2.3,12.77,0.4,68.11,66.23,35.85,3.48,0
312.03,1.92,9.66,1.67,68.0,68.78,47.1,1.65,0
255.21,2.72,13.63,3.18,41.93,91.53,45.03,1.53,0
267.53,1.84,11.23,0.92,51.11,54.84,27.84,2.12,0
150.08,2.82,13.66,1.24,59.72,72.84,37.54,2.83,0
196.09,1.78,13.46,2.47,47.74,68.73,38.29,1.2,0
289.92,2.31,11.39,3.57,60.98,83.09,54.95,1.2,0
262.9,1.64,16.28,2.44,38.82,70.37,35.8,1.11,0
243.38,4.19,10.34,0.87,58.14,52.36,44.82,4.0,0
275.42,1.51,15.37,1.24,67.33,66.36,53.01,1.51,0
323.61,2.51,14.94,0.94,55.65,50.3,30.77,2.87,0
240.05,3.19,16.43,2.29,57.11,52.99,42.79,2.25,0
253.12,3.12,12.44,1.13,65.13,59.8,60.32,3.28,0
258.67,3.01,10.03,0.98,49.67,57.21,24.31,3.38,0
357.64,2.31,17.19,0.94,62.46,46.59,33.93,2.64,0
155.53,3.31,11.16,6.17,54.63,25.96,42.73,1.12,0
280.75,3.05,9.97,2.4,44.1,64.45,43.64,2.09,0
244.83,2.63,11.53,4.78,65.83,65.51,41.57,1.09,0
275.5,2.64,9.55,4.5,71.81,65.46,45.46,1.15,0
220.42,2.32,13.32,4.62,68.9,88.59,52.61,0.99,0
247.8,1.95,10.49,4.02,65.83,36.96,40.54,0.93,0
282.01,3.24,11.28,6.67,61.13,83.3,39.26,1.02,0
390.08,3.29,14.42,2.34,59.36,97.38,45.95,2.29,0
286.36,1.97,13.56,2.38,53.87,86.46,59.9,1.36,0
211.84,2.41,12.04,2.45,47.05,54.76,46.0,1.63,0
230.93,2.41,12.43,0.42,30.21,66.8,50.39,3.61,0
229.6,2.48,12.03,1.23,36.19,48.43,24.27,2.5,0
169.2,2.54,10.92,4.14,55.17,49.86,38.2,1.18,0
235.15,3.07,11.99,1.69,39.68,85.85,27.86,2.61,0
282.98,2.05,13.23,4.08,59.97,70.49,40.15,0.96,0
192.66,1.99,11.68,1.84,75.97,71.4,54.27,1.61,0
297.18,3.24,13.05,5.57,25.0,43.16,27.08,1.19,0
271.95,2.22,9.91,4.9,43.33,37.9,57.37,0.9,0
216.96,1.74,10.49,0.89,81.23,75.82,39.95,2.03,0
243.63,2.21,10.16,0.47,65.01,66.33,48.93,3.22,0
321.92,2.3,10.59,0.61,53.66,55.52,50.29,3.09,0
283.01,3.43,15.22,0.45,48.62,86.05,59.96,4.0,0
250.4,3.05,13.82,2.76,62.03,68.9,45.81,1.9,0
239.3,3.19,9.31,2.6,66.75,47.25,31.28,2.07,0
253.45,2.99,13.09,2.62,39.77,30.93,50.12,1.93,0
226.97,3.07,11.02,2.31,72.9,68.97,15.0,2.15,0
155.29,2.09,10.29,3.0,59.78,52.96,30.93,1.23,0
341.9,2.38,8.29,0.85,66.26,57.92,34.19,2.84,0
256.99,1.91,14.43,6.07,67.29,56.67,18.96,0.65,0
267.92,2.37,8.59,3.15,58.75,81.46,56.84,1.35,0
247.39,2.91,11.87,0.75,60.35,72.64,53.29,3.64,0
216.92,2.58,9.63,1.1,61.21,58.56,44.51,2.74,0
241.63,3.29,13.94,2.77,50.71,58.15,49.8,2.04,0
178.03,1.82,11.16,5.22,62.78,64.32,43.66,0.7,0
352.47,2.8,11.66,1.09,51.89,79.77,48.64,2.99,0
194.45,1.75,11.75,0.87,55.01,61.24,52.62,2.06,0
203.56,2.56,12.76,3.86,73.77,51.38,25.54,1.25,0
230.19,2.94,12.03,4.01,54.57,41.93,49.15,1.4,0
307.96,2.37,11.89,1.72,59.96,58.72,51.29,1.99,0
250.65,2.83,10.7,0.92,52.9,42.03,34.09,3.26,0
194.37,1.92,8.06,1.32,50.61,65.12,37.69,1.87,0
306.45,1.5,9.2,6.7,78.14,66.8,32.25,0.47,0
282.9,2.83,13.8,3.79,37.43,77.86,43.11,1.41,0
274.23,3.55,11.24,3.07,55.63,56.86,43.91,2.05,0
282.21,1.9,10.34,1.75,40.58,75.49,41.96,1.59,0
357.75,3.23,8.49,4.31,70.05,84.17,32.34,1.45,0
348.33,2.53,7.7,1.07,54.26,61.11,53.72,2.72,0
219.1,1.7,10.24,1.51,49.37,93.53,34.18,1.54,0
323.07,1.82,14.22,1.37,32.98,81.55,45.53,1.74,0
267.24,2.51,10.61,1.34,73.92,52.81,47.88,2.42,0
272.46,2.26,13.0,0.58,39.07,104.17,22.88,3.08,0
173.85,1.71,10.49,0.4,60.84,58.98,43.35,2.59,0
242.33,1.48,13.6,1.76,66.18,80.99,52.54,1.23,0
213.42,1.99,11.12,5.23,81.09,69.43,39.86,0.77,0
287.26,2.62,8.92,4.17,48.38,64.55,48.99,1.21,0
298.2,2.5,11.33,2.62,44.73,79.63,33.22,1.61,0
156.65,2.2,16.59,1.96,49.87,62.26,50.54,1.71,0
249.01,2.62,16.47,6.97,47.94,58.85,28.63,0.8,0
300.48,3.12,13.22,2.88,32.4,59.31,39.78,1.89,0
241.6,2.74,11.66,1.27,74.63,42.84,52.35,2.71,0
282.81,2.43,12.76,2.03,49.98,76.0,51.8,1.85,0
265.8,3.06,12.79,4.89,53.08,50.1,27.0,1.25,0
265.37,1.92,11.9,0.4,62.53,63.15,37.86,2.92,0
237.79,2.37,13.1,4.44,71.63,60.3,34.01,1.04,0
195.25,2.38,12.52,1.98,41.07,69.11,51.8,1.84,0
199.53,1.76,11.21,1.72,59.29,59.8,39.26,1.48,0
281.92,2.25,9.01,1.07,40.41,55.97,41.48,2.42,0
250.88,1.26,10.85,2.56,59.0,66.22,44.82,0.82,0
243.77,3.65,14.0,2.72,58.51,64.93,27.86,2.3,0
230.92,1.94,11.92,2.09,49.32,44.07,42.99,1.45,0
236.27,3.45,12.75,1.15,57.8,58.35,29.9,3.59,0
297.11,2.52,11.29,3.09,58.02,79.05,35.1,1.45,0
234.91,2.84,9.35,5.36,54.02,96.86,35.57,1.07,0
189.65,2.21,11.4,5.17,52.54,34.39,44.84,0.86,0
283.46,2.62,9.44,1.26,38.63,72.42,32.07,2.61,0
240.78,2.89,9.28,1.19,41.91,61.59,35.25,2.96,0
251.41,2.9,15.01,2.22,47.63,51.12,43.24,2.09,0
322.34,2.96,10.95,0.68,42.9,53.58,53.85,3.84,0
249.07,2.28,10.15,2.85,48.12,45.9,44.38,1.39,0
263.01,2.21,16.04,1.24,54.09,39.57,51.31,2.22,0
196.95,1.54,14.04,1.08,56.06,65.78,18.76,1.65,0
240.11,2.81,11.07,4.24,61.74,86.75,54.35,1.28,0
277.43,3.15,13.07,0.75,56.88,65.29,31.43,3.93,0
180.01,3.47,11.41,3.17,56.43,62.57,33.91,1.96,0
259.04,2.68,10.27,0.4,61.44,50.65,59.41,4.0,0
254.54,2.04,13.19,5.84,44.0,46.05,41.7,0.72,0
251.86,1.48,11.19,2.05,45.0,60.33,32.5,1.12,0
296.67,3.13,12.19,0.52,50.52,44.56,33.88,4.0,0
265.05,1.42,14.55,1.98,46.63,76.85,26.17,1.1,0
316.51,2.3,14.28,6.42,33.96,51.34,40.15,0.75,0
205.29,2.37,10.62,0.68,61.91,47.35,36.64,3.07,0
256.12,2.46,13.22,3.19,43.02,93.76,46.69,1.38,0
253.8,2.52,9.18,2.43,76.74,79.48,57.19,1.71,0
201.88,2.58,13.13,1.22,56.98,42.07,27.46,2.61,0
293.03,1.05,12.37,2.08,36.98,46.77,45.96,0.79,0
354.61,2.51,12.95,2.07,63.0,57.08,24.67,1.89,0
249.23,1.16,11.26,0.4,55.4,57.59,44.35,1.76,0
272.73,2.94,17.21,0.96,58.49,53.12,28.27,3.33,0
253.8,2.17,9.75,1.39,49.03,80.05,26.53,2.05,0
217.89,1.21,14.43,5.12,43.83,63.16,65.51,0.47,0
168.07,2.01,9.42,7.84,37.46,59.45,61.48,0.55,1
218.24,2.16,13.26,0.52,39.62,50.88,32.92,3.05,0
187.36,3.21,13.44,3.52,38.58,44.23,59.02,1.69,0
326.68,2.62,12.14,0.47,50.71,50.63,39.6,3.81,0
244.82,2.71,10.76,6.77,54.38,46.86,26.29,0.84,0
234.43,3.21,12.35,2.66,36.44,41.11,46.49,2.05,0
290.01,2.44,12.67,1.7,65.83,76.17,49.49,2.07,0
199.52,2.95,16.47,1.38,56.7,73.95,47.52,2.81,0
215.49,2.91,9.82,1.95,84.13,54.38,23.1,2.28,0
253.06,1.73,10.61,1.07,50.14,79.77,28.57,1.86,0
296.29,3.38,12.71,1.53,81.8,68.85,49.37,3.04,0
272.58,1.65,11.36,0.69,63.95,43.79,28.48,2.13,0
261.17,3.05,11.75,2.92,31.49,38.13,50.18,1.83,0
253.52,1.59,14.68,1.42,40.71,64.59,36.37,1.49,0
268.01,2.86,4.95,2.18,58.82,67.14,23.55,2.08,0
259.07,3.62,10.51,4.67,34.03,40.61,26.81,1.53,0
203.65,2.37,7.64,3.19,44.24,52.12,44.54,1.34,0
252.07,2.35,9.01,0.92,35.89,72.8,45.02,2.7,0
201.68,2.87,18.01,2.99,80.66,83.56,55.62,1.69,0
253.65,2.3,13.5,2.28,68.18,61.27,40.2,1.63,0
228.37,3.59,14.38,0.4,50.93,60.84,38.01,4.0,0
364.27,2.62,11.8,3.03,73.15,53.23,57.98,1.53,0
248.2,2.31,13.9,2.04,70.09,82.31,31.61,1.75,0
186.81,2.18,7.58,1.31,70.72,68.34,37.17,2.12,0
243.96,1.94,14.6,3.27,48.29,47.38,44.75,1.07,0
273.37,2.12,9.95,1.04,51.29,71.73,31.04,2.32,0
325.3,2.29,10.67,3.06,41.84,49.49,44.47,1.33,0
223.47,2.21,13.26,4.81,53.64,45.72,40.04,0.91,0
178.79,2.11,12.79,0.77,45.25,53.29,51.35,2.6,0
286.76,3.76,12.21,2.94,42.11,47.09,35.82,2.24,0
187.87,1.88,8.59,0.4,68.58,46.43,33.61,2.85,0
230.37,2.59,12.25,1.78,63.06,39.01,59.19,2.14,0
238.41,2.86,14.4,2.35,44.41,49.52,48.51,1.98,0
246.87,2.88,10.67,1.27,66.35,52.0,50.86,2.86,0
281.01,2.46,15.29,1.9,58.71,39.73,48.36,1.95,0
219.24,2.36,9.82,1.29,51.22,68.1,33.26,2.32,0
237.68,2.77,12.02,0.81,74.09,33.5,30.4,3.36,0
249.36,2.66,15.84,3.61,58.66,54.28,30.51,1.37,0
256.73,2.34,10.3,0.48,76.33,69.92,34.25,3.38,0
254.4,1.56,14.63,2.66,61.79,76.98,52.0,1.0,0
269.62,2.22,16.94,1.46,62.82,51.38,39.74,2.05,0
287.97,1.81,12.43,1.9,42.09,75.2,49.4,1.44,0
267.67,2.1,10.68,2.56,48.31,54.49,48.23,1.38,0
270.41,2.52,10.07,4.31,72.49,93.83,56.02,1.13,0
178.8,2.72,15.26,1.28,68.94,38.1,48.01,2.68,0
252.26,3.57,15.19,0.69,50.7,44.9,42.13,4.0,0
271.58,2.18,15.62,2.0,38.76,62.42,27.01,1.68,0
282.8,2.96,11.92,2.01,74.92,41.08,59.41,2.27,0
218.84,2.68,14.59,5.6,67.8,49.38,50.65,0.98,0
220.34,3.28,11.88,0.73,41.27,66.79,44.24,4.0,0
224.17,2.85,9.79,3.18,41.27,62.87,42.13,1.61,0
274.14,1.89,14.81,2.41,77.0,59.47,22.2,1.29,0
296.52,1.47,16.08,4.09,48.91,59.63,44.22,0.69,0
231.66,2.69,9.45,0.7,49.12,23.08,34.7,3.45,0
290.86,2.18,9.4,1.85,46.83,62.23,23.6,1.76,0
255.56,1.91,12.1,4.57,59.27,50.46,35.16,0.82,0
244.41,1.74,14.39,0.4,38.2,54.45,42.41,2.64,0
240.49,2.6,9.17,0.58,57.85,36.15,43.73,3.54,0
283.6,3.4,12.57,3.05,38.12,70.1,28.22,1.98,0
264.65,2.25,10.52,0.52,38.2,68.28,26.38,3.19,0
352.41,2.85,13.75,1.96,38.61,42.53,36.97,2.22,0
211.65,2.44,10.01,0.91,39.07,62.69,45.71,2.83,0
273.31,1.73,13.93,2.35,63.67,84.7,32.07,1.2,0
226.19,2.94,11.6,6.41,63.67,62.1,35.56,0.96,0
210.88,1.84,9.66,1.1,53.05,29.79,41.88,1.96,0
249.51,2.51,12.16,0.98,47.42,51.44,31.8,2.82,0
256.18,2.3,7.16,4.35,71.58,61.9,19.93,1.02,0
381.32,3.04,10.6,0.75,63.34,91.74,43.11,3.8,0
241.71,1.87,12.84,0.54,40.86,41.86,22.53,2.61,0
199.14,2.73,7.57,0.87,59.21,57.79,43.3,3.22,0
262.29,2.0,5.57,2.8,58.59,43.99,37.79,1.23,0
156.64,2.19,6.15,0.92,63.62,73.19,37.71,2.53,0
245.86,0.5,15.32,2.46,87.99,54.51,28.97,0.34,1
250.72,3.76,11.81,3.09,45.18,19.03,36.68,2.17,0
285.76,2.83,10.67,1.5,61.65,54.1,31.21,2.58,0
293.81,2.04,14.36,1.42,72.95,58.32,68.48,1.91,0
227.34,1.83,10.99,1.86,75.62,65.82,31.96,1.47,0
243.22,2.2,12.67,6.62,57.17,62.73,50.39,0.7,0
215.52,2.93,12.06,1.27,39.31,69.86,34.35,2.91,0
199.24,1.36,10.82,1.94,33.46,58.15,42.43,1.07,0
263.95,2.42,12.74,5.56,64.92,61.27,40.08,0.89,0
192.69,3.56,13.93,5.87,59.11,60.18,38.35,1.25,0
231.34,1.82,11.54,1.17,56.54,53.77,38.03,1.88,0
205.22,2.55,10.85,0.74,58.39,68.52,42.47,3.2,0
274.74,3.82,11.14,3.65,66.74,72.7,53.76,1.95,0
331.06,2.88,6.26,1.81,61.56,59.34,28.69,2.35,0
191.43,2.58,12.71,5.45,59.64,52.62,22.32,0.96,0
166.61,2.8,8.98,0.44,47.88,43.76,31.7,4.0,0
244.38,2.26,13.57,0.74,67.47,65.32,41.28,2.84,0
250.71,3.28,11.77,1.97,48.07,44.95,37.04,2.55,0
259.84,2.26,12.26,2.14,66.61,62.39,55.42,1.66,0
229.92,1.32,13.75,1.02,50.29,61.97,54.2,1.46,0
240.97,2.27,9.68,2.25,62.07,76.01,35.45,1.62,0
266.54,1.92,12.92,3.84,76.16,80.81,55.45,0.94,0
296.82,2.33,12.67,2.06,62.93,14.43,44.21,1.76,0
162.02,2.34,11.54,3.79,72.0,56.98,32.71,1.16,0
233.4,3.22,9.68,1.47,50.54,28.49,38.8,2.96,0
259.62,2.92,13.49,4.17,56.15,77.42,38.07,1.35,0
208.69,2.66,13.76,2.73,50.74,59.65,32.64,1.67,0
327.9,2.5,12.28,0.85,35.08,77.27,33.66,2.97,0
221.41,1.86,9.32,2.69,67.82,63.87,44.51,1.18,0
248.14,1.19,10.68,1.95,61.83,39.75,36.0,0.93,0
275.02,2.57,11.85,2.24,60.98,45.49,37.17,1.84,0
223.39,2.98,13.72,1.94,69.78,57.99,37.93,2.33,0
166.9,2.43,8.04,1.2,41.38,68.54,38.32,2.49,0
230.71,2.18,10.59,2.45,38.5,60.85,49.21,1.47,0
296.32,2.78,10.99,2.05,69.9,62.66,31.74,2.11,0
234.84,2.45,11.79,0.64,54.16,54.64,42.3,3.25,0
211.91,3.51,8.75,2.94,57.58,76.95,24.87,2.1,0
291.66,3.24,11.46,0.4,37.39,62.19,34.78,4.0,0
235.12,3.08,11.22,3.2,72.67,60.73,26.93,1.73,0
227.04,2.95,9.41,0.74,63.06,64.43,56.18,3.72,0
256.73,1.73,11.71,0.77,48.09,53.77,41.34,2.14,0
284.68,2.9,10.65,0.53,80.03,54.75,35.74,4.0,0
357.18,2.73,13.24,7.8,38.64,67.22,22.63,0.75,1
287.23,2.86,9.79,4.78,51.05,71.64,26.61,1.19,0
302.19,2.8,12.22,1.22,66.84,73.21,48.52,2.83,0
227.23,2.77,9.98,2.17,68.84,57.07,43.55,2.02,0
203.84,4.12,10.5,2.85,37.08,61.85,25.59,2.51,0
252.8,2.45,12.74,0.81,51.6,50.9,25.64,2.98,0
254.82,3.06,12.59,0.4,63.95,71.8,58.48,4.0,0
201.47,2.22,10.96,1.22,72.68,45.83,53.55,2.24,0
242.11,2.97,11.33,0.63,71.67,63.33,42.95,3.96,0
267.97,3.06,8.37,1.17,63.41,73.18,41.16,3.17,0
266.22,2.72,15.51,2.16,56.08,61.89,38.32,2.0,0
272.69,3.5,13.72,0.4,52.85,64.5,27.43,4.0,0
263.09,1.97,13.63,1.65,60.98,55.91,48.6,1.7,0
227.18,2.21,8.01,1.75,72.21,32.19,38.05,1.84,0
226.87,2.63,10.51,2.64,52.43,49.9,47.3,1.69,0
196.05,3.03,11.16,2.09,51.72,60.67,35.96,2.26,0
330.31,2.61,7.17,2.29,68.74,49.66,43.63,1.84,0
250.61,3.27,14.22,1.87,67.74,67.28,35.2,2.62,0
239.88,2.1,15.63,2.89,49.0,38.04,40.7,1.27,0
208.2,1.82,17.15,2.58,39.17,30.94,47.97,1.19,0
382.1,2.68,9.39,0.53,34.44,70.43,34.65,3.77,0
201.7,2.45,12.29,3.7,56.56,55.33,60.2,1.24,0
230.7,2.83,15.31,1.61,41.74,65.2,34.22,2.47,0
268.71,2.48,11.37,3.95,65.76,52.18,41.36,1.19,0
277.01,2.3,10.58,2.23,34.4,68.47,53.82,1.65,0
293.11,2.46,7.33,4.01,74.36,80.36,54.5,1.17,0
331.34,2.52,14.83,3.42,50.96,81.43,44.67,1.35,0
272.78,2.32,11.95,0.88,45.42,50.28,42.69,2.72,0
202.48,2.38,10.18,1.02,48.51,53.67,40.69,2.62,0
238.44,2.26,12.71,4.43,44.62,62.55,53.56,0.99,0
263.85,3.01,12.38,3.09,73.18,88.06,49.57,1.73,0
343.07,2.62,12.42,4.6,63.06,42.71,50.9,1.12,0
187.1,3.85,11.46,0.77,56.16,42.81,56.34,4.0,0
304.12,2.6,16.06,1.32,40.57,73.03,44.58,2.53,0
258.1,2.17,11.67,1.62,54.34,50.01,35.93,1.89,0
287.7,4.1,16.05,2.67,45.75,69.89,43.51,2.62,0
245.41,2.75,13.41,1.1,25.0,51.22,40.56,2.93,0
212.09,3.09,12.88,3.66,46.68,65.28,38.11,1.58,0
283.79,2.86,11.72,2.35,62.26,52.35,35.96,1.98,0
279.45,2.87,14.43,2.35,49.89,44.93,45.48,1.99,0
293.74,2.82,12.28,2.4,53.26,62.19,46.38,1.93,0
249.4,1.84,9.67,1.61,67.49,41.81,33.04,1.61,0
223.01,2.72,9.59,2.5,65.34,66.84,43.16,1.81,0
179.85,1.71,13.06,2.98,78.53,56.49,56.23,1.01,0
286.87,2.4,9.73,1.38,28.68,39.58,32.53,2.28,0
269.08,2.06,11.84,1.1,44.89,64.5,53.69,2.2,0
206.54,2.71,14.64,1.77,65.9,64.18,31.25,2.24,0
225.76,2.7,12.76,1.79,60.18,24.72,43.61,2.22,0
229.0,2.79,10.19,3.37,56.19,59.24,22.19,1.51,0
183.27,2.67,15.52,1.43,47.74,60.15,46.4,2.49,0
213.2,2.14,13.37,3.57,57.72,61.39,37.79,1.11,0
198.98,2.34,14.54,4.1,57.03,32.72,22.55,1.1,0
231.44,3.05,6.33,1.87,32.78,65.31,35.29,2.45,0
216.76,3.14,12.83,2.31,57.56,67.7,57.66,2.21,0
176.78,1.81,14.11,3.53,48.8,45.93,45.7,0.95,0
341.02,1.58,16.25,4.52,65.09,39.01,41.13,0.69,0
306.36,2.06,8.34,2.13,59.14,45.31,45.3,1.53,0
214.94,3.13,15.02,1.15,78.47,61.93,50.1,3.26,0
262.26,3.23,16.11,3.48,55.0,41.43,55.24,1.7,0
268.79,1.95,6.96,1.89,41.9,39.7,37.09,1.55,0
303.6,2.68,13.2,1.02,25.14,91.49,45.93,2.95,0
213.16,3.6,13.54,4.54,43.74,59.92,44.75,1.56,0
299.14,2.75,11.18,2.4,59.53,55.33,41.07,1.88,0
225.34,3.35,10.77,4.85,62.59,49.94,38.14,1.37,0
189.89,3.1,13.67,3.29,47.74,53.65,56.04,1.71,0
282.59,1.95,10.46,1.94,49.84,87.03,42.63,1.53,0
308.08,2.39,11.46,3.83,55.84,72.24,27.83,1.18,0
366.46,2.52,14.03,3.5,59.56,95.8,15.0,1.33,0
196.01,2.56,16.39,0.91,67.24,65.88,49.54,2.96,0
281.45,3.05,13.34,3.24,47.95,45.66,35.7,1.7,0
231.56,2.75,12.33,6.19,46.09,64.07,38.48,0.92,0
285.25,0.74,10.71,1.97,79.3,68.23,44.08,0.57,0
183.83,1.71,9.47,3.48,76.4,69.21,64.61,0.9,0
193.18,1.19,14.77,7.1,48.65,53.37,53.54,0.36,0
215.09,2.61,11.62,1.65,68.71,87.06,37.73,2.24,0
253.55,2.64,14.88,2.54,81.46,40.96,47.31,1.74,0
221.15,2.67,11.18,2.43,70.8,65.09,33.98,1.81,0
279.66,1.92,10.38,2.21,45.85,55.61,47.74,1.39,0
296.21,2.9,13.05,7.03,56.26,48.35,31.77,0.88,0
276.98,2.93,11.81,0.6,33.98,63.71,41.83,3.97,0
322.85,1.75,8.99,2.0,43.42,78.85,42.16,1.34,0
268.71,1.62,16.54,1.85,54.82,66.06,29.48,1.3,0
195.24,2.5,10.43,1.89,57.64,64.1,34.11,1.99,0
311.35,3.58,14.32,0.93,46.68,29.71,18.26,4.0,0
222.77,3.52,14.1,4.2,25.0,73.82,36.21,1.61,0
290.97,2.84,8.85,3.24,57.32,53.91,51.16,1.58,0
320.82,2.06,9.49,1.21,63.74,68.01,59.99,2.09,0
270.55,3.03,11.25,1.44,64.19,73.8,54.92,2.81,0
182.67,2.23,9.84,0.83,52.53,62.89,36.14,2.68,0
208.68,2.04,16.32,1.58,53.38,29.98,39.93,1.8,0
309.52,1.21,11.5,2.52,57.96,81.25,39.29,0.8,0
242.39,2.56,14.22,0.66,59.91,87.08,37.9,3.35,0
253.58,2.12,13.28,1.71,53.88,72.2,49.74,1.79,0
284.15,2.56,12.66,0.45,27.12,49.1,34.49,3.76,0
281.33,1.12,12.1,1.31,71.76,78.45,54.52,1.09,0
262.55,2.6,15.09,2.63,49.43,55.77,41.39,1.68,0
240.61,1.04,9.94,1.65,40.31,59.0,28.34,0.9,0
235.93,3.15,16.32,0.63,50.29,77.96,39.03,4.0,0
288.61,2.81,8.78,2.53,56.34,69.71,44.79,1.86,0
274.91,2.33,13.95,1.89,47.69,24.71,49.77,1.86,0
238.42,2.84,8.49,1.3,48.52,63.12,47.54,2.78,0
298.7,1.91,11.21,1.6,51.1,77.78,36.84,1.68,0
244.19,2.54,12.23,1.62,59.34,39.55,34.82,2.22,0
211.68,2.98,10.78,1.03,45.41,74.66,57.3,3.26,0
215.85,0.64,11.55,4.36,59.05,34.95,40.27,0.3,0
205.96,2.23,8.53,4.73,38.44,56.78,28.66,0.93,0
237.74,2.49,9.53,0.4,79.07,68.12,34.15,3.77,0
305.52,2.38,13.25,2.01,67.87,56.2,20.38,1.83,0
213.77,3.37,12.07,5.3,51.7,77.66,23.71,1.29,0
258.48,1.83,10.27,1.49,59.02,38.78,34.7,1.66,0
220.45,2.13,15.31,3.86,40.98,72.23,32.04,1.04,0
238.29,1.35,8.95,3.35,61.74,60.79,33.13,0.73,0
182.05,3.41,11.1,1.0,65.14,47.21,47.7,3.78,0
240.08,2.35,10.74,1.92,58.2,66.58,48.74,1.86,0
241.28,2.24,13.54,2.08,65.83,58.94,28.35,1.68,0
274.31,2.47,12.12,1.34,54.92,82.19,58.92,2.38,0
260.05,2.88,11.73,2.87,53.78,68.75,41.01,1.75,0
196.07,2.71,7.39,3.39,47.08,66.19,40.08,1.46,0
298.79,4.09,14.16,2.28,61.67,49.91,32.08,2.9,0
259.46,2.77,11.46,3.61,44.96,62.2,37.0,1.43,0
258.93,2.22,12.29,2.33,59.97,51.37,60.29,1.55,0
249.59,2.16,10.13,2.06,58.64,59.07,29.19,1.64,0
226.7,2.26,9.74,0.4,71.13,78.68,42.67,3.43,0
259.8,1.6,15.75,0.69,62.0,55.71,34.58,2.06,0
271.4,2.52,7.57,5.92,33.92,38.31,21.9,0.88,0
171.39,2.97,9.36,3.08,47.04,67.42,24.64,1.72,0
225.76,2.13,15.7,5.2,46.73,71.8,46.11,0.83,0
238.53,2.02,13.6,1.82,46.22,83.83,22.77,1.64,0
261.53,3.41,11.19,8.49,66.6,72.97,27.65,0.88,1
303.7,1.64,15.12,1.97,28.56,55.92,48.22,1.28,0
215.27,1.26,13.12,1.83,72.09,63.91,47.01,1.02,0
227.59,1.81,12.58,0.44,66.98,65.84,40.59,2.68,0
226.94,1.58,12.56,3.66,57.23,66.51,28.22,0.8,0
213.93,2.73,13.16,5.14,59.19,22.89,28.18,1.07,0
234.38,2.28,13.26,6.84,55.9,51.4,26.76,0.71,0
284.69,2.37,17.49,2.14,56.9,67.16,38.66,1.75,0
202.58,3.19,11.51,1.18,68.52,76.49,46.41,3.29,0
269.25,2.09,11.59,1.92,52.32,50.49,35.76,1.65,0
173.41,2.97,8.91,3.03,62.2,53.78,48.85,1.73,0
224.74,3.41,11.87,1.66,44.54,56.42,56.1,2.93,0
235.17,2.23,16.66,1.86,61.39,57.98,43.91,1.79,0
325.37,2.94,14.46,2.07,51.73,72.82,27.47,2.22,0
237.63,2.35,10.64,2.17,60.14,48.92,40.86,1.72,0
150.94,3.05,12.08,0.72,44.63,72.97,53.54,3.87,0
160.05,1.56,8.76,2.51,60.39,81.28,33.69,1.03,0
251.53,1.51,9.58,1.08,54.44,54.09,33.42,1.62,0
277.62,2.27,12.37,2.32,73.78,53.55,51.4,1.59,0
266.9,1.97,10.76,0.51,58.11,62.36,25.64,2.8,0
257.54,2.19,9.39,4.51,60.92,51.2,41.98,0.95,0
302.3,2.37,13.22,2.11,49.7,58.68,33.82,1.76,0
225.72,2.93,11.79,1.79,58.75,37.96,35.67,2.41,0
290.27,2.26,8.08,4.16,60.69,72.84,57.03,1.04,0
176.56,2.01,6.81,3.03,50.75,84.95,35.19,1.17,0
209.28,2.29,10.57,1.65,49.81,49.9,41.22,1.97,0
168.68,2.04,8.03,4.86,45.32,35.31,50.31,0.83,0
237.63,1.94,7.33,2.11,54.09,73.81,27.18,1.44,0
247.92,1.53,14.82,2.0,47.16,53.72,48.36,1.18,0
255.13,2.54,11.76,2.36,58.51,49.98,35.52,1.76,0
252.78,2.16,11.34,7.19,45.52,58.17,27.2,0.64,1
208.26,3.08,11.53,0.45,53.53,41.69,35.08,4.0,0
241.44,1.63,9.16,7.59,43.65,67.23,40.62,0.46,1
182.61,2.17,13.03,4.06,68.73,41.03,42.4,1.02,0
311.35,3.59,11.67,1.7,55.3,42.23,32.51,3.04,0
236.34,1.94,10.11,1.49,55.19,42.03,37.84,1.77,0
228.0,2.36,10.48,2.6,62.15,62.46,26.07,1.53,0
321.5,1.77,8.93,2.96,76.3,32.79,32.92,1.05,0
194.1,1.69,10.98,4.63,55.97,91.32,26.38,0.72,1
199.35,3.43,11.4,2.01,37.11,54.37,39.21,2.63,0
200.67,2.6,10.92,2.01,69.18,28.26,31.62,2.0,0
246.95,2.58,12.14,0.4,38.71,44.09,60.75,3.91,0
269.42,1.48,11.8,1.41,49.04,68.98,43.83,1.39,0
283.29,2.72,12.58,5.97,69.31,80.23,23.74,0.94,0
365.74,3.19,14.36,3.12,50.98,62.45,32.54,1.83,0
148.78,3.19,13.48,3.08,48.13,61.28,47.02,1.84,0
277.39,2.9,14.39,1.53,58.38,37.05,42.45,2.61,0
224.93,1.82,9.88,1.38,55.12,82.33,24.29,1.73,0
223.61,2.69,10.73,3.14,46.68,68.34,32.13,1.53,0
222.11,2.9,13.63,2.66,65.53,64.82,46.43,1.85,0
209.11,1.42,13.68,3.15,69.74,60.25,43.71,0.81,0
325.8,1.83,10.3,2.31,71.66,67.97,45.76,1.28,0
287.9,3.03,13.53,2.67,61.62,48.0,37.2,1.94,0
251.04,3.03,9.64,0.69,46.59,74.09,31.43,3.89,0
310.8,1.57,13.2,6.5,39.94,72.05,27.24,0.51,0
181.94,2.98,11.93,1.58,27.2,58.53,49.5,2.63,0
190.12,2.56,8.54,2.38,67.4,55.92,59.44,1.76,0
151.99,2.97,10.91,0.4,57.33,27.62,42.77,4.0,0
218.53,2.12,17.46,1.36,49.97,34.02,49.36,2.03,0
257.28,2.89,12.51,2.25,31.8,68.19,32.01,2.06,0
254.63,3.01,17.75,3.02,40.8,73.57,39.79,1.76,0
256.72,2.29,8.39,0.4,33.81,76.05,39.37,3.47,0
186.5,2.51,13.88,2.25,72.3,39.79,43.85,1.79,0
286.14,2.11,5.66,4.65,62.63,94.4,40.78,0.89,0
260.78,3.49,12.0,2.81,39.33,75.0,67.77,2.15,0
282.99,2.43,13.58,4.95,74.62,51.4,48.0,0.98,0
164.83,1.95,14.09,3.02,46.33,62.45,52.99,1.14,0
264.02,2.07,10.0,1.49,59.19,34.54,42.71,1.89,0
196.55,2.58,14.6,1.9,59.22,50.75,18.74,2.05,0
232.12,2.95,10.67,2.43,53.87,68.07,44.48,2.01,0
274.05,1.7,11.59,3.23,51.36,60.94,50.95,0.95,0
254.1,3.61,10.92,3.38,55.41,86.15,53.93,1.95,0
211.68,2.69,9.16,1.64,51.64,37.81,39.33,2.32,0
250.28,2.78,15.92,1.61,57.99,58.24,25.65,2.43,0
181.08,2.44,12.12,1.42,58.47,42.95,37.11,2.29,0
301.76,2.51,14.72,0.59,48.71,83.03,25.5,3.42,0
240.76,2.41,14.61,3.93,68.21,63.98,52.87,1.16,0
300.33,3.11,9.58,1.66,44.96,60.13,44.54,2.67,0
226.31,2.5,15.04,0.88,59.68,58.0,34.88,2.93,0
226.44,2.96,13.26,3.0,50.93,46.84,47.42,1.74,0
215.61,2.24,9.4,3.21,44.57,77.98,54.69,1.26,0
289.43,2.62,13.12,0.73,51.67,62.56,47.84,3.3,0
218.08,2.02,9.44,4.57,47.07,63.67,60.0,0.87,0
279.01,3.23,16.02,4.17,62.9,68.73,31.14,1.49,0
232.79,2.0,14.03,2.37,53.87,47.07,49.73,1.38,0
161.08,2.31,11.82,2.3,71.43,89.93,25.41,1.62,0
224.34,2.31,15.16,3.91,43.58,83.54,58.94,1.12,0
196.94,2.29,8.05,1.56,28.64,59.46,47.28,2.04,0
251.53,2.93,10.13,4.61,59.74,55.48,36.27,1.25,0
196.43,2.31,11.37,0.4,75.67,69.59,28.44,3.5,0
291.67,3.34,17.59,2.54,60.87,76.8,34.6,2.2,0
245.9,2.01,9.32,2.04,43.69,86.25,37.41,1.52,0
242.01,2.6,7.73,0.69,42.72,69.67,42.16,3.35,0
279.52,2.03,8.39,3.99,79.31,62.05,39.83,0.97,0
293.38,2.75,14.27,1.39,50.45,62.06,33.66,2.61,0
249.1,2.49,10.51,3.64,42.82,31.79,51.57,1.27,0
215.3,2.41,11.6,3.12,69.29,53.55,23.01,1.38,0
170.17,3.21,13.91,1.1,53.23,65.42,45.73,3.41,0
219.13,2.11,11.6,0.4,30.67,26.13,41.86,3.19,0
222.23,2.85,12.51,2.79,79.99,62.7,39.93,1.77,0
254.82,2.04,13.34,3.2,62.01,47.82,46.3,1.14,0
234.47,2.57,10.92,2.58,36.86,83.66,33.32,1.68,0
280.96,1.78,11.58,1.11,71.75,55.73,32.3,1.89,0
222.42,2.1,12.6,7.12,42.43,56.05,37.1,0.63,1
247.43,2.45,14.17,2.06,41.7,57.94,34.73,1.85,0
303.28,3.59,10.02,0.45,44.3,59.93,37.63,4.0,0
265.38,2.56,4.45,4.04,78.27,71.89,47.2,1.21,0
247.3,3.49,13.7,1.22,79.54,54.84,41.1,3.54,0
222.91,2.63,14.32,3.3,48.42,60.35,40.3,1.44,0
221.5,2.27,12.5,1.05,75.47,71.98,42.31,2.46,0
211.72,3.42,12.67,2.11,27.56,60.13,36.7,2.54,0
225.65,2.76,10.59,0.81,65.97,69.83,49.03,3.35,0
284.0,2.11,13.25,1.98,71.37,53.32,45.65,1.64,0
240.02,2.78,14.13,1.15,73.08,65.27,40.06,2.9,0
189.26,2.32,12.14,1.75,55.92,79.63,28.67,1.94,0
329.57,1.31,18.23,1.41,61.79,69.04,53.09,1.23,0
264.4,3.06,8.09,4.13,46.39,31.93,46.65,1.42,0
186.69,3.16,12.41,5.13,55.3,68.33,45.67,1.24,0
230.12,3.6,9.06,1.36,53.03,42.69,56.99,3.46,0
254.99,2.75,14.2,4.42,52.34,46.13,46.95,1.21,0
326.71,2.35,8.05,6.89,68.62,67.38,39.51,0.72,0
200.13,3.0,8.67,0.75,57.58,45.46,34.89,3.75,0
293.92,3.01,10.42,1.88,75.32,43.35,34.5,2.4,0
312.98,3.48,12.66,1.54,57.98,59.95,42.76,3.12,0
221.71,2.47,10.51,6.7,81.3,50.8,49.67,0.78,0
237.51,2.4,10.54,2.51,69.73,35.55,49.78,1.6,0
203.37,2.07,11.55,6.88,53.96,68.33,26.2,0.64,0
240.84,2.82,11.39,3.54,57.1,74.78,49.25,1.47,0
248.35,1.57,15.72,3.84,44.92,73.57,37.04,0.77,0
279.68,2.97,13.71,2.07,56.92,46.53,34.12,2.23,0
299.06,2.85,11.19,3.02,43.21,66.16,43.66,1.67,0
216.34,2.85,17.24,2.84,70.96,52.59,47.88,1.74,0
161.47,2.58,13.23,3.07,50.88,40.99,27.67,1.49,0
249.04,3.42,9.58,0.4,59.27,48.79,42.17,4.0,0
263.21,3.02,12.64,5.9,27.62,17.71,23.79,1.06,0
261.22,2.14,13.34,3.14,51.79,44.14,47.92,1.22,0
235.3,2.15,10.28,1.88,50.54,38.0,28.9,1.72,0
255.61,1.97,9.37,3.93,66.05,63.04,41.91,0.95,0
318.2,2.83,12.22,1.95,61.27,64.37,36.34,2.21,0
267.18,1.9,11.1,4.47,67.22,34.65,34.3,0.83,0
233.2,3.15,15.7,1.36,60.31,72.42,20.0,3.01,0
227.49,3.29,13.85,6.06,69.77,50.88,26.01,1.13,0
242.36,1.97,10.4,2.5,60.03,43.96,39.25,1.32,0
323.65,2.39,13.06,6.01,38.49,33.15,30.7,0.82,0
241.75,2.51,15.17,7.59,53.92,47.99,36.81,0.71,1
249.11,3.03,8.52,1.53,54.53,57.91,32.13,2.72,0
228.3,3.47,9.44,0.4,25.0,74.94,37.22,4.0,0
299.45,1.49,11.97,0.4,42.8,58.42,27.98,2.26,0
338.19,2.31,12.09,0.76,79.5,55.28,35.24,2.87,0
270.28,2.34,11.87,0.65,51.71,68.71,37.32,3.08,0
253.72,1.66,11.22,1.51,53.74,62.1,40.3,1.5,0
251.66,2.21,11.18,4.38,28.86,37.42,21.75,0.98,0
142.71,2.76,12.96,1.72,38.83,53.45,40.51,2.32,0
283.53,2.33,14.83,2.82,60.81,51.37,28.88,1.43,0
256.04,1.57,10.8,3.65,49.42,57.75,26.34,0.8,0
269.28,4.22,18.1,3.4,41.69,52.87,52.31,2.27,0
217.98,2.66,16.9,0.72,70.57,47.9,47.3,3.37,0
232.7,2.57,15.32,0.94,46.59,81.97,45.51,2.93,0
231.5,1.84,13.56,1.11,39.39,59.32,37.79,1.95,0
295.97,2.66,17.02,1.04,55.49,67.15,34.19,2.9,0
232.96,2.4,11.27,2.36,45.22,58.24,54.87,1.66,0
343.72,1.37,9.92,1.11,45.21,72.23,41.35,1.45,0
269.39,1.86,10.69,1.74,54.27,58.64,31.01,1.55,0
192.59,2.98,9.49,2.57,47.28,74.59,30.05,1.95,0
244.22,3.67,12.3,0.4,35.0,16.95,43.11,4.0,0
220.67,2.72,12.75,1.27,61.7,61.5,36.52,2.7,0
151.25,3.16,12.5,1.08,65.39,63.92,50.33,3.39,0
321.98,2.41,11.97,2.07,51.99,64.57,40.72,1.81,0
281.64,2.45,12.33,2.38,62.44,43.74,27.99,1.69,0
273.99,3.15,16.34,4.59,50.57,49.16,58.61,1.35,0
257.44,3.5,13.55,4.02,32.08,44.35,29.79,1.66,0
187.81,3.28,14.31,1.35,65.76,67.31,27.78,3.15,0
228.24,1.86,12.48,1.62,53.81,73.56,39.16,1.62,0
287.88,2.46,7.96,1.73,56.81,35.34,44.66,2.06,0
202.7,2.67,7.47,3.59,53.72,63.08,31.01,1.38,0
136.07,2.34,17.21,4.95,52.82,47.03,46.96,0.95,1
239.78,2.73,10.67,3.03,56.7,86.21,35.07,1.6,0
243.62,2.99,10.46,2.42,56.93,68.44,64.45,2.04,0
256.1,3.1,12.61,0.52,70.16,54.72,43.33,4.0,0
282.78,3.51,13.38,1.95,60.26,57.98,29.15,2.74,0
278.69,2.3,13.69,3.9,69.12,79.46,32.96,1.12,0
261.64,1.68,16.44,2.0,73.08,60.86,44.93,1.29,0
303.8,2.71,15.75,1.95,35.66,33.17,31.88,2.12,0
181.65,3.63,9.97,0.55,70.32,82.76,39.24,4.0,0
272.71,2.21,14.42,5.16,62.84,72.19,59.7,0.86,0
278.19,2.91,11.04,0.61,60.86,51.94,46.4,3.92,0
194.22,2.92,11.66,5.29,66.87,69.01,45.95,1.12,0
182.37,2.61,9.27,2.41,51.82,50.8,59.84,1.78,0
216.43,2.5,7.77,6.3,62.23,50.4,32.41,0.83,0
220.23,1.95,11.92,3.64,42.31,58.18,39.83,1.0,0
283.9,1.13,9.61,3.96,38.06,69.0,36.97,0.54,0
222.35,1.83,14.32,1.8,61.38,67.06,33.74,1.5,0
211.46,2.27,11.3,2.05,54.17,74.08,37.45,1.72,0
222.48,3.16,12.77,1.82,54.97,67.12,35.44,2.57,0
300.34,2.44,15.42,1.07,45.43,81.8,33.42,2.63,0
250.59,2.19,8.29,2.43,59.69,85.87,37.05,1.49,0
241.93,1.97,10.19,0.89,49.88,64.53,33.46,2.3,0
245.05,2.89,12.45,1.31,54.44,54.95,43.24,2.83,0
308.14,3.32,12.78,1.28,49.16,57.31,30.45,3.28,0
216.29,3.14,14.76,1.38,45.38,31.12,50.17,2.99,0
309.2,2.86,14.17,1.12,52.52,60.31,47.26,3.02,0
259.47,1.61,12.24,0.48,69.23,50.75,44.46,2.34,0
242.78,2.29,12.76,0.86,49.32,49.43,35.41,2.71,0
362.54,3.67,12.83,2.86,53.48,59.43,40.44,2.23,0
202.5,3.17,8.33,1.56,51.82,28.52,38.75,2.82,0
234.08,1.58,11.61,1.71,47.35,57.32,40.27,1.33,0
194.54,2.47,12.62,4.97,69.75,63.06,26.61,0.99,0
292.86,2.72,13.15,6.76,38.66,36.97,41.05,0.85,0
326.01,2.04,9.69,5.59,53.98,80.32,43.25,0.75,0
325.15,1.11,8.83,5.29,44.88,66.64,54.44,0.43,0
305.08,2.56,11.41,3.5,61.81,79.36,29.93,1.35,0
241.11,2.03,16.92,4.4,56.61,66.51,28.15,0.9,0
233.56,2.03,9.95,4.63,69.19,65.41,49.83,0.86,0
174.8,2.29,14.93,4.78,63.81,82.83,24.88,0.95,0
341.61,2.42,15.96,0.83,55.98,79.73,54.56,2.9,0
271.1,2.49,12.11,1.83,63.93,89.12,51.83,2.02,0
227.86,1.97,10.3,2.35,65.03,58.14,45.81,1.37,0
309.76,2.37,13.28,0.61,44.05,48.08,24.83,3.18,0
206.23,1.45,12.49,0.45,64.28,42.63,38.41,2.13,0
268.3,2.69,9.85,2.58,58.57,45.34,39.48,1.75,0
242.23,0.79,10.35,0.98,60.87,70.18,42.89,0.88,0
278.74,2.33,13.13,2.88,50.11,100.9,45.54,1.41,0
247.14,3.05,14.33,2.99,44.75,82.63,32.51,1.8,0
184.71,1.86,11.19,1.86,42.59,57.31,50.61,1.5,0
253.4,2.93,11.83,1.89,25.0,71.5,45.2,2.33,0
297.2,3.19,13.67,1.32,46.49,51.7,45.11,3.1,0
248.69,0.52,11.57,0.69,84.27,52.63,37.77,0.66,0
284.88,2.41,11.25,2.66,64.87,44.48,43.88,1.54,0
202.95,0.77,10.11,1.86,58.82,45.48,18.57,0.62,0
248.82,2.43,10.07,0.84,66.53,68.33,43.98,2.91,0
221.9,2.5,18.67,1.69,51.88,82.24,56.58,2.12,0
283.61,1.01,11.51,4.07,50.3,75.62,47.81,0.48,0
251.42,3.65,15.41,0.44,51.52,81.86,46.64,4.0,0
281.05,2.67,16.21,2.11,46.17,71.76,47.73,1.99,0
298.95,1.99,11.54,0.78,47.16,59.49,52.09,2.45,0
281.12,3.38,12.92,1.69,54.81,52.12,38.01,2.88,0
262.29,1.42,12.26,0.4,55.77,68.65,49.85,2.16,0
205.08,1.76,7.97,0.5,70.91,34.81,44.57,2.52,0
249.87,1.12,8.12,0.45,67.3,50.93,40.64,1.65,0
226.01,3.58,12.12,6.24,37.17,48.19,53.51,1.19,0
234.52,2.7,10.94,2.55,51.47,78.66,33.12,1.77,0
233.15,2.9,16.73,0.98,41.73,39.34,33.5,3.25,0
205.9,2.68,11.41,1.02,25.0,73.94,16.43,2.96,0
161.92,2.84,16.88,3.38,56.05,65.81,30.71,1.53,0
219.93,2.55,10.81,2.94,61.93,65.99,35.6,1.52,0
258.7,2.66,16.78,1.95,55.86,52.99,39.5,2.08,0
189.33,2.56,13.27,5.24,60.24,38.05,44.49,0.99,0
250.71,2.13,13.41,1.02,50.98,67.5,48.81,2.35,0
335.51,2.47,10.72,0.47,42.67,73.29,26.71,3.6,0
296.04,2.66,13.44,5.02,50.6,67.46,41.1,1.06,0
323.96,2.57,16.23,1.34,71.43,57.84,30.17,2.48,0
267.6,1.61,11.64,0.48,59.5,42.93,26.7,2.32,0
302.54,1.69,11.15,2.02,36.75,50.65,43.24,1.29,0
217.42,3.15,11.38,2.33,56.56,66.75,41.02,2.2,0
221.0,2.32,16.05,1.96,70.29,48.15,44.93,1.8,0
126.74,2.85,14.14,4.8,64.14,45.57,45.8,1.18,0
303.38,1.84,15.62,6.53,70.44,38.3,35.18,0.59,0
319.31,1.62,12.78,1.36,37.14,68.03,50.94,1.55,0
225.11,1.99,12.1,3.7,56.51,67.71,30.82,1.01,0
238.57,2.37,13.06,1.51,50.82,77.31,29.44,2.14,0
216.08,2.1,14.68,4.97,62.14,27.84,43.98,0.84,0
267.22,3.28,11.38,0.6,44.81,77.58,42.15,4.0,0
300.62,2.61,15.42,2.23,44.6,76.7,31.9,1.87,0
171.58,3.61,12.91,3.13,54.96,78.13,31.67,2.06,0
268.42,2.74,5.98,3.19,43.94,61.79,43.8,1.54,0
237.55,1.05,14.21,1.44,58.11,63.33,42.5,0.98,0
255.1,3.13,8.82,1.83,30.53,63.26,29.62,2.55,0
270.65,1.59,14.15,2.96,69.11,46.3,33.57,0.95,0
241.53,2.64,14.25,2.27,25.0,46.94,30.89,1.87,0
245.34,2.04,12.82,2.17,65.86,63.39,18.8,1.49,0
240.38,3.79,13.36,1.4,48.03,56.26,53.64,3.57,0
293.66,3.36,14.75,0.9,37.61,70.74,42.38,3.92,0
268.84,2.05,10.76,4.26,57.04,54.65,51.58,0.93,0
259.93,2.42,13.98,0.83,65.63,37.97,36.94,2.92,0
192.81,2.65,14.91,4.83,68.9,38.67,30.28,1.09,0
232.96,3.02,16.4,5.47,68.51,48.58,31.26,1.12,0
290.44,2.52,9.24,3.59,44.7,70.89,31.25,1.3,0
251.7,1.89,13.02,1.48,57.46,52.21,34.81,1.72,0
279.68,2.07,9.6,0.42,33.66,64.48,24.52,3.1,0
329.49,2.5,9.49,3.16,55.95,34.92,36.13,1.42,0
296.74,3.24,12.9,0.64,59.06,62.43,34.25,4.0,0
254.19,2.76,12.19,1.15,50.5,60.57,48.73,2.87,0
227.01,2.04,14.86,1.37,32.97,77.85,45.37,1.94,0
135.09,2.89,11.13,0.91,47.87,62.31,36.17,3.35,0
242.42,2.27,11.66,1.07,77.89,71.44,44.76,2.45,0
235.33,3.03,12.53,2.25,59.69,89.19,29.05,2.17,0
267.57,4.02,9.85,8.13,49.18,60.6,27.37,1.07,1
243.07,2.28,10.19,2.95,53.09,83.01,39.06,1.36,0
235.58,2.98,14.79,4.29,59.62,61.86,41.02,1.34,0
169.93,2.05,10.63,1.29,36.41,51.99,38.6,2.02,0
207.7,2.43,14.96,6.97,37.03,58.37,53.56,0.74,0
271.45,2.52,13.52,6.47,46.17,52.4,46.87,0.81,0
327.22,2.38,8.13,1.49,48.86,52.94,50.35,2.17,0
245.61,3.98,13.33,6.78,76.53,51.4,34.47,1.24,0
264.75,2.32,13.31,1.04,55.85,55.45,43.33,2.53,0
292.86,2.85,13.06,1.75,48.8,70.66,29.57,2.38,0
213.51,1.34,11.65,1.88,55.68,34.48,32.69,1.07,0
266.51,2.76,9.65,1.42,30.7,64.31,43.31,2.58,0
216.68,3.19,15.37,0.4,44.15,61.8,31.1,4.0,0
288.92,2.18,11.75,0.4,46.02,80.77,32.09,3.31,0
256.81,0.99,9.79,1.62,42.75,54.51,44.31,0.86,0
263.43,2.48,13.14,4.53,69.81,76.98,32.36,1.07,0
214.78,2.51,10.14,1.93,62.92,47.1,49.62,1.98,0
281.82,2.93,9.63,1.13,40.47,53.18,37.86,3.09,0
343.81,3.71,11.06,3.7,39.8,66.25,38.27,1.87,0
204.64,2.27,10.34,3.12,39.89,69.12,42.51,1.3,0
234.71,1.99,9.72,2.55,52.76,56.02,38.65,1.31,0
260.42,1.8,14.02,1.09,57.4,63.34,42.8,1.93,0
285.39,2.62,11.72,2.11,59.99,57.53,30.82,1.95,0
224.82,2.79,15.13,0.4,42.83,71.87,15.0,4.0,0
122.51,2.17,9.86,4.66,52.86,57.8,25.87,0.92,0
311.16,2.97,7.68,3.17,54.33,56.66,35.45,1.68,0
284.22,2.78,12.37,1.3,69.36,74.87,44.9,2.72,0
171.57,2.53,16.64,2.24,64.29,63.15,61.59,1.81,0
222.66,1.96,13.33,1.64,37.78,70.02,34.07,1.7,0
320.57,2.21,20.04,2.2,32.39,97.48,33.46,1.6,1
315.15,1.04,12.83,8.2,53.67,30.22,43.37,0.3,1
292.24,2.64,12.59,4.75,47.35,44.59,42.22,1.1,0
242.07,2.52,6.61,3.89,43.47,46.08,42.56,1.22,0
253.73,2.61,13.07,3.9,45.92,47.2,37.44,1.27,0
244.11,2.8,12.42,5.03,61.95,81.35,20.19,1.12,0
300.77,2.73,10.98,5.13,36.96,19.99,41.97,1.07,0
210.59,2.43,11.66,3.45,77.18,67.23,39.52,1.3,0
213.74,2.53,11.83,2.05,46.39,37.01,24.11,1.92,0
295.46,1.66,11.55,0.79,62.59,60.38,45.81,2.03,0
248.0,2.15,17.22,2.78,46.97,63.89,47.3,1.33,0
312.03,2.53,11.07,1.82,36.78,73.59,45.58,2.06,0
219.78,2.06,12.42,0.87,53.25,56.02,35.93,2.43,0
247.53,3.02,10.99,2.27,39.95,57.4,42.21,2.14,0
208.49,2.1,13.96,0.55,56.77,29.26,31.02,2.93,0
250.33,2.63,12.44,1.51,54.7,94.2,26.15,2.38,0
183.47,2.57,11.3,3.99,46.66,64.6,39.01,1.23,0
228.06,2.95,7.19,2.05,56.82,66.58,24.98,2.23,0
185.37,3.04,12.61,3.21,67.47,76.1,38.67,1.7,0
281.23,2.92,11.23,3.1,53.68,58.99,39.48,1.67,0
282.25,1.24,11.85,1.92,46.26,66.36,31.83,0.97,0
172.14,3.22,9.04,3.55,59.8,70.73,59.41,1.68,0
310.02,3.42,15.58,2.12,60.3,37.88,34.01,2.54,0
362.38,2.21,14.14,0.7,51.58,67.96,42.12,2.84,0
252.07,2.64,15.58,1.86,71.48,91.13,38.09,2.12,0
221.15,1.97,14.87,6.89,51.41,86.2,49.39,0.6,0
377.09,1.33,13.48,1.01,72.86,82.98,36.65,1.47,0
190.65,2.06,9.14,6.6,47.14,88.66,27.33,0.66,0
250.9,2.18,16.61,0.4,65.2,41.11,44.15,3.3,0
258.08,2.29,9.68,0.53,52.36,52.13,24.97,3.22,0
310.53,1.92,11.33,0.92,58.22,46.33,31.52,2.22,0
266.19,2.06,13.77,0.6,30.69,112.43,34.9,2.78,0
227.56,2.49,13.89,4.08,81.02,63.66,35.27,1.17,0
207.2,2.04,13.43,0.44,58.8,38.79,36.54,3.01,0
234.62,2.83,11.0,1.02,67.2,43.47,35.74,3.12,0
204.69,2.91,10.48,3.52,38.47,61.61,41.26,1.53,0
252.15,3.93,18.34,2.53,57.06,39.56,33.2,2.6,0
224.61,3.18,11.9,1.95,52.85,88.03,44.35,2.48,0
182.77,2.65,11.6,1.75,42.31,71.86,31.58,2.21,0
306.48,2.13,10.22,3.4,70.42,64.7,27.31,1.14,0
227.6,2.68,12.61,0.67,56.76,44.2,28.69,3.48,0
192.93,2.7,12.5,0.95,54.35,40.18,35.89,3.07,0
242.43,2.19,11.96,2.9,62.5,65.24,49.71,1.32,0
253.08,2.97,12.95,1.01,44.74,62.06,39.72,3.28,0
171.41,1.66,16.41,2.17,56.94,40.75,35.39,1.21,0
264.92,2.35,10.51,1.55,56.08,59.19,39.6,2.1,0
202.88,2.83,12.11,1.16,56.61,59.23,27.9,2.94,0
327.0,2.33,10.38,1.89,67.33,71.07,22.94,1.85,0
273.58,2.38,12.74,0.4,49.91,91.6,30.12,3.6,0
232.0,2.42,10.58,2.83,48.64,28.81,29.51,1.48,0
216.47,2.0,10.69,2.76,47.63,72.02,63.99,1.25,0
245.28,3.2,8.35,5.17,47.13,49.55,59.22,1.25,0
277.58,1.89,12.24,0.88,68.23,66.32,59.11,2.21,0
248.85,2.69,13.07,4.56,54.15,61.96,27.84,1.16,0
240.23,2.75,16.65,0.92,67.27,67.5,57.55,3.16,0
252.63,1.93,13.17,3.62,58.25,41.35,32.87,0.99,0
222.83,2.54,10.88,0.59,44.51,74.54,56.45,3.45,0
234.56,1.95,8.6,1.01,36.92,60.61,44.39,2.16,0
156.14,3.33,8.95,1.09,37.58,80.88,30.08,3.56,0
293.82,1.82,8.76,2.2,44.31,83.89,56.55,1.31,0
263.45,2.11,16.7,2.63,67.24,63.55,56.15,1.36,0
215.19,1.77,12.72,0.42,70.61,74.85,29.39,2.65,0
335.44,1.69,10.54,2.4,56.12,73.55,43.26,1.15,0
253.92,3.45,9.6,2.18,66.12,80.08,20.63,2.51,0
203.37,2.83,9.86,2.6,48.34,78.99,36.05,1.84,0
288.55,2.58,10.48,2.63,47.47,42.54,36.12,1.66,0
267.91,2.11,15.29,5.46,64.25,64.17,35.91,0.78,0
267.76,3.04,11.93,1.18,57.0,39.18,56.12,3.13,0
230.84,2.01,8.38,4.68,63.8,52.17,26.64,0.84,0
270.27,2.98,17.78,2.88,55.61,52.78,37.76,1.8,0
238.22,1.98,9.15,1.54,50.5,68.78,47.55,1.77,0
275.02,2.11,10.52,1.29,52.41,56.55,26.85,2.08,0
164.28,2.95,15.28,3.34,58.69,57.61,31.17,1.61,0
230.48,3.02,13.04,0.93,57.88,74.99,51.15,3.47,0
327.5,2.86,10.83,2.99,43.82,73.19,53.45,1.69,0
215.48,1.87,8.92,1.31,53.54,64.14,35.67,1.82,0
222.83,2.23,9.58,3.44,36.75,71.24,48.58,1.19,0
229.84,2.59,9.73,1.13,50.81,69.69,55.57,2.72,0
195.33,1.99,12.02,1.75,43.95,89.47,35.93,1.66,0
150.63,3.32,12.48,1.38,25.0,56.87,47.92,3.16,0
239.62,1.06,11.63,5.21,81.52,48.72,35.77,0.41,0
256.11,2.03,11.9,6.51,45.73,63.06,26.47,0.66,0
247.64,2.19,9.37,1.41,43.7,45.74,40.04,2.07,0
243.48,0.79,12.73,2.57,74.48,54.48,37.56,0.52,0
251.94,1.66,15.2,2.07,40.94,66.75,30.73,1.25,0
296.03,2.88,11.59,1.29,37.58,52.39,36.61,2.83,0
241.43,2.52,11.54,0.89,52.54,56.58,37.73,2.94,0
224.17,3.44,12.21,0.77,49.06,55.91,42.79,4.0,0
237.35,3.43,14.8,1.06,47.33,53.5,50.4,3.72,0
276.07,2.76,9.76,1.46,43.99,43.55,50.41,2.55,0
313.54,2.69,15.63,1.63,52.74,75.18,39.13,2.33,0
221.73,2.54,13.05,0.4,74.64,80.55,34.53,3.85,0
254.45,0.91,12.07,3.95,35.67,74.27,53.4,0.44,1
265.23,1.66,15.03,4.85,65.09,74.14,39.0,0.68,0
205.33,2.56,9.04,5.45,73.4,53.76,34.03,0.96,0
250.92,2.87,13.31,0.53,47.49,62.63,41.7,4.0,0
184.04,2.67,13.08,1.74,59.52,48.31,21.74,2.24,0
170.39,1.96,9.66,4.19,53.54,57.98,35.3,0.9,0
266.5,3.06,13.15,0.4,34.37,59.31,34.63,4.0,0
232.73,3.39,12.71,0.7,69.63,39.22,32.1,4.0,0
259.1,3.06,11.55,3.51,55.42,61.98,43.8,1.61,0
249.19,3.09,14.16,1.54,48.75,52.04,50.78,2.77,0
206.06,2.16,10.57,1.76,36.74,63.98,56.93,1.8,0
247.96,3.15,12.68,1.09,61.25,56.47,35.04,3.36,0
194.51,2.59,11.67,2.51,56.83,65.2,37.17,1.72,0
312.59,2.81,10.46,2.27,62.27,70.47,33.2,1.99,0
188.98,2.72,13.26,0.79,61.66,41.2,45.38,3.33,0
241.19,2.43,11.48,4.51,45.24,55.21,21.32,1.05,0
203.1,1.98,8.32,0.4,25.0,50.28,36.11,3.01,0
275.67,2.45,7.5,2.73,53.68,77.67,42.91,1.54,0
235.09,3.09,13.97,2.28,52.87,85.47,33.77,2.19,0
226.66,2.24,8.95,5.55,56.97,60.64,35.71,0.82,0
288.39,3.04,12.7,1.39,73.21,66.07,49.91,2.87,0
251.32,2.94,12.14,1.2,54.42,37.89,39.43,3.0,0
273.25,2.32,11.08,4.15,63.31,64.55,51.95,1.07,0
205.84,3.33,16.89,1.07,59.53,56.12,56.37,3.59,0
186.78,2.29,12.45,0.68,38.38,80.38,45.31,2.96,0
254.82,3.41,13.89,3.76,39.52,56.59,37.09,1.7,0
235.65,2.76,12.71,3.63,68.84,47.69,55.82,1.41,0
278.19,2.49,11.42,3.08,44.45,39.86,15.0,1.44,0
246.4,1.97,11.95,0.96,59.43,62.72,24.48,2.22,0
259.23,2.45,15.65,4.42,42.71,51.85,47.7,1.08,0
176.95,2.38,14.72,2.21,63.96,78.26,64.74,1.72,0
334.98,1.75,16.88,2.19,57.97,69.5,46.83,1.27,0
242.61,2.37,12.55,6.68,51.43,58.49,41.85,0.75,0
281.39,2.02,9.81,0.63,63.0,69.41,35.34,2.69,0
212.38,2.85,10.9,3.49,58.12,86.15,45.56,1.51,0
263.86,3.28,9.03,5.87,46.33,42.6,51.58,1.15,0
191.37,1.76,13.92,0.7,55.14,50.47,47.49,2.26,0
270.34,3.53,10.54,2.6,63.03,89.12,40.63,2.29,0
233.98,2.42,4.36,1.07,68.29,48.68,50.34,2.61,0
251.31,1.91,18.16,2.98,53.46,69.93,43.05,1.13,0
281.41,2.95,10.57,2.76,76.44,77.81,45.1,1.84,0
194.54,2.23,10.56,3.4,46.07,59.76,49.71,1.2,0
219.2,2.45,16.18,1.06,36.32,70.34,30.66,2.65,0
270.58,2.26,8.98,2.55,38.07,55.59,39.78,1.49,0
344.42,2.01,14.84,3.53,54.88,87.25,41.14,1.05,0
243.79,2.93,10.53,1.26,55.14,53.37,27.99,2.92,0
276.6,2.33,8.69,2.73,56.51,45.68,29.1,1.46,0
245.19,1.64,16.26,1.56,46.98,73.33,33.74,1.46,0
337.4,2.83,14.31,4.28,81.71,70.65,50.42,1.28,0
171.38,1.78,14.3,0.55,73.13,62.24,38.04,2.46,0
254.26,1.81,12.92,2.53,41.27,60.5,41.3,1.2,0
176.85,3.22,13.5,5.26,53.78,52.56,43.08,1.24,0
137.2,1.78,8.92,1.61,55.59,48.98,46.31,1.56,0
263.39,1.11,12.28,0.45,63.23,50.91,45.01,1.63,0
256.28,2.87,9.68,2.46,36.71,64.69,40.67,1.94,0
237.18,2.32,8.53,5.14,34.43,56.9,38.62,0.91,0
245.22,2.37,13.03,1.95,40.37,37.63,50.95,1.85,0
389.42,2.31,14.9,2.06,73.05,53.69,35.07,1.75,0
238.38,2.64,11.04,0.47,47.14,56.81,53.6,3.83,0
272.96,2.05,11.47,4.17,64.7,67.65,34.29,0.95,0
220.78,3.39,9.15,1.71,62.07,64.38,37.16,2.86,0
263.29,1.61,12.02,4.15,52.84,86.33,47.08,0.75,0
239.28,2.77,13.9,3.61,64.93,45.31,63.65,1.42,0
231.53,2.89,13.98,1.02,40.27,68.3,20.64,3.18,0
331.85,2.04,13.36,2.76,49.34,69.52,48.66,1.27,0
302.97,1.89,10.45,3.65,28.4,64.19,44.73,0.96,0
256.15,3.11,10.37,4.78,56.17,55.54,35.47,1.29,0
146.31,1.91,13.99,1.5,45.49,49.75,43.59,1.74,0
233.75,2.14,14.03,2.11,81.28,59.39,27.99,1.59,0
371.64,3.03,11.57,0.4,55.7,33.18,32.07,4.0,0
239.62,2.52,10.93,5.56,64.83,46.14,44.28,0.93,0
299.64,1.42,14.92,3.25,62.83,45.38,29.92,0.79,0
314.89,3.55,11.1,2.85,54.07,67.56,41.51,2.16,0
259.85,2.18,13.86,0.4,66.91,69.38,33.36,3.31,0
212.12,2.26,11.66,3.02,55.4,43.92,35.47,1.32,0
140.41,2.65,9.38,2.45,60.71,40.39,50.76,1.79,0
280.79,2.88,16.03,1.92,83.3,38.05,28.35,2.27,0
213.34,3.68,12.3,2.64,57.31,74.67,39.66,2.36,0
257.93,1.5,10.22,2.18,48.67,73.73,44.79,1.1,0
193.76,3.0,8.52,3.11,46.51,69.74,42.58,1.72,0
238.06,2.95,8.77,2.56,54.0,82.55,34.08,1.93,0
251.52,2.42,11.07,1.81,56.41,86.67,43.65,1.98,0
262.09,2.97,16.81,2.98,55.71,45.1,29.7,1.76,0
199.83,3.06,10.54,1.2,36.02,54.08,35.13,3.13,0
303.86,1.67,15.62,2.57,27.84,71.7,55.91,1.09,0
223.14,3.55,11.67,2.75,43.38,18.59,46.39,2.22,0
174.65,1.56,9.05,2.78,55.7,56.24,40.03,0.97,0
245.09,1.82,10.82,2.73,55.76,74.44,44.5,1.14,0
251.55,2.34,8.8,3.83,60.45,54.77,31.94,1.15,0
257.23,3.65,9.86,3.03,59.36,70.98,42.81,2.14,0
311.3,2.32,9.79,3.66,49.01,29.99,35.49,1.18,0
239.36,2.48,7.24,1.41,42.75,64.26,34.2,2.34,0
244.62,3.36,15.78,1.69,61.25,53.09,38.76,2.85,0
200.36,2.32,12.53,4.98,57.71,56.62,33.99,0.93,0
286.92,1.79,10.28,0.81,41.88,45.78,41.41,2.18,0
258.29,2.25,12.55,3.52,62.5,83.99,44.17,1.18,0
231.1,3.32,9.91,4.56,66.48,61.03,37.27,1.43,0
164.29,2.54,5.32,1.96,64.47,62.19,15.0,1.98,0
315.0,3.66,19.39,0.92,66.57,90.92,31.31,4.0,1
194.75,2.94,12.47,2.15,45.99,46.13,29.18,2.17,0
223.39,2.11,10.53,0.43,65.22,62.1,43.7,3.14,0
266.13,2.53,7.17,1.54,53.11,49.78,32.7,2.27,0
196.15,1.99,8.26,1.78,79.54,49.06,34.99,1.64,0
182.79,2.1,16.14,2.87,65.73,64.62,48.4,1.27,0
154.42,5.19,15.75,1.38,60.15,55.77,32.19,4.0,0
282.44,3.11,13.88,1.72,75.6,89.67,42.03,2.62,0
225.47,3.02,9.21,4.69,48.92,86.73,33.82,1.27,0
381.73,2.13,15.77,1.02,61.61,57.56,35.29,2.34,0
205.25,3.44,13.12,4.78,81.83,36.88,28.36,1.43,0
208.53,3.16,13.64,2.66,64.76,55.63,34.79,2.02,0
224.56,3.63,13.12,3.81,56.82,75.71,45.08,1.79,0
260.94,3.6,8.23,0.9,51.76,46.7,30.35,4.0,0
228.84,1.61,9.0,1.97,43.38,84.07,32.84,1.25,0
277.55,1.83,10.72,1.97,51.53,68.72,61.9,1.42,0
205.96,1.9,13.61,1.86,45.17,42.44,42.57,1.53,0
187.83,1.93,8.55,2.31,52.24,50.1,43.38,1.36,0
169.08,2.69,11.56,1.32,53.68,52.22,33.74,2.62,0
149.94,2.16,11.56,1.28,66.86,47.91,50.42,2.14,0
226.69,3.74,13.98,1.38,50.1,42.82,52.05,3.56,0
236.46,3.64,13.69,3.87,47.84,51.37,33.95,1.78,0
221.59,2.5,9.47,0.72,65.65,54.29,50.69,3.16,0
305.95,3.67,15.62,1.34,63.36,79.49,53.4,3.55,0
305.26,3.39,9.09,3.36,52.08,66.58,19.31,1.84,0
234.93,2.23,14.73,5.14,62.21,67.47,48.6,0.87,0
169.27,1.29,10.62,5.06,51.86,65.24,32.36,0.51,0
224.5,2.37,12.41,3.65,52.44,48.06,53.26,1.21,0
223.01,2.11,12.56,4.51,73.65,77.21,31.99,0.92,0
220.43,2.62,12.49,1.67,53.35,53.48,46.07,2.25,0
218.6,2.55,13.69,1.37,50.13,54.96,22.4,2.44,0
220.59,2.54,12.98,0.4,55.21,65.69,51.16,3.85,0
232.61,2.81,13.96,1.41,31.42,97.5,40.73,2.64,0
221.4,1.77,13.16,1.56,52.98,51.52,52.91,1.58,0
259.37,2.75,8.84,0.4,58.06,35.56,32.83,4.0,0
266.22,2.24,12.67,0.89,78.78,64.34,42.13,2.61,0
209.02,2.62,10.59,6.53,56.11,70.26,55.19,0.84,0
307.2,3.07,9.23,1.93,60.25,53.48,39.74,2.42,0
205.9,1.77,11.28,0.91,59.16,51.09,44.3,2.04,0
177.2,2.33,12.46,1.75,82.22,40.93,46.99,1.95,0
267.14,2.43,12.62,2.42,67.03,65.06,24.48,1.65,0
213.22,2.19,14.64,1.99,37.59,89.16,34.79,1.69,0
264.46,3.04,15.27,1.15,69.75,85.69,51.38,3.16,0
141.83,2.07,12.84,3.43,43.66,64.51,19.52,1.1,0
312.66,2.17,13.29,8.17,47.16,53.76,51.18,0.57,1
280.25,2.07,12.24,4.23,39.4,65.73,34.11,0.95,0
182.48,3.16,13.92,1.73,76.87,55.13,60.55,2.65,0
183.46,2.2,13.22,1.85,69.24,50.39,44.37,1.78,0
325.25,2.78,11.86,3.0,69.77,62.44,31.99,1.63,0
216.82,3.69,17.38,2.31,67.43,79.17,49.79,2.59,0
212.46,2.46,10.63,4.11,63.29,57.16,54.33,1.14,0
148.03,3.17,15.64,4.6,51.16,56.98,46.04,1.35,0
234.21,3.5,8.61,0.47,57.47,56.03,35.54,4.0,0
239.75,3.12,14.03,2.85,48.8,71.89,54.38,1.9,0
282.2,2.49,15.59,0.4,44.78,72.78,30.71,3.77,0
187.04,2.89,7.23,5.76,47.31,43.85,50.72,1.03,0
181.59,1.73,12.35,1.59,83.25,57.35,15.92,1.52,0
270.29,2.03,13.79,0.49,50.41,76.59,41.18,2.92,0
295.3,2.14,12.63,2.48,67.01,54.98,34.42,1.43,0
179.3,3.84,12.95,4.99,79.93,80.89,26.28,1.54,0
298.67,2.01,12.34,4.9,64.37,70.3,53.05,0.82,0
251.69,2.0,9.26,2.82,45.54,86.35,18.53,1.23,0
299.13,1.87,17.92,1.36,46.16,55.33,53.84,1.79,0
246.84,2.84,10.74,1.68,56.43,70.53,24.67,2.42,0
136.5,2.59,13.09,0.8,82.08,70.99,50.53,3.15,0
243.16,3.15,10.38,2.21,72.08,76.16,32.21,2.28,0
297.71,2.9,6.31,2.32,61.44,65.3,20.46,2.03,0
209.78,1.67,9.69,0.63,52.55,76.7,35.47,2.23,0
232.54,2.02,8.38,3.96,59.55,50.54,45.64,0.97,0
242.07,3.32,14.73,0.4,57.27,59.16,31.02,4.0,0
119.52,2.38,10.48,3.02,57.19,37.68,42.6,1.39,0
325.21,3.21,10.71,3.7,44.5,55.95,46.9,1.62,0
209.44,2.41,9.34,4.16,44.27,47.23,54.93,1.11,0
272.76,1.92,12.24,2.12,58.95,64.97,40.63,1.42,0
246.1,2.32,10.21,2.3,41.08,74.79,51.66,1.63,0
306.59,1.92,14.48,3.84,47.5,68.47,48.49,0.94,0
268.27,2.16,12.76,2.45,55.36,71.7,39.08,1.46,0
239.43,2.62,10.57,1.15,58.97,61.43,51.47,2.73,0
209.79,2.81,14.13,2.45,68.39,57.89,48.94,1.9,0
285.9,1.55,12.02,6.11,39.96,42.41,38.34,0.52,0
165.7,2.49,12.05,1.41,40.0,31.13,47.13,2.34,0
279.07,2.15,8.34,1.19,70.68,37.38,42.72,2.2,0
200.54,2.11,11.82,1.73,75.12,50.05,45.48,1.77,0
306.35,2.58,12.8,2.61,42.47,73.69,58.83,1.67,0
257.26,2.17,15.33,1.0,44.86,41.57,31.96,2.41,0
278.99,3.33,10.12,0.45,61.55,47.67,42.55,4.0,0
253.69,3.21,17.7,2.43,55.58,52.94,40.31,2.18,0
171.14,3.21,13.39,2.22,55.68,79.32,47.88,2.31,0
211.27,2.2,8.2,0.46,45.63,59.43,35.48,3.22,0
280.26,1.92,9.89,0.67,63.64,62.02,34.34,2.5,0
257.5,2.55,15.55,2.08,52.15,66.16,39.36,1.91,0
303.14,2.41,15.11,1.43,51.76,80.92,44.75,2.25,0
268.15,2.13,12.05,1.0,41.43,61.26,35.43,2.37,0
206.5,1.79,12.37,1.46,64.5,33.52,15.0,1.66,0
214.18,2.48,9.09,1.07,50.66,61.9,30.48,2.67,0
254.63,2.26,15.3,1.76,54.46,81.61,54.14,1.87,0
145.87,2.91,9.53,3.42,69.28,69.62,55.47,1.56,0
325.3,2.9,14.11,3.82,42.44,63.23,35.04,1.43,0
269.88,3.16,15.38,1.11,53.96,65.31,57.97,3.35,0
305.22,1.74,12.12,2.26,36.3,32.44,36.73,1.24,0
178.87,2.74,14.42,2.25,48.72,30.35,24.65,1.96,0
306.01,2.06,16.62,0.54,70.46,73.41,36.94,2.88,0
350.42,1.77,12.67,0.4,36.5,79.29,47.25,2.68,0
190.56,2.24,11.56,4.61,57.83,50.56,34.35,0.96,0
284.71,3.14,11.83,2.97,74.24,62.9,46.03,1.86,0
250.05,2.28,10.14,4.52,61.59,69.31,42.67,0.99,0
180.5,3.44,10.09,3.76,47.99,84.9,37.14,1.72,0
272.18,2.83,13.11,2.98,41.66,58.8,47.76,1.67,0
287.51,2.26,11.59,3.79,31.84,71.07,52.29,1.12,0
222.95,3.2,12.82,1.76,73.75,89.9,41.82,2.65,0
302.47,2.77,8.28,3.16,49.95,55.79,45.9,1.57,0
175.0,1.94,11.77,3.7,33.38,60.97,25.44,0.98,0
182.74,3.62,14.58,3.05,42.75,43.42,53.92,2.1,0
256.15,2.66,9.2,0.99,42.06,44.17,34.67,2.96,0
251.14,2.51,12.04,0.76,49.06,73.13,31.38,3.12,0
217.75,1.99,7.36,2.88,83.66,77.91,48.87,1.2,0
286.43,3.21,8.74,1.04,66.08,77.45,36.16,3.5,0
273.89,2.81,14.02,1.08,60.81,44.5,33.06,3.01,0
288.62,2.88,11.23,1.44,69.37,56.91,37.06,2.68,0
244.46,2.2,16.56,1.62,77.01,67.18,27.84,1.91,0
277.12,3.0,13.08,1.49,61.34,25.86,32.95,2.74,0
229.95,3.05,13.33,1.4,72.29,66.85,50.22,2.88,0
342.42,2.1,9.31,1.77,47.31,88.21,51.66,1.74,0
213.44,1.65,11.04,0.65,44.65,77.05,40.65,2.17,0
344.74,2.85,10.17,0.45,42.62,23.85,33.21,4.0,0
251.57,1.56,9.34,5.4,58.53,65.96,44.14,0.58,0
188.1,2.59,13.66,0.9,25.0,63.24,21.04,3.02,0
311.56,2.23,14.16,0.4,70.9,64.07,51.71,3.38,0
255.67,3.23,13.0,1.22,49.08,61.61,39.3,3.27,0
288.3,2.26,9.93,0.4,64.92,55.1,29.66,3.43,0
305.07,3.16,12.83,0.5,38.3,25.12,54.87,4.0,0
265.21,2.19,7.22,1.88,68.33,64.66,40.43,1.75,0
223.35,3.1,15.31,0.56,71.59,69.41,35.74,4.0,0
293.91,3.74,8.75,4.57,56.23,51.67,60.5,1.61,0
250.03,1.86,9.2,3.21,61.33,78.88,34.75,1.04,0
280.86,2.68,12.29,3.81,42.69,35.4,47.49,1.32,0
153.08,4.15,12.51,1.98,55.55,34.12,46.93,3.21,0
270.11,2.54,11.82,0.68,66.67,61.27,31.53,3.29,0
221.26,2.54,9.22,1.39,51.36,49.77,38.6,2.4,0
324.4,2.97,14.83,2.32,73.32,74.58,37.48,2.08,0
278.04,2.52,7.79,4.13,33.6,53.59,22.33,1.17,0
260.79,1.48,8.29,0.71,51.06,80.37,20.36,1.88,0
271.88,3.18,11.73,1.92,31.95,49.17,18.24,2.51,0
205.07,1.3,8.84,3.69,58.79,62.16,35.5,0.66,1
323.05,2.25,15.06,2.38,52.44,30.23,30.07,1.55,0
339.61,3.22,9.05,5.4,52.89,59.2,30.68,1.21,0
267.68,2.29,15.89,1.31,63.88,61.09,35.79,2.23,0
321.57,2.08,14.59,1.35,51.59,78.14,40.04,2.0,0
224.39,3.03,15.09,0.4,88.68,37.33,36.87,4.0,1
214.13,1.99,16.72,1.8,64.7,55.76,32.95,1.63,0
251.84,1.77,12.2,2.79,55.36,81.79,59.31,1.09,0
269.57,2.66,9.47,3.98,46.9,83.78,37.99,1.27,0
232.27,2.39,11.74,1.97,44.07,47.48,49.98,1.85,0
274.2,1.75,10.58,4.17,60.24,49.71,27.63,0.81,0
263.79,2.88,10.23,2.94,48.68,34.5,53.35,1.72,0
205.08,2.78,12.38,6.36,66.89,28.15,34.52,0.91,0
273.35,2.28,11.22,2.44,54.01,54.17,68.02,1.55,0
288.86,2.33,10.12,3.17,54.05,50.32,26.88,1.32,0
257.72,2.78,11.39,2.83,56.38,90.92,29.33,1.7,0
301.87,3.21,13.37,3.99,53.18,65.22,38.11,1.53,0
195.22,2.33,14.39,2.53,58.33,56.87,36.45,1.54,0
271.06,2.89,7.99,1.52,79.83,69.84,28.27,2.61,0
197.34,2.84,11.24,0.65,61.49,75.43,54.74,3.74,0
199.87,3.03,11.65,1.25,60.08,78.21,53.69,3.02,0
221.61,2.52,9.04,1.44,64.44,63.89,36.6,2.34,0
207.61,1.95,11.7,4.31,53.7,59.65,50.1,0.88,0
225.34,2.22,12.37,3.49,43.44,62.37,54.22,1.17,0
240.36,2.71,13.3,7.87,25.0,59.12,39.9,0.74,1
287.67,3.59,12.19,1.93,30.39,52.06,33.3,2.83,0
235.55,2.21,9.8,0.82,63.98,75.65,52.82,2.66,0
178.65,2.98,17.03,0.94,59.43,57.11,51.26,3.4,0
301.3,2.3,14.07,3.82,53.22,44.78,27.47,1.14,0
212.33,2.57,13.38,1.19,83.35,60.31,54.16,2.63,0
247.36,3.41,14.51,0.43,54.59,70.75,29.8,4.0,0
270.09,2.96,12.61,2.86,26.66,38.16,43.79,1.8,0
258.98,1.76,15.22,3.65,64.01,55.97,31.84,0.89,0
299.24,2.16,12.14,0.4,68.93,47.97,41.64,3.27,0
271.56,3.25,12.0,1.29,63.64,92.74,41.16,3.2,0
211.24,2.59,13.59,1.19,69.11,61.38,62.32,2.65,0
348.04,1.81,15.94,2.04,33.87,83.28,23.78,1.38,0
258.75,2.01,15.78,1.18,56.14,63.66,32.29,2.07,0
243.37,2.92,13.48,1.82,45.04,65.0,35.35,2.38,0
293.38,3.1,13.29,2.36,61.28,59.08,43.29,2.14,0
261.23,2.51,13.74,0.4,73.24,56.65,36.88,3.8,0
267.97,3.99,14.46,1.63,50.58,58.89,18.02,3.46,0
362.15,2.99,15.25,1.39,62.82,50.14,47.37,2.84,0
237.62,2.35,11.41,1.64,44.48,59.83,53.35,2.04,0
235.7,2.01,15.3,1.63,54.79,35.64,44.33,1.74,0
255.25,1.92,12.86,0.4,48.83,62.6,35.44,2.9,0
298.22,2.7,13.63,6.05,76.61,41.93,42.05,0.92,0
182.21,2.21,15.45,2.12,42.04,61.42,27.83,1.63,0
161.55,3.5,13.87,3.89,56.06,64.81,50.61,1.7,0
223.58,3.38,14.29,0.93,71.43,81.26,44.98,3.88,0
176.47,2.88,11.03,4.59,31.66,64.75,34.67,1.23,0
230.88,1.79,15.75,2.09,60.18,56.0,40.82,1.34,0
272.61,2.1,13.74,3.07,56.33,50.57,50.31,1.21,0
209.92,3.25,12.32,0.5,46.83,70.74,51.64,4.0,0
185.79,2.16,14.75,1.45,69.59,58.51,39.26,2.01,0
253.12,3.17,18.47,2.21,75.59,48.71,61.47,2.29,0
288.81,2.78,9.08,6.08,62.9,62.3,53.68,0.95,0
173.73,2.53,9.99,2.8,51.44,32.15,45.28,1.56,0
286.91,2.08,18.71,0.73,37.64,61.2,36.05,2.63,0
286.78,2.44,13.07,0.81,57.16,48.29,36.35,2.96,0
292.93,2.61,12.48,0.43,53.16,55.1,42.01,3.88,0
304.83,3.12,11.71,1.01,53.88,89.91,38.9,3.46,0
349.09,1.97,15.02,4.64,49.04,52.72,57.0,0.84,0
233.98,2.34,18.53,2.66,47.98,71.85,30.63,1.5,0
254.93,2.53,10.34,3.09,55.35,75.74,45.06,1.46,0
231.26,2.9,11.76,4.66,40.22,72.81,19.98,1.23,0
250.09,1.95,11.12,3.14,67.44,65.57,43.77,1.11,0
318.98,1.71,13.83,0.56,45.84,43.39,48.72,2.36,0
189.47,2.9,15.06,3.64,56.34,50.24,54.4,1.49,0
211.25,1.59,16.05,6.97,51.11,42.51,34.09,0.48,1
311.97,3.27,13.92,0.58,62.8,54.72,32.88,4.0,0
295.9,2.41,18.3,2.38,62.15,54.9,50.23,1.66,0
233.66,1.57,10.56,4.54,61.08,46.29,51.95,0.68,0
288.45,2.21,9.91,3.8,40.97,68.21,37.73,1.09,0
265.35,2.73,15.67,7.01,52.69,52.6,20.41,0.83,0
317.51,2.18,12.31,4.67,74.23,54.56,29.41,0.92,0
253.35,2.51,8.56,1.13,50.9,36.47,39.08,2.63,0
296.15,2.94,11.21,4.15,67.59,61.04,25.82,1.36,0
368.89,2.38,12.64,1.97,54.88,58.59,47.29,1.85,0
276.91,1.94,10.38,1.59,51.28,51.01,32.27,1.71,0
252.22,2.32,9.46,1.18,57.24,65.72,39.28,2.39,0
282.51,3.35,11.48,4.21,45.01,61.78,50.95,1.53,0
233.56,3.51,9.34,0.65,65.8,68.81,43.68,4.0,0
357.46,1.29,13.59,2.3,44.75,69.49,59.44,0.91,0
258.1,3.15,7.14,1.19,61.64,70.73,53.98,3.23,0
237.72,2.65,12.23,2.06,67.94,85.03,29.61,2.0,0
212.39,3.05,13.3,1.74,60.11,61.93,45.93,2.56,0
299.37,2.17,11.77,2.11,48.17,45.81,41.53,1.61,0
289.02,1.44,14.73,2.68,57.23,53.55,51.87,0.92,0
227.62,2.85,8.57,1.06,46.19,53.95,45.23,3.09,0
275.94,1.94,10.25,0.66,52.46,46.2,35.0,2.53,0
182.11,1.67,11.17,1.03,48.72,22.3,44.76,1.82,0
258.32,1.71,13.78,2.31,45.87,63.47,36.31,1.2,0
270.37,2.86,12.55,2.07,62.57,60.5,33.54,2.16,0
326.83,2.58,17.36,1.04,66.81,88.71,38.89,2.82,0
215.31,2.97,9.99,2.29,67.64,87.76,42.49,2.1,0
192.47,2.9,8.51,4.38,57.91,70.2,53.0,1.29,0
209.71,2.25,16.47,2.09,72.63,68.44,35.03,1.68,0
189.85,2.46,8.42,0.98,46.88,47.56,20.83,2.75,0
310.15,2.19,13.71,0.52,70.42,62.83,38.03,3.09,0
319.69,2.37,9.55,2.06,65.91,58.25,42.56,1.79,0
264.41,1.92,6.83,0.9,55.48,62.19,41.82,2.23,0
304.96,2.73,11.06,1.53,57.68,48.47,37.46,2.46,0
256.03,3.15,14.25,2.73,67.44,66.29,49.5,1.98,0
245.72,2.01,8.95,2.54,62.94,39.46,43.12,1.33,0
235.01,3.27,13.44,4.51,58.14,105.53,46.03,1.42,0
236.03,2.57,13.91,0.4,49.6,81.71,21.63,3.89,0
180.35,2.64,8.82,1.7,43.91,79.91,38.26,2.24,0
261.89,1.48,11.43,1.75,56.3,40.87,38.61,1.23,0
248.18,1.42,15.94,2.33,41.27,35.69,56.84,0.99,0
283.54,2.59,13.63,0.74,63.79,64.12,38.94,3.25,0
254.21,2.97,11.35,1.12,33.71,55.43,33.4,3.13,0
242.68,2.1,13.04,0.67,58.68,87.72,32.81,2.74,0
210.8,3.5,10.29,2.46,51.68,69.42,49.79,2.36,0
253.25,2.94,14.78,1.08,49.73,59.38,34.2,3.16,0
283.22,1.95,14.78,3.76,51.68,82.2,31.47,0.98,0
198.55,2.52,12.3,3.4,25.0,62.73,49.17,1.36,0
253.94,3.99,12.58,4.1,49.7,63.43,43.92,1.86,0
260.49,1.75,9.5,1.41,44.59,75.63,37.64,1.65,0
217.69,2.82,8.62,1.42,44.74,49.84,26.72,2.64,0
223.55,2.31,11.06,1.5,92.45,75.28,45.54,2.09,0
260.38,2.92,11.78,0.99,38.33,68.49,48.27,3.26,0
199.0,3.26,14.66,0.61,59.75,46.19,30.47,4.0,0
265.75,2.27,14.31,0.86,45.45,89.37,43.65,2.69,0
209.71,3.17,12.46,5.18,44.05,53.14,38.99,1.23,0
297.83,3.83,14.98,1.29,38.84,35.48,31.16,3.77,0
355.2,2.54,9.64,6.11,68.54,48.34,35.56,0.86,0
211.27,2.97,14.69,1.23,69.45,44.46,39.53,3.0,0
274.04,2.15,10.02,2.25,47.56,62.94,26.82,1.53,0
217.3,2.51,15.1,2.53,65.95,84.34,45.71,1.66,0
296.84,2.39,11.97,2.01,42.57,63.73,32.9,1.84,0
193.06,2.98,7.0,1.23,50.19,83.79,33.3,3.0,0
271.63,3.22,13.83,0.4,63.15,76.0,45.06,4.0,0
210.72,2.43,14.02,1.86,42.99,20.0,35.47,1.96,0
240.69,3.42,10.86,0.98,46.13,73.49,37.84,3.84,0
203.6,3.42,11.07,1.28,55.29,51.29,38.94,3.37,0
287.01,3.01,11.6,1.21,55.45,67.69,32.25,3.05,0
212.34,2.19,7.19,5.18,42.06,59.13,34.82,0.85,0
274.84,2.13,6.09,0.82,81.8,101.79,39.82,2.58,0
234.52,2.01,15.25,6.01,44.87,66.54,39.85,0.69,0
244.85,3.07,9.94,6.89,66.43,68.76,45.27,0.94,0
256.65,1.77,16.64,3.67,62.15,76.17,45.71,0.9,0
215.72,2.91,15.43,0.4,45.34,37.66,52.19,4.0,0
259.47,1.85,15.92,0.59,60.56,76.25,24.94,2.52,0
318.87,2.99,10.37,4.22,44.91,56.77,49.13,1.37,0
214.99,2.51,7.98,0.76,55.85,49.63,36.59,3.12,0
302.73,3.3,9.28,2.15,64.89,72.3,46.58,2.43,0
317.41,3.18,10.88,1.21,48.3,37.68,43.39,3.23,0
213.27,3.36,6.07,4.46,59.94,74.08,34.23,1.47,0
184.52,3.38,10.81,2.04,48.09,57.64,55.2,2.57,0
263.59,2.59,11.5,2.28,57.11,58.5,47.61,1.83,0
225.37,1.8,8.76,8.81,56.27,26.34,44.21,0.45,1
334.09,1.87,9.4,6.08,50.6,73.51,61.9,0.64,0
251.57,1.25,11.45,2.03,33.02,63.71,30.26,0.95,0
213.9,1.85,12.89,0.4,64.37,52.99,40.25,2.8,0
198.38,2.54,9.77,3.25,78.89,46.09,45.62,1.41,0
299.05,2.16,12.73,7.51,56.68,71.72,29.33,0.62,1
224.3,2.39,12.34,0.4,47.64,65.22,33.36,3.62,0
251.97,2.8,12.12,3.54,57.5,60.08,49.97,1.46,0
293.01,2.32,10.37,4.63,68.75,45.18,35.04,0.99,0
228.21,1.83,8.67,2.03,70.35,64.54,48.72,1.39,0
247.93,2.47,16.24,2.2,65.94,63.65,33.7,1.79,0
249.25,1.96,13.58,2.07,60.34,79.74,60.2,1.48,0
280.75,2.34,14.51,0.69,63.1,42.04,16.57,3.01,0
276.58,3.31,11.79,9.28,56.42,49.26,50.09,0.78,1
240.09,2.34,11.59,0.47,43.53,89.15,42.51,3.39,0
252.86,3.56,13.23,3.57,50.46,62.87,24.69,1.85,0
233.27,3.36,7.41,3.4,51.12,63.79,37.77,1.81,0
183.51,2.15,9.21,0.77,58.51,74.49,20.73,2.67,0
261.59,1.83,10.01,2.17,33.83,87.19,43.52,1.34,0
335.15,2.47,10.86,0.63,61.13,42.57,34.03,3.29,0
210.23,3.19,9.8,2.89,30.84,92.73,20.5,1.93,0
215.21,2.21,12.83,4.81,59.94,59.35,41.66,0.91,0
210.82,3.04,12.2,2.24,69.04,63.96,41.45,2.18,0
282.61,3.23,15.48,3.41,65.74,60.9,61.07,1.73,0
270.18,2.04,18.18,0.86,44.25,82.47,48.28,2.42,0
242.87,2.09,8.84,0.85,62.48,74.38,16.13,2.5,0
208.69,2.93,12.37,2.1,63.45,57.83,34.72,2.19,0
254.16,2.59,12.36,0.57,75.47,43.1,51.05,3.56,0
179.59,2.09,11.96,0.77,59.39,56.36,23.73,2.58,0
256.45,2.29,9.29,1.18,67.31,39.94,32.28,2.36,0
289.22,2.46,9.71,2.9,49.75,73.37,40.02,1.48,0
193.7,1.56,12.6,0.84,44.78,49.82,34.72,1.87,0
181.04,2.96,9.64,1.97,65.37,58.46,55.91,2.3,0
321.07,2.21,12.4,3.54,65.54,77.6,41.83,1.16,0
222.47,0.83,11.39,1.31,47.37,72.11,40.33,0.81,0
301.12,2.49,12.35,1.35,40.46,65.75,30.83,2.39,0
243.07,2.06,9.62,2.92,56.48,48.07,28.98,1.23,0
242.71,3.51,12.39,2.3,55.53,67.28,41.04,2.47,0
269.73,2.15,9.8,1.45,57.81,48.07,39.2,1.99,0
210.22,1.84,12.4,0.96,65.63,67.42,27.83,2.09,0
255.96,2.8,15.35,1.15,67.35,40.39,42.34,2.92,0
232.83,2.1,12.65,3.59,55.09,78.11,40.57,1.09,0
190.58,2.03,12.8,1.32,43.06,62.99,36.92,1.98,0
265.19,2.81,14.04,9.95,46.29,59.81,51.93,0.63,1
238.15,1.88,8.49,1.04,47.84,65.87,39.88,2.05,0
242.93,1.63,16.3,3.12,53.56,58.27,37.62,0.93,0
195.54,3.54,9.36,3.23,48.83,61.02,51.31,1.97,0
321.61,2.85,14.2,2.64,52.06,79.37,38.49,1.83,0
289.45,2.34,13.87,0.52,55.89,75.86,35.99,3.31,0
293.39,2.5,9.74,4.09,47.28,70.69,28.3,1.17,0
236.25,2.8,14.52,1.92,58.86,63.78,40.61,2.21,0
172.19,3.08,13.24,5.0,76.93,55.25,49.32,1.23,0
337.88,2.05,16.72,1.56,53.0,76.09,35.83,1.82,0
247.25,2.72,12.48,1.54,46.82,46.34,26.71,2.44,0
216.3,2.2,11.73,2.74,58.68,86.76,50.11,1.38,0
268.76,2.39,10.71,1.92,45.46,70.67,50.5,1.88,0
302.52,2.6,7.64,0.56,53.23,77.73,45.85,3.58,0
248.96,2.5,11.2,3.6,46.86,67.02,40.96,1.29,0
307.54,2.94,11.31,0.46,42.16,58.16,44.2,4.0,0
298.73,2.79,12.66,4.02,44.46,74.23,24.5,1.33,0
201.56,1.6,8.44,0.9,47.07,38.89,34.18,1.86,0
219.68,1.69,11.4,7.12,42.5,51.17,46.76,0.5,1
293.09,2.28,13.44,0.54,70.35,57.13,43.38,3.17,0
127.93,3.6,13.69,0.61,60.18,39.29,49.03,4.0,0
243.27,1.99,7.35,0.86,66.3,69.56,55.34,2.35,0
185.61,2.38,13.77,3.92,38.7,78.99,27.65,1.15,0
228.56,2.18,11.38,2.97,51.47,34.37,44.84,1.29,0
236.55,2.17,11.54,4.15,60.03,53.77,37.42,1.0,0
233.88,2.61,6.09,3.16,74.83,57.46,35.54,1.48,0
225.15,3.34,15.73,1.9,45.97,64.84,64.72,2.65,0
200.63,2.77,12.44,4.76,39.56,72.82,24.3,1.15,0
353.14,2.02,8.17,6.04,57.29,55.82,38.18,0.69,0
334.04,4.15,12.94,0.79,46.92,74.11,37.64,4.0,0
197.71,2.55,12.86,4.57,75.47,61.33,40.48,1.09,0
321.2,2.15,15.06,4.52,61.5,50.96,20.28,0.93,0
232.02,3.35,11.23,0.92,51.57,63.46,30.19,3.86,0
255.81,2.22,12.03,1.18,51.61,41.05,40.49,2.29,0
247.15,3.5,10.39,3.75,53.48,56.18,26.05,1.75,0
220.31,1.98,13.49,1.32,33.1,57.37,49.53,1.92,0
294.27,3.36,10.04,2.28,55.5,50.93,45.8,2.38,0
255.66,2.62,9.77,2.41,49.16,97.99,24.13,1.79,0
228.56,3.27,11.83,0.85,62.59,79.52,37.7,3.89,0
191.29,3.64,8.94,0.85,44.23,63.0,43.76,4.0,0
209.79,1.82,16.01,0.72,63.19,66.41,26.24,2.31,0
176.14,3.27,16.82,3.03,61.52,67.75,24.23,1.91,0
250.55,1.65,10.87,0.54,56.92,69.37,30.42,2.31,0
196.15,1.87,8.53,3.98,70.04,83.43,66.87,0.89,0
238.05,2.02,12.84,1.27,32.38,73.91,50.94,2.0,0
311.65,2.8,10.79,2.26,60.33,30.21,33.91,1.99,0
303.97,2.52,14.94,0.69,54.46,72.5,26.69,3.25,0
248.55,2.4,10.03,7.22,54.11,47.45,31.75,0.71,1
246.08,2.59,13.36,3.21,43.22,51.69,55.22,1.45,0
334.59,2.85,12.28,3.11,37.96,74.72,60.34,1.64,0
273.43,2.9,10.31,3.34,65.71,32.05,31.88,1.58,0
235.25,3.16,12.6,2.92,64.46,85.69,43.11,1.89,0
185.83,3.59,14.2,0.79,76.58,72.26,37.38,4.0,0
267.72,2.49,12.22,0.99,78.55,65.01,52.7,2.77,0
287.32,2.19,12.24,1.87,36.42,72.51,29.06,1.75,0
221.58,2.87,9.82,3.01,53.14,77.23,49.79,1.69,0
263.1,1.81,14.86,3.59,58.01,63.34,26.6,0.94,0
233.64,2.09,14.61,1.07,66.54,71.61,49.48,2.25,0
241.72,3.1,10.97,1.74,72.12,45.3,31.49,2.59,0
138.05,2.43,11.69,6.32,42.65,72.18,36.86,0.8,0
240.02,1.78,15.54,1.5,48.51,69.12,33.55,1.61,0
293.62,1.61,9.17,4.11,71.45,81.59,59.61,0.75,0
221.59,2.53,13.51,0.47,34.92,62.61,49.94,3.68,0
252.36,3.19,10.6,1.54,42.08,64.6,35.89,2.85,0
215.98,3.18,16.45,4.59,60.25,46.15,31.75,1.36,0
266.22,2.57,12.16,5.3,79.65,59.99,53.14,0.98,0
240.26,3.71,15.15,2.73,34.88,69.17,15.0,2.32,0
207.73,2.44,10.1,0.4,55.71,70.59,44.79,3.69,0
309.96,2.42,8.88,0.4,61.65,85.7,30.41,3.66,0
291.8,0.96,11.41,2.58,72.64,66.92,62.54,0.63,0
222.78,2.23,12.66,2.76,60.36,58.61,67.31,1.39,0
272.4,3.01,10.72,7.67,32.9,68.35,40.31,0.84,1
274.18,3.44,13.9,1.1,39.57,51.64,36.35,3.66,0
278.9,2.0,11.48,0.67,71.46,79.88,40.68,2.61,0
173.76,2.78,6.8,1.79,60.28,49.6,33.78,2.28,0
295.3,3.13,13.38,1.43,41.49,53.92,32.06,2.92,0
224.36,2.51,9.79,3.26,60.92,43.87,42.35,1.39,0
233.9,1.13,11.1,3.67,58.69,61.24,46.24,0.57,0
368.7,2.65,15.88,1.75,25.07,69.68,41.33,2.21,0
263.58,2.96,16.43,3.55,29.81,84.8,42.9,1.54,0
232.62,1.93,10.56,0.84,58.73,59.14,33.67,2.31,0
150.76,2.35,13.44,2.45,79.43,56.63,30.66,1.59,0
312.54,1.81,10.62,0.4,58.17,19.97,30.56,2.74,0
189.47,0.96,11.28,1.08,25.61,63.35,47.72,1.03,0
204.85,3.12,10.49,3.05,35.65,60.41,40.8,1.81,0
235.09,2.5,7.69,6.12,62.51,60.24,42.02,0.85,0
313.74,3.46,12.24,0.95,63.82,82.59,43.41,3.92,0
284.8,3.01,12.72,2.5,52.67,68.19,39.42,2.01,0
242.9,2.29,10.32,0.92,49.19,53.76,41.08,2.64,0
263.87,2.45,14.72,1.47,64.53,46.41,52.96,2.25,0
222.98,2.84,10.91,2.86,68.26,42.64,47.77,1.73,0
256.28,3.08,10.41,0.77,63.33,53.32,38.28,3.82,0
253.3,2.69,13.32,1.47,43.55,65.61,35.28,2.48,0
293.59,3.16,8.14,2.29,65.79,28.35,50.27,2.23,0
293.52,2.32,14.27,2.42,50.76,57.97,43.33,1.58,0
272.23,1.9,10.99,2.11,47.78,72.03,36.92,1.41,0
233.69,2.46,14.47,2.29,47.31,44.47,27.09,1.74,0
283.38,2.62,15.22,1.14,55.25,57.33,56.94,2.75,0
245.86,1.78,13.6,0.99,61.84,45.13,28.73,1.98,0
201.31,1.7,9.97,0.79,30.75,19.38,42.84,2.08,0
231.85,2.77,8.87,0.9,46.23,47.99,58.25,3.23,0
253.8,2.26,8.41,0.83,49.47,44.05,36.59,2.72,0
290.96,2.4,14.76,2.14,67.44,71.63,39.55,1.77,0
241.74,2.28,11.66,0.92,44.6,67.21,48.54,2.63,0
195.59,3.41,10.5,2.3,51.03,44.37,28.07,2.4,0
252.55,3.26,11.67,1.77,64.72,79.39,23.3,2.69,0
255.11,1.76,14.7,2.61,55.48,70.88,36.43,1.14,0
258.36,2.18,13.95,2.03,73.4,56.15,40.81,1.66,0
291.39,3.01,13.1,1.88,53.2,64.95,40.69,2.41,0
295.85,2.86,13.59,3.97,77.6,45.82,54.17,1.37,0
223.26,2.48,12.45,3.72,79.75,23.07,30.54,1.25,0
222.27,1.82,12.76,2.48,60.5,61.36,38.56,1.22,0
203.19,2.09,12.55,3.67,60.02,39.54,55.07,1.06,0
281.45,2.19,12.0,0.9,61.71,56.6,37.22,2.55,0
315.2,2.67,13.88,1.5,64.8,66.17,59.87,2.42,0
235.82,3.52,12.9,1.54,56.48,30.85,37.66,3.16,0
239.14,2.09,9.8,2.36,69.02,63.1,33.06,1.44,0
316.01,1.88,13.32,0.5,61.0,72.4,39.61,2.69,0
272.75,2.43,12.62,2.46,71.63,28.82,42.6,1.64,0
269.63,3.12,13.53,3.02,37.57,70.58,35.88,1.83,0
196.41,1.63,11.74,2.95,57.6,88.48,43.98,0.97,0
280.54,3.37,14.03,0.46,67.19,56.17,38.51,4.0,0
208.19,2.4,11.85,0.55,41.3,71.11,52.69,3.32,0
198.97,2.06,13.81,1.11,60.17,44.93,45.08,2.18,0
234.4,1.54,10.86,6.25,62.3,73.8,40.11,0.51,0
223.64,2.92,11.03,2.5,75.73,67.65,36.83,1.95,0
240.03,2.4,13.51,0.58,50.93,63.27,48.03,3.27,0
185.16,2.6,11.17,2.62,57.53,62.41,40.31,1.68,0
293.15,1.96,17.51,2.12,48.33,65.92,35.48,1.45,0
300.75,2.31,13.42,2.88,53.31,59.04,32.77,1.4,0
162.37,2.21,12.06,1.86,74.43,45.41,46.99,1.78,0
294.03,2.44,14.05,1.92,54.65,57.78,35.28,1.92,0
213.53,2.1,10.8,1.1,46.49,59.28,37.0,2.23,0
288.56,1.58,14.31,7.33,52.81,42.39,45.53,0.46,1
246.92,4.14,14.24,1.45,48.77,58.34,50.71,3.83,0
251.29,1.68,15.13,1.7,49.7,59.07,45.95,1.43,0
241.67,2.61,10.9,1.28,48.53,52.19,48.53,2.58,0
304.55,1.44,8.94,0.4,49.0,65.28,47.1,2.18,0
194.22,1.3,10.47,0.52,40.76,68.84,40.08,1.84,0
277.35,2.56,11.3,2.17,55.83,50.04,43.95,1.87,0
299.56,2.6,16.17,1.4,43.26,62.24,58.26,2.46,0
282.24,3.26,17.49,0.4,68.7,73.64,38.04,4.0,0
354.61,2.74,12.86,3.16,51.26,44.84,29.08,1.55,0
226.2,2.41,12.02,3.1,59.9,35.05,15.0,1.39,0
293.08,1.93,11.13,2.76,59.93,45.88,59.36,1.2,0
245.23,3.4,14.06,2.06,32.96,67.9,59.81,2.57,0
305.5,3.06,17.47,5.46,51.8,53.15,30.09,1.14,0
249.65,1.75,16.46,1.32,75.62,41.42,52.86,1.7,0
232.55,2.52,14.84,2.05,45.69,79.04,50.33,1.91,0
308.77,2.59,14.81,0.7,82.26,42.29,46.41,3.31,0
227.88,2.29,14.08,0.45,61.53,57.44,45.03,3.37,0
186.43,2.96,11.88,4.96,61.2,71.05,32.55,1.19,0
226.74,3.0,10.16,2.75,57.87,70.05,41.29,1.87,0
277.86,2.39,11.95,2.51,67.55,66.26,43.48,1.59,0
312.64,2.33,13.06,7.09,68.22,49.98,40.7,0.7,0
255.0,3.4,8.37,0.4,54.78,68.37,39.45,4.0,0
309.32,3.06,11.62,0.58,49.84,60.22,53.0,4.0,0
188.88,2.54,9.94,6.27,37.9,66.1,50.16,0.85,0
230.05,1.52,14.53,2.1,64.77,80.56,48.74,1.14,0
237.01,2.71,10.63,2.07,55.79,42.09,49.32,2.04,0
244.84,2.92,12.82,1.46,44.87,65.78,42.29,2.69,0
253.78,0.85,10.25,2.0,48.03,62.13,51.66,0.65,0
281.09,2.65,15.99,2.64,54.18,74.17,28.02,1.71,0
229.98,2.25,7.75,4.66,43.22,86.67,40.7,0.95,0
256.26,2.37,13.19,5.68,55.58,86.21,47.08,0.85,0
247.97,1.96,8.81,3.43,35.56,72.53,45.43,1.04,0
208.33,2.41,10.73,1.09,48.61,51.02,43.74,2.58,0
244.88,3.34,12.52,4.01,41.06,53.67,49.27,1.58,0
243.54,2.23,12.64,2.61,57.4,70.82,54.41,1.44,0
242.57,3.08,12.57,2.43,43.27,40.7,29.36,2.09,0
251.43,2.02,12.38,1.19,48.29,56.5,43.0,2.07,0
253.41,2.96,10.4,1.86,82.12,48.93,32.78,2.38,0
230.55,2.5,11.59,1.36,65.38,42.35,50.7,2.4,0
307.27,2.71,12.08,0.4,62.21,63.72,47.24,4.0,0
197.37,2.5,12.49,2.38,70.57,71.84,30.3,1.72,0
217.56,2.88,11.84,6.4,61.15,69.0,39.93,0.94,0
375.1,0.96,13.82,1.15,38.15,61.77,24.99,1.0,0
203.29,1.65,12.23,2.47,39.2,54.72,49.5,1.11,0
189.08,2.75,12.5,0.83,25.0,52.13,34.64,3.31,0
283.05,1.27,11.04,3.72,57.42,73.07,28.7,0.64,0
156.53,2.18,9.37,4.78,42.28,52.33,36.54,0.91,0
239.41,2.47,12.39,0.4,48.15,51.9,45.84,3.74,0
346.56,2.0,15.02,1.71,51.16,66.17,42.87,1.69,0
180.48,2.09,13.11,1.41,47.7,45.28,35.11,1.96,0
160.81,2.66,9.96,1.67,54.59,61.28,38.95,2.28,0
182.54,3.11,14.04,3.56,51.6,52.06,37.08,1.61,0
290.43,1.92,11.16,1.64,50.41,49.93,30.66,1.66,0
300.61,2.15,13.79,4.22,36.42,56.25,21.34,0.99,0
226.93,2.06,11.08,0.4,57.9,71.32,39.94,3.12,0
280.74,1.05,12.88,2.27,81.11,62.65,45.85,0.74,1
312.56,2.59,10.7,2.42,58.32,64.4,39.84,1.76,0
330.43,3.06,10.77,0.64,82.23,71.38,60.5,4.0,0
238.91,3.11,8.08,5.86,48.18,69.36,34.04,1.09,0
146.43,1.98,13.28,1.49,51.97,57.32,39.58,1.8,0
213.06,1.75,12.93,3.16,54.76,68.35,44.86,0.99,0
230.79,2.51,13.07,1.07,52.96,57.47,44.41,2.71,0
238.35,3.0,12.69,0.88,68.98,66.57,37.44,3.52,0
241.55,2.59,10.09,3.48,28.71,75.62,39.46,1.37,0
300.35,2.67,14.41,0.97,49.54,67.81,39.17,3.01,0
307.35,3.19,14.48,1.68,74.96,41.3,46.83,2.72,0
242.27,2.06,10.03,1.16,49.04,52.55,33.05,2.13,0
299.43,2.37,13.33,3.34,66.14,69.71,15.66,1.29,0
266.09,3.48,14.19,1.38,62.25,27.67,36.57,3.3,0
252.9,2.38,10.82,0.72,54.13,64.85,56.88,3.02,0
290.79,1.74,11.26,2.64,58.8,64.01,48.01,1.12,0
253.25,2.1,13.34,5.44,53.97,100.91,24.31,0.78,1
342.6,1.94,8.22,3.7,29.48,66.48,46.75,0.98,0
185.27,2.71,9.28,3.77,60.52,58.37,42.08,1.35,0
226.82,1.96,9.53,1.2,47.61,77.46,36.25,2.01,0
244.31,2.66,7.51,2.3,38.48,54.83,29.22,1.88,0
269.78,2.06,14.71,1.48,59.64,60.63,31.86,1.89,0
307.06,1.23,7.03,0.79,58.85,61.33,34.4,1.5,0
248.9,2.68,12.86,2.68,66.78,69.0,58.35,1.71,0
186.0,2.59,14.03,2.47,51.87,46.15,46.4,1.74,0
287.91,2.81,11.27,1.79,65.31,72.5,32.9,2.31,0
283.97,2.1,10.33,4.51,55.25,52.11,34.58,0.91,0
162.62,2.03,12.58,0.47,59.14,90.89,39.63,2.96,0
249.83,2.74,12.0,3.05,60.13,37.3,35.67,1.59,0
178.44,3.41,14.51,2.73,39.03,48.64,40.16,2.14,0
220.09,2.51,5.43,0.4,59.53,29.56,38.54,3.8,0
209.37,2.75,9.7,2.66,56.25,104.47,40.97,1.76,0
286.42,2.31,13.4,0.44,51.75,41.6,20.02,3.42,0
255.26,1.57,12.13,1.41,56.37,71.4,48.0,1.48,0
192.15,3.08,13.88,1.55,85.59,70.91,34.4,2.75,1
289.6,3.05,12.66,1.11,31.97,46.41,49.07,3.22,0
185.48,2.93,11.66,1.06,53.42,71.6,61.96,3.16,0
264.86,2.39,11.24,1.14,64.74,43.97,25.47,2.5,0
213.37,2.86,17.81,2.17,40.05,47.8,40.98,2.09,0
233.54,3.04,15.84,4.11,59.45,36.57,35.8,1.42,0
272.69,3.47,13.24,2.87,58.63,70.04,43.95,2.11,0
273.47,3.09,12.2,3.3,35.93,30.62,18.93,1.7,0
310.16,2.54,13.35,5.21,47.99,65.9,36.42,0.98,0
246.3,1.72,14.07,4.56,76.4,58.15,31.81,0.74,0
263.79,2.59,13.05,3.23,35.91,86.15,56.27,1.45,0
230.3,2.65,10.12,0.59,49.73,60.49,58.59,3.61,0
258.19,2.93,16.46,1.38,53.02,72.72,37.14,2.78,0
269.78,3.31,12.62,0.4,55.05,67.67,28.53,4.0,0
245.58,2.44,17.03,0.55,50.04,58.45,31.61,3.4,0
168.83,3.76,12.47,1.51,55.99,76.72,40.39,3.4,0
264.92,1.44,11.39,2.09,54.57,65.7,25.99,1.08,0
266.41,2.75,15.46,4.14,63.52,73.48,45.19,1.28,0
219.39,2.02,12.75,3.36,65.13,46.08,38.04,1.09,0
192.2,1.36,12.33,4.93,60.27,67.92,43.56,0.55,0
316.41,2.38,9.0,0.8,57.84,72.03,43.94,2.9,0
272.12,1.63,13.65,4.81,36.24,43.66,53.79,0.67,0
239.69,2.4,10.77,2.81,56.39,58.89,46.35,1.48,0
198.83,2.52,10.88,3.73,68.37,33.92,42.93,1.27,0
213.02,3.17,10.77,2.35,35.67,36.2,42.49,2.2,0
308.62,1.6,13.1,2.78,39.19,59.1,20.22,0.99,0
256.19,3.05,8.16,2.05,72.9,87.0,41.8,2.31,0
225.22,2.56,11.47,1.62,37.03,88.16,46.12,2.23,0
272.94,3.12,14.45,2.15,53.77,55.43,38.79,2.29,0
213.35,2.24,8.89,2.68,48.38,45.73,56.65,1.43,0
317.54,1.7,12.43,6.04,72.18,73.91,25.15,0.58,0
310.88,1.77,10.42,1.14,58.63,29.95,32.6,1.85,0
229.0,1.72,10.99,1.17,64.49,53.95,33.65,1.78,0
221.71,2.79,16.14,1.42,55.67,48.78,40.09,2.61,0
132.18,3.39,7.87,5.12,78.94,58.71,33.54,1.33,0
183.33,2.16,13.91,4.17,46.07,80.63,27.59,1.0,0
189.72,2.88,10.81,2.4,59.12,21.18,36.44,1.97,0
256.08,1.59,10.68,1.85,70.08,64.66,50.15,1.28,0
235.32,2.61,9.22,0.85,72.81,65.15,47.54,3.11,0
189.46,2.9,13.88,0.48,51.78,59.09,33.05,4.0,0
237.35,1.63,11.52,1.64,30.7,64.37,36.27,1.41,0
272.74,2.38,11.21,0.77,50.39,67.71,32.22,2.94,0
273.75,2.93,12.27,4.0,75.92,62.37,27.39,1.39,0
164.51,0.74,11.57,2.28,45.84,29.47,44.27,0.52,0
244.23,3.3,7.0,1.95,58.49,46.66,27.19,2.58,0
187.75,2.71,10.77,0.67,51.31,83.96,46.63,3.53,0
290.58,2.93,14.24,1.44,54.13,42.49,58.19,2.73,0
285.29,2.25,8.23,1.99,70.75,61.21,43.76,1.74,0
209.59,1.47,9.28,5.15,58.05,49.18,46.23,0.57,0
215.53,2.82,10.93,2.09,79.5,68.92,45.94,2.11,0
229.24,2.45,10.19,2.93,66.72,56.96,35.11,1.46,0
148.62,2.52,11.93,1.06,56.57,69.82,43.7,2.73,0
265.12,3.15,9.27,1.77,53.87,65.75,43.12,2.61,0
237.72,2.96,11.03,0.56,58.98,54.15,33.74,4.0,0
293.66,3.65,11.88,4.56,40.2,26.56,15.0,1.57,0
200.57,2.59,13.62,3.89,42.31,47.0,29.52,1.26,0
222.14,2.09,15.11,5.91,64.08,41.91,30.58,0.73,0
182.21,2.39,11.35,1.98,66.03,41.79,45.01,1.84,0
204.81,2.75,16.72,0.4,39.12,67.55,25.21,4.0,0
196.81,3.11,11.54,1.83,65.31,90.37,58.71,2.52,0
294.82,1.62,14.07,1.08,52.89,23.02,56.29,1.74,0
218.58,2.51,16.83,2.27,45.03,37.41,50.52,1.78,0
255.59,3.47,12.35,2.06,51.22,63.48,34.9,2.62,0
232.87,2.36,8.57,1.64,65.66,56.2,19.21,2.04,0
192.87,3.06,12.23,1.03,62.31,66.8,48.32,3.35,0
242.43,2.8,10.47,3.93,58.57,59.3,32.52,1.35,0
276.96,3.07,11.31,0.88,59.54,79.76,47.88,3.6,0
195.65,2.01,16.96,2.33,41.31,68.56,46.01,1.41,0
286.41,2.02,8.94,5.58,61.56,73.15,35.6,0.74,0
211.76,2.51,12.75,3.75,49.51,75.27,27.8,1.26,0
228.27,1.58,9.81,0.97,79.25,42.11,41.87,1.78,0
273.88,2.34,11.23,2.43,50.44,68.81,24.3,1.59,0
220.15,2.65,13.86,0.54,81.71,69.64,42.81,3.71,0
251.69,3.57,12.8,0.85,53.07,54.87,44.7,4.0,0
235.84,2.74,11.44,1.58,53.86,54.78,33.4,2.43,0
255.82,2.88,10.38,1.72,51.47,55.2,24.97,2.42,0
142.87,3.2,12.79,3.59,39.9,46.81,56.28,1.65,0
167.66,1.92,16.27,1.69,70.92,39.29,34.65,1.64,0
277.72,2.4,9.75,2.0,56.17,92.18,37.93,1.84,0
296.67,3.96,16.78,3.48,62.53,76.2,50.91,2.09,0
209.03,2.45,15.0,1.01,74.38,60.39,34.32,2.71,0
239.02,3.17,15.42,5.46,53.43,37.99,32.38,1.18,0
263.26,3.08,12.77,4.74,53.89,68.19,60.1,1.28,0
281.19,1.61,14.93,2.18,56.74,54.54,32.67,1.18,0
158.75,2.69,9.48,3.26,39.61,57.65,52.17,1.49,0
210.13,2.59,10.33,2.18,33.05,93.72,41.53,1.89,0
235.03,2.7,13.91,1.85,36.96,88.47,41.32,2.17,0
281.64,2.05,12.74,2.47,69.9,24.52,34.93,1.38,0
362.43,1.83,11.63,3.97,51.09,65.48,38.0,0.88,0
239.74,2.21,5.74,3.7,64.41,62.48,57.87,1.12,0
186.69,2.44,10.91,1.13,51.9,65.33,48.55,2.56,0
268.1,3.21,9.06,1.94,36.07,51.63,26.37,2.52,0
309.44,3.59,13.23,0.71,65.39,60.04,30.09,4.0,0
254.86,3.34,11.52,2.96,44.33,43.59,43.83,1.98,0
209.2,3.02,10.43,3.29,61.96,75.56,46.39,1.66,0
293.11,1.9,18.61,2.79,66.08,75.1,47.67,1.18,0
279.86,2.25,14.6,9.49,54.47,84.61,39.23,0.53,1
203.83,2.63,14.64,2.32,60.69,48.39,31.51,1.84,0
267.16,2.12,17.51,0.4,37.92,64.05,31.9,3.21,0
294.88,2.85,14.01,2.05,90.1,90.65,16.99,2.16,1
303.19,2.93,10.07,0.94,60.28,49.87,56.34,3.35,0
247.01,2.82,9.78,3.52,64.37,44.86,15.0,1.48,0
233.89,3.12,14.41,4.06,66.21,64.5,37.59,1.47,0
305.23,1.96,6.85,1.65,53.33,77.48,22.28,1.69,0
195.54,3.06,11.81,2.04,55.93,49.99,34.16,2.32,0
269.74,2.08,6.57,2.54,68.02,88.99,45.76,1.37,0
188.35,1.94,12.25,2.48,50.59,46.26,17.13,1.3,0
297.94,2.82,14.14,4.07,59.69,69.87,43.53,1.33,0
238.39,3.23,12.7,2.4,60.61,49.85,48.71,2.21,0
307.09,2.79,14.35,1.96,46.19,53.01,35.83,2.18,0
272.11,2.51,16.91,1.66,60.33,72.34,67.39,2.16,0
194.96,2.69,11.64,0.62,34.67,56.86,17.55,3.6,0
314.11,2.58,19.02,0.88,66.02,37.21,22.87,3.03,0
319.81,1.82,12.53,0.83,73.84,48.02,36.97,2.19,0
289.7,1.75,14.37,8.2,65.87,70.83,37.17,0.46,1
215.73,2.45,10.47,1.91,72.97,65.96,41.14,1.94,0
236.23,2.55,16.05,3.27,45.85,70.88,49.28,1.41,0
256.54,2.51,14.6,2.97,52.3,50.96,27.44,1.49,0
218.33,2.91,15.68,0.4,56.51,44.1,26.42,4.0,0
326.16,2.37,12.14,1.74,56.55,47.72,33.06,1.98,0
256.49,2.84,8.86,2.75,49.75,48.74,50.31,1.78,0
128.35,2.41,13.15,0.4,44.04,59.3,48.09,3.66,0
265.27,3.59,7.76,1.74,75.72,42.24,39.3,3.0,0
234.33,2.55,11.16,3.46,45.0,75.98,34.91,1.35,0
246.63,3.9,12.48,1.52,74.88,67.74,38.47,3.53,0
233.41,2.71,17.94,3.12,60.94,47.03,43.62,1.55,0
286.32,2.37,12.8,0.96,57.44,57.02,40.99,2.68,0
300.39,1.96,12.35,1.43,61.52,46.7,25.92,1.83,0
262.74,1.63,11.84,3.27,73.28,57.76,25.22,0.9,0
234.73,1.91,8.64,1.8,25.0,47.48,37.41,1.56,0
248.14,1.97,12.21,0.71,59.31,92.14,47.25,2.52,0
250.88,2.74,12.26,3.48,56.79,36.14,29.39,1.45,0
213.89,2.18,9.58,2.46,57.23,40.96,44.07,1.47,0
276.05,2.61,9.03,1.0,66.29,56.43,22.11,2.9,0
270.7,3.27,10.8,3.23,47.68,61.41,40.71,1.83,0
319.32,2.45,12.16,1.6,41.19,61.5,32.18,2.15,0
306.49,3.75,10.86,4.78,38.39,73.77,19.1,1.55,0
219.14,1.79,9.37,4.04,44.11,66.64,34.54,0.85,0
286.91,2.41,12.72,2.06,63.25,46.17,27.37,1.82,0
207.21,2.18,13.35,2.85,61.06,75.93,37.23,1.33,0
281.32,3.06,12.3,4.59,65.6,69.42,44.13,1.31,0
226.75,1.16,10.59,2.04,49.48,80.8,44.57,0.88,0
203.95,1.63,13.49,0.4,50.02,60.77,20.23,2.48,0
262.6,2.44,11.52,2.82,74.84,76.35,45.75,1.49,0
129.64,3.43,9.03,3.58,67.24,19.16,44.13,1.78,0
171.21,2.64,14.59,3.67,64.03,52.72,35.76,1.34,0
242.01,1.69,12.88,0.95,33.1,46.31,27.32,1.92,0
253.71,1.78,11.7,4.83,78.49,70.53,35.92,0.73,0
233.38,3.5,8.07,8.46,53.9,48.91,56.11,0.9,1
178.93,2.13,10.14,3.62,57.07,74.63,45.97,1.09,0
213.19,1.93,17.05,1.58,60.37,71.81,49.73,1.71,0
267.6,3.39,8.23,2.59,56.97,50.89,30.11,2.21,0
276.18,3.11,11.37,3.12,52.94,63.58,34.67,1.78,0
249.27,3.26,11.96,3.36,56.74,56.78,27.03,1.77,0
302.06,1.93,12.8,2.32,62.64,61.75,33.35,1.35,0
267.88,1.58,8.26,0.8,65.19,71.24,53.58,1.93,0
216.36,2.58,12.44,3.31,69.64,55.11,35.51,1.42,0
237.38,2.7,7.78,1.19,41.83,35.16,33.11,2.77,0
186.87,2.72,12.24,1.57,48.45,68.93,42.39,2.41,0
245.13,3.39,10.37,1.01,65.24,76.09,34.25,3.75,0
300.04,1.46,9.84,0.73,36.16,34.5,40.93,1.84,0
280.84,3.02,14.09,1.52,56.94,59.45,34.31,2.72,0
313.09,1.84,11.41,2.49,45.57,46.02,41.91,1.23,0
236.37,3.01,13.18,1.31,61.61,76.9,36.2,2.94,0
310.57,2.22,13.27,0.97,44.86,77.74,28.82,2.49,0
241.3,2.01,15.17,2.0,50.69,47.85,50.54,1.55,0
316.22,2.13,8.98,0.4,51.51,40.27,58.18,3.23,0
249.02,1.63,14.3,0.4,57.96,63.67,44.98,2.47,0
281.83,2.52,12.04,3.77,66.5,43.36,24.98,1.26,0
316.38,2.04,11.05,0.6,67.38,72.87,37.72,2.75,0
241.3,2.97,9.13,2.14,57.46,58.03,42.45,2.19,0
259.83,2.88,13.52,3.8,41.68,84.08,23.15,1.43,0
308.0,3.51,9.69,2.18,85.96,84.75,34.64,2.56,1
244.01,2.72,13.29,1.05,53.98,83.28,25.95,2.95,0
190.56,2.81,16.82,2.04,58.28,66.04,29.7,2.14,0
346.44,3.34,14.45,1.17,57.91,45.81,43.39,3.45,0
228.86,2.12,15.48,1.46,59.25,37.75,39.51,1.96,0
257.14,1.61,10.2,0.46,44.84,68.92,29.05,2.35,0
302.02,2.62,13.91,0.4,60.26,70.04,39.33,3.97,0
222.62,1.65,9.14,1.38,76.86,63.93,36.38,1.56,0
204.65,3.97,11.42,0.68,30.89,40.07,48.83,4.0,0
261.42,3.37,16.35,2.8,55.39,48.04,19.26,2.08,0
169.31,3.8,10.48,1.96,41.54,61.25,32.59,2.96,0
237.04,2.54,14.78,1.47,66.87,50.8,55.17,2.33,0
261.03,2.83,14.54,5.83,68.69,48.36,28.36,1.0,0
237.85,2.22,14.69,2.45,53.47,45.5,29.19,1.5,0
180.54,3.03,8.83,2.23,55.73,57.97,34.82,2.18,0
321.74,1.77,13.31,4.7,44.43,56.89,52.69,0.74,0
254.66,0.97,11.61,0.88,26.71,47.6,44.02,1.14,0
314.4,2.03,14.72,1.28,51.76,60.15,29.38,2.0,0
238.3,1.63,7.86,0.79,52.44,63.74,39.16,2.0,0
210.4,3.39,12.92,1.93,55.52,65.29,36.48,2.66,0
262.11,3.59,12.57,6.95,25.0,45.64,44.5,1.09,0
240.29,1.66,7.02,1.29,34.3,55.39,39.58,1.63,0
197.0,3.28,9.79,1.77,37.2,60.24,41.96,2.71,0
316.14,3.07,7.42,0.59,56.0,61.88,36.78,4.0,0
222.0,1.56,10.18,3.82,62.02,39.98,53.22,0.77,0
167.19,2.27,13.37,5.3,41.05,54.88,39.57,0.87,0
309.77,2.15,12.49,1.32,51.69,68.89,33.74,2.1,0
227.31,2.95,12.42,8.39,48.05,51.09,50.61,0.76,1
222.65,1.76,9.4,0.4,79.38,65.33,45.91,2.67,0
170.56,2.44,14.8,1.64,50.38,60.22,30.9,2.11,0
328.34,2.09,11.95,1.29,49.88,53.1,15.0,2.06,0
191.97,2.78,12.08,2.05,45.21,78.93,45.4,2.11,0
252.63,2.37,14.35,3.38,32.19,55.46,35.64,1.28,0
291.07,2.18,9.52,5.08,62.76,56.84,40.42,0.86,0
268.98,2.37,12.57,1.13,51.8,52.73,51.82,2.5,0
247.32,3.72,13.06,2.5,50.34,82.21,30.47,2.48,0
173.43,2.25,10.64,2.26,57.19,80.86,28.75,1.6,0
213.56,1.88,13.63,3.7,36.07,77.2,26.04,0.95,0
258.45,2.85,13.19,1.43,76.25,73.04,62.03,2.65,0
214.58,2.41,11.75,1.07,33.15,46.74,51.92,2.6,0
259.15,1.65,11.67,1.2,76.32,53.25,46.72,1.68,0
280.68,3.84,13.31,3.07,54.82,48.44,20.73,2.22,0
293.31,2.29,13.97,0.43,50.36,75.45,25.76,3.4,0
194.82,2.27,12.16,1.24,63.05,95.03,47.03,2.28,0
348.85,2.6,14.8,1.8,50.84,70.19,44.02,2.13,0
284.54,3.54,13.65,2.45,66.18,85.14,37.28,2.39,0
249.92,1.49,7.53,2.38,58.69,66.86,26.48,1.03,0
299.03,2.67,8.49,0.82,63.55,64.75,50.55,3.22,0
356.44,3.75,14.96,0.58,67.48,51.3,57.92,4.0,0
185.26,2.58,11.38,2.62,52.91,69.2,44.39,1.66,0
239.86,1.76,12.41,1.15,66.58,73.69,32.44,1.84,0
142.97,2.13,14.85,1.77,61.22,75.81,55.24,1.76,0
258.67,2.62,11.98,0.92,71.01,61.55,41.69,3.03,0
266.44,3.3,12.09,0.9,50.59,62.97,56.3,3.83,0
248.24,2.3,9.83,2.85,71.39,59.08,36.42,1.4,0
220.55,3.0,12.92,2.12,45.72,51.53,60.62,2.22,0
157.77,1.64,13.47,1.57,30.92,73.22,35.52,1.45,0
266.81,1.63,10.56,1.89,38.62,31.57,33.39,1.3,0
315.49,2.21,9.69,1.29,51.02,34.91,48.29,2.17,0
223.4,3.36,18.57,1.98,58.15,51.8,39.27,2.6,0
269.8,2.54,11.77,1.53,55.19,40.9,43.87,2.29,0
179.43,2.67,10.29,5.15,64.44,76.29,29.82,1.04,0
270.57,2.67,13.77,1.23,40.59,53.36,29.99,2.68,0
232.3,3.17,11.87,0.98,75.69,73.16,36.19,3.54,0
215.69,2.13,9.29,4.03,71.14,79.57,43.58,1.01,0
215.78,2.91,13.21,1.6,66.22,60.92,32.22,2.55,0
232.29,2.0,9.87,4.26,70.18,64.91,50.69,0.91,1
267.21,3.69,15.94,2.9,36.37,78.4,38.93,2.22,0
190.95,2.02,13.24,0.88,63.39,74.99,57.07,2.37,0
232.13,1.97,11.31,2.03,63.88,28.94,29.48,1.5,0
248.13,2.83,12.27,0.68,66.61,53.82,43.42,3.67,0
200.54,2.55,14.26,4.89,65.16,67.69,44.59,1.04,0
330.85,2.7,12.46,0.98,60.33,63.24,42.71,3.03,0
211.59,2.64,17.31,0.4,59.85,45.11,39.51,3.99,0
219.88,1.85,14.84,0.78,69.31,34.39,48.47,2.27,0
205.98,3.47,13.22,5.6,47.52,69.17,27.64,1.27,0
330.93,3.04,9.66,2.54,59.4,47.35,42.83,2.01,0
274.88,3.32,11.63,2.02,48.36,57.98,30.14,2.53,0
207.85,2.18,13.2,0.4,53.17,62.17,34.21,3.31,0
299.78,2.75,9.94,5.89,25.0,57.56,42.68,0.96,0
259.03,2.62,15.23,4.46,44.55,46.02,49.48,1.15,0
261.58,3.18,9.56,0.78,49.76,58.76,26.26,3.92,0
234.5,3.2,10.41,0.4,49.92,51.83,56.51,4.0,0
216.28,2.62,10.59,3.27,51.0,84.84,50.02,1.45,0
265.2,1.59,13.86,3.79,40.78,63.2,40.44,0.79,0
225.47,3.57,9.99,2.62,51.01,98.5,29.32,2.3,0
331.75,2.83,7.5,4.42,68.02,40.22,55.29,1.25,0
192.88,2.13,14.72,2.33,51.42,55.49,44.62,1.49,0
319.13,2.74,10.89,1.15,70.58,55.44,44.61,2.86,0
244.99,1.59,9.33,4.67,69.79,48.35,33.22,0.67,0
263.46,3.13,10.11,1.1,47.96,54.73,41.94,3.33,0
287.49,1.62,16.29,1.91,61.83,52.8,33.74,1.28,0
221.64,2.37,10.36,2.57,39.24,45.32,52.15,1.55,0
288.89,2.65,11.69,1.79,42.35,86.92,52.4,2.17,0
128.16,3.12,10.88,5.03,56.34,58.75,38.46,1.24,0
217.6,2.56,8.92,4.16,61.1,73.9,34.15,1.19,0
208.42,2.88,10.14,1.16,74.36,74.85,47.91,2.99,0
193.59,2.48,8.75,5.01,53.05,81.42,46.52,0.99,0
240.33,2.48,14.39,0.4,57.11,45.27,28.34,3.76,0
267.36,2.55,12.25,0.4,56.17,79.0,37.08,3.87,0
281.62,2.39,18.21,9.66,76.52,58.89,61.93,0.55,1
260.84,1.49,10.23,4.15,71.11,90.54,39.92,0.69,0
220.04,2.04,9.85,0.73,59.62,67.87,42.35,2.58,0
266.61,2.65,15.83,1.59,64.53,42.71,45.45,2.33,0
255.59,2.35,14.64,1.59,59.2,78.87,34.41,2.07,0
292.12,2.41,12.96,3.68,67.9,77.39,47.66,1.22,0
284.96,2.31,9.22,3.07,65.34,40.62,43.78,1.33,0
251.37,1.98,16.36,4.8,51.38,71.17,51.25,0.82,0
209.62,2.2,11.82,1.07,56.19,84.05,23.15,2.38,0
220.62,2.32,10.92,3.87,56.94,67.18,43.54,1.13,0
225.26,2.5,14.86,0.97,56.82,45.39,42.1,2.82,0
235.81,2.74,11.94,2.6,48.91,75.15,25.83,1.78,0
262.06,2.39,9.09,2.61,59.04,69.98,37.34,1.55,0
282.18,1.88,12.1,1.79,48.89,56.54,43.94,1.55,0
247.7,1.66,10.05,0.96,47.98,53.1,40.5,1.88,0
250.73,4.06,4.48,2.81,53.58,69.91,39.75,2.5,0
256.45,1.82,9.8,3.81,58.23,46.34,39.86,0.9,0
226.78,2.19,10.68,7.78,69.71,63.03,35.35,0.61,1
208.36,2.81,9.11,1.86,63.52,77.98,60.06,2.26,0
171.01,2.72,13.44,1.63,68.32,82.8,43.28,2.36,0
218.72,2.81,10.06,4.86,76.27,52.12,43.1,1.15,0
271.29,2.23,13.2,4.65,47.98,36.2,26.73,0.95,0
218.37,2.64,8.92,0.49,63.53,49.39,36.84,3.8,0
239.3,2.54,14.27,3.91,64.01,72.25,34.71,1.23,0
270.99,2.31,8.81,3.57,58.07,48.89,39.69,1.2,0
273.43,2.65,6.15,1.73,65.71,76.24,36.78,2.22,0
201.42,3.13,15.09,2.33,56.05,48.86,33.83,2.19,0
294.87,2.49,9.86,0.53,63.05,51.64,37.72,3.49,0
300.73,2.49,16.39,3.81,38.0,57.41,29.17,1.23,0
199.16,3.14,13.41,3.3,55.03,74.17,45.95,1.73,0
212.93,3.08,13.98,5.11,63.5,36.25,48.05,1.21,0
303.6,3.45,14.61,1.07,67.34,64.2,44.98,3.72,0
243.39,1.45,12.28,1.23,44.67,63.93,48.56,1.46,0
150.11,3.04,12.31,1.81,54.02,45.13,47.86,2.49,0
187.01,2.86,15.2,0.42,42.24,65.34,27.16,4.0,0
238.78,1.97,12.28,1.47,50.35,57.3,54.93,1.81,0
197.66,2.65,10.18,4.75,58.79,43.03,48.69,1.1,0
231.4,3.13,13.46,2.76,67.43,58.89,20.91,1.95,0
251.46,2.0,6.72,0.44,65.85,44.37,32.4,2.97,0
315.8,2.77,15.3,1.12,57.67,50.39,27.67,2.92,0
236.93,3.02,15.35,1.05,47.19,73.2,44.34,3.29,0
298.26,1.86,15.0,5.87,53.33,55.32,34.66,0.65,0
314.29,2.41,14.9,3.05,85.45,72.89,40.24,1.4,1
314.54,2.68,11.79,4.76,38.22,57.65,57.35,1.12,0
262.81,2.02,11.73,0.4,40.51,45.56,54.44,3.06,0
161.65,1.97,8.93,1.9,57.1,67.2,30.42,1.57,0
270.74,2.42,16.37,1.04,63.48,68.4,44.58,2.64,0
297.18,2.98,10.79,1.21,65.36,41.54,58.27,3.03,0
246.35,2.89,12.85,1.54,58.46,77.04,30.85,2.58,0
328.51,1.98,12.64,1.68,36.77,82.81,49.68,1.69,0
288.69,2.89,8.65,1.47,52.36,69.4,38.32,2.66,0
275.57,2.0,7.64,0.56,33.81,61.16,30.59,2.76,0
298.89,1.53,12.01,5.96,59.74,90.18,55.14,0.53,1
265.0,2.28,10.87,2.17,60.47,68.09,35.72,1.67,0
137.82,3.17,11.78,7.23,53.48,62.96,38.5,0.94,1
227.54,2.89,14.66,4.53,40.8,85.5,36.45,1.25,0
303.87,2.5,12.56,1.25,45.17,84.04,50.53,2.5,0
213.66,2.25,13.9,4.51,35.52,38.41,49.83,0.98,0
239.94,2.27,13.11,0.65,54.38,52.44,32.58,2.98,0
202.98,2.57,11.21,1.26,93.02,68.78,41.16,2.56,1
330.28,1.86,9.5,1.6,53.77,78.41,43.69,1.63,0
325.67,2.29,12.66,2.02,49.96,42.52,49.75,1.75,0
210.23,2.37,12.21,1.32,57.6,73.62,33.92,2.31,0
256.63,1.69,14.29,1.82,41.19,53.93,53.82,1.38,0
219.38,2.0,11.62,2.51,41.61,70.76,48.14,1.33,0
277.67,2.75,11.26,1.89,47.57,51.5,30.5,2.19,0
272.94,2.51,11.43,1.65,65.62,25.01,44.85,2.16,0
286.53,2.31,9.7,4.09,59.0,33.43,44.89,1.08,0
264.94,1.95,15.62,4.46,53.09,43.11,32.91,0.86,0
382.09,3.45,14.85,2.86,63.99,51.13,44.27,2.09,0
203.74,2.0,8.97,0.95,75.5,59.89,40.02,2.27,0
173.02,2.65,14.01,0.66,63.83,52.24,24.69,3.47,0
232.31,2.21,7.39,1.98,42.78,59.29,15.0,1.71,0
179.44,2.52,14.46,1.14,32.4,52.55,60.49,2.64,0
182.84,2.77,10.26,2.53,34.07,59.93,38.76,1.83,0
204.94,1.68,12.9,0.81,65.43,73.96,41.08,2.04,0
208.5,2.5,7.18,4.52,45.91,59.78,29.73,1.08,0
207.04,3.21,9.0,6.14,64.82,68.11,34.02,1.09,0
273.32,3.56,13.17,2.05,49.54,70.72,61.68,2.69,0
227.22,2.42,10.25,1.6,59.66,57.63,64.18,2.12,0
241.92,2.53,9.9,6.61,63.41,33.14,21.45,0.8,0
290.24,3.83,15.49,3.32,45.61,63.79,40.57,2.09,0
215.52,3.18,17.53,5.71,64.87,49.89,58.68,1.14,0
238.1,2.13,14.34,1.98,47.08,72.94,41.98,1.65,0
266.46,2.13,9.27,0.97,46.58,80.48,46.84,2.4,0
162.63,3.07,16.41,2.06,64.85,56.14,38.3,2.32,0
142.68,1.89,8.1,4.1,62.59,62.46,45.15,0.88,0
265.58,3.15,11.24,3.27,60.52,70.02,54.46,1.75,0
272.14,2.7,12.14,1.76,41.77,47.81,45.22,2.25,0
342.89,2.81,16.81,0.69,50.39,60.14,27.84,3.61,0
257.11,2.35,14.28,1.63,63.27,36.79,33.69,2.04,0
286.89,2.12,10.84,0.71,82.4,75.66,47.73,2.71,0
241.2,3.38,9.64,6.56,76.73,85.29,39.32,1.08,0
263.38,2.35,14.51,0.4,49.38,61.5,34.55,3.56,0
325.03,2.25,10.67,1.07,47.09,48.72,29.1,2.43,0
154.42,2.45,12.54,1.6,75.76,63.92,30.03,2.15,0
268.61,2.62,8.58,3.13,62.21,40.88,32.85,1.49,0
346.1,1.88,13.42,2.45,49.39,53.46,44.57,1.27,0
262.69,2.16,13.22,0.4,56.52,53.73,34.83,3.27,0
324.28,2.13,8.9,1.19,40.01,52.17,41.78,2.18,0
221.69,3.01,14.58,1.44,67.11,63.29,41.58,2.79,0
248.56,1.97,13.39,1.46,71.8,66.51,47.69,1.82,0
251.51,1.45,13.85,2.34,73.48,60.21,31.78,1.01,0
150.21,1.32,11.05,4.95,68.51,73.51,56.16,0.53,0
197.43,1.62,12.45,0.52,51.16,65.86,22.41,2.28,0
200.64,3.32,12.16,2.26,65.73,52.59,36.74,2.36,0
286.99,2.51,11.63,0.68,72.53,58.38,35.75,3.25,0
289.25,2.8,12.43,3.77,66.34,58.79,32.1,1.4,0
264.58,2.82,15.14,2.78,65.24,54.25,17.96,1.75,0
287.08,2.53,14.69,0.4,57.29,67.64,52.13,3.84,0
242.61,2.46,9.05,3.58,44.13,28.03,48.29,1.27,0
304.09,3.13,14.46,2.21,77.26,60.48,44.99,2.26,0
250.4,2.59,14.98,0.41,54.56,64.64,32.74,3.9,0
252.6,3.34,11.62,1.82,69.57,68.99,34.94,2.72,0
238.05,2.87,13.27,2.76,84.74,76.63,36.64,1.79,0
280.8,2.13,13.24,10.49,65.9,57.89,37.6,0.45,1
231.05,2.2,9.88,0.78,69.1,72.48,47.95,2.71,0
293.94,2.06,11.05,0.4,43.77,69.16,35.05,3.13,0
199.05,3.23,13.88,1.19,46.27,63.96,31.43,3.31,0
200.55,2.26,10.76,2.45,70.18,39.13,41.47,1.52,0
280.93,2.02,14.44,2.46,48.41,76.36,40.43,1.36,0
246.02,2.69,15.26,2.02,38.9,61.45,45.04,2.06,0
229.57,2.44,14.86,1.96,35.07,56.22,53.89,1.9,0
290.05,2.68,16.95,1.73,52.4,42.65,35.93,2.24,0
222.67,3.63,11.77,1.62,52.25,23.34,49.32,3.17,0
240.99,3.05,12.44,5.17,66.97,88.53,41.42,1.19,0
312.97,2.52,12.8,0.89,43.13,64.6,50.24,2.94,0
319.26,1.65,11.85,1.31,71.53,43.4,52.32,1.62,0
320.76,2.2,13.36,0.51,40.45,41.09,32.43,3.12,0
237.3,2.93,7.72,2.57,40.77,55.82,59.79,1.92,0
305.38,1.8,12.51,4.01,56.66,72.12,41.81,0.85,0
207.3,3.78,8.56,2.08,55.64,69.47,28.53,2.84,0
209.19,2.51,9.59,5.36,61.96,70.23,28.61,0.95,0
144.23,2.53,13.83,1.81,40.89,46.69,54.73,2.07,0
325.28,2.1,11.5,0.49,59.24,57.32,53.14,3.01,0
211.12,2.8,13.74,2.94,34.86,61.91,50.97,1.67,0
244.31,1.81,11.45,0.4,28.66,59.15,34.59,2.74,0
209.04,3.8,14.77,0.99,76.94,68.19,36.26,4.0,0
281.28,3.29,11.4,1.66,67.56,83.61,24.24,2.83,0
233.1,3.09,7.11,0.93,54.96,63.16,37.08,3.55,0
191.28,1.67,12.56,8.45,30.73,51.23,41.71,0.43,1
269.87,2.62,6.58,2.03,49.5,38.21,55.0,2.0,0
185.48,3.23,8.37,1.97,60.39,62.64,37.25,2.5,0
212.32,2.86,9.79,2.81,49.48,50.1,36.66,1.76,0
155.19,1.9,9.48,0.88,73.74,66.43,42.89,2.22,0
185.92,2.11,10.64,3.07,62.55,65.47,48.51,1.22,0
258.03,2.23,9.39,3.57,43.92,83.45,55.53,1.16,0
161.6,2.14,8.49,2.86,35.85,63.21,33.01,1.3,0
183.35,3.42,15.85,8.77,65.5,66.83,38.29,0.85,1
249.89,1.35,10.3,1.22,65.09,50.17,41.37,1.36,0
225.54,2.89,6.42,1.8,64.07,38.52,37.34,2.37,0
339.64,1.72,11.1,0.49,75.22,76.12,33.8,2.47,0
332.53,1.92,9.19,1.63,60.49,78.1,37.43,1.67,0
210.94,1.29,9.79,1.9,56.13,55.04,27.82,1.03,0
275.07,2.17,13.78,2.6,64.17,30.99,33.94,1.41,0
283.72,3.41,10.88,1.93,69.82,80.41,27.67,2.68,0
223.11,2.66,9.12,0.88,63.25,77.82,40.12,3.11,0
182.7,1.78,13.12,2.82,55.38,58.25,36.08,1.09,0
249.45,3.11,14.87,2.52,66.62,76.03,34.55,2.06,0
242.22,3.24,13.34,1.68,56.15,59.38,40.16,2.76,0
230.39,2.56,5.87,1.28,49.14,63.26,15.27,2.53,0
269.9,3.72,9.21,0.99,56.46,35.61,36.83,4.0,0
216.22,2.99,12.12,4.8,51.17,78.33,41.95,1.24,0
198.16,2.91,11.39,3.43,53.97,33.7,49.75,1.55,0
254.91,2.02,11.18,3.34,44.85,85.82,46.09,1.1,0
267.37,2.88,9.54,1.89,66.99,87.34,52.7,2.29,0
197.05,2.63,8.49,3.92,57.57,21.68,25.67,1.27,0
291.76,2.81,17.02,2.3,63.53,83.35,50.46,1.98,0
170.33,2.09,12.07,1.84,60.79,56.42,42.99,1.69,0
223.98,2.58,13.61,0.96,44.17,66.33,34.63,2.91,0
238.39,2.01,12.02,1.92,70.88,38.84,41.08,1.58,0
221.37,1.21,12.12,0.4,52.3,55.16,71.25,1.84,0
224.57,3.1,11.84,3.83,50.67,42.28,41.45,1.53,0
334.2,1.6,9.2,0.85,57.57,48.16,40.8,1.9,0
211.71,2.56,8.21,1.06,57.81,78.33,48.59,2.78,0
359.85,2.7,12.97,1.42,86.21,74.99,37.81,2.52,0
269.67,2.7,12.47,0.97,62.16,72.31,32.08,3.03,0
254.14,2.33,14.35,2.69,49.17,51.91,54.04,1.48,0
271.43,2.66,13.84,4.24,77.78,49.64,25.61,1.21,0
363.85,2.78,9.98,4.42,35.44,35.26,40.43,1.23,0
205.29,2.94,14.83,1.63,49.22,70.17,39.35,2.55,0
199.58,3.54,13.91,1.11,48.33,89.05,31.67,3.74,0
216.03,2.64,13.73,4.04,54.95,81.84,26.82,1.25,0
251.45,2.54,17.62,0.69,59.15,60.46,38.73,3.27,0
172.34,1.96,17.11,3.66,60.23,67.4,43.66,1.0,0
251.01,2.76,13.72,2.77,60.01,63.71,50.48,1.72,0
326.21,2.9,13.41,2.62,62.56,73.64,32.29,1.87,0
256.81,2.38,14.7,1.15,54.28,86.13,32.16,2.49,0
236.83,2.83,10.54,3.42,70.48,51.46,55.26,1.51,0
222.18,2.32,10.58,2.03,35.66,52.01,35.32,1.77,0
290.43,2.9,13.68,3.52,25.0,55.69,36.66,1.52,0
212.84,3.05,9.86,0.44,63.89,59.51,52.19,4.0,0
333.09,3.04,13.48,0.4,51.03,70.92,23.54,4.0,0
337.0,2.57,12.39,7.26,75.61,58.99,27.99,0.76,1
261.55,1.88,9.86,0.41,67.51,47.2,53.92,2.83,0
249.48,2.13,12.06,4.75,62.07,47.4,33.98,0.89,0
296.38,2.86,15.26,3.2,49.16,42.37,34.66,1.61,0
299.27,3.97,12.21,3.45,63.11,58.39,35.5,2.11,0
213.73,2.3,12.22,0.4,50.24,75.51,36.8,3.48,0
226.31,2.77,12.82,2.94,55.72,66.31,35.41,1.65,0
190.49,2.17,13.15,1.97,51.08,68.45,41.42,1.68,0
268.41,1.92,11.17,0.7,58.11,43.74,52.53,2.46,0
280.0,2.09,12.88,1.22,51.99,42.41,31.96,2.12,0
189.25,1.25,9.38,1.72,67.01,62.68,34.09,1.05,0
229.52,3.31,10.0,1.57,60.43,78.69,40.32,2.94,0
189.37,1.16,10.32,6.01,48.89,72.67,55.72,0.4,0
209.55,2.34,13.17,1.49,49.63,49.9,37.05,2.14,0
274.8,1.79,12.4,4.32,39.76,94.37,31.01,0.8,0
216.99,1.97,11.66,2.5,31.57,29.55,19.81,1.31,0
236.46,3.33,13.73,0.4,66.19,60.44,32.39,4.0,0
176.77,2.62,12.95,0.64,50.73,61.54,31.32,3.46,0
258.41,1.92,11.28,0.46,40.39,56.86,28.08,2.81,0
248.01,2.15,9.41,2.48,60.33,67.88,40.7,1.44,0
217.2,2.04,9.95,2.94,46.34,56.97,37.37,1.22,0
241.49,2.47,8.33,1.17,54.17,37.57,54.26,2.55,0
258.11,2.6,12.35,3.26,39.49,58.67,42.15,1.44,0
213.33,3.64,9.84,2.47,62.79,62.47,50.09,2.45,0
183.57,1.35,10.76,3.63,56.06,73.67,38.29,0.69,0
331.25,2.48,11.68,2.53,61.0,81.26,31.22,1.64,0
221.5,2.31,14.61,3.08,49.87,47.17,46.19,1.33,0
245.65,3.07,14.32,1.31,57.97,85.08,28.71,3.0,0
295.49,2.71,11.86,2.06,37.54,53.58,51.57,2.05,0
408.81,2.85,15.16,1.05,82.29,52.34,32.52,3.1,0
194.0,2.71,6.97,6.12,59.98,53.84,47.4,0.92,0
270.24,1.94,16.69,3.16,75.49,30.73,43.76,1.1,0
218.16,3.23,13.73,2.42,51.81,53.66,30.29,2.2,0
225.75,2.98,12.26,0.47,42.4,79.67,52.11,4.0,0
217.59,3.05,9.77,4.22,49.1,67.16,59.2,1.39,0
199.35,3.26,10.9,4.78,54.47,63.41,32.51,1.35,0
248.14,2.75,13.52,0.71,53.6,65.26,33.45,3.51,0
183.65,3.39,13.58,1.91,77.34,78.92,40.69,2.68,0
292.61,2.73,13.67,2.25,44.73,46.83,48.68,1.95,0
252.48,2.37,10.18,0.87,47.74,73.56,52.24,2.79,0
269.01,2.5,9.68,1.39,63.56,61.0,36.42,2.36,0
229.02,2.49,12.49,1.25,35.96,48.24,41.38,2.48,0
233.48,2.19,13.92,4.06,54.51,66.95,36.48,1.03,0
262.94,3.48,12.01,5.61,56.7,61.26,35.87,1.27,0
197.62,2.68,15.7,1.7,60.2,47.9,34.68,2.27,0
233.89,2.56,12.08,2.84,59.19,43.96,26.36,1.56,0
211.32,2.73,12.0,0.4,78.85,53.48,48.63,4.0,0
209.92,4.29,13.68,4.66,44.38,52.33,41.02,1.81,0
155.06,1.82,15.05,2.93,47.27,78.31,55.26,1.09,0
310.27,1.99,8.63,2.24,62.31,56.79,48.24,1.43,0
219.11,1.67,9.2,1.86,57.72,54.4,36.0,1.35,0
302.35,2.36,11.22,1.05,59.21,76.93,28.59,2.57,0
298.1,2.65,19.9,4.06,38.14,80.24,58.67,1.25,0
192.13,2.22,11.35,3.07,81.17,47.53,23.01,1.29,0
201.02,2.18,11.7,3.62,60.42,41.34,36.58,1.12,0
365.22,2.59,13.55,2.15,36.01,67.73,36.74,1.9,0
328.79,2.2,14.44,4.48,62.34,56.89,33.53,0.96,0
248.58,2.69,12.42,1.12,41.76,51.82,31.49,2.83,0
261.58,3.17,14.91,5.27,66.15,75.57,27.79,1.22,0
221.61,2.91,9.02,4.29,39.21,56.09,32.74,1.31,0
269.46,3.03,10.08,2.49,67.07,88.77,39.49,2.03,0
217.73,3.15,14.91,0.87,40.35,60.72,43.06,3.71,0
158.54,2.67,12.03,4.16,43.31,62.46,34.75,1.23,0
190.53,2.4,8.84,1.07,56.65,93.6,34.7,2.59,0
250.95,2.04,8.69,1.63,47.66,64.64,29.58,1.77,0
199.1,2.27,9.97,0.6,48.35,49.41,41.68,3.05,0
246.97,2.19,12.01,0.89,36.64,44.69,40.48,2.55,0
201.64,2.94,13.17,2.31,51.04,53.07,43.8,2.06,0
214.79,2.71,11.18,5.59,65.61,63.54,34.59,0.99,1
288.39,2.92,12.96,2.75,77.54,73.67,30.89,1.82,0
261.14,1.8,10.91,2.87,64.93,37.44,39.8,1.09,0
249.57,3.36,15.06,2.7,63.22,60.05,45.21,2.13,0
289.55,2.24,18.38,3.08,34.74,79.18,31.13,1.3,0
271.63,1.84,11.02,3.31,54.65,63.93,33.72,1.01,0
315.1,2.24,13.2,4.09,47.18,80.34,27.75,1.05,0
229.31,3.99,13.0,4.91,36.87,37.38,28.28,1.62,0
230.67,2.27,12.35,1.3,39.73,56.6,34.53,2.22,0
191.45,2.3,13.63,3.91,63.02,61.81,31.59,1.12,0
230.7,2.38,13.2,5.65,48.31,68.3,48.0,0.86,0
293.41,2.41,10.82,1.46,37.3,47.23,40.3,2.23,0
308.5,2.03,15.29,0.97,47.36,66.24,52.65,2.28,0
293.21,2.59,12.5,4.25,58.47,67.41,52.75,1.17,0
169.26,3.15,11.04,5.38,46.91,58.9,40.15,1.19,0
298.74,2.69,18.11,1.59,40.48,67.05,19.96,2.36,0
167.27,1.83,11.71,4.87,43.96,64.74,43.98,0.75,0
290.42,2.29,12.64,4.83,65.61,50.12,51.44,0.94,0
233.45,2.17,12.44,1.77,30.07,57.63,46.32,1.79,0
281.61,2.53,11.68,1.21,51.78,41.27,43.49,2.57,0
190.04,3.3,13.12,1.34,53.62,37.56,37.52,3.18,0
302.7,2.41,9.89,2.35,45.93,63.81,28.22,1.67,0
184.08,2.45,13.49,1.11,43.5,31.59,46.26,2.59,0
219.92,3.57,7.6,0.84,66.8,56.37,38.05,4.0,0
205.09,3.03,8.75,1.25,66.76,66.2,43.12,3.03,0
171.06,2.84,16.56,3.97,56.26,60.25,34.13,1.36,0
254.25,3.67,8.86,1.94,48.48,92.78,59.99,2.88,0
331.27,2.79,7.1,1.06,56.35,66.4,42.39,3.03,0
370.01,1.31,8.92,2.4,59.85,55.97,36.2,0.9,0
254.37,3.0,16.35,2.65,53.66,69.12,28.64,1.92,0
300.25,1.54,7.52,0.73,60.18,40.32,26.01,1.95,0
260.44,2.77,9.61,0.4,50.76,75.0,46.21,4.0,0
272.45,1.47,8.35,0.4,25.0,52.43,34.18,2.23,0
234.6,2.22,11.31,1.42,52.68,76.6,35.5,2.08,0
258.78,2.28,10.91,4.79,63.22,66.01,34.57,0.94,0
274.19,2.04,10.8,5.74,55.37,69.38,29.08,0.73,0
223.97,2.29,16.64,0.4,59.12,51.69,37.1,3.47,0
246.51,3.12,9.0,2.9,51.74,42.83,40.56,1.88,0
247.37,2.07,11.74,1.06,52.68,42.56,29.93,2.25,0
287.19,2.83,12.85,1.19,57.05,34.26,43.32,2.89,0
202.03,1.92,9.55,1.54,78.32,54.25,27.76,1.72,0
247.68,2.39,13.22,1.34,65.11,51.19,35.59,2.3,0
336.04,2.69,11.0,1.15,63.52,75.18,43.65,2.81,0
302.38,1.9,12.94,3.59,57.46,44.5,39.86,0.98,0
310.71,1.71,11.73,2.0,39.02,92.91,23.59,1.32,0
251.1,2.8,6.87,1.55,69.71,44.98,15.0,2.5,0
264.44,3.17,15.27,1.16,65.89,46.39,45.67,3.29,0
295.1,2.45,17.18,3.89,59.39,37.8,46.9,1.19,0
320.21,2.23,11.56,0.91,54.47,60.15,44.37,2.58,0
162.18,2.59,9.76,0.91,61.55,55.17,37.73,3.0,0
190.81,2.53,15.77,1.64,52.23,58.38,37.52,2.19,0
308.92,2.65,16.73,4.1,63.74,66.1,38.93,1.24,0
237.54,0.98,11.58,5.4,44.95,74.74,45.85,0.37,0
219.77,1.86,11.45,1.82,32.08,42.45,38.67,1.51,0
193.56,1.99,11.8,0.97,40.59,60.29,43.74,2.24,0
225.02,2.59,7.81,5.81,56.69,72.83,53.14,0.92,0
186.89,2.61,11.27,7.33,51.38,43.59,30.33,0.76,1
344.1,2.88,16.29,2.69,53.23,101.47,38.15,1.83,0
248.99,2.65,11.58,4.79,39.45,95.12,31.42,1.1,0
247.39,1.72,9.4,1.19,58.62,58.87,36.07,1.76,0
276.46,3.37,13.24,0.99,42.56,43.4,38.99,3.75,0
293.31,3.26,10.33,2.16,60.96,45.33,31.2,2.39,0
292.56,1.75,11.83,1.97,38.02,63.51,23.76,1.36,0
298.31,2.7,8.83,6.11,44.94,69.6,26.93,0.92,0
221.61,2.14,9.41,1.52,43.32,32.37,44.44,1.94,0
236.6,2.58,13.84,1.81,61.89,45.81,33.32,2.11,0
284.61,3.13,12.29,3.26,49.46,62.13,37.81,1.74,0
226.27,3.78,10.06,3.09,60.1,38.93,40.49,2.18,0
249.77,2.95,12.3,0.68,68.69,55.54,49.07,3.81,0
267.94,2.68,10.48,3.95,76.36,66.47,37.16,1.29,0
285.33,2.3,10.04,1.15,57.77,57.57,42.46,2.4,0
170.0,2.61,14.91,5.33,41.78,48.99,28.68,0.99,0
282.16,3.32,13.96,2.55,70.01,61.31,38.39,2.18,0
239.48,2.47,11.95,2.02,73.14,67.6,30.22,1.89,0
281.84,1.97,12.36,6.32,54.28,46.19,38.59,0.65,0
284.96,1.53,11.98,0.84,70.82,65.17,41.28,1.83,0
322.36,2.81,13.22,0.64,59.0,64.87,37.66,3.72,0
310.91,2.65,10.0,4.79,35.09,67.79,35.77,1.1,0
310.6,2.11,14.16,4.18,47.43,63.94,42.69,0.97,0
314.97,3.12,12.88,6.77,48.94,61.95,35.97,0.97,0
263.11,2.25,11.34,4.44,50.64,57.66,35.86,0.99,0
251.45,2.42,10.78,2.37,43.8,55.51,29.47,1.67,0
289.28,2.49,14.1,1.18,43.42,70.84,45.06,2.56,0
282.94,2.29,11.62,3.07,71.15,58.57,39.58,1.32,0
236.09,2.64,10.25,1.45,34.16,68.03,35.2,2.45,0
268.22,3.19,11.04,0.5,46.31,67.79,29.61,4.0,0
248.42,1.81,13.92,0.98,62.45,45.9,63.37,2.04,0
211.57,2.79,7.97,1.1,48.31,55.22,15.0,2.97,0
308.07,2.6,11.11,2.84,59.8,59.21,32.42,1.59,0
252.48,2.59,14.68,0.46,50.18,61.35,35.18,3.79,0
342.19,3.02,11.58,0.55,60.25,66.44,49.21,4.0,0
176.85,2.53,12.68,1.3,42.54,62.68,36.85,2.48,0
224.94,2.79,14.72,1.02,32.7,60.63,41.82,3.07,0
251.47,2.93,14.23,2.38,50.19,53.47,35.59,2.02,0
301.18,2.2,10.9,1.5,33.54,75.85,58.44,2.0,0
267.98,2.68,11.67,1.57,54.2,65.21,43.95,2.37,0
263.97,2.35,14.26,3.56,41.36,58.32,33.5,1.22,0
199.27,2.42,14.35,3.98,41.5,54.16,47.04,1.16,0
197.94,2.31,11.78,1.14,72.66,64.2,37.53,2.42,0
264.51,2.78,11.87,2.88,58.28,60.44,58.27,1.69,0
188.62,2.55,12.67,0.91,36.57,37.14,53.51,2.95,0
226.07,2.74,15.42,3.48,54.42,45.14,42.94,1.45,0
272.54,2.49,14.67,0.8,53.28,79.57,37.63,3.04,0
205.8,1.54,13.73,4.21,30.18,65.56,33.65,0.7,0
322.24,2.52,9.3,0.4,59.17,50.4,48.82,3.82,0
305.08,2.54,11.31,0.85,66.43,54.41,54.52,3.03,0
179.29,2.65,11.44,1.28,49.93,47.07,37.08,2.61,0
208.04,2.14,15.55,1.53,51.5,52.13,44.49,1.93,0
147.14,1.78,11.4,0.68,48.31,75.37,45.05,2.31,0
214.78,2.87,15.13,1.2,59.63,57.28,48.9,2.94,0
284.49,2.34,10.57,1.66,52.01,72.5,32.21,2.01,0
231.37,2.6,10.77,0.4,52.48,84.42,44.44,3.94,0
270.74,2.33,13.2,2.49,45.29,54.07,62.44,1.56,0
181.49,2.5,15.92,2.53,79.5,40.57,40.96,1.65,0
285.91,2.23,11.47,4.15,51.88,66.49,44.54,1.03,0
225.02,1.92,5.59,8.97,63.41,47.7,43.79,0.47,1
250.55,2.78,8.09,0.84,58.19,60.01,45.54,3.33,0
245.82,2.14,12.74,4.7,25.0,62.53,28.43,0.9,0
192.78,2.6,8.31,0.57,50.55,87.86,60.48,3.57,0
198.11,2.75,9.84,1.57,41.16,64.84,41.0,2.44,0
293.55,2.15,12.03,2.59,66.72,53.14,45.45,1.4,0
267.95,1.78,5.88,2.58,39.8,69.39,40.88,1.16,0
297.25,3.96,11.05,4.02,60.94,72.23,49.43,1.88,0
264.61,2.18,9.09,1.42,66.96,78.07,34.98,2.05,0
256.43,2.87,8.25,2.13,58.36,46.16,26.93,2.12,0
172.33,3.66,9.99,2.29,55.05,79.36,38.82,2.59,0
237.83,2.97,9.33,5.25,50.25,94.29,44.79,1.14,0
248.77,2.32,13.17,1.94,53.52,79.03,36.53,1.82,0
337.89,2.46,14.99,1.37,38.92,81.76,33.29,2.34,0
280.91,2.0,11.09,3.63,57.13,53.48,43.48,1.03,0
319.12,3.03,10.51,1.93,67.62,85.34,30.72,2.38,0
276.89,2.84,10.96,4.12,44.53,52.86,49.79,1.32,0
217.99,2.19,9.23,4.12,55.22,59.42,36.88,1.02,0
255.27,1.87,8.78,0.4,53.76,53.03,44.97,2.84,0
260.63,1.71,7.89,8.42,58.75,51.28,28.39,0.44,1
207.74,3.09,8.68,0.61,48.56,59.92,53.53,4.0,0
232.7,2.57,16.08,2.27,36.9,42.69,44.69,1.83,0
240.74,2.63,10.27,1.15,41.56,49.69,46.14,2.73,0
322.25,2.01,4.65,1.09,27.18,45.41,27.09,2.15,0
156.37,1.62,10.53,0.78,64.31,83.01,32.5,2.0,0
304.26,3.08,8.02,3.76,59.77,84.3,41.99,1.54,0
207.84,2.53,12.15,1.46,54.83,98.18,29.17,2.33,0
188.26,3.04,11.88,4.57,46.64,59.0,33.73,1.31,0
303.1,2.27,12.14,1.42,53.06,60.44,47.55,2.12,0
282.94,2.36,11.9,1.4,54.66,71.57,33.94,2.23,0
306.45,2.93,11.07,0.88,48.74,40.85,43.74,3.44,0
286.03,2.94,8.36,1.77,49.2,45.32,31.73,2.44,0
342.69,2.98,11.81,0.4,70.71,36.04,46.01,4.0,0
275.14,2.32,14.55,4.46,39.99,72.55,28.79,1.02,0
242.96,2.87,16.53,2.6,66.91,47.08,45.94,1.86,0
265.43,3.17,11.41,1.98,35.62,75.02,61.63,2.45,0
305.96,2.44,11.68,0.4,74.29,53.07,34.65,3.69,0
214.93,2.19,13.25,0.94,26.32,60.06,33.39,2.5,0
220.67,3.31,15.73,0.4,60.58,57.43,51.39,4.0,0
236.1,2.11,10.78,0.67,47.1,62.85,40.65,2.74,0
155.29,2.88,13.73,1.83,53.0,52.66,28.3,2.34,0
256.21,2.46,9.94,2.7,53.38,75.6,43.39,1.56,0
165.12,1.4,12.82,0.93,62.27,57.49,42.17,1.6,0
252.39,3.18,14.43,0.81,31.46,65.46,33.67,3.85,0
288.94,0.85,8.77,3.28,54.63,61.64,33.29,0.47,0
228.54,1.31,10.69,2.07,57.22,44.8,48.69,0.99,0
325.47,2.82,14.39,3.57,47.06,80.24,30.12,1.46,0
184.28,2.82,13.54,5.14,53.67,50.23,26.29,1.1,0
303.61,2.12,14.59,2.43,47.03,72.13,32.25,1.44,0
280.38,2.59,14.12,1.27,61.66,70.93,48.66,2.57,0
172.78,0.98,11.15,1.59,59.37,37.52,37.39,0.86,0
371.99,2.92,17.5,1.73,57.6,57.3,34.36,2.45,0
247.13,2.65,12.34,1.55,62.95,68.7,39.32,2.36,0
210.51,2.47,4.36,2.62,69.97,55.66,44.87,1.6,0
186.68,2.51,11.29,2.03,43.1,58.08,55.35,1.92,0
240.1,2.8,10.83,0.84,81.67,63.26,43.51,3.35,0
244.27,2.48,13.99,0.58,59.72,54.36,59.6,3.38,0
254.62,1.38,10.87,1.82,48.99,65.36,47.31,1.12,0
236.6,3.82,14.75,0.4,82.6,60.64,37.02,4.0,0
278.5,3.22,13.4,4.19,50.02,57.05,48.91,1.48,0
232.56,1.73,9.5,1.11,40.47,45.44,46.37,1.83,0
162.93,2.29,11.65,5.74,48.88,66.08,51.62,0.82,0
243.28,2.36,10.06,4.73,48.31,23.86,47.37,0.99,0
143.46,3.15,12.46,4.81,68.02,63.93,41.14,1.3,0
265.92,1.2,10.05,1.3,53.65,60.22,35.19,1.18,0
205.93,2.2,12.19,0.63,56.2,47.8,41.35,2.93,0
257.35,1.44,11.32,2.56,55.76,39.16,25.18,0.95,0
309.13,2.33,11.62,3.03,68.99,66.27,38.37,1.36,0
207.31,2.22,17.13,0.59,51.13,56.29,28.2,3.0,0
297.76,2.55,11.1,8.69,52.54,62.08,44.58,0.64,1
230.5,2.14,7.16,0.85,46.74,32.44,48.34,2.54,0
328.89,2.05,14.54,1.28,49.95,67.15,43.16,2.03,0
233.57,2.87,14.52,3.2,61.3,74.09,38.37,1.61,0
212.18,2.77,7.05,2.98,63.74,57.71,37.15,1.64,0
280.93,2.83,10.25,1.53,75.4,46.55,52.01,2.55,0
230.39,2.39,13.09,1.47,53.75,66.51,49.87,2.2,0
212.13,2.16,13.31,1.43,51.83,55.74,29.39,2.02,0
228.5,2.43,11.99,4.17,59.77,72.95,42.55,1.12,0
247.99,2.8,12.04,2.47,49.37,60.31,43.25,1.88,0
310.4,1.19,9.65,1.06,47.31,27.87,37.95,1.29,0
162.97,2.74,6.0,1.86,58.88,24.76,26.34,2.2,0
251.04,2.69,17.12,3.68,50.3,49.34,19.45,1.36,0
278.12,2.54,9.58,1.28,51.53,66.79,41.72,2.5,0
258.71,2.41,12.44,2.75,62.27,52.62,23.07,1.5,0
308.94,0.96,11.6,1.25,58.72,67.38,34.76,0.96,0
246.65,2.24,14.24,0.68,79.01,50.07,46.84,2.9,0
241.7,3.57,12.29,1.45,66.06,90.94,44.16,3.3,0
276.65,2.51,12.38,2.41,45.79,57.18,34.03,1.71,0
254.47,2.32,5.41,8.56,50.2,64.04,48.95,0.59,1
232.43,2.51,9.92,1.97,38.53,45.62,45.26,1.95,0
273.23,2.71,13.86,1.66,43.32,53.73,35.12,2.33,0
220.64,2.9,13.64,1.19,70.15,67.41,55.21,2.97,0
222.5,2.36,9.62,2.32,51.67,59.31,44.87,1.66,0
226.24,2.75,8.05,1.79,38.37,18.28,32.2,2.26,0
310.89,3.51,12.32,1.48,31.63,67.49,19.47,3.21,0
105.05,3.1,4.73,1.1,37.34,69.14,42.24,3.31,0
267.8,3.9,9.13,0.4,45.37,70.96,34.95,4.0,0
251.54,2.11,16.4,2.71,55.04,76.49,40.21,1.33,0
174.36,3.51,15.61,1.45,50.24,62.71,37.63,3.25,0
263.94,2.03,13.22,0.62,63.38,95.93,18.02,2.71,0
271.41,2.71,12.77,1.63,43.77,63.5,37.08,2.35,0
276.53,2.94,7.12,1.46,69.72,25.46,28.97,2.71,0
130.67,2.19,10.15,0.4,53.36,63.36,34.92,3.32,0
311.49,2.55,11.26,0.45,60.5,76.81,34.21,3.74,0
216.8,3.05,10.2,0.49,48.76,39.33,40.64,4.0,0
280.9,2.07,11.12,6.17,67.2,55.94,43.0,0.7,0
283.35,3.5,15.25,2.58,39.07,78.19,44.61,2.29,0
210.55,1.67,10.65,1.1,40.19,51.53,16.02,1.78,0
279.72,3.66,11.15,1.53,43.37,56.44,54.21,3.3,0
232.65,3.1,13.85,1.83,69.11,71.71,23.68,2.52,0
156.79,2.45,8.45,3.36,52.16,40.77,39.87,1.33,0
302.55,2.26,9.9,4.05,43.62,59.82,31.71,1.07,0
215.12,2.2,10.16,4.9,52.64,45.42,42.96,0.89,0
211.55,2.42,12.14,1.58,57.06,55.98,21.71,2.14,0
231.86,2.47,11.14,1.25,42.08,63.55,55.49,2.47,0
262.25,3.25,11.22,0.66,56.91,75.9,36.41,4.0,0
247.42,3.68,10.34,5.12,53.37,64.69,45.01,1.44,0
274.66,2.62,9.32,4.47,48.93,51.52,31.99,1.14,0
189.72,1.99,13.52,3.43,39.8,77.96,56.61,1.06,0
216.59,2.17,11.16,4.66,65.66,69.23,26.28,0.92,0
244.78,2.39,13.55,1.28,49.37,30.88,15.0,2.36,0
335.4,1.88,9.22,2.35,25.0,72.57,53.63,1.31,0
244.88,1.79,10.34,4.61,59.27,60.97,28.24,0.76,0
298.84,3.76,11.45,3.66,59.57,59.51,39.3,1.91,0
251.73,2.68,11.68,4.02,66.2,77.86,55.58,1.27,0
228.24,2.0,13.89,2.94,59.96,56.94,35.95,1.19,0
238.9,2.99,10.92,2.43,56.66,73.41,42.6,2.03,0
242.42,1.79,13.87,1.33,49.16,79.16,48.15,1.74,0
277.16,1.84,12.94,4.16,49.19,60.93,40.3,0.85,0
311.86,2.02,11.73,4.94,63.11,66.71,53.01,0.81,0
266.19,3.49,9.62,1.13,53.12,70.41,47.05,3.67,0
303.42,2.35,13.89,1.85,37.75,66.94,31.06,1.9,0
206.58,1.03,9.68,1.12,50.87,73.34,47.32,1.09,0
231.34,3.23,11.95,3.4,54.35,44.33,39.66,1.73,0
217.41,2.32,11.87,5.62,31.11,50.38,39.7,0.84,0
264.15,1.39,11.48,2.59,63.96,41.11,43.32,0.9,0
233.85,2.31,11.03,2.51,55.01,85.29,49.21,1.54,0
282.84,2.81,9.94,8.07,38.65,34.86,30.37,0.75,1
208.1,2.74,7.96,2.45,51.43,79.81,53.05,1.85,0
251.94,3.58,15.51,2.83,53.77,67.08,52.44,2.19,0
280.91,1.99,10.77,4.68,66.35,46.86,33.68,0.84,0
157.06,2.53,11.68,2.19,66.01,40.93,57.59,1.84,0
345.47,2.08,11.66,4.03,67.94,59.43,38.27,0.99,0
237.26,1.57,14.74,3.19,59.51,56.63,45.67,0.89,0
158.87,3.03,16.83,0.9,47.16,65.93,35.38,3.53,0
257.11,2.78,12.4,0.4,44.11,27.01,48.19,4.0,0
251.5,2.67,11.61,0.57,46.59,57.17,35.55,3.66,0
246.31,2.76,9.19,2.17,54.21,46.85,41.6,2.01,0
294.6,2.09,8.39,4.5,54.7,79.15,15.0,0.91,0
283.64,1.9,7.57,1.9,67.35,66.14,35.28,1.5,0
263.4,2.52,10.01,1.89,51.95,52.39,34.35,2.01,0
270.26,3.2,6.77,1.56,30.72,81.32,21.09,2.85,0
245.3,3.46,14.7,1.33,40.69,53.46,47.68,3.35,0
329.9,2.98,13.06,10.53,43.29,58.44,36.14,0.63,1
183.44,2.52,11.37,2.41,43.28,64.06,21.82,1.72,0
256.28,2.66,14.77,1.31,25.0,73.64,46.02,2.6,0
252.93,2.51,9.32,2.35,73.83,60.18,50.89,1.74,0
286.6,1.88,9.95,2.54,28.81,81.31,38.66,1.24,0
212.03,2.51,7.17,0.93,48.12,53.97,24.9,2.89,0
171.53,1.7,13.94,5.2,62.9,45.29,21.16,0.66,0
257.06,2.43,9.97,1.54,62.08,83.89,27.75,2.17,0
262.66,3.48,12.04,5.11,37.36,55.3,31.7,1.37,0
317.03,2.99,14.51,1.37,69.48,68.9,57.1,2.86,0
192.83,1.95,15.43,1.12,67.73,71.52,37.96,2.05,0
301.96,2.46,11.93,6.16,52.82,91.24,27.27,0.83,1
356.53,2.0,12.96,5.31,55.33,55.54,33.85,0.76,0
233.0,2.46,9.74,1.51,44.04,67.92,50.71,2.23,0
191.91,3.12,16.21,1.33,58.03,48.26,45.55,3.03,0
231.69,2.89,11.58,3.22,57.71,52.78,40.47,1.62,0
250.63,3.99,12.2,0.73,49.16,48.63,38.31,4.0,0
275.37,3.22,10.98,2.8,62.75,72.7,40.04,1.99,0
223.39,2.62,15.0,4.74,58.98,73.8,41.56,1.09,0
319.98,2.91,12.5,1.57,93.56,65.53,38.06,2.57,0
199.85,2.38,13.9,4.87,44.18,48.36,41.02,0.97,0
171.74,1.82,12.88,4.37,70.99,50.24,36.99,0.81,0
299.8,3.28,11.45,2.92,44.77,49.47,31.44,1.97,0
147.64,3.11,14.32,8.18,61.33,65.35,37.36,0.82,1
240.81,2.36,12.86,0.74,25.0,36.28,43.3,2.96,0
390.3,2.66,9.6,0.74,48.85,54.05,32.72,3.34,0
249.46,3.24,9.53,4.8,60.66,39.91,44.21,1.34,0
199.57,3.01,12.37,0.73,57.88,67.6,48.3,3.8,0
247.42,1.62,14.27,1.86,30.94,45.13,43.41,1.3,0
247.71,2.65,16.1,2.33,50.06,89.37,34.38,1.85,0
257.23,2.4,7.56,4.65,72.72,75.68,40.96,1.02,0
279.8,3.17,12.06,2.18,67.35,58.66,41.53,2.31,0
203.24,3.12,13.22,0.61,66.53,66.2,41.99,4.0,0
325.94,3.29,12.74,3.2,83.23,67.03,54.9,1.85,0
261.03,1.83,14.52,3.4,34.06,45.6,28.42,0.98,0
282.71,2.03,13.64,2.12,50.27,78.57,42.07,1.5,0
221.73,3.17,9.54,1.62,55.37,58.56,36.0,2.76,0
307.89,2.15,9.46,4.17,46.23,48.48,27.54,0.99,0
238.43,1.59,12.78,2.78,56.5,68.12,27.42,0.99,0
262.49,2.82,14.48,1.96,70.61,43.16,48.77,2.2,0
208.01,2.17,12.36,4.63,56.32,69.84,25.96,0.92,0
205.14,3.57,8.06,1.94,28.55,65.15,42.99,2.8,0
280.97,2.68,9.38,2.1,63.12,50.25,41.31,2.0,0
230.04,2.6,13.73,1.11,54.82,74.35,31.42,2.76,0
211.58,2.28,11.13,4.36,28.85,70.58,48.36,1.01,0
221.06,3.45,12.29,1.89,47.61,55.17,28.18,2.75,0
281.45,2.72,14.66,1.38,34.17,68.09,34.51,2.58,0
221.69,2.25,8.99,3.61,51.55,40.02,29.09,1.16,0
244.71,2.02,10.96,1.03,48.95,67.37,47.65,2.22,0
250.68,2.46,10.69,2.28,36.7,38.12,51.84,1.74,0
163.72,1.91,12.89,2.18,58.01,61.93,42.49,1.39,0
183.8,3.12,13.93,4.37,42.01,70.34,65.39,1.39,0
265.13,1.41,8.3,1.99,70.89,65.08,44.46,1.09,0
216.83,2.42,11.99,4.09,57.02,83.3,46.32,1.13,0
297.55,2.87,14.17,2.65,51.87,48.1,50.07,1.84,0
293.51,2.71,7.36,1.67,70.05,66.13,33.28,2.32,0
282.36,2.07,11.84,8.74,58.12,28.01,44.08,0.52,1
331.89,2.9,8.96,2.24,59.16,52.32,30.33,2.07,0
246.26,1.97,10.4,4.22,54.22,55.46,26.82,0.9,0
279.2,2.49,5.74,1.76,51.24,83.51,50.92,2.07,0
223.7,2.89,15.48,0.4,59.85,59.65,31.5,4.0,0
360.36,2.78,11.11,2.91,73.29,73.7,41.83,1.67,0
339.26,2.09,9.98,0.48,25.0,46.43,56.32,3.03,0
250.53,3.22,12.82,1.87,77.42,55.01,21.89,2.58,0
267.4,2.55,9.39,1.93,42.9,47.45,46.51,2.01,0
311.17,2.95,9.16,0.4,57.31,45.09,39.78,4.0,0
243.38,3.42,15.78,2.14,34.4,46.12,39.3,2.52,0
220.45,3.17,16.52,1.82,72.9,50.79,40.6,2.58,0
289.33,3.17,10.52,1.65,38.41,90.64,40.18,2.73,0
253.53,2.62,14.67,1.38,68.47,59.12,45.23,2.48,0
258.23,2.98,12.89,1.8,52.11,39.71,29.49,2.44,0
212.46,2.63,8.47,2.96,53.05,52.14,45.02,1.56,0
172.7,1.77,9.68,5.54,39.89,75.25,28.72,0.65,0
260.63,2.68,15.88,2.69,69.63,49.47,61.04,1.7,0
290.72,2.65,8.43,3.41,53.23,82.31,38.95,1.42,0
239.84,2.85,17.7,0.94,63.61,75.44,41.79,3.25,0
314.64,2.42,10.57,6.21,30.2,57.09,57.71,0.81,0
218.32,2.04,15.95,0.62,44.31,50.16,32.25,2.73,0
202.54,2.89,11.24,3.9,58.01,45.74,39.89,1.4,0
246.97,1.71,14.0,0.7,36.07,62.89,25.9,2.2,0
246.28,3.38,15.49,0.4,59.34,66.22,30.3,4.0,0
284.65,2.36,15.47,0.46,47.06,80.1,25.76,3.46,0
215.13,2.65,10.54,7.49,45.67,65.35,47.98,0.76,1
311.56,2.84,9.86,1.53,61.15,54.71,45.69,2.55,0
338.51,2.85,11.8,2.79,57.05,80.62,35.63,1.77,0
248.24,1.65,8.75,1.7,41.51,72.29,34.93,1.4,0
306.24,2.99,12.6,0.79,68.48,49.69,49.71,3.66,0
202.46,2.68,9.95,3.39,61.07,58.75,39.95,1.45,0
298.38,2.12,14.71,2.48,30.83,69.91,31.33,1.42,0
297.13,2.05,10.57,1.58,51.36,64.57,50.73,1.81,0
288.85,2.3,7.64,1.81,59.48,44.88,38.59,1.88,0
249.3,1.72,15.5,0.89,53.67,62.64,46.77,2.01,0
117.06,3.53,12.46,3.86,25.0,49.87,40.72,1.73,0
221.12,3.39,12.07,1.54,55.76,60.95,60.78,3.04,0
221.83,2.77,14.74,2.56,64.09,40.51,37.93,1.82,0
205.98,2.37,14.18,1.04,54.02,46.64,19.92,2.58,0
255.5,2.38,10.1,0.45,55.67,91.48,37.72,3.5,0
231.15,2.95,10.88,2.46,67.24,53.61,42.66,1.99,0
212.89,3.55,9.22,2.37,35.99,76.7,44.6,2.46,0
202.35,2.16,8.34,2.12,63.84,58.11,48.09,1.6,0
217.8,1.83,13.45,2.98,59.08,41.96,34.19,1.08,0
300.47,3.43,12.98,1.45,35.52,43.8,55.64,3.18,0
220.25,1.43,13.9,1.49,63.37,48.11,49.65,1.3,0
226.83,1.89,15.2,6.0,76.67,92.19,41.31,0.65,1
229.45,2.35,13.94,1.17,59.01,56.53,33.06,2.43,0
265.25,1.56,14.16,1.66,61.65,62.72,59.28,1.34,0
270.53,3.17,6.81,3.87,42.22,70.23,47.29,1.55,0
112.99,3.01,11.23,3.2,47.58,67.57,35.08,1.69,0
295.97,2.16,14.41,1.91,42.79,72.97,54.02,1.7,0
314.64,3.27,9.08,1.71,59.75,52.12,42.2,2.76,0
202.74,3.37,12.23,1.32,48.78,42.24,55.09,3.28,0
206.25,2.43,13.3,3.05,48.04,45.83,31.57,1.41,0
229.74,2.23,13.11,2.63,63.44,37.02,38.0,1.44,0
215.98,3.86,12.92,0.86,75.04,52.2,53.82,4.0,0
260.08,2.93,13.5,3.01,53.95,10.0,33.31,1.72,0
162.41,2.65,12.45,3.06,36.1,70.87,37.47,1.54,0
199.69,3.32,8.34,2.17,55.48,68.58,15.0,2.43,0
319.26,2.68,13.27,1.93,57.3,45.37,44.12,2.11,0
208.23,2.2,12.71,6.91,64.98,39.35,51.54,0.67,0
305.95,2.55,8.38,1.9,51.12,82.92,30.79,2.02,0
265.99,3.12,15.45,1.6,65.57,74.5,44.48,2.74,0
168.58,1.3,13.33,2.76,63.73,56.14,34.59,0.81,0
278.59,2.33,8.55,1.35,51.42,49.87,24.91,2.24,0
244.7,3.33,9.96,2.2,64.84,60.57,36.75,2.41,0
229.5,2.19,10.59,2.87,66.16,38.39,34.25,1.33,0
261.02,3.43,10.59,6.06,41.91,64.39,41.27,1.17,0
271.36,3.35,12.73,2.24,66.52,41.97,36.94,2.4,0
281.84,2.46,9.56,3.02,53.56,24.14,53.37,1.44,0
303.02,2.16,14.82,1.49,52.03,47.79,34.42,1.97,0
268.37,2.33,14.61,3.39,53.7,44.77,38.71,1.25,0
188.1,4.1,13.55,3.61,69.89,87.1,42.4,2.11,0
228.69,3.62,12.11,3.5,69.86,85.12,39.49,1.91,0
382.44,2.58,14.34,2.04,60.72,43.26,34.64,1.95,0
282.6,2.14,11.31,2.23,58.24,58.5,40.51,1.53,0
356.62,2.57,10.19,2.18,53.75,50.16,45.25,1.87,0
312.79,2.65,14.98,0.87,87.38,87.57,48.99,3.12,0
260.88,1.75,12.79,2.84,46.78,32.7,18.82,1.07,0
263.56,2.55,10.29,0.81,49.63,66.98,45.07,3.09,0
248.35,3.29,10.96,2.32,58.63,79.17,33.26,2.31,0
171.8,1.42,10.16,2.03,44.12,51.81,51.58,1.08,0
250.81,3.0,17.06,4.16,67.59,60.35,49.32,1.39,0
304.48,3.32,12.01,1.95,37.34,75.8,49.26,2.6,0
223.02,2.16,12.39,5.23,46.43,43.4,34.16,0.83,0
268.54,3.52,13.8,1.77,50.18,69.55,26.07,2.91,0
288.32,2.09,8.96,0.84,42.94,36.77,52.71,2.5,0
209.06,2.76,14.74,0.4,67.49,36.07,51.69,4.0,0
229.69,2.32,10.48,5.48,39.22,72.76,19.96,0.86,0
204.19,2.32,16.58,0.73,43.44,45.5,53.75,2.93,0
213.0,2.13,11.22,2.07,46.88,62.69,43.55,1.6,0
192.06,2.92,14.59,0.97,65.12,42.33,41.32,3.29,0
209.48,3.01,5.76,3.53,72.43,64.21,31.78,1.57,0
313.88,2.46,9.06,1.83,61.27,35.11,50.14,2.0,0
208.8,1.68,11.27,0.4,39.24,79.43,35.4,2.55,0
255.69,2.74,6.92,5.4,47.56,72.2,35.35,1.03,0
227.37,2.75,13.5,1.14,73.86,50.98,18.64,2.88,0
303.05,2.37,12.78,2.12,55.35,32.05,32.56,1.76,0
309.0,3.62,9.52,2.02,37.65,56.93,30.08,2.77,0
288.88,1.56,11.96,0.74,81.33,54.62,19.23,1.96,0
263.78,1.17,14.02,3.78,48.16,51.83,55.59,0.58,0
239.6,2.06,6.74,0.76,54.14,75.76,38.75,2.57,0
196.37,2.93,8.82,5.44,46.78,78.2,25.74,1.09,0
337.46,1.87,11.16,2.22,43.53,66.41,30.36,1.34,0
215.81,1.91,12.06,1.73,70.55,82.36,34.19,1.61,0
279.86,3.07,11.85,2.02,57.35,17.95,34.04,2.35,0
297.68,2.78,14.22,1.59,58.78,55.44,48.01,2.45,0
225.01,2.73,13.19,2.63,39.65,54.72,37.31,1.76,0
296.71,2.97,13.74,0.79,51.41,72.63,40.99,3.65,0
284.39,2.24,8.53,5.74,47.54,55.22,37.35,0.8,0
327.76,2.27,12.36,1.98,45.09,68.33,51.63,1.76,0
228.88,2.99,11.23,2.12,60.61,52.78,53.78,2.22,0
192.14,1.69,15.66,1.53,50.95,49.89,38.66,1.52,0
227.25,1.21,12.44,2.75,63.31,72.02,30.54,0.76,0
259.4,2.24,10.33,2.83,63.65,59.97,38.9,1.37,0
252.62,3.06,14.13,2.99,49.78,64.61,15.0,1.8,0
232.3,2.65,13.41,0.8,60.45,41.4,43.14,3.23,0
164.09,3.01,9.95,0.59,49.45,70.17,26.41,4.0,0
271.17,1.29,11.13,4.07,45.55,43.84,37.79,0.61,0
338.76,2.69,11.17,4.86,42.28,85.7,44.72,1.1,0
270.89,2.89,15.07,0.88,56.03,56.15,34.3,3.39,0
277.41,1.69,12.51,1.16,46.1,53.79,35.62,1.75,0
275.76,3.02,13.82,0.55,71.54,73.38,42.58,4.0,0
267.87,2.43,10.77,2.53,74.51,59.22,34.42,1.61,0
291.92,4.34,12.84,1.46,60.7,70.76,49.24,4.0,0
267.79,1.19,15.26,0.72,57.92,55.52,47.73,1.52,0
235.93,3.32,11.1,0.4,55.22,70.7,45.67,4.0,0
214.18,2.26,12.29,1.18,83.48,58.85,33.7,2.33,0
238.8,1.53,8.59,1.72,78.55,73.0,45.73,1.29,0
264.14,2.18,10.09,0.54,52.54,77.26,32.57,3.06,0
235.78,2.67,11.16,0.86,52.61,36.23,39.13,3.16,0
264.15,3.12,9.35,5.2,58.92,65.37,15.0,1.21,0
269.76,3.53,15.3,0.57,40.84,87.44,51.57,4.0,0
287.49,3.35,9.9,1.28,33.4,69.27,57.27,3.31,0
307.73,1.92,13.97,1.24,38.94,96.58,42.25,1.93,0
253.51,3.18,12.47,3.48,51.38,46.08,24.18,1.68,0
191.15,2.73,12.08,0.4,43.66,63.87,37.82,4.0,0
234.47,2.11,15.72,3.29,72.46,67.31,40.71,1.16,0
251.98,2.37,6.35,7.54,37.37,52.1,40.16,0.67,1
167.39,2.07,11.51,2.06,38.97,41.47,65.41,1.57,0
312.49,2.52,9.3,3.44,32.99,92.55,37.55,1.34,0
256.41,2.06,7.1,4.17,47.26,76.83,34.23,0.95,0
267.16,1.88,9.01,1.95,50.22,68.37,41.63,1.47,0
311.45,2.79,12.04,1.1,54.05,60.72,38.57,2.97,0
221.64,2.88,10.19,1.81,54.58,62.11,32.51,2.35,0
275.83,2.39,14.24,2.88,47.54,69.42,22.38,1.45,0
245.06,3.32,11.47,1.23,42.37,81.64,47.32,3.34,0
241.72,2.34,11.19,0.4,60.03,49.4,31.36,3.55,0
215.25,2.32,11.2,0.87,44.2,61.58,29.94,2.74,0
324.95,2.9,11.75,2.28,64.37,54.45,31.89,2.05,0
233.1,2.42,10.95,2.2,37.21,44.15,25.38,1.75,0
281.48,2.55,9.87,0.82,46.02,50.79,46.56,3.09,0
165.62,0.99,14.47,1.28,79.51,63.24,45.22,0.98,0
303.1,2.51,10.44,0.4,81.14,55.51,41.9,3.8,0
297.35,1.4,11.04,1.66,38.67,60.41,47.1,1.21,0
254.38,1.77,13.07,1.34,69.49,70.87,44.32,1.71,0
239.79,1.7,12.8,1.48,74.36,77.33,45.88,1.55,0
268.0,1.87,9.77,7.25,67.76,99.81,58.24,0.55,1
353.0,2.17,13.89,2.07,54.2,71.57,49.82,1.63,0
170.65,2.21,13.34,0.58,31.84,50.75,41.76,3.01,0
285.19,2.9,12.44,2.47,56.02,76.54,30.66,1.95,0
208.98,2.63,10.92,1.5,59.94,55.23,24.04,2.39,0
249.1,1.36,10.98,1.01,57.86,49.51,22.41,1.5,0
238.85,2.55,11.5,1.78,60.72,69.34,49.46,2.11,0
230.73,2.69,8.92,4.69,45.25,81.21,34.42,1.13,0
249.53,2.3,11.9,0.4,49.19,50.92,40.79,3.49,0
198.96,2.46,14.23,0.4,26.27,64.73,30.47,3.73,0
296.31,2.61,14.19,1.06,65.68,66.85,62.06,2.83,0
169.26,2.96,11.05,1.62,44.23,45.77,22.04,2.58,0
274.29,1.56,14.66,1.43,52.01,38.53,41.39,1.45,0
235.31,2.35,16.76,1.38,58.04,38.96,36.41,2.24,0
197.31,3.41,11.21,1.08,48.27,79.18,40.18,3.65,0
259.11,3.35,13.73,3.66,42.13,53.04,36.79,1.7,0
179.94,3.01,6.34,2.23,58.07,50.55,31.09,2.16,0
251.79,2.82,8.85,4.16,33.6,64.78,28.82,1.3,0
185.97,3.49,12.23,0.4,64.2,79.51,60.48,4.0,0
270.76,3.65,9.48,1.34,62.93,42.53,37.02,3.53,0
208.4,2.42,17.1,2.09,48.4,31.68,43.42,1.81,0
229.71,1.92,13.49,0.6,49.07,82.13,24.06,2.6,0
263.23,2.34,14.41,1.44,43.15,67.71,18.83,2.17,0
215.24,4.36,11.93,2.63,50.41,43.91,33.23,2.81,0
247.39,1.56,9.49,4.97,52.59,53.43,48.73,0.63,0
181.88,2.22,10.7,4.88,51.18,44.96,40.28,0.9,0
278.39,1.65,12.64,4.45,72.38,69.6,34.6,0.72,0
329.42,2.57,10.41,5.42,34.01,75.34,44.3,0.96,0
375.65,1.78,13.68,0.4,44.1,70.04,34.5,2.69,0
254.1,2.43,13.78,0.4,63.78,62.5,53.77,3.69,0
285.47,1.33,12.01,1.3,79.66,65.67,54.18,1.31,0
169.87,2.87,7.44,0.66,44.63,48.87,34.23,3.75,0
317.62,3.23,16.29,2.29,67.15,53.34,32.23,2.28,0
284.93,2.27,11.47,6.8,41.2,60.09,39.27,0.7,0
228.22,2.42,18.77,0.4,50.33,55.85,44.27,3.67,0
305.67,2.4,13.63,1.12,55.12,60.01,37.26,2.53,0
238.55,2.61,11.48,1.65,46.71,35.74,50.46,2.25,0
229.39,2.48,13.12,0.4,49.97,73.22,42.66,3.75,0
271.39,2.96,6.95,3.12,38.64,43.92,50.88,1.7,0
202.15,3.24,14.57,1.86,63.09,28.38,28.78,2.61,0
295.97,2.01,18.42,1.23,44.22,49.27,34.07,2.03,0
202.48,2.31,6.78,2.51,47.03,56.77,45.33,1.54,0
202.75,3.04,11.28,3.42,45.62,90.27,40.53,1.63,0
209.06,1.65,11.74,2.14,46.25,52.67,38.12,1.21,0
284.18,1.32,14.19,2.21,56.73,63.15,34.81,0.95,0
222.25,2.64,17.26,1.82,55.75,64.81,40.87,2.15,0
189.34,2.8,12.96,2.3,85.22,37.28,54.28,1.97,0
222.74,2.07,17.35,3.96,52.06,58.42,19.91,0.99,0
248.56,2.15,12.43,7.0,53.79,56.03,38.48,0.65,0
196.86,2.04,13.13,8.75,71.04,61.25,38.92,0.51,1
198.17,1.98,12.82,2.21,57.7,66.35,29.13,1.43,0
345.01,2.92,15.05,2.23,53.82,72.76,38.44,2.09,0
211.27,1.79,10.94,4.19,53.4,47.15,23.61,0.82,0
235.46,2.34,14.05,0.81,57.33,67.25,34.16,2.84,0
233.47,1.96,8.92,5.85,66.7,49.07,37.32,0.69,0
231.04,1.63,11.29,2.1,71.14,46.35,39.95,1.21,0
277.96,3.02,10.41,0.55,67.38,86.29,58.75,4.0,0
292.67,2.19,12.22,0.4,60.6,32.8,31.84,3.32,0
236.23,2.61,11.21,1.07,57.53,52.25,26.75,2.82,0
194.36,1.6,14.83,1.31,79.46,63.33,49.92,1.56,0
307.35,2.05,9.8,2.2,49.31,51.01,15.0,1.49,0
245.71,2.95,7.67,4.44,63.38,62.26,33.81,1.3,0
327.86,4.05,8.61,2.62,69.09,39.86,36.74,2.62,0
148.95,1.31,14.49,3.52,67.53,32.32,30.59,0.69,0
258.79,2.38,9.58,2.96,45.85,46.88,39.05,1.41,0
336.34,2.75,12.99,0.52,88.78,62.28,33.51,3.87,0
234.1,2.13,11.26,1.71,75.05,57.43,22.59,1.8,0
239.85,3.01,14.06,0.68,67.72,69.54,46.18,3.9,0
263.3,1.98,11.42,1.86,42.92,38.63,46.57,1.59,0
224.85,2.59,18.91,1.6,66.76,51.37,30.13,2.27,0
235.96,2.19,16.75,1.46,27.26,58.92,34.59,2.02,0
234.8,3.23,11.21,4.32,52.21,45.47,58.56,1.45,0
221.77,2.09,10.87,2.47,56.28,62.07,44.48,1.41,0
305.3,2.29,19.83,5.39,49.61,55.78,40.0,0.86,1
270.75,3.07,9.3,1.37,74.0,67.3,56.17,2.93,0
261.28,1.88,11.86,0.95,56.25,64.33,23.78,2.14,0
286.39,2.54,12.06,0.67,43.47,32.2,19.67,3.31,0
238.1,1.41,11.99,3.67,64.04,82.09,41.67,0.71,1
215.16,1.85,7.65,1.22,59.78,27.42,48.4,1.87,0
222.88,2.73,13.24,1.81,33.96,36.72,22.89,2.23,0
250.08,1.91,9.57,5.01,71.06,58.88,27.0,0.76,0
202.34,2.17,15.59,3.6,56.22,64.44,47.93,1.12,0
227.49,2.8,8.36,0.55,66.82,55.77,28.48,3.88,0
226.77,2.15,12.15,2.9,59.93,51.87,37.44,1.3,0
345.61,2.99,6.46,2.2,50.96,58.77,42.1,2.17,0
125.18,2.63,6.61,5.18,60.09,67.91,49.55,1.02,0
241.92,2.76,9.9,1.4,53.79,42.8,36.94,2.6,0
327.66,3.24,10.25,2.07,58.49,43.29,44.92,2.45,0
255.48,2.69,15.66,4.83,62.22,47.02,27.6,1.11,0
283.9,3.42,11.9,1.83,56.76,79.8,45.89,2.78,0
254.49,3.05,15.23,2.15,60.58,65.59,30.91,2.24,0
219.97,2.19,11.05,2.26,50.54,68.59,26.19,1.56,0
149.11,3.28,13.52,4.62,48.14,83.87,60.65,1.4,0
259.25,2.66,10.19,0.92,64.3,71.81,58.3,3.06,0
215.1,2.26,10.02,5.24,72.4,62.35,41.48,0.87,0
213.98,2.67,7.45,2.19,48.79,83.37,55.47,1.94,0
227.55,3.17,12.84,8.9,58.78,45.42,36.74,0.78,1
328.52,2.77,12.66,6.0,38.09,56.02,38.64,0.96,0
358.22,3.59,13.94,2.28,76.66,77.34,38.23,2.54,0
259.77,3.15,12.54,1.88,68.75,27.09,30.87,2.52,0
229.09,2.81,17.07,1.19,47.99,48.05,16.56,2.88,0
197.02,1.88,12.44,1.59,50.77,71.84,36.91,1.66,0
271.08,2.39,14.48,0.57,69.51,61.6,53.02,3.29,0
330.23,2.54,11.19,0.4,57.11,67.71,42.76,3.85,0
238.87,2.92,9.73,5.48,62.59,31.25,48.15,1.08,0
142.95,2.88,13.79,2.64,43.17,47.39,43.93,1.85,0
280.15,2.6,11.78,3.08,61.92,69.74,31.53,1.5,0
294.34,2.57,14.08,1.82,53.22,46.47,42.48,2.1,0
178.64,2.93,12.88,1.33,58.59,72.37,36.68,2.84,0
257.94,1.98,10.02,2.86,50.23,64.31,29.37,1.21,0
270.31,3.52,14.69,0.74,52.47,42.42,49.2,4.0,0
246.71,1.27,9.82,6.43,56.25,65.18,26.95,0.41,0
214.42,3.37,13.56,2.43,47.98,71.23,33.41,2.29,0
295.72,2.47,15.2,2.41,82.22,65.42,62.17,1.69,0
231.85,3.1,11.04,3.49,42.34,68.06,47.01,1.63,0
183.17,2.72,14.89,4.22,61.0,34.07,42.45,1.24,0
157.77,2.71,12.99,1.5,58.63,93.83,18.27,2.46,0
306.74,2.83,14.13,0.58,64.13,102.31,38.82,3.87,0
277.75,2.99,9.91,1.41,25.0,81.43,28.35,2.81,0
253.96,2.3,12.54,0.68,34.76,61.73,39.22,2.98,0
230.19,3.12,8.48,1.84,48.42,53.93,38.1,2.53,0
226.2,1.85,16.28,1.01,66.04,54.24,31.43,2.04,0
201.59,2.5,6.97,2.81,51.83,71.76,51.72,1.54,0
230.58,3.0,11.11,0.6,51.34,76.04,49.55,4.0,0
154.6,3.1,9.67,5.85,55.19,50.26,28.74,1.09,0
216.88,2.78,13.69,2.56,44.91,59.68,55.74,1.82,0
236.01,2.26,16.81,2.7,60.64,78.85,28.5,1.43,0
277.44,3.04,13.64,2.15,57.3,58.46,56.64,2.24,0
248.2,2.1,19.4,4.04,61.03,61.68,37.89,0.99,1
285.77,3.55,8.56,2.04,73.19,80.65,36.0,2.7,0
310.71,2.45,8.75,1.69,52.24,78.23,54.89,2.08,0
297.62,1.58,9.77,2.17,56.32,72.07,38.36,1.15,0
271.17,1.78,12.3,1.95,43.17,43.96,50.98,1.39,0
250.53,2.53,9.43,1.16,39.97,44.15,26.99,2.62,0
205.86,2.58,10.12,5.15,54.91,48.96,40.28,1.01,0
283.3,3.68,13.55,2.35,56.24,52.17,44.75,2.56,0
325.59,1.88,8.9,1.75,63.27,63.24,51.96,1.57,0
265.39,2.52,9.17,0.79,61.9,58.6,47.12,3.1,0
336.28,1.86,11.0,0.4,58.05,57.58,40.45,2.82,0
181.35,2.2,11.24,3.34,75.22,56.13,44.74,1.2,0
198.06,3.51,14.53,1.46,51.26,46.84,32.72,3.24,0
288.48,1.82,9.75,1.27,52.72,53.08,46.04,1.8,0
261.89,2.85,10.2,3.71,58.4,96.5,44.78,1.44,0
309.12,2.74,13.45,0.4,40.79,70.49,32.22,4.0,0
249.3,2.49,14.0,0.4,63.26,60.3,41.23,3.77,0
210.94,2.81,15.57,1.33,55.86,37.49,47.71,2.73,0
240.39,1.8,13.17,2.08,56.08,45.14,64.44,1.35,0
181.03,3.49,12.33,1.1,61.51,59.37,51.86,3.71,0
199.21,3.65,13.44,1.86,59.51,80.39,42.25,2.93,0
293.76,2.53,11.33,1.31,59.93,63.44,42.85,2.46,0
289.28,3.95,11.31,2.35,50.32,63.23,38.55,2.75,0
266.34,2.26,7.56,0.92,73.83,76.65,41.11,2.6,0
172.55,2.74,14.23,2.68,37.45,45.43,47.76,1.74,0
233.87,3.36,12.53,0.45,46.77,81.09,47.52,4.0,0
194.88,2.22,13.94,1.27,48.37,54.25,39.15,2.2,0
302.94,1.67,4.96,3.24,46.35,77.37,29.01,0.93,0
223.73,1.53,11.88,5.87,34.04,85.05,37.86,0.54,0
201.14,3.74,9.86,4.6,74.73,46.39,31.64,1.6,0
251.34,2.18,15.75,0.76,62.71,60.0,27.84,2.72,0
221.19,2.39,13.54,2.0,47.42,71.84,46.08,1.84,0
316.77,1.83,12.59,3.24,63.37,55.7,43.45,1.02,0
216.93,3.07,10.92,2.16,53.07,56.12,30.81,2.25,0
187.03,2.03,12.99,0.81,51.51,54.02,36.75,2.46,0
153.12,2.21,9.68,0.64,43.48,32.09,43.07,2.92,0
248.61,2.68,11.75,0.75,55.21,75.86,42.58,3.36,0
224.71,1.86,10.55,5.4,47.41,44.85,44.39,0.7,0
185.7,2.39,17.67,2.65,43.33,25.66,32.38,1.53,0
303.52,3.34,15.67,2.0,66.47,75.7,43.58,2.57,0
280.03,2.76,14.66,3.81,45.13,67.27,39.52,1.36,0
248.73,2.58,8.27,2.14,71.85,40.23,47.72,1.9,0
311.39,2.63,14.16,2.3,46.42,76.29,50.75,1.85,0
279.81,2.27,12.47,1.75,36.96,69.98,70.29,1.89,0
212.97,3.7,15.06,0.4,61.3,60.0,53.1,4.0,0
203.24,2.01,12.81,0.91,49.64,54.74,41.26,2.33,0
286.81,2.63,11.98,1.35,36.03,58.16,39.62,2.53,0
267.84,2.57,12.58,3.29,58.06,63.1,30.64,1.41,0
257.64,3.11,7.49,3.69,39.33,48.17,30.89,1.57,0
211.91,3.16,10.08,0.4,31.13,76.77,42.72,4.0,0
277.36,2.48,12.93,1.1,63.12,68.33,43.03,2.63,0
216.0,2.67,14.85,1.8,72.87,57.97,66.76,2.19,0
245.41,2.7,10.62,0.62,50.26,86.15,32.72,3.6,0
315.11,1.14,11.9,3.14,69.54,55.48,31.68,0.65,0
220.26,1.55,8.0,4.1,64.62,83.24,42.5,0.72,0
179.22,2.14,15.65,10.21,63.01,64.39,34.96,0.47,1
202.64,2.16,14.78,1.72,52.96,71.36,43.89,1.82,0
294.74,1.78,13.63,1.79,47.85,54.49,35.26,1.46,0
261.46,2.95,13.02,4.71,59.13,31.95,37.15,1.24,0
244.2,2.5,15.88,4.3,62.78,67.19,44.3,1.13,0
227.09,2.37,9.99,2.97,39.87,42.18,34.33,1.41,0
271.84,1.75,9.72,1.22,51.11,50.81,36.39,1.77,0
211.79,2.47,14.65,1.14,52.73,61.14,45.29,2.58,0
263.75,0.92,14.49,1.59,51.61,50.37,40.47,0.81,0
217.09,2.4,9.02,2.09,46.9,59.52,33.6,1.8,0
209.61,2.54,10.67,2.62,39.01,62.99,35.18,1.64,0
221.31,2.65,16.22,2.84,51.35,37.89,50.42,1.62,0
233.11,1.56,13.03,2.22,51.67,64.11,43.1,1.12,0
247.8,2.63,13.97,1.38,49.33,50.68,36.39,2.51,0
260.6,1.88,9.1,0.4,62.79,43.98,48.66,2.84,0
84.02,2.01,13.64,3.17,38.58,29.98,44.36,1.14,0
213.66,2.93,8.45,2.11,58.36,36.68,53.55,2.18,0
232.38,3.71,7.05,1.96,33.48,60.36,48.86,2.89,0
317.73,2.53,13.82,1.6,54.21,60.64,51.66,2.22,0
201.4,2.01,15.59,8.11,27.93,67.78,36.6,0.54,1
257.33,2.61,11.37,4.89,44.32,85.74,31.11,1.06,0
317.28,3.06,10.63,3.3,54.74,80.34,47.72,1.68,0
190.92,2.87,16.28,2.73,37.9,74.94,47.81,1.8,0
267.73,4.15,11.51,2.19,37.98,77.8,38.95,3.01,0
213.9,2.07,11.84,0.89,66.78,62.71,29.57,2.42,0
227.29,2.65,16.23,1.44,35.85,62.44,43.07,2.46,0
213.86,3.43,11.12,4.51,53.57,83.06,43.88,1.49,0
217.07,3.39,10.36,2.05,72.71,63.25,26.42,2.57,0
372.49,1.33,14.04,4.97,56.71,63.57,43.74,0.53,0
288.0,2.5,10.22,2.2,55.35,77.49,51.51,1.81,0
299.58,3.39,11.64,0.4,46.44,55.85,26.86,4.0,0
272.14,4.23,8.7,3.19,46.48,57.98,45.29,2.38,0
177.72,2.92,12.46,2.13,52.99,39.58,53.1,2.16,0
267.77,2.28,12.17,8.58,31.04,53.06,53.73,0.58,1
298.28,1.89,14.42,1.73,67.15,55.05,21.26,1.59,0
211.6,3.83,14.14,1.58,57.49,55.9,50.88,3.39,0
293.44,2.94,13.38,1.54,34.03,72.16,36.86,2.63,0
281.7,1.99,12.99,1.27,67.31,44.87,35.7,1.98,0
333.34,2.38,11.82,4.47,63.15,82.34,65.12,1.04,0
231.2,2.69,13.52,12.68,60.27,29.1,42.2,0.48,1
200.61,2.83,9.22,2.36,81.84,68.97,36.17,1.96,0
233.73,1.96,6.13,3.31,56.16,72.25,47.99,1.08,0
314.6,2.13,14.9,1.65,73.36,70.38,56.86,1.83,0
167.72,1.51,13.69,6.61,55.31,76.43,41.73,0.48,0
156.92,3.12,11.68,2.88,60.43,56.83,34.66,1.89,0
254.02,2.3,14.69,1.62,48.36,78.8,40.91,2.0,0
230.08,2.78,10.17,4.33,32.38,49.64,50.91,1.24,0
250.35,3.35,10.24,2.16,33.08,50.9,36.89,2.46,0
292.54,2.63,9.89,0.4,53.99,91.04,50.92,3.99,0
225.13,2.43,13.42,0.8,52.15,62.65,38.6,2.97,0
165.71,2.62,8.04,0.63,40.84,74.28,21.45,3.49,0
342.0,2.54,10.08,4.77,51.67,67.44,55.2,1.05,0
205.12,3.25,12.72,1.2,60.4,70.85,43.35,3.32,0
202.34,2.69,8.99,0.69,70.49,29.92,50.54,3.47,0
299.67,2.17,10.35,2.81,46.69,65.64,43.02,1.34,0
232.7,3.13,6.47,2.62,59.72,60.24,40.37,2.02,0
247.15,3.24,13.51,4.4,75.87,74.6,47.37,1.43,0
271.73,1.7,10.28,5.24,64.0,48.06,38.46,0.65,0
298.76,3.42,9.25,1.75,45.77,77.9,58.13,2.85,0
234.99,2.72,8.76,6.05,56.22,41.9,39.7,0.93,0
318.4,2.67,10.95,4.62,57.22,53.22,58.19,1.14,0
153.89,3.1,8.05,0.4,62.65,36.33,46.05,4.0,0
284.19,2.16,16.86,3.17,55.47,43.79,16.19,1.22,0
212.22,3.07,6.04,1.06,60.8,60.1,30.1,3.33,0
311.75,2.27,10.87,0.96,67.24,80.53,48.5,2.57,0
256.39,1.62,12.27,5.82,42.38,60.52,30.82,0.57,0
219.72,1.9,10.06,4.46,39.15,40.74,26.44,0.83,0
279.83,2.84,12.53,4.8,62.31,28.34,52.84,1.17,0
290.19,1.93,10.0,2.08,53.16,70.1,24.12,1.45,0
278.89,3.47,15.83,0.46,65.36,50.14,47.78,4.0,0
203.66,3.21,9.2,0.49,68.05,52.14,36.37,4.0,0
228.22,3.3,6.12,0.92,32.8,76.15,47.02,3.8,0
249.82,2.57,8.75,4.7,44.96,57.98,42.67,1.08,0
248.14,2.65,12.97,1.54,53.5,55.52,19.27,2.38,0
283.74,1.78,11.71,5.77,42.72,62.42,36.85,0.64,0
159.33,3.1,13.88,1.23,49.32,82.23,37.56,3.13,0
265.04,2.73,13.25,6.73,39.66,63.81,44.09,0.85,0
236.95,2.84,10.41,4.15,49.74,27.61,43.19,1.32,0
212.27,3.51,10.78,1.0,43.41,47.73,37.55,3.91,0
216.59,2.14,11.04,2.26,59.14,55.73,28.66,1.52,0
240.35,2.42,16.71,4.42,65.83,72.95,44.81,1.07,0
87.95,2.7,13.73,2.37,59.9,41.36,48.71,1.86,0
218.44,1.94,16.73,1.56,86.17,62.23,43.31,1.73,0
210.59,2.39,14.1,1.5,66.27,58.77,37.81,2.17,0
273.98,2.8,11.84,1.22,65.82,75.25,36.3,2.83,0
213.75,2.3,9.45,1.18,54.01,45.05,30.82,2.37,0
240.32,3.29,12.5,1.89,51.32,62.51,42.48,2.62,0
319.4,1.59,11.85,0.86,70.28,83.0,41.92,1.89,0
294.75,3.17,11.77,1.44,51.96,73.48,48.36,2.95,0
290.6,2.9,11.48,3.37,55.42,68.99,33.77,1.57,0
227.51,2.16,6.87,0.98,52.93,55.34,41.19,2.43,0
274.44,1.95,15.15,0.75,61.48,62.27,26.84,2.43,0
239.47,1.25,11.87,0.73,65.7,58.31,36.61,1.58,0
241.18,2.02,8.46,1.52,67.77,72.85,34.38,1.82,0
268.44,3.13,13.2,0.81,51.35,67.9,50.58,3.79,0
223.14,2.47,9.86,1.81,57.19,50.59,57.06,2.01,0
317.19,3.2,13.41,2.78,58.98,86.18,28.24,1.98,0
242.79,2.13,14.2,1.16,72.57,78.07,49.08,2.21,0
277.83,2.92,14.55,0.5,33.57,47.0,46.81,4.0,0
315.5,2.07,11.6,5.61,55.14,54.84,34.51,0.75,0
296.42,1.92,10.97,1.76,47.28,57.62,32.48,1.6,0
186.6,2.44,10.44,2.03,48.61,72.24,32.36,1.86,0
270.02,2.1,10.19,3.5,44.79,47.86,36.23,1.1,0
288.28,1.57,11.96,0.73,61.47,49.96,36.41,1.99,0
290.13,2.39,11.48,1.22,25.59,73.18,38.47,2.42,0
199.9,2.56,9.94,2.04,53.34,68.38,34.9,1.95,0
220.43,3.26,9.14,2.73,33.14,30.77,48.06,2.05,0
294.76,3.06,11.73,1.89,46.69,69.86,45.09,2.44,0
215.72,3.23,10.91,2.23,52.44,37.89,38.27,2.32,0
236.51,2.93,9.15,1.89,50.13,50.48,34.61,2.33,0
320.91,2.7,14.08,1.77,63.17,54.53,34.34,2.23,0
247.85,1.76,16.43,0.4,70.0,52.96,44.39,2.67,0
217.3,2.59,14.41,2.96,78.5,50.26,40.56,1.54,0
210.51,2.86,10.2,0.52,54.91,44.43,41.99,4.0,0
264.97,3.37,11.87,6.5,68.93,67.69,48.58,1.09,0
190.01,2.91,15.85,1.4,72.57,35.8,39.46,2.75,0
238.87,3.24,9.07,1.62,49.28,52.02,53.7,2.82,0
265.0,1.88,13.96,2.28,69.8,71.87,19.98,1.33,0
308.46,2.3,8.38,4.84,28.89,65.96,26.85,0.95,0
280.04,2.76,16.21,2.14,58.57,39.23,58.1,2.04,0
217.87,3.2,10.92,0.42,74.27,31.06,36.02,4.0,0
303.03,2.41,17.57,1.83,56.19,43.66,42.96,1.96,0
236.52,2.45,16.32,0.84,52.72,27.33,52.53,2.93,0
194.39,2.91,11.73,0.87,52.65,61.38,43.43,3.44,0
242.26,1.82,10.2,0.92,72.62,53.11,49.13,2.1,0
314.72,3.46,12.49,2.74,35.9,54.26,46.16,2.17,0
257.44,1.97,11.55,2.9,50.31,67.66,49.83,1.19,0
250.56,1.35,11.0,3.37,65.11,73.1,44.93,0.73,0
323.67,2.51,7.85,1.24,58.81,63.57,47.31,2.52,0
185.59,3.52,10.71,2.2,69.24,56.66,34.2,2.55,0
192.15,2.85,9.22,3.07,63.19,49.46,45.23,1.65,0
177.29,2.95,13.38,5.87,49.34,54.74,39.6,1.04,0
266.77,2.52,14.48,0.46,61.98,63.11,39.13,3.7,0
257.49,2.41,13.85,2.22,39.16,73.88,23.21,1.74,0
319.42,1.57,12.86,0.81,30.79,39.16,35.78,1.91,0
260.96,1.14,9.87,2.67,47.66,43.08,38.66,0.73,0
231.81,2.62,12.51,0.57,55.96,59.91,55.56,3.6,0
250.08,3.29,13.98,2.26,45.26,28.33,37.21,2.34,0
255.3,2.71,10.53,1.29,57.09,64.28,42.83,2.67,0
174.77,2.87,12.3,0.42,55.7,75.85,53.75,4.0,0
371.96,3.45,11.64,1.4,32.68,95.38,27.62,3.25,0
273.39,2.7,16.16,1.79,48.52,61.23,36.17,2.22,0
259.45,2.43,14.13,5.16,66.29,72.89,48.8,0.95,0
277.68,2.01,13.52,2.13,60.84,60.33,64.69,1.49,0
281.92,3.71,7.71,1.31,46.64,84.29,20.15,3.63,0
243.68,2.82,12.43,0.84,62.43,53.65,38.83,3.37,0
221.59,1.93,11.61,5.14,76.06,64.94,46.28,0.76,0
276.98,1.8,11.59,1.62,49.91,69.06,48.41,1.56,0
267.36,3.25,8.09,4.28,63.9,65.83,62.46,1.47,0
213.55,1.88,9.28,1.61,62.0,48.43,33.55,1.64,0
313.86,3.61,11.83,1.5,49.27,39.39,37.65,3.29,0
263.2,0.85,14.79,1.77,41.41,75.32,23.72,0.7,0
282.84,3.35,10.52,3.45,74.81,63.77,41.28,1.78,0
312.64,2.79,11.0,1.59,68.06,61.13,45.11,2.46,0
250.98,2.57,16.45,2.55,51.66,73.38,60.92,1.69,0
264.26,2.39,11.26,6.74,69.56,72.68,57.04,0.75,0
286.45,3.63,11.68,1.13,61.66,65.37,55.16,3.81,0
217.38,2.92,11.71,1.65,69.47,69.53,33.05,2.52,0
252.43,1.96,8.64,3.97,33.49,52.12,44.26,0.94,0
255.65,1.47,13.43,3.54,50.1,68.01,43.89,0.77,0
206.98,2.61,10.37,1.7,73.88,36.46,44.67,2.21,0
354.29,2.5,11.92,4.42,86.82,60.3,39.57,1.1,1
186.67,1.59,13.11,1.52,50.32,71.21,51.31,1.43,0
191.59,2.47,16.86,2.33,50.11,49.22,36.44,1.72,0
309.14,2.16,8.71,3.41,63.2,62.14,43.29,1.16,0
282.1,2.51,14.16,6.5,59.13,64.52,54.53,0.81,0
203.83,2.94,14.17,5.33,61.4,46.64,61.54,1.12,0
277.33,3.4,10.4,1.62,29.05,76.94,31.71,2.96,0
316.05,3.05,13.5,3.83,52.14,64.81,45.51,1.5,0
248.64,2.07,16.11,4.55,64.66,34.86,44.54,0.89,0
366.95,2.72,10.09,0.9,26.75,61.36,52.2,3.16,0
172.42,2.54,12.6,2.9,35.59,81.81,56.34,1.53,0
281.22,1.7,13.01,1.21,33.71,59.94,36.67,1.73,0
302.49,2.74,13.34,2.6,62.81,50.24,39.24,1.78,0
290.11,3.61,13.92,4.28,43.84,51.83,40.73,1.63,0
240.8,2.52,12.42,0.4,40.59,57.6,44.79,3.82,0
236.93,1.54,13.28,5.68,55.66,41.81,48.27,0.56,0
269.99,2.52,9.72,5.49,40.11,81.04,36.25,0.93,0
286.71,1.77,12.41,3.92,60.42,73.86,58.57,0.86,0
277.11,3.02,10.81,1.38,83.97,76.16,21.71,2.87,0
296.8,2.81,8.93,5.12,50.58,37.45,28.06,1.1,0
204.15,2.4,10.73,3.45,31.68,61.93,46.08,1.27,0
239.75,2.3,12.67,6.57,49.57,76.17,38.36,0.74,0
207.7,2.37,13.09,1.69,60.88,45.8,34.34,2.02,0
232.62,2.5,8.83,0.51,59.68,58.92,49.59,3.57,0
295.68,2.04,9.66,2.03,65.06,43.51,48.13,1.55,0
254.86,1.67,13.81,2.75,47.87,72.51,52.49,1.04,0
367.31,3.18,13.27,2.54,51.64,56.78,29.64,2.1,0
258.7,2.27,14.22,1.16,25.58,58.61,48.13,2.36,0
252.69,2.6,15.42,1.9,62.37,43.07,48.02,2.06,0
254.78,2.67,13.34,1.84,39.28,83.22,29.93,2.16,0
221.3,2.69,10.96,2.06,57.4,60.76,40.39,2.03,0
247.4,1.8,12.29,3.7,44.55,71.87,49.69,0.91,0
300.75,1.49,16.15,0.4,53.96,65.76,53.42,2.26,0
255.13,2.15,18.91,2.24,66.5,46.36,38.53,1.54,0
214.29,2.74,13.16,2.48,49.75,35.38,29.01,1.84,0
208.37,2.06,13.34,0.68,46.12,57.13,55.32,2.67,0
229.74,2.29,13.81,3.09,55.03,76.6,40.4,1.32,0
253.32,3.78,12.06,2.5,47.29,30.46,21.11,2.52,0
303.71,1.39,14.91,5.06,43.7,89.22,37.6,0.55,0
189.68,2.05,14.52,0.9,77.4,72.51,51.33,2.38,0
235.61,3.64,12.89,0.65,32.74,62.86,27.81,4.0,0
256.49,2.47,11.2,6.21,62.85,58.26,41.17,0.83,0
167.48,2.08,8.2,1.34,53.37,72.88,36.73,2.01,0
212.49,3.2,13.83,4.34,45.09,41.69,39.63,1.43,0
219.41,2.53,12.53,2.03,59.17,66.64,35.64,1.93,0
214.18,2.29,10.16,2.13,55.41,64.62,45.03,1.69,0
258.64,2.62,9.18,1.28,70.85,86.93,37.77,2.59,0
242.77,2.11,13.65,1.77,41.39,54.52,46.57,1.74,0
225.01,1.89,8.0,0.7,48.81,60.67,36.32,2.42,0
269.26,2.43,12.75,0.89,67.14,59.0,51.19,2.84,0
327.54,1.89,14.11,2.56,52.54,52.25,40.13,1.24,0
323.77,2.51,13.37,2.73,61.56,82.17,27.93,1.57,0
163.48,2.71,11.02,2.63,69.58,45.38,31.44,1.75,0
275.97,3.01,8.88,4.14,61.75,37.24,28.42,1.4,0
241.99,3.18,13.47,3.3,47.67,63.66,28.99,1.75,0
256.98,2.26,15.0,0.7,50.79,49.13,26.87,2.89,0
232.08,2.8,10.57,0.43,69.68,63.81,29.14,4.0,0
255.29,2.8,13.27,3.5,56.86,69.5,39.95,1.47,0
256.81,2.7,15.95,0.71,52.56,62.19,47.38,3.43,0
223.95,2.21,12.85,2.42,59.6,60.36,26.47,1.51,0
209.66,1.88,11.01,1.04,39.59,29.07,31.95,2.06,0
229.81,2.8,14.6,1.16,52.16,68.39,48.03,2.91,0
260.54,1.48,10.16,1.97,54.06,62.94,38.42,1.15,0
276.95,2.34,8.75,1.0,53.86,88.11,22.89,2.6,0
288.4,0.97,14.03,1.47,50.27,77.06,40.38,0.89,0
227.76,1.7,10.98,2.05,51.29,37.77,43.62,1.29,0
262.77,1.97,11.21,3.9,53.63,75.91,43.14,0.96,0
293.31,3.16,10.43,4.13,72.52,40.51,62.46,1.47,0
302.45,2.91,10.82,3.93,28.56,72.51,32.47,1.41,0
247.35,2.17,15.51,1.19,63.39,81.8,51.0,2.22,0
240.06,2.94,16.16,0.88,53.96,88.01,39.76,3.45,0
258.6,3.03,16.49,1.25,54.26,54.06,44.68,3.03,0
198.26,2.4,14.73,1.04,50.13,70.59,33.49,2.63,0
241.29,1.67,13.17,4.18,61.02,75.14,33.27,0.77,0
283.51,2.38,8.42,2.34,66.4,67.06,27.49,1.65,0
278.89,2.44,11.53,3.59,32.25,34.93,25.32,1.26,0
237.84,1.76,17.39,0.63,80.13,62.32,46.71,2.34,0
259.8,2.72,10.91,4.13,56.73,68.54,34.64,1.26,0
212.89,2.67,15.79,0.83,56.32,59.98,65.45,3.21,0
281.66,2.77,12.14,1.86,38.27,47.12,35.26,2.22,0
246.5,2.67,5.3,2.71,48.15,56.99,46.73,1.68,0
237.58,2.94,13.6,3.41,71.31,73.52,40.55,1.58,0
233.72,2.39,15.17,2.48,55.82,65.9,21.75,1.61,0
247.17,2.62,11.88,2.37,59.99,66.98,26.54,1.81,0
229.85,2.26,15.08,0.83,49.47,56.27,24.89,2.71,0
279.62,2.15,7.83,1.12,78.65,66.4,54.69,2.26,0
232.21,3.3,8.54,1.53,53.16,28.4,52.99,2.97,0
321.68,1.27,12.51,2.99,68.57,59.34,59.28,0.75,0
315.93,3.03,13.19,1.13,53.18,54.29,17.8,3.18,0
209.88,2.13,15.39,3.47,59.17,60.41,26.31,1.13,0
253.14,2.05,13.6,2.83,59.23,42.41,46.05,1.26,0
220.72,2.66,9.02,2.38,66.09,65.55,32.32,1.83,0
235.3,1.61,12.53,1.21,63.87,88.84,46.94,1.63,0
340.11,2.01,13.5,2.12,49.31,61.21,35.55,1.49,0
236.16,1.99,7.31,0.4,68.91,60.7,34.52,3.02,0
266.21,2.37,11.89,1.82,43.12,97.62,21.84,1.93,0
274.36,2.02,11.16,0.4,40.8,45.79,34.23,3.06,0
204.97,3.46,10.36,2.09,51.5,67.42,43.71,2.59,0
211.52,3.58,13.25,2.35,59.72,83.71,30.12,2.48,0
195.73,1.29,9.13,1.76,42.73,54.14,40.69,1.07,0
210.13,2.83,13.04,0.81,54.07,72.79,29.53,3.43,0
121.75,3.02,13.4,4.03,38.38,62.5,32.26,1.43,0
274.51,2.83,14.71,2.17,51.77,43.88,32.95,2.06,0
342.44,2.11,9.19,1.75,66.66,57.54,44.65,1.75,0
256.65,2.35,8.24,1.43,44.88,59.52,48.58,2.19,0
186.27,2.05,12.7,0.45,40.34,50.46,58.38,3.02,0
221.08,2.25,11.28,1.12,59.54,35.9,47.79,2.37,0
229.35,1.77,19.26,2.15,45.55,53.82,43.64,1.3,0
204.21,2.43,13.15,3.45,84.07,37.57,57.75,1.29,0
288.71,1.6,12.15,1.21,57.3,68.13,42.75,1.62,0
286.46,2.38,11.57,4.17,67.3,68.24,46.14,1.1,0
198.0,1.75,8.95,2.08,39.22,40.88,49.56,1.32,0
282.63,2.62,13.41,6.13,60.49,61.23,41.74,0.89,0
318.71,2.09,11.8,3.58,42.93,39.84,39.32,1.08,0
335.62,2.67,11.8,5.83,52.85,54.57,38.33,0.94,0
378.93,3.15,12.24,2.33,45.97,49.97,34.27,2.2,0
209.41,3.45,12.55,1.2,67.48,67.2,35.04,3.52,0
377.09,0.98,7.65,1.67,58.85,35.71,50.62,0.84,0
234.06,2.0,14.09,1.43,56.41,74.75,29.03,1.86,0
223.34,2.32,9.88,1.98,71.33,78.42,41.38,1.8,0
264.72,2.78,11.65,1.48,55.19,57.84,39.76,2.54,0
223.81,1.51,15.21,4.87,67.36,39.82,25.75,0.62,0
267.96,1.91,16.45,4.5,76.61,28.6,48.38,0.83,0
190.6,2.58,7.75,1.0,56.68,76.43,26.64,2.86,0
239.26,2.55,12.08,2.7,58.11,89.76,32.55,1.61,0
307.85,2.73,12.68,4.85,66.45,60.65,39.14,1.12,0
247.43,2.77,8.23,1.0,72.24,42.56,54.9,3.07,0
256.37,2.7,14.01,0.71,56.54,43.57,45.21,3.44,0
271.39,2.62,12.29,1.51,47.35,77.72,43.11,2.37,0
302.68,2.53,12.49,0.55,65.4,62.53,53.52,3.52,0
175.51,2.9,9.71,4.81,61.86,45.46,37.36,1.2,0
276.3,1.16,13.03,2.42,65.28,94.49,59.98,0.79,0
237.93,3.43,14.1,0.4,63.38,75.68,45.04,4.0,0
257.5,1.18,12.32,2.29,57.48,68.24,41.34,0.83,0
297.7,1.85,10.72,4.9,58.18,51.63,22.03,0.75,0
196.26,2.36,10.91,1.86,63.43,78.58,49.76,1.9,0
204.43,2.9,12.55,1.89,37.61,73.23,45.37,2.31,0
162.91,0.7,12.12,3.03,70.96,58.4,37.77,0.41,0
225.29,2.48,14.26,3.31,60.4,76.33,34.95,1.36,0
309.87,2.98,10.8,1.66,44.85,75.69,60.13,2.56,0
244.57,3.1,8.95,4.37,57.22,64.11,32.03,1.38,0
189.69,2.08,12.9,0.93,70.82,42.8,43.49,2.39,0
228.14,2.32,10.81,1.39,58.48,44.68,40.35,2.2,0
183.05,2.13,13.96,1.3,46.22,36.23,46.88,2.09,0
199.37,2.26,12.02,2.92,39.71,79.87,20.78,1.36,0
267.5,1.88,13.64,5.28,84.58,38.09,46.73,0.72,0
197.18,1.97,9.46,4.08,34.13,60.51,56.0,0.92,0
300.07,2.76,12.36,1.09,59.04,36.14,20.98,2.95,0
246.8,2.58,10.25,8.18,47.96,85.25,30.52,0.68,1
253.85,2.79,8.95,0.77,67.51,42.56,45.65,3.47,0
237.47,2.63,9.85,0.8,40.4,64.84,38.66,3.2,0
284.78,2.92,10.64,0.83,74.3,36.48,46.8,3.51,0
285.24,3.03,15.11,1.21,53.5,73.06,47.44,3.08,0
265.08,1.45,10.57,3.58,52.36,76.27,42.25,0.75,0
275.42,1.99,8.82,3.53,51.24,60.26,57.63,1.04,0
240.46,2.36,12.33,0.82,47.89,59.01,47.52,2.85,0
274.4,2.49,12.07,0.95,50.58,72.16,26.74,2.83,0
234.8,2.1,10.77,3.03,63.62,50.86,47.01,1.23,0
250.1,3.05,11.6,1.07,34.34,76.33,39.67,3.28,0
237.64,3.69,14.44,0.86,46.01,64.45,45.48,4.0,0
229.43,2.61,13.68,4.61,72.94,36.4,51.68,1.11,0
218.99,2.55,13.46,0.4,53.91,87.7,56.15,3.86,0
271.05,3.01,9.04,2.92,48.13,62.76,40.84,1.8,0
308.98,1.38,19.22,2.91,39.7,54.93,48.38,0.83,1
302.7,2.52,14.63,2.79,40.96,62.48,29.2,1.56,0
193.45,3.09,13.29,1.38,66.79,49.22,35.36,2.93,0
308.01,2.11,9.09,1.18,45.13,57.71,34.37,2.17,0
235.68,1.76,14.37,4.47,64.65,71.84,50.34,0.77,0
277.03,2.39,10.75,5.24,43.23,70.32,57.27,0.92,0
209.22,2.46,11.51,1.31,53.49,69.3,71.89,2.41,0
256.39,1.95,7.8,1.02,54.17,50.98,48.61,2.15,0
264.12,3.76,8.9,0.4,45.96,47.09,51.24,4.0,0
183.19,2.21,13.1,4.17,55.92,65.82,22.7,1.02,0
277.37,1.81,14.52,2.78,29.61,71.56,22.12,1.12,0
310.57,2.44,13.71,3.28,53.94,49.01,31.31,1.35,0
242.14,3.04,13.63,2.95,60.34,56.58,27.46,1.81,0
311.21,2.51,11.84,1.67,44.98,65.89,45.12,2.15,0
241.46,2.79,10.98,2.53,57.56,58.56,57.36,1.84,0
288.23,1.98,12.72,2.61,56.84,77.36,40.12,1.28,0
150.16,3.39,14.05,4.87,57.32,40.38,33.44,1.39,0
358.85,2.84,12.01,4.83,38.86,38.21,43.05,1.17,0
317.3,3.13,15.03,0.61,56.14,76.44,32.81,4.0,0
237.19,2.72,11.46,0.4,34.33,69.26,34.57,4.0,0
161.26,2.99,9.55,0.4,47.45,61.36,38.05,4.0,0
262.96,1.98,11.97,1.47,54.95,54.99,43.88,1.82,0
185.02,2.21,12.26,5.13,57.5,67.06,23.33,0.86,0
270.02,3.31,11.79,2.8,40.49,62.83,19.7,2.04,0
268.52,3.44,15.2,3.45,51.59,64.49,31.4,1.83,0
207.64,1.81,14.01,1.75,64.53,58.99,45.22,1.51,0
300.44,2.65,8.42,0.45,43.24,68.03,27.35,3.9,0
286.25,2.24,15.84,5.04,29.16,73.78,58.34,0.89,0
293.91,2.08,5.15,5.45,61.35,73.56,48.52,0.78,0
250.4,2.67,17.38,1.43,43.69,66.86,46.69,2.49,0
186.3,3.18,11.28,0.74,47.33,59.94,48.55,4.0,0
294.0,2.77,11.53,1.65,56.57,66.67,44.27,2.39,0
237.83,2.31,11.85,4.23,55.93,77.93,45.07,1.05,0
187.46,2.81,12.96,2.43,67.26,57.68,52.42,1.91,0
310.84,2.28,12.0,1.8,52.1,55.91,50.0,1.87,0
344.47,2.75,11.67,3.94,55.82,67.4,43.0,1.32,0
248.14,3.34,15.27,2.24,34.69,71.07,59.24,2.39,0
347.16,1.25,13.41,1.08,62.54,58.49,40.77,1.34,0
254.11,2.98,9.6,2.47,46.7,66.76,35.45,2.0,0
232.88,1.58,13.85,0.4,93.77,47.4,25.17,2.39,0
221.63,3.24,13.31,7.29,52.44,59.84,32.78,0.95,1
323.67,2.12,10.64,3.41,60.09,83.29,52.02,1.14,0
214.89,1.77,13.98,0.4,62.65,69.12,39.66,2.68,0
283.09,2.92,11.61,1.43,53.94,50.29,44.79,2.72,0
224.84,2.72,11.45,2.75,60.24,52.3,40.81,1.7,0
229.29,1.9,11.38,2.84,82.07,41.35,27.97,1.16,0
296.36,1.75,5.93,3.32,45.95,84.35,37.12,0.96,0
232.9,2.39,10.68,1.71,28.08,45.08,31.66,2.02,0
231.78,1.78,13.78,6.7,39.37,22.06,35.65,0.56,0
300.98,1.86,11.94,7.25,66.97,38.9,31.12,0.55,1
321.88,2.57,8.79,4.18,49.25,60.8,44.82,1.18,0
279.01,1.92,14.41,2.45,82.98,49.24,48.12,1.3,0
220.54,2.76,11.25,0.73,63.73,61.94,40.35,3.48,0
227.02,3.39,8.95,2.31,47.16,65.12,20.1,2.38,0
253.6,2.41,17.52,8.11,45.66,50.64,26.47,0.64,1
264.44,2.58,9.37,2.58,49.64,46.2,46.46,1.68,0
205.55,3.71,14.2,2.34,30.23,73.66,32.44,2.59,0
282.54,1.79,10.08,2.01,58.33,64.48,32.45,1.37,0
253.85,3.21,12.34,1.18,63.32,19.86,40.69,3.31,0
172.79,3.14,9.74,1.09,43.39,36.94,32.13,3.36,0
208.2,3.01,8.9,3.76,36.38,33.11,18.79,1.5,0
227.31,3.28,13.31,3.27,44.07,57.61,30.76,1.81,0
246.72,2.67,13.01,0.58,66.97,63.04,35.96,3.64,0
335.02,2.15,14.86,5.66,64.64,57.43,34.45,0.78,0
260.72,3.16,11.91,3.39,57.58,50.57,47.01,1.7,0
212.17,3.18,17.55,7.87,74.7,75.33,40.89,0.87,1
259.93,3.16,12.67,1.19,34.73,64.81,40.18,3.25,0
234.16,2.53,13.42,3.96,52.5,46.32,51.57,1.21,0
264.61,2.07,8.6,0.88,61.72,47.29,24.4,2.43,0
276.13,2.61,10.46,0.4,64.48,48.57,55.65,3.96,0
304.42,3.07,13.3,3.99,64.65,54.79,56.51,1.46,0
248.91,3.11,11.79,0.85,63.69,60.53,38.84,3.7,0
323.75,2.24,12.47,2.92,70.83,66.2,36.07,1.34,0
290.86,2.69,9.96,2.6,64.13,47.65,53.43,1.75,0
218.17,1.71,12.3,1.59,41.15,39.65,37.36,1.51,0
349.44,3.09,12.3,0.87,49.54,65.9,43.53,3.64,0
264.71,2.03,9.05,3.75,34.66,72.43,42.78,1.01,0
212.42,2.97,13.61,2.01,66.96,85.65,44.89,2.28,0
324.38,1.81,7.75,0.4,69.34,66.07,29.0,2.74,0
343.5,3.12,12.46,2.3,40.36,49.05,44.4,2.2,0
248.51,2.69,16.41,0.45,50.44,69.16,31.18,3.96,0
227.34,2.03,13.7,1.52,33.93,57.74,34.01,1.83,0
242.24,2.91,13.69,2.23,53.55,39.82,49.29,2.09,0
282.16,2.15,9.76,0.4,45.08,59.27,34.97,3.25,0
307.5,2.95,16.42,1.15,40.99,64.24,33.62,3.07,0
275.67,2.34,15.44,1.7,54.7,81.5,42.04,1.98,0
254.58,1.47,9.89,3.49,77.58,61.07,53.47,0.77,0
317.41,1.91,10.81,4.4,64.54,47.77,64.05,0.85,0
235.92,2.24,15.14,2.72,51.98,31.7,51.42,1.41,0
296.39,3.32,16.49,4.96,54.42,41.56,51.29,1.34,0
237.04,3.04,8.84,3.29,77.54,45.45,39.76,1.68,0
269.4,3.47,9.49,0.4,70.1,84.99,65.6,4.0,0
244.89,3.49,11.64,3.74,51.27,57.14,41.99,1.75,0
247.49,2.18,6.57,0.58,61.01,58.66,39.64,2.98,0
233.02,2.39,12.05,4.22,43.02,76.52,43.83,1.09,0
310.52,2.25,14.96,3.95,55.3,69.04,42.64,1.08,0
217.02,2.1,8.4,2.49,64.17,56.07,26.86,1.4,0
216.69,1.4,12.32,2.01,67.24,77.2,33.03,1.07,0
345.44,2.49,10.55,1.9,47.32,49.74,43.81,1.98,0
294.0,1.73,16.1,3.46,67.02,64.25,32.11,0.92,0
142.67,2.48,10.58,1.31,56.78,41.17,46.48,2.42,0
224.56,3.77,15.8,1.41,51.54,63.9,40.36,3.55,0
168.46,2.19,10.51,2.03,77.91,75.27,49.37,1.67,0
207.22,2.62,13.93,0.98,50.68,73.07,38.76,2.93,0
108.77,3.04,12.63,1.9,41.7,73.53,44.82,2.42,0
243.84,2.67,11.65,4.63,46.93,103.32,21.88,1.13,0
198.61,2.68,10.02,0.72,63.71,55.99,23.91,3.39,0
252.7,2.28,12.81,0.4,43.16,46.44,31.97,3.46,0
176.87,2.36,10.9,0.96,64.95,66.84,43.11,2.67,0
253.73,1.92,10.28,3.38,44.76,46.8,32.19,1.04,0
231.33,3.01,15.68,2.44,54.1,43.01,47.28,2.04,0
317.59,1.46,13.37,0.55,81.52,56.21,43.87,2.02,0
313.51,3.08,13.61,2.88,44.41,89.7,35.41,1.87,0
285.34,1.66,11.02,2.5,30.76,70.34,42.24,1.1,0
235.3,3.08,11.54,4.49,71.41,65.71,35.56,1.34,0
339.34,2.29,11.38,3.31,38.2,34.91,43.15,1.25,0
180.11,1.76,12.84,4.22,45.25,50.66,34.9,0.81,0
186.84,2.85,13.6,0.86,63.74,81.49,43.96,3.37,0
246.23,3.06,11.92,0.58,63.26,55.95,53.61,4.0,0
351.43,2.24,10.02,1.22,26.51,92.92,27.64,2.26,0
240.89,2.93,13.9,1.26,50.88,66.72,33.06,2.92,0
241.75,1.13,12.08,1.69,65.23,57.74,33.47,0.96,0
185.11,1.71,8.4,0.7,79.34,55.29,43.11,2.19,0
292.57,3.28,6.66,1.06,40.13,59.02,48.38,3.54,0
292.89,2.37,12.74,6.5,67.82,38.22,22.6,0.76,0
285.51,1.38,9.93,2.39,47.06,74.6,38.17,0.95,0
221.69,2.08,13.08,2.12,67.5,66.63,40.28,1.54,0
218.2,1.95,10.06,2.85,42.52,56.16,48.82,1.19,0
191.81,2.4,12.33,0.66,52.24,58.33,31.04,3.15,0
253.77,2.28,11.05,0.47,59.65,72.15,47.3,3.31,0
201.38,2.61,16.38,2.07,66.45,90.45,42.93,1.96,0
197.02,2.46,14.38,0.4,61.84,82.97,57.74,3.72,0
230.93,3.32,15.37,0.85,49.85,62.79,61.94,3.95,0
227.99,2.75,12.06,0.4,48.97,47.66,47.96,4.0,0
225.79,2.77,14.06,3.88,76.35,37.0,37.4,1.35,0
270.99,3.2,12.23,2.49,58.33,61.84,44.91,2.14,0
253.56,2.27,15.67,1.21,49.29,48.25,45.81,2.3,0
237.03,1.74,11.82,7.59,61.46,62.33,45.27,0.49,1
258.24,3.22,8.51,4.16,62.47,64.36,44.2,1.49,0
205.38,2.58,7.0,2.27,38.76,70.75,45.34,1.83,0
254.74,2.58,16.17,4.82,60.84,42.43,50.5,1.06,0
256.78,2.12,13.2,1.8,36.92,46.69,61.98,1.74,0
182.36,2.13,13.36,2.41,47.26,55.29,21.91,1.46,0
294.81,3.01,15.72,2.18,43.16,63.91,53.0,2.19,0
210.34,3.09,7.87,1.58,53.45,63.02,41.42,2.73,0
254.06,2.97,11.1,1.66,49.75,98.67,32.1,2.55,0
302.4,2.98,11.41,7.5,52.6,26.11,26.49,0.85,1
291.66,2.84,13.86,2.96,32.26,76.65,43.06,1.69,0
251.55,2.58,10.27,5.07,54.09,75.88,40.36,1.02,0
233.69,2.39,9.0,0.76,41.78,46.27,29.21,2.98,0
292.64,3.23,8.97,1.45,82.4,52.92,39.69,2.98,0
280.36,2.28,14.87,0.73,50.2,86.42,50.37,2.87,0
222.17,2.72,10.14,4.14,51.91,50.67,55.52,1.26,0
214.23,2.02,10.62,4.46,63.34,50.92,41.27,0.88,0
156.74,2.1,13.59,2.84,70.87,61.8,41.24,1.29,0
256.93,2.36,10.25,9.42,40.87,67.69,46.23,0.55,1
246.28,2.02,7.74,4.37,61.88,74.96,51.65,0.9,0
301.13,2.98,8.05,2.2,66.6,75.61,41.83,2.16,0
266.16,1.69,11.86,2.1,57.22,71.73,43.5,1.26,0
310.04,2.56,13.24,2.93,56.98,31.38,36.01,1.53,0
218.62,2.58,11.49,4.55,48.86,59.38,38.42,1.11,0
301.22,1.41,13.08,3.13,51.13,69.97,33.64,0.81,0
226.2,2.24,7.97,1.4,53.71,70.27,29.65,2.11,0
284.99,2.65,8.14,1.39,49.89,49.35,27.95,2.52,0
184.36,2.76,17.63,2.61,65.66,44.66,31.38,1.78,0
260.58,2.38,15.08,1.24,44.54,43.63,30.69,2.39,0
160.69,2.91,13.92,5.44,65.27,66.98,42.99,1.09,0
237.98,2.43,10.35,2.64,70.93,75.11,44.48,1.56,0
269.82,2.51,11.4,0.59,59.44,62.13,35.79,3.4,0
226.56,2.65,12.0,1.97,33.53,43.95,31.61,2.06,0
202.73,3.06,15.29,2.2,62.35,62.69,61.52,2.21,0
288.08,2.09,13.01,4.45,47.28,45.72,35.59,0.92,0
245.34,2.21,13.31,2.02,48.67,48.95,34.07,1.69,0
227.97,2.1,11.58,8.33,59.34,54.47,24.27,0.55,1
251.89,2.3,13.98,3.3,68.26,48.02,45.17,1.26,0
368.65,3.36,12.76,0.58,35.06,43.05,58.19,4.0,0
301.91,2.84,12.11,1.62,55.69,83.24,38.13,2.48,0
302.32,1.82,10.14,1.32,78.9,31.68,36.53,1.77,0
269.6,2.14,11.72,2.21,41.81,51.13,42.77,1.55,0
257.49,2.72,9.3,6.77,52.6,56.76,43.08,0.85,0
142.18,1.96,11.9,1.05,47.61,78.42,15.04,2.13,0
219.45,2.06,12.22,0.4,63.44,64.42,46.48,3.13,0
228.37,3.31,5.99,1.72,39.99,55.78,58.75,2.78,0
165.63,2.13,11.42,1.24,36.15,48.88,40.56,2.14,0
197.92,3.07,9.06,2.86,64.98,77.21,38.91,1.87,0
160.86,3.25,13.25,0.4,57.86,47.9,47.95,4.0,0
248.28,2.06,13.59,4.79,40.77,63.17,46.76,0.85,0
286.84,1.97,10.93,2.6,54.18,57.46,41.73,1.28,0
299.8,2.33,13.37,2.62,39.62,67.2,47.73,1.51,0
268.67,1.85,13.48,2.11,66.07,83.57,48.2,1.37,0
206.65,2.57,11.43,0.49,58.34,70.58,28.27,3.7,0
163.06,2.38,15.84,2.18,46.42,58.07,28.51,1.73,0
170.94,2.72,10.19,1.36,48.04,85.14,27.09,2.61,0
192.9,3.34,15.68,0.4,49.49,83.7,24.86,4.0,0
210.0,2.99,11.44,1.17,42.1,77.09,48.11,3.09,0
242.81,2.79,9.89,3.96,71.08,64.23,48.13,1.34,0
204.36,1.32,11.12,3.62,68.96,48.43,44.48,0.68,0
265.25,2.77,9.25,3.4,50.18,24.51,56.62,1.49,0
239.55,3.53,13.96,3.0,51.23,63.17,36.92,2.08,0
250.47,0.69,7.99,2.99,41.52,71.61,33.1,0.41,0
301.31,2.91,15.47,4.12,53.07,39.94,41.23,1.36,0
196.89,2.4,9.66,1.49,60.87,66.23,51.42,2.19,0
268.84,1.99,14.09,3.31,69.17,53.32,34.09,1.09,0
249.37,2.98,12.06,3.6,44.25,67.65,59.42,1.53,0
234.99,3.53,12.68,5.48,34.78,50.75,39.28,1.31,0
289.84,2.97,10.52,4.5,42.91,49.11,45.13,1.29,0
289.56,2.28,12.88,5.52,61.67,59.08,41.63,0.84,0
207.41,1.93,12.34,2.76,54.48,42.35,36.03,1.21,0
241.8,2.59,8.36,5.37,66.91,74.42,49.1,0.98,0
262.65,3.02,9.59,1.76,55.5,60.3,15.0,2.51,0
237.71,2.27,10.65,0.57,74.39,42.83,36.61,3.11,0
276.33,2.33,10.11,4.04,35.97,50.77,47.95,1.1,0
262.65,4.19,15.13,1.95,25.12,68.85,25.48,3.27,0
332.47,3.15,12.02,1.31,71.24,55.48,32.99,3.07,0
181.14,3.19,10.05,3.87,45.45,70.65,35.07,1.56,0
244.49,1.62,10.77,2.37,56.65,45.07,36.7,1.12,0
209.12,2.08,10.74,1.1,56.61,55.8,33.98,2.21,0
277.18,2.54,11.28,1.17,58.92,58.92,29.81,2.63,0
177.23,1.9,9.31,1.77,49.32,93.4,39.29,1.57,0
265.58,3.46,9.97,3.0,43.58,49.08,48.06,2.03,0
221.65,3.35,13.92,1.46,42.62,69.4,43.82,3.09,0
216.96,2.18,12.46,1.64,62.24,67.07,50.27,1.89,0
184.91,3.57,11.62,4.04,64.26,86.22,37.99,1.69,0
229.07,2.5,12.01,2.88,52.0,80.39,52.59,1.51,0
298.8,4.05,11.89,0.67,47.84,53.06,27.24,4.0,0
248.87,2.59,11.48,1.17,61.82,44.26,53.11,2.67,0
278.25,2.85,13.29,1.28,37.22,38.76,50.92,2.81,0
324.91,3.34,13.11,1.74,78.4,63.54,24.22,2.79,0
261.87,3.27,8.07,2.5,60.43,75.21,44.68,2.18,0
224.85,2.81,11.67,2.69,53.09,77.16,38.74,1.78,0
271.03,2.42,8.24,2.09,64.96,56.08,38.94,1.81,0
225.51,2.81,13.59,3.84,62.57,60.67,40.66,1.38,0
227.3,2.01,13.92,1.54,57.82,81.39,33.81,1.8,0
181.6,2.59,10.47,1.82,32.32,48.55,49.39,2.11,0
291.68,1.83,11.71,1.28,59.93,22.87,40.04,1.81,0
232.63,1.43,6.72,3.79,72.47,77.3,28.75,0.71,0
258.19,2.53,14.43,0.84,48.34,42.59,39.62,3.03,0
203.38,3.26,13.77,1.6,66.5,55.64,35.26,2.86,0
269.62,3.06,14.88,4.68,65.19,66.85,46.16,1.29,0
215.71,2.45,15.72,1.91,58.53,53.07,26.85,1.94,0
243.62,3.55,8.94,0.4,57.04,76.21,60.03,4.0,0
289.5,2.16,14.22,0.75,61.72,100.07,41.21,2.69,0
285.58,1.35,15.7,3.33,59.99,47.89,27.64,0.74,0
249.01,1.19,8.26,3.21,77.69,62.01,37.98,0.67,0
170.43,1.79,11.57,6.75,66.6,60.07,35.17,0.56,0
384.68,2.99,11.09,0.55,63.49,64.69,32.05,4.0,0
328.56,2.12,14.14,4.64,67.69,50.95,44.25,0.9,0
282.52,2.78,6.02,5.39,63.49,50.25,62.3,1.05,0
216.11,3.49,16.54,1.4,30.03,50.6,58.69,3.29,0
244.89,1.84,11.72,1.37,53.6,53.08,42.01,1.75,0
225.55,2.79,14.29,2.37,47.57,53.32,32.19,1.92,0
306.87,2.82,11.85,3.89,58.94,22.42,42.8,1.37,0
261.81,1.98,13.23,0.58,48.32,61.33,47.38,2.71,0
214.71,3.31,6.2,3.09,62.09,55.48,42.04,1.91,0
228.82,2.33,11.04,0.54,49.95,49.22,47.45,3.25,0
300.45,2.27,14.12,3.56,75.37,61.4,44.44,1.18,0
322.0,3.77,12.72,1.77,74.8,59.92,42.85,3.12,0
318.77,2.81,7.91,0.7,37.64,54.03,27.84,3.61,0
284.07,3.06,12.15,1.69,58.87,60.13,38.7,2.6,0
238.63,3.31,9.95,0.4,49.46,51.27,59.11,4.0,0
104.13,2.11,9.74,1.13,58.02,42.47,44.9,2.22,0
263.37,3.25,8.2,2.57,62.04,89.42,51.68,2.13,0
249.92,2.2,13.55,6.19,39.65,52.56,60.11,0.74,0
256.3,2.17,14.78,1.6,43.32,63.98,28.21,1.91,0
252.43,2.34,17.3,2.7,44.81,98.95,65.99,1.48,0
190.32,2.13,8.31,2.79,48.38,53.79,49.73,1.32,0
275.08,2.99,13.92,1.01,48.73,66.9,51.62,3.31,0
278.45,2.66,14.08,2.46,64.56,94.9,33.3,1.79,0
280.71,2.21,10.55,0.4,57.67,35.25,47.24,3.34,0
292.6,2.9,9.71,0.4,44.55,80.01,31.99,4.0,0
277.18,2.33,9.29,1.12,51.16,63.33,41.5,2.46,0
231.55,2.3,10.68,0.64,26.56,52.42,43.37,3.05,0
246.81,2.53,12.51,2.96,79.24,60.73,37.61,1.5,0
254.1,2.78,15.4,3.3,55.22,54.57,51.51,1.53,0
254.85,2.73,14.76,0.4,66.91,83.64,34.8,4.0,0
294.92,2.28,7.96,1.39,64.52,59.76,19.88,2.16,0
278.97,3.01,10.03,0.67,54.57,70.47,37.56,3.91,0
343.48,2.37,15.25,5.35,26.42,52.07,52.54,0.9,0
349.29,2.11,10.17,1.23,48.3,64.39,64.56,2.13,0
253.58,1.62,11.86,1.1,59.24,54.26,53.16,1.72,0
77.35,3.09,7.74,0.91,55.73,38.7,50.67,3.57,0
305.66,2.51,14.88,1.29,67.48,79.63,36.21,2.47,0
225.68,2.63,7.22,6.27,54.98,65.22,63.03,0.87,1
213.93,3.13,7.89,0.68,77.1,71.57,46.84,4.0,0
232.07,2.21,14.63,0.65,42.28,49.07,47.23,2.91,0
229.9,1.68,16.8,0.4,61.21,77.77,46.28,2.54,0
277.55,2.54,11.27,5.96,42.65,67.02,28.42,0.88,0
179.83,2.68,11.88,0.99,65.97,62.25,43.84,2.99,0
201.5,2.34,14.27,1.28,45.96,75.44,25.45,2.32,0
265.44,3.38,12.72,2.44,33.92,55.06,48.27,2.29,0
278.03,1.01,11.07,0.4,37.16,79.42,43.36,1.53,0
278.87,3.17,10.79,1.87,49.34,50.07,33.68,2.54,0
214.58,2.97,8.08,1.58,73.7,60.5,51.26,2.62,0
205.98,2.77,12.58,2.8,63.9,45.95,36.42,1.71,0
227.2,0.5,11.77,1.67,60.36,42.78,36.66,0.43,0
260.79,3.27,10.91,2.89,54.22,53.01,45.34,1.97,0
316.85,1.88,9.5,3.78,41.48,57.59,39.84,0.94,0
157.87,2.2,9.75,0.95,43.81,68.28,42.33,2.49,0
240.07,2.4,13.55,4.72,48.38,50.35,50.32,1.0,0
190.03,2.74,14.2,2.44,47.29,68.8,32.62,1.86,0
175.65,2.88,11.18,0.4,47.12,55.2,31.77,4.0,0
293.51,3.04,10.92,5.87,43.58,52.59,37.67,1.07,0
274.51,2.99,9.87,1.72,55.07,69.44,39.37,2.52,0
270.22,2.65,14.34,3.58,45.98,51.83,46.42,1.37,0
291.45,2.75,12.08,2.86,68.58,87.38,59.42,1.67,0
228.41,1.85,12.92,0.6,68.46,66.48,39.57,2.49,0
230.53,2.05,12.9,1.04,62.21,39.49,40.36,2.24,0
348.36,3.04,11.23,1.66,60.83,58.21,33.48,2.61,0
238.9,3.0,9.09,3.57,36.37,50.29,32.27,1.56,0
283.08,2.93,9.51,2.17,82.49,35.38,46.77,2.15,0
250.29,2.19,14.82,1.67,51.62,75.87,40.39,1.88,0
166.83,3.05,10.19,2.15,64.52,76.21,52.47,2.24,0
157.99,1.8,10.97,0.4,65.0,49.13,51.38,2.73,0
223.95,3.15,9.16,1.57,42.51,70.66,48.69,2.79,0
297.52,2.34,8.96,1.63,47.47,73.15,25.39,2.03,0
285.47,3.51,10.08,1.56,59.77,59.81,46.83,3.12,0
291.13,1.59,16.22,5.57,36.45,74.28,30.65,0.58,1
205.58,3.56,13.65,8.55,53.93,64.42,21.16,0.91,1
322.71,2.28,10.68,0.57,26.26,77.18,42.21,3.14,0
206.58,2.27,14.71,1.02,55.12,42.41,53.58,2.51,0
259.58,2.62,11.62,4.59,71.5,62.22,47.12,1.12,0
249.53,2.08,15.39,2.8,54.97,63.02,31.18,1.29,0
242.18,2.46,17.53,3.24,37.44,42.65,67.96,1.37,0
310.24,2.06,14.57,1.35,48.37,44.09,48.17,1.98,0
218.27,2.08,12.24,1.99,62.38,36.24,31.58,1.6,0
189.27,2.79,13.75,2.57,57.0,60.68,19.54,1.83,0
250.9,1.96,12.04,8.39,60.42,53.39,37.95,0.51,1
232.01,2.04,7.41,3.09,52.93,40.64,20.36,1.18,0
401.98,1.68,10.36,4.12,45.81,78.26,29.7,0.78,0
280.44,2.2,9.62,1.74,56.51,66.0,23.01,1.84,0
231.58,3.29,10.31,3.25,55.82,49.13,32.46,1.83,0
202.47,1.99,16.48,3.77,67.33,63.05,34.66,0.99,0
165.39,2.06,14.81,2.74,49.36,56.43,31.26,1.29,0
203.87,2.62,13.1,0.41,55.58,36.56,63.0,3.94,0
255.17,2.28,14.03,0.87,53.26,64.11,38.13,2.69,0
314.23,3.84,7.27,1.83,82.29,84.6,53.28,3.12,0
300.48,2.4,13.82,2.49,45.96,81.18,45.69,1.6,0
260.31,2.7,14.35,3.08,50.38,61.55,37.93,1.56,0
235.46,3.07,6.4,0.65,43.51,53.46,35.22,4.0,0
262.1,3.05,13.91,1.52,70.65,68.44,53.51,2.75,0
226.66,2.64,8.44,2.44,71.54,64.0,29.64,1.79,0
327.33,2.4,7.07,2.97,52.4,57.92,33.73,1.42,0
241.49,3.71,15.32,2.44,69.23,87.9,33.58,2.52,0
246.11,2.44,9.48,1.05,58.94,54.06,40.75,2.66,0
150.29,2.23,10.21,0.65,63.42,74.36,30.91,2.94,0
241.21,2.11,14.47,2.12,43.06,62.16,49.37,1.57,0
287.64,1.46,11.24,7.35,56.94,62.23,50.75,0.43,1
201.95,2.99,11.55,1.37,77.47,35.24,32.82,2.86,0
216.22,1.09,11.49,2.58,72.73,76.52,45.27,0.71,0
285.67,2.5,12.87,0.76,64.66,72.55,31.6,3.1,0
183.55,2.38,11.43,1.61,66.41,62.82,41.79,2.08,0
297.6,3.84,12.29,3.63,84.2,75.52,51.7,1.97,0
226.05,1.4,10.74,1.2,64.43,66.23,41.03,1.43,0
232.51,1.96,12.88,1.71,47.06,40.54,38.95,1.65,0
199.43,2.42,12.78,0.8,69.56,45.44,62.88,2.95,0
267.01,2.38,16.74,3.85,54.11,59.09,43.6,1.17,0
360.69,2.17,11.05,2.69,60.87,34.63,31.57,1.38,0
285.17,2.45,11.54,1.9,56.42,76.84,30.79,1.94,0
211.11,1.74,12.6,0.75,46.49,56.77,62.79,2.18,0
301.1,2.71,14.41,0.87,58.7,62.05,32.59,3.2,0
235.75,1.11,9.27,0.59,66.6,45.28,32.99,1.51,0
311.85,2.48,12.26,1.53,63.87,69.7,40.27,2.24,0
286.3,2.14,5.73,0.58,60.76,57.86,47.32,2.92,0
117.56,3.11,11.32,1.88,52.59,55.11,27.59,2.49,0
204.82,3.55,14.68,3.27,35.09,81.16,37.21,1.96,0
292.5,2.3,10.18,1.68,54.43,79.64,26.59,1.96,0
256.82,3.33,12.44,0.95,61.65,71.25,38.47,3.78,0
203.93,2.31,10.68,2.26,29.09,63.14,48.22,1.64,0
221.49,1.92,9.85,0.4,54.2,52.26,37.49,2.91,0
164.22,3.55,14.43,0.86,53.86,55.67,59.69,4.0,0
246.02,2.81,9.39,2.0,44.02,54.98,31.53,2.16,0
349.48,2.5,12.73,0.77,64.13,65.88,42.18,3.09,0
286.22,2.91,12.77,2.14,66.33,59.52,53.07,2.15,0
348.57,2.66,9.87,1.84,76.77,59.9,50.09,2.16,0
289.71,2.46,12.39,5.65,54.66,83.11,66.43,0.89,0
296.24,1.7,9.66,1.51,70.5,77.16,43.24,1.55,0
338.83,2.34,13.3,5.36,45.17,48.28,31.05,0.88,0
266.98,2.87,8.71,1.89,50.55,64.45,40.84,2.29,0
241.57,2.43,11.15,0.68,63.15,48.36,31.62,3.14,0
296.47,3.04,11.37,1.43,47.13,69.04,41.21,2.83,0
315.42,2.73,14.78,3.51,53.05,88.94,52.34,1.43,0
228.4,1.97,12.35,3.08,65.07,54.66,46.97,1.14,0
217.53,1.71,14.39,2.58,54.93,71.86,38.96,1.12,0
256.25,2.41,13.39,6.32,43.96,84.2,33.13,0.79,0
287.42,2.19,13.37,3.13,47.93,57.96,43.25,1.25,0
285.91,2.7,11.17,1.07,51.72,67.41,45.3,2.91,0
185.91,2.07,14.55,0.54,62.05,85.72,27.46,2.88,0
336.02,2.13,11.11,2.75,51.1,45.96,29.81,1.33,0
221.15,3.13,7.68,3.35,25.61,44.45,37.1,1.7,0
238.07,2.59,11.46,0.84,64.44,41.34,26.68,3.1,0
209.38,2.08,13.13,3.09,62.75,71.32,21.89,1.2,0
371.42,2.51,7.98,2.87,42.21,44.8,29.69,1.52,0
260.89,3.33,9.79,1.23,41.4,68.4,43.83,3.36,0
211.71,2.68,8.92,3.18,71.21,80.39,41.02,1.51,0
288.88,2.86,13.97,1.66,52.11,50.07,35.55,2.46,0
284.61,2.05,16.18,1.53,64.04,48.57,30.64,1.84,0
241.55,3.12,11.48,6.03,46.67,70.05,43.69,1.07,0
287.83,3.89,13.33,1.12,62.86,60.72,43.16,4.0,0
212.86,2.03,13.26,1.41,43.93,24.56,52.43,1.9,0
227.82,1.79,15.88,1.22,60.07,82.98,15.0,1.81,0
159.54,2.61,10.37,4.77,59.28,68.28,22.54,1.08,0
190.42,3.03,11.45,1.71,30.22,54.29,49.38,2.56,0
331.34,2.45,11.15,5.06,56.49,53.69,44.74,0.97,0
323.86,1.87,12.19,2.55,46.38,70.5,49.34,1.23,0
252.96,2.43,18.26,0.73,68.12,59.33,31.08,3.08,0
324.83,2.86,12.08,1.88,57.82,60.86,36.11,2.28,0
242.8,2.26,9.86,4.19,52.03,62.26,27.22,1.04,0
239.05,2.86,9.11,2.06,73.23,47.71,16.65,2.17,0
252.54,3.2,15.13,0.4,32.16,54.59,41.4,4.0,0
244.38,2.64,9.85,1.01,78.13,57.18,54.16,2.92,0
240.32,2.48,13.66,4.79,77.51,48.59,38.32,1.03,0
301.45,3.0,10.3,1.83,50.32,64.12,32.84,2.43,0
256.76,1.99,8.83,1.36,65.66,67.26,28.8,1.9,0
282.06,1.93,13.51,2.52,60.82,85.3,51.14,1.28,0
296.41,2.34,10.42,4.07,25.18,48.59,40.81,1.1,0
267.47,2.2,13.06,2.93,53.66,73.36,41.21,1.32,0
206.34,2.02,13.25,2.53,39.82,81.37,25.56,1.33,0
189.12,3.6,13.37,3.52,38.73,74.24,30.83,1.89,0
256.7,3.8,11.33,0.77,51.56,52.53,47.35,4.0,0
242.29,2.29,13.72,1.08,51.98,55.36,34.74,2.45,0
253.93,2.56,9.69,6.19,69.59,82.77,33.48,0.86,0
249.28,2.39,5.86,1.84,45.97,57.2,65.1,1.93,0
366.26,3.16,13.77,0.69,50.26,59.55,40.7,4.0,0
190.14,3.28,12.41,0.8,71.41,52.7,38.28,4.0,0
160.45,1.43,10.47,3.42,52.8,71.61,38.64,0.77,0
264.96,2.79,8.32,1.62,48.84,23.09,33.22,2.43,0
233.06,1.72,6.91,2.0,65.28,47.85,39.27,1.32,0
264.22,3.55,12.13,2.03,61.37,45.3,59.4,2.71,0
276.27,2.76,16.12,1.19,56.2,83.83,44.13,2.83,0
307.78,2.01,11.65,2.87,66.09,63.48,24.05,1.22,0
182.17,2.36,11.1,4.38,40.03,56.97,35.63,1.05,0
224.95,2.33,11.94,0.4,48.02,56.94,41.04,3.53,0
269.29,2.82,17.45,2.15,78.98,39.28,24.94,2.07,0
284.67,3.13,13.88,4.76,25.0,80.34,35.32,1.3,0
348.71,1.81,9.67,0.4,46.93,54.73,30.39,2.74,0
293.01,3.6,12.07,1.76,40.8,68.9,36.04,2.99,0
247.44,3.46,12.83,1.81,55.85,50.15,40.7,2.83,0
209.93,1.97,9.36,4.6,62.26,59.1,46.99,0.84,0
224.61,2.54,13.9,0.67,68.28,46.22,28.46,3.32,0
223.33,3.53,9.96,6.02,50.08,56.28,39.14,1.21,0
279.49,3.24,8.22,3.82,43.93,75.61,36.73,1.6,0
261.56,2.3,12.19,0.4,37.58,61.59,37.8,3.48,0
190.44,2.99,11.79,7.69,55.58,65.61,31.81,0.84,1
230.38,4.3,12.0,3.15,80.53,60.94,39.53,2.44,0
289.49,2.56,10.09,1.39,47.95,84.47,44.94,2.42,0
265.82,2.12,10.44,0.63,54.14,47.75,26.08,2.82,0
275.59,2.6,14.82,3.67,56.63,57.93,57.28,1.32,0
267.23,2.65,13.1,4.06,49.93,62.82,49.42,1.25,0
323.19,2.19,9.61,1.08,72.08,45.06,24.25,2.34,0
260.62,2.76,7.12,0.43,69.51,61.9,54.47,4.0,0
232.63,1.75,9.71,4.04,64.82,60.44,55.15,0.83,0
208.79,2.1,12.39,2.01,66.53,61.71,34.97,1.61,0
261.23,2.95,10.42,1.55,46.78,61.77,42.06,2.64,0
140.17,1.45,10.23,4.2,41.23,49.93,40.9,0.66,0
241.71,3.04,10.53,1.76,46.87,35.63,26.23,2.53,0
240.74,1.29,11.82,1.41,58.36,62.75,50.27,1.22,0
188.6,1.46,13.96,1.94,51.11,46.6,21.19,1.14,0
208.23,2.2,12.0,0.4,61.83,58.61,42.89,3.33,0
286.43,2.67,12.15,1.99,56.3,48.77,55.68,2.06,0
260.38,3.3,11.44,5.29,38.93,37.79,23.11,1.26,0
254.58,2.53,10.75,2.21,69.89,65.41,37.07,1.83,0
263.79,2.35,14.24,1.63,48.86,70.51,51.4,2.04,0
254.17,2.85,13.86,4.27,64.44,76.55,44.02,1.29,0
305.93,1.98,17.11,2.75,44.83,53.29,48.33,1.23,0
255.55,2.58,13.53,3.68,44.43,60.6,33.13,1.31,0
184.38,1.78,10.75,1.86,43.85,65.11,30.59,1.43,0
323.36,2.55,9.74,0.74,37.82,75.32,38.0,3.21,0
266.67,2.42,14.38,2.25,38.11,33.75,42.65,1.73,0
223.48,2.02,9.96,4.54,59.57,37.97,46.0,0.87,0
193.6,2.6,14.02,3.93,43.87,80.82,44.45,1.25,0
267.82,2.6,10.1,0.4,59.15,34.72,49.79,3.93,0
244.73,3.21,12.87,3.33,56.22,73.76,41.16,1.75,0
320.84,1.54,9.35,2.53,65.56,79.97,29.52,1.02,0
234.43,2.45,13.95,1.81,42.78,72.05,26.45,2.01,0
212.32,2.04,8.92,0.59,67.73,44.95,47.58,2.78,0
290.31,3.02,12.68,3.63,44.13,46.62,50.06,1.55,0
291.64,2.95,11.51,1.42,25.0,59.14,59.71,2.76,0
257.59,2.8,12.25,0.58,57.28,86.27,64.24,3.84,0
280.44,2.08,11.01,1.95,44.5,86.15,49.72,1.63,0
248.3,3.03,10.95,0.48,73.0,64.48,43.67,4.0,0
260.52,1.58,12.39,1.98,58.61,36.08,35.8,1.22,0
302.42,1.46,9.49,1.01,53.98,62.43,31.26,1.61,0
278.14,1.73,9.48,4.71,57.42,56.88,40.67,0.73,0
242.38,2.48,11.1,1.87,49.03,60.34,38.95,1.99,0
310.86,2.91,11.01,2.93,75.21,35.15,59.05,1.74,0
143.58,0.71,9.49,4.54,48.42,63.66,45.86,0.31,0
342.34,3.29,14.31,2.34,60.56,37.45,37.7,2.29,0
173.23,2.58,11.16,3.02,45.17,22.05,31.18,1.51,0
221.78,1.56,11.43,9.56,55.02,63.37,45.34,0.36,1
248.16,2.56,8.68,3.42,40.16,88.78,41.38,1.37,0
243.41,3.16,17.18,3.02,57.74,47.47,35.49,1.85,0
295.29,2.86,18.07,0.65,55.78,52.91,33.14,3.75,0
202.4,3.16,10.05,2.13,61.59,73.44,45.49,2.33,0
261.73,1.68,15.07,7.83,60.62,77.44,35.93,0.46,1
223.98,2.25,11.77,2.94,55.35,61.58,36.77,1.34,0
263.28,1.95,16.01,2.47,79.47,49.37,35.15,1.31,0
247.09,3.53,12.84,1.79,54.78,79.89,68.34,2.9,0
254.18,2.88,12.25,1.07,55.47,41.55,41.58,3.1,0
225.25,4.21,5.75,0.92,53.98,52.18,31.77,4.0,0
227.05,2.22,9.8,2.13,57.43,68.82,15.0,1.64,0
262.93,2.07,12.05,2.92,51.57,36.47,23.59,1.24,0
292.47,2.41,12.5,0.99,50.58,65.83,37.07,2.7,0
223.08,3.33,8.96,0.96,64.02,77.08,56.95,3.77,0
210.91,2.28,10.18,0.43,54.42,85.15,62.87,3.4,0
277.61,2.57,13.38,2.98,67.65,54.15,37.62,1.52,0
248.54,2.56,8.54,2.57,32.27,53.4,43.64,1.67,0
287.37,2.52,12.33,3.35,73.27,70.72,38.35,1.37,0
209.24,2.11,15.09,0.51,65.74,50.73,44.55,2.99,0
169.93,2.42,12.96,0.9,54.38,55.37,37.6,2.81,0
226.01,2.39,12.84,0.4,54.07,64.83,34.43,3.62,0
215.51,2.5,6.95,0.81,62.69,65.58,33.43,3.02,0
246.45,3.07,9.95,0.94,42.68,31.39,47.1,3.5,0
221.34,3.56,17.14,3.58,55.46,42.5,53.03,1.84,0
283.35,2.0,10.5,3.81,56.86,32.5,35.51,0.99,0
237.03,2.26,15.16,1.48,30.47,34.98,47.27,2.08,0
256.77,2.0,10.47,8.51,59.18,43.22,41.57,0.51,1
257.09,2.61,11.31,4.22,38.77,56.67,36.18,1.19,0
258.77,2.18,13.29,1.85,68.0,58.12,46.78,1.75,0
248.91,2.64,12.25,1.59,71.06,27.72,53.48,2.33,0
272.98,3.16,12.95,1.8,73.13,46.0,31.76,2.59,0
214.2,0.98,9.95,0.4,51.13,37.23,36.77,1.49,0
312.97,2.8,9.16,0.88,50.96,57.0,54.67,3.28,0
239.36,2.22,9.79,5.9,31.28,50.16,39.57,0.78,0
190.98,2.78,10.67,1.9,63.16,78.88,32.05,2.2,0
258.46,1.96,11.43,2.05,36.9,57.91,41.7,1.49,0
211.7,3.22,14.59,2.98,37.61,50.9,40.09,1.9,0
279.94,3.05,12.22,3.06,51.36,56.07,50.56,1.77,0
349.43,2.84,13.21,5.13,41.73,50.35,39.56,1.11,0
214.6,2.98,12.35,4.88,43.46,80.12,39.9,1.21,0
264.96,2.05,9.21,2.01,55.57,54.97,39.48,1.58,0
171.0,2.13,12.04,5.12,65.58,66.84,41.68,0.84,0
270.43,2.95,12.33,2.8,61.47,71.84,55.17,1.82,0
210.14,2.04,13.9,1.67,57.27,50.09,47.25,1.75,0
221.88,3.37,9.33,3.59,68.76,32.95,29.58,1.74,0
200.44,2.31,6.9,3.89,56.53,52.79,42.82,1.12,0
282.95,2.8,12.44,2.69,48.68,69.56,43.46,1.78,0
295.33,3.76,12.88,2.75,45.76,34.57,43.77,2.35,0
251.05,2.08,11.55,6.45,61.63,63.79,25.2,0.67,0
211.1,2.54,12.07,2.63,41.79,72.6,41.46,1.64,0
321.53,3.13,14.2,1.67,59.19,80.87,34.32,2.69,0
216.23,3.07,10.85,1.02,49.86,70.17,25.03,3.38,0
152.71,2.3,11.3,1.83,44.94,64.39,52.09,1.87,0
270.63,2.19,12.2,0.97,44.74,62.79,37.18,2.46,0
200.29,2.36,8.95,1.44,66.58,41.88,37.33,2.2,0
294.49,3.37,11.62,1.09,44.71,45.8,48.82,3.6,0
232.85,2.33,11.84,2.11,51.65,34.02,50.24,1.74,0
277.17,2.55,16.09,2.82,49.38,61.08,37.51,1.57,0
313.07,2.24,11.25,2.16,67.71,66.61,40.29,1.65,0
195.6,2.92,12.5,2.91,73.46,61.77,29.9,1.76,0
224.53,2.59,14.3,0.84,65.91,64.26,30.58,3.1,0
246.59,1.9,9.91,0.97,50.49,71.39,52.98,2.13,0
319.19,1.92,15.44,0.73,59.11,40.09,40.45,2.42,0
220.37,1.3,16.41,2.45,44.08,60.94,49.7,0.88,0
223.25,2.0,11.93,4.6,57.53,63.7,38.35,0.85,0
271.52,2.98,10.65,0.79,33.91,52.97,44.2,3.64,0
224.02,3.29,16.07,2.87,57.82,28.11,22.56,2.0,0
256.86,2.91,13.99,2.57,54.34,44.64,48.61,1.91,0
180.18,2.83,12.2,6.08,60.29,52.38,39.71,0.97,0
349.64,2.42,15.57,4.4,54.85,62.24,35.3,1.07,0
189.35,2.96,15.3,2.41,65.02,60.5,46.29,2.02,0
235.52,2.67,11.16,9.62,45.84,88.85,49.94,0.61,1
248.54,3.58,12.62,2.16,64.08,74.16,35.94,2.63,0
336.07,2.44,13.44,2.57,60.67,59.65,28.04,1.6,0
190.38,3.31,12.07,4.85,68.07,61.82,56.66,1.35,0
339.27,3.02,8.52,2.33,68.88,79.06,37.84,2.11,0
284.07,2.94,9.65,2.54,43.58,79.64,20.81,1.94,0
268.77,1.29,8.6,1.36,61.2,65.01,35.78,1.24,0
205.69,3.06,13.23,1.74,41.01,86.0,44.5,2.56,0
275.7,2.42,9.04,8.37,68.92,46.53,39.18,0.63,1
217.44,2.23,12.48,2.26,44.76,59.57,38.71,1.59,0
307.0,1.61,16.58,2.18,50.44,107.49,36.48,1.17,0
206.3,2.5,15.57,1.74,57.61,70.65,35.79,2.08,0
244.91,2.52,7.41,0.59,63.86,57.89,27.22,3.42,0
225.01,1.72,8.8,1.61,59.46,61.56,27.02,1.5,0
205.56,1.62,10.06,0.4,64.19,62.69,43.64,2.45,0
283.36,2.79,9.08,0.68,55.15,85.05,52.3,3.62,0
274.1,3.02,7.87,2.38,57.93,72.06,37.24,2.08,0
304.41,2.61,11.97,4.63,33.8,58.82,53.86,1.11,0
169.91,3.19,13.76,2.28,67.31,34.86,50.99,2.26,0
297.89,2.45,14.39,3.38,51.51,49.1,38.68,1.32,0
362.75,2.47,10.81,1.07,49.83,60.9,46.38,2.66,0
229.68,1.95,11.32,0.75,78.24,58.06,44.89,2.44,0
335.28,1.56,12.89,0.83,25.0,76.44,34.95,1.88,0
238.16,3.61,11.73,1.4,56.14,56.53,18.42,3.41,0
188.24,3.18,14.03,0.66,28.12,72.58,41.39,4.0,0
236.25,1.66,13.08,1.05,59.07,37.92,47.01,1.81,0
297.17,2.59,11.06,1.66,46.61,52.13,34.46,2.23,0
212.28,2.44,7.36,1.64,25.0,70.42,60.07,2.11,0
222.98,2.34,15.75,1.24,68.07,91.01,50.32,2.34,0
276.71,2.25,10.28,2.78,39.52,57.87,25.27,1.4,0
250.14,2.73,12.89,6.08,66.38,72.43,38.05,0.93,0
276.31,2.99,7.21,4.65,43.3,80.04,31.6,1.27,0
260.7,2.74,11.97,1.44,49.43,74.3,36.33,2.55,0
271.58,2.43,12.25,2.05,27.6,71.22,46.54,1.84,0
230.55,2.41,12.37,1.59,60.1,54.69,37.48,2.12,0
260.43,3.06,19.53,4.16,48.11,82.79,34.3,1.41,0
208.27,2.78,10.42,2.6,50.6,40.23,40.94,1.8,0
307.98,2.54,14.05,2.51,53.86,41.0,47.6,1.69,0
221.46,2.48,13.31,1.66,35.22,88.01,47.5,2.13,0
300.8,2.71,10.3,4.08,63.29,65.42,46.15,1.27,0
239.49,2.22,14.01,1.26,48.24,41.43,53.7,2.21,0
259.09,2.99,11.59,0.57,82.54,38.5,39.1,4.0,0
227.73,1.85,14.19,2.15,49.24,37.86,36.39,1.36,0
204.28,2.25,16.9,2.82,50.33,90.52,38.45,1.38,0
171.49,2.87,12.38,3.37,38.72,58.78,31.91,1.55,0
202.51,1.82,11.3,2.46,35.64,52.24,31.67,1.23,0
235.42,1.56,14.63,2.32,65.53,84.43,47.39,1.09,0
259.53,2.54,15.49,1.17,67.73,63.77,48.31,2.62,0
295.47,1.48,9.79,2.81,48.22,55.09,15.0,0.91,0
229.94,1.72,10.87,1.48,56.46,75.91,49.4,1.58,0
210.31,2.95,13.69,1.92,69.9,68.97,35.89,2.33,0
185.08,2.38,11.67,4.84,58.47,69.01,33.68,0.98,0
271.6,3.27,9.61,3.11,60.82,55.95,36.73,1.88,0
312.24,1.78,13.35,1.73,56.05,46.57,27.38,1.49,0
306.98,2.44,13.68,0.91,47.17,44.84,38.32,2.82,0
281.95,2.74,11.16,0.75,59.63,61.54,59.15,3.43,0
278.73,1.8,12.15,3.33,77.38,60.11,24.52,0.98,0
326.39,3.12,10.56,1.62,48.75,67.24,46.18,2.72,0
264.94,2.81,9.26,2.45,65.41,53.63,49.75,1.89,0
279.08,1.53,10.76,0.57,57.18,79.2,45.82,2.11,0
235.56,2.48,12.18,2.95,47.92,40.12,55.34,1.48,0
188.71,2.73,8.31,0.4,65.74,66.27,49.82,4.0,0
219.23,2.15,10.94,1.39,64.35,46.36,46.71,2.03,0
249.59,1.61,12.22,2.78,61.96,56.35,50.38,1.0,0
252.74,2.67,14.99,1.64,75.98,46.19,49.92,2.3,0
336.68,3.83,11.22,1.97,77.03,54.49,36.51,2.97,0
253.66,2.27,8.89,1.97,55.65,43.95,46.31,1.76,0
303.05,3.44,11.48,4.03,53.73,44.99,37.27,1.63,0
230.42,2.05,10.58,1.39,37.87,74.46,26.66,1.94,0
235.97,2.63,13.38,1.67,73.4,39.16,58.37,2.25,0
190.19,2.96,11.16,0.4,54.12,69.75,34.47,4.0,0
216.6,2.49,5.22,0.4,47.69,72.78,50.95,3.78,0
273.71,2.32,21.23,0.94,43.8,70.96,45.35,2.65,0
250.34,2.94,12.36,0.4,43.71,59.6,31.04,4.0,0
292.43,3.63,12.22,5.84,76.1,43.62,32.24,1.28,0
258.16,2.68,8.15,3.6,65.78,36.82,43.97,1.38,0
234.14,2.19,8.34,7.26,37.14,42.3,43.99,0.64,1
346.67,2.39,11.77,2.72,37.63,42.39,36.24,1.5,0
245.77,4.01,12.84,1.02,56.46,64.13,24.18,4.0,0
302.34,2.58,13.76,1.76,42.8,38.77,48.03,2.14,0
231.95,2.14,12.59,1.93,51.98,56.9,15.0,1.68,0
281.93,1.81,9.04,3.9,73.64,60.6,43.48,0.88,0
291.76,1.4,5.74,2.34,67.83,55.45,51.33,0.98,0
259.38,2.72,11.75,1.05,34.46,55.94,21.51,2.96,0
144.05,2.89,10.67,1.67,42.87,79.15,41.6,2.47,0
250.82,2.26,8.84,1.98,57.95,67.5,36.16,1.75,0
305.37,2.49,14.07,1.36,68.56,70.55,41.95,2.38,0
273.74,1.8,8.06,1.34,45.14,54.43,49.78,1.74,0
270.06,2.58,13.54,2.27,59.42,71.77,26.54,1.83,0
172.5,2.79,8.47,1.06,49.54,64.56,37.77,3.02,0
217.58,2.18,12.34,0.98,76.02,63.15,38.36,2.45,0
268.51,3.51,14.33,2.26,62.47,54.13,20.51,2.5,0
268.47,2.0,11.16,1.25,52.68,63.55,45.74,2.0,0
304.66,2.67,16.22,3.08,37.06,91.62,56.29,1.54,0
243.48,3.01,16.79,1.83,42.26,69.05,46.71,2.45,0
268.26,2.45,12.59,2.44,25.0,85.64,41.3,1.66,0
250.74,2.39,13.35,3.35,58.27,31.7,48.86,1.3,0
205.59,1.64,14.65,1.24,62.99,61.08,34.05,1.65,0
148.49,3.31,13.36,3.53,63.6,72.31,31.19,1.73,0
269.4,2.4,13.09,5.16,47.63,65.8,45.14,0.93,0
257.83,2.82,10.69,4.41,70.36,67.73,42.29,1.25,0
222.18,2.9,7.78,1.63,74.0,54.17,43.14,2.52,0
177.14,2.12,8.52,2.14,47.02,78.17,31.41,1.57,0
278.34,2.38,17.96,3.72,69.18,35.99,24.95,1.2,0
238.03,3.3,12.81,1.77,56.68,57.76,29.61,2.73,0
275.06,1.83,11.39,3.97,48.68,61.86,31.47,0.88,0
333.88,3.78,15.16,5.72,69.77,51.41,19.59,1.35,0
153.64,2.05,10.13,0.95,40.52,60.42,44.75,2.34,0
218.52,1.79,13.46,0.4,37.18,30.53,27.11,2.72,0
240.58,2.58,12.19,1.24,50.25,40.55,26.55,2.59,0
315.47,3.83,13.15,2.79,52.26,79.05,37.38,2.37,0
176.36,1.35,11.16,1.01,35.28,63.65,30.94,1.5,0
337.11,2.42,9.59,1.77,60.89,54.32,24.22,2.0,0
256.11,2.79,9.94,1.42,45.63,74.7,25.33,2.61,0
245.68,2.52,10.04,0.71,39.29,80.81,45.36,3.22,0
241.09,2.73,11.99,0.98,62.8,87.15,36.64,3.05,0
230.37,2.07,8.11,2.91,49.85,31.7,24.86,1.24,0
297.17,2.14,8.88,10.15,67.69,80.74,54.56,0.47,1
201.92,2.41,12.34,2.56,60.51,42.59,32.89,1.58,0
265.54,1.82,11.68,1.58,52.62,64.52,45.3,1.61,0
232.71,2.47,12.48,5.16,68.18,69.17,38.92,0.96,0
215.7,2.27,11.89,0.4,60.04,84.13,40.98,3.43,0
366.37,2.22,18.3,1.88,54.76,67.04,40.21,1.77,0
268.86,2.69,12.32,1.39,61.14,64.18,26.21,2.55,0
277.6,1.41,11.05,1.4,61.53,47.43,62.44,1.33,0
301.2,2.36,12.25,2.06,41.87,34.69,32.39,1.78,0
186.04,3.89,14.55,1.44,83.3,47.04,48.25,3.62,0
328.85,1.85,11.88,4.65,55.81,81.1,32.09,0.78,0
137.1,3.27,13.71,1.82,56.05,60.49,28.95,2.66,0
215.41,2.53,12.99,3.55,33.91,84.92,53.69,1.32,0
229.34,2.14,11.27,2.96,56.54,49.24,55.57,1.27,0
276.18,1.71,12.28,4.75,57.06,71.78,44.54,0.71,0
259.84,2.58,16.0,1.16,41.2,62.52,48.07,2.68,0
242.49,3.37,12.61,1.57,42.53,79.43,27.46,2.99,0
249.46,2.27,9.53,4.08,44.21,56.65,46.59,1.06,0
205.99,2.45,11.2,0.95,51.46,58.09,46.49,2.79,0
182.62,3.11,6.71,2.18,57.56,78.26,44.39,2.26,0
282.69,2.7,12.34,2.28,52.32,28.66,56.47,1.92,0
281.22,1.56,15.28,1.81,58.63,57.85,17.2,1.27,0
321.3,2.56,8.65,1.88,63.1,35.08,38.21,2.04,0
214.45,3.41,12.37,1.34,61.51,59.56,54.82,3.29,0
281.18,2.48,14.46,0.5,59.37,53.69,28.88,3.55,0
237.23,0.86,14.73,0.4,58.43,69.03,46.5,1.3,0
303.57,2.73,15.2,2.59,58.47,66.99,35.14,1.78,0
295.99,2.38,7.33,3.84,53.24,55.72,40.88,1.17,0
259.5,1.4,13.26,0.4,47.08,45.57,29.43,2.13,0
234.72,1.49,8.24,2.9,53.88,61.17,62.63,0.9,0
293.24,3.09,9.5,0.5,62.84,79.58,28.53,4.0,0
279.11,2.06,14.05,0.75,62.77,45.3,38.7,2.58,0
219.2,1.96,12.4,9.52,61.09,37.45,37.41,0.45,1
190.25,2.48,13.82,2.94,49.3,32.35,50.74,1.48,0
237.02,2.11,9.68,2.13,52.4,36.98,40.7,1.56,0
318.19,2.56,15.68,2.27,52.45,59.89,24.23,1.82,0
301.59,2.38,13.72,0.91,47.72,38.92,33.57,2.75,0
199.95,1.78,14.22,3.81,65.73,54.38,18.38,0.88,0
197.45,2.19,9.3,3.28,32.91,66.92,40.73,1.21,0
307.36,2.77,14.93,2.06,79.26,28.07,57.81,2.09,0
198.9,2.53,11.21,2.61,79.89,74.8,38.01,1.64,0
272.92,2.45,10.47,0.46,55.6,81.41,43.4,3.58,0
222.28,3.66,13.56,3.92,59.86,87.97,51.02,1.77,0
322.77,2.94,13.46,1.69,65.19,82.11,33.09,2.5,0
215.33,3.01,9.88,2.55,45.9,96.19,51.0,1.98,0
301.45,2.4,17.14,1.46,61.81,63.45,59.12,2.22,0
258.32,2.63,16.54,1.02,70.83,72.09,22.25,2.9,0
261.35,2.24,13.51,1.89,33.37,56.23,51.37,1.78,0
161.34,2.97,13.08,3.75,37.71,69.94,25.17,1.48,0
150.87,2.43,12.82,1.15,64.0,62.06,32.25,2.54,0
240.07,2.63,8.13,1.28,51.76,35.06,51.31,2.6,0
261.11,2.6,12.28,3.12,50.36,37.44,43.22,1.49,0
199.37,2.49,12.25,5.51,51.07,87.13,35.41,0.92,0
201.01,4.26,10.56,2.65,41.48,62.33,62.34,2.73,0
275.27,2.1,11.23,0.46,50.08,81.3,36.7,3.08,0
275.33,2.09,6.05,3.38,39.16,51.5,50.96,1.13,0
243.8,2.92,9.26,6.28,70.7,46.61,36.94,0.97,0
285.11,2.14,14.3,1.75,56.6,58.71,44.58,1.79,0
197.16,2.33,16.33,4.93,56.28,71.78,44.92,0.94,0
233.98,1.85,9.64,1.64,63.0,80.88,40.8,1.6,0
324.15,2.79,12.46,2.12,88.48,62.79,25.81,2.07,1
253.07,2.8,14.75,4.69,42.37,69.8,42.77,1.18,0
255.68,2.31,10.7,1.48,32.89,57.85,34.2,2.11,0
353.77,2.93,13.69,5.6,54.63,81.84,35.42,1.07,0
187.03,1.39,11.92,1.08,33.08,82.07,45.93,1.48,0
285.84,2.08,14.98,3.9,50.94,48.22,45.25,1.01,0
324.88,2.4,8.79,1.68,65.49,65.75,32.44,2.05,0
235.38,1.8,9.24,4.06,73.34,45.07,42.18,0.85,0
288.68,1.45,12.7,5.59,36.21,72.24,40.2,0.53,0
205.81,2.32,12.24,2.3,43.68,54.08,31.38,1.63,0
219.1,2.92,11.86,1.14,59.36,48.04,32.0,3.05,0
267.32,3.27,13.44,1.03,64.05,29.4,32.16,3.58,0
285.94,2.17,9.67,0.98,64.73,76.25,39.89,2.43,0
300.44,2.94,8.58,1.89,72.7,62.89,36.96,2.34,0
320.63,2.88,10.75,0.44,63.74,63.77,42.09,4.0,0
246.96,3.23,11.03,1.05,53.56,72.48,31.2,3.52,0
303.71,2.29,11.29,1.82,67.74,48.57,38.27,1.86,0
234.6,1.42,15.17,4.37,55.84,46.23,39.02,0.63,0
290.59,2.54,13.93,3.18,58.3,68.24,43.26,1.43,0
259.34,1.89,13.33,6.87,49.07,77.37,54.7,0.58,0
270.06,2.07,12.55,1.1,56.88,67.98,50.74,2.2,0
269.06,2.32,10.91,1.86,35.44,84.04,39.26,1.86,0
177.79,2.3,9.87,0.64,67.42,68.47,24.05,3.03,0
199.41,2.58,9.01,1.47,42.89,67.65,34.87,2.38,0
254.61,2.92,10.26,0.57,44.34,72.33,49.21,4.0,0
174.07,2.28,11.89,2.82,27.08,56.52,39.45,1.4,0
287.4,2.74,9.11,2.13,45.13,41.36,27.42,2.03,0
289.22,2.51,12.42,1.37,43.5,60.29,37.94,2.4,0
264.72,3.06,11.51,2.22,57.61,70.71,35.29,2.21,0
199.55,2.39,11.01,2.44,39.47,47.11,52.61,1.62,0
312.11,2.45,14.9,1.65,49.67,38.91,34.18,2.12,0
341.67,2.28,5.85,2.5,46.84,49.11,44.14,1.52,0
256.62,2.4,11.04,3.33,33.88,80.03,46.88,1.31,0
272.97,2.03,6.12,1.04,57.86,67.43,27.61,2.22,0
259.08,1.97,12.6,5.09,52.37,58.11,32.55,0.78,0
273.87,2.97,13.91,2.11,55.48,45.48,35.73,2.21,0
244.62,1.85,8.62,0.68,64.96,64.13,41.38,2.39,0
248.44,2.31,8.94,5.08,55.09,62.78,34.05,0.91,0
290.76,3.11,7.75,0.51,51.0,66.84,26.24,4.0,0
355.55,2.29,12.16,2.5,66.07,97.56,29.93,1.52,0
187.0,3.0,11.15,1.0,51.09,67.41,49.4,3.33,0
245.33,2.15,11.3,0.81,48.94,49.59,60.72,2.61,0
196.88,1.87,11.08,1.67,63.03,39.22,43.05,1.6,0
321.64,1.54,9.57,1.46,45.64,51.61,50.79,1.42,0
223.55,3.29,14.83,4.95,69.01,53.15,43.54,1.33,0
185.06,1.82,12.68,4.17,56.92,72.43,46.98,0.84,0
278.72,2.95,9.04,0.55,73.83,50.73,47.41,4.0,0
328.49,1.9,10.25,4.58,54.28,45.12,46.78,0.81,0
279.86,3.29,9.82,0.4,66.38,68.07,43.55,4.0,0
259.22,3.82,15.51,5.42,35.33,50.72,41.43,1.43,0
268.41,1.49,13.78,3.45,70.39,68.65,35.94,0.79,0
313.67,1.85,11.68,2.47,63.27,47.31,45.26,1.24,0
210.66,2.96,16.27,3.3,47.25,52.92,43.1,1.63,0
244.97,2.81,15.63,0.4,65.38,51.27,30.93,4.0,0
229.63,2.97,11.42,1.51,39.79,66.17,51.89,2.68,0
197.45,2.16,10.97,1.89,49.03,57.84,49.92,1.72,0
235.22,3.69,11.09,4.27,44.79,41.67,41.93,1.67,0
299.85,2.57,9.62,3.8,66.04,40.42,51.78,1.27,0
275.5,1.77,16.33,2.36,69.98,55.26,47.27,1.23,0
278.99,2.35,9.48,0.61,49.61,38.77,35.6,3.15,0
256.59,1.78,14.17,2.4,39.74,53.79,21.85,1.22,0
273.55,3.45,13.73,2.25,43.28,63.85,21.51,2.47,0
213.97,2.1,11.24,3.83,56.1,42.26,52.62,1.04,0
236.07,2.8,16.53,1.85,55.35,72.73,39.72,2.26,0
258.64,2.22,8.1,3.89,50.92,80.75,36.3,1.08,0
262.49,2.13,11.8,2.0,45.04,76.25,33.4,1.64,0
264.41,1.35,10.78,1.67,74.54,70.03,40.64,1.16,0
243.77,2.86,14.4,2.1,47.56,66.33,49.15,2.14,0
233.02,3.28,12.88,1.04,45.01,63.6,31.88,3.58,0
392.1,1.95,7.68,1.5,68.77,65.55,40.95,1.77,0
290.81,1.57,15.1,3.26,51.61,50.93,66.58,0.87,0
268.59,2.98,13.21,1.95,61.14,59.62,58.15,2.33,0
239.51,1.51,9.41,1.69,44.5,62.23,17.68,1.28,0
229.7,3.23,11.13,0.4,61.07,69.62,21.85,4.0,0
244.11,1.96,8.75,1.44,63.82,36.15,58.06,1.82,0
263.18,1.84,11.57,2.41,41.6,63.17,48.96,1.26,0
165.38,2.65,12.38,1.76,48.59,75.93,40.51,2.2,0
179.38,1.88,11.16,4.1,44.14,50.96,45.28,0.88,0
221.34,2.08,10.87,3.06,48.66,58.36,36.84,1.2,0
259.32,2.71,7.97,5.43,74.21,32.05,33.34,1.02,0
239.23,1.04,12.84,2.17,58.08,61.0,47.3,0.76,0
316.52,3.49,7.19,0.81,78.38,37.67,39.03,4.0,0
183.29,2.53,12.08,2.84,72.79,51.7,48.65,1.55,0
216.19,1.72,7.5,0.8,68.57,59.27,34.51,2.11,0
318.4,1.89,12.13,1.48,72.45,50.9,47.13,1.73,0
255.9,3.09,11.98,4.21,68.92,57.54,43.12,1.42,0
289.82,2.86,13.01,1.2,75.45,65.6,26.65,2.92,0
342.31,3.33,14.16,0.9,61.54,59.42,54.74,3.88,0
218.78,2.09,14.62,3.16,63.24,62.12,25.92,1.19,0
245.53,2.68,7.97,4.26,62.9,31.95,53.31,1.22,0
237.74,2.76,11.85,1.4,49.73,57.64,44.55,2.6,0
162.04,2.92,17.03,1.05,65.15,26.7,46.41,3.17,0
236.03,3.18,12.3,1.59,70.09,54.06,35.07,2.8,0
289.65,2.07,9.92,1.8,47.8,87.62,36.31,1.7,0
274.33,2.43,11.8,2.75,44.71,74.05,40.04,1.52,0
277.86,2.13,11.04,0.73,48.39,38.59,27.11,2.7,0
233.1,2.47,9.06,0.62,71.28,51.85,45.75,3.3,0
220.48,2.92,14.17,5.95,52.15,57.36,36.42,1.01,0
307.12,1.51,13.46,2.68,41.75,67.6,18.8,0.96,0
227.62,3.17,8.66,3.54,42.54,72.76,58.87,1.65,0
263.23,1.82,11.77,4.04,44.15,84.44,42.65,0.86,0
257.35,2.32,10.58,3.35,46.45,45.68,43.26,1.26,0
315.78,3.25,8.0,1.05,38.21,63.27,33.09,3.53,0
293.71,2.7,8.46,2.61,62.27,33.55,43.32,1.75,0
191.71,2.7,8.84,1.5,52.73,66.15,47.36,2.46,0
196.56,1.79,11.85,0.4,61.41,67.39,25.46,2.71,0
276.05,1.87,10.86,0.49,27.43,60.3,46.04,2.69,0
247.1,3.06,9.6,2.0,67.87,69.8,29.41,2.35,0
229.52,2.15,11.02,4.41,54.01,47.08,27.14,0.95,0
295.7,2.2,13.87,1.31,61.0,40.21,31.2,2.15,0
258.44,3.08,12.89,1.05,73.26,45.74,61.01,3.34,0
252.36,1.87,14.5,0.87,59.41,65.55,47.83,2.2,0
285.09,2.66,11.43,1.99,80.34,79.66,39.82,2.05,0
233.12,2.53,16.01,2.42,32.44,47.12,57.02,1.72,0
320.58,2.5,12.87,1.14,51.19,49.75,30.77,2.61,0
214.54,2.19,10.78,3.09,33.36,61.73,29.73,1.26,0
279.56,2.15,12.23,3.47,58.77,111.69,30.84,1.14,0
314.52,1.85,8.88,1.81,55.92,53.29,58.78,1.52,0
188.02,2.79,11.23,3.61,41.89,74.46,48.69,1.44,0
234.55,2.1,13.07,1.21,81.08,57.32,31.84,2.13,0
301.4,3.08,13.53,1.51,50.69,51.9,33.08,2.79,0
302.08,2.37,10.97,4.42,28.53,40.06,42.83,1.04,0
242.28,1.86,18.83,2.23,63.16,55.44,28.66,1.34,0
216.94,2.36,11.57,2.46,63.35,72.74,38.22,1.59,0
293.02,2.25,7.8,0.59,49.25,46.95,30.07,3.07,0
303.26,3.11,15.03,3.43,64.46,61.45,39.31,1.66,0
197.59,2.28,13.52,3.43,43.6,47.19,48.16,1.22,0
195.82,2.33,12.58,3.09,49.99,53.74,57.43,1.34,0
260.14,3.35,10.84,0.4,59.72,37.28,24.35,4.0,0
278.32,2.8,12.98,0.94,66.09,94.77,46.0,3.21,0
236.54,3.5,16.05,1.59,52.31,64.6,46.78,3.08,0
280.57,3.26,12.5,5.85,49.21,55.1,37.68,1.15,0
218.04,1.97,8.32,0.91,54.51,79.36,34.07,2.28,0
154.84,3.09,4.0,2.62,30.44,58.64,34.06,2.0,0
230.92,3.42,12.96,3.25,51.65,66.89,21.47,1.9,0
252.85,3.42,9.54,2.42,31.23,83.44,47.79,2.33,0
237.59,3.09,11.75,2.54,44.9,82.11,32.36,2.04,0
197.86,3.08,9.98,2.34,37.93,42.85,23.31,2.14,0
168.3,2.32,9.8,0.55,61.34,60.19,43.23,3.22,0
226.87,2.0,10.09,0.4,46.23,79.16,43.13,3.03,0
290.39,2.29,10.31,1.57,69.85,43.78,48.47,2.03,0
306.53,1.5,13.94,2.2,32.83,56.13,58.17,1.09,0
303.45,3.31,13.43,1.08,52.08,55.59,40.4,3.55,0
213.28,2.33,8.98,4.05,56.01,67.52,37.01,1.1,0
198.08,3.27,9.32,2.45,60.88,72.04,36.09,2.21,0
272.35,1.76,12.95,2.54,80.84,77.25,37.06,1.16,0
278.58,3.15,14.63,2.03,31.4,61.24,32.62,2.4,0
268.01,2.2,14.59,0.5,45.91,44.39,35.66,3.15,0
159.37,1.73,9.49,3.1,78.96,54.68,32.79,0.99,0
210.99,3.48,14.47,2.57,43.95,44.13,29.61,2.28,0
248.66,3.16,7.56,0.9,60.3,49.77,57.37,3.69,0
271.92,2.63,11.49,1.06,43.72,70.63,53.86,2.85,0
284.53,2.52,13.22,2.74,38.27,38.47,21.37,1.58,0
256.49,2.76,6.8,1.41,45.21,51.71,43.18,2.6,0
264.89,2.62,17.23,1.0,78.73,73.36,39.35,2.9,0
253.82,2.02,15.32,0.99,41.0,70.27,41.45,2.26,0
280.85,2.25,13.62,3.5,51.42,47.97,25.49,1.19,0
264.08,3.68,9.59,8.24,51.94,46.5,21.53,0.97,1
252.96,4.1,11.83,1.65,66.0,83.63,39.45,3.53,0
237.92,3.44,13.98,1.82,68.55,65.62,36.3,2.8,0
253.66,2.79,9.19,1.94,56.29,47.81,34.51,2.18,0
271.81,2.3,11.55,3.09,25.0,59.38,37.93,1.32,0
262.04,2.02,14.28,0.41,44.33,76.3,46.0,3.05,0
267.14,2.06,8.26,1.63,40.62,46.59,48.81,1.79,0
310.42,2.17,12.83,0.4,68.9,46.28,30.19,3.28,0
261.93,3.79,7.61,1.17,43.95,63.31,31.13,3.91,0
220.8,3.58,9.64,1.96,75.2,39.72,41.5,2.79,0
289.76,2.95,10.74,7.12,59.9,49.9,52.23,0.88,1
188.52,1.92,13.28,1.92,68.62,53.47,37.86,1.52,0
201.34,3.04,10.25,0.97,82.07,20.15,41.45,3.43,0
265.11,2.36,12.31,1.1,43.67,61.25,26.36,2.5,0
273.24,1.21,10.28,1.26,35.56,69.19,18.04,1.2,0
193.97,2.67,10.67,3.1,57.24,89.25,63.13,1.54,0
232.77,1.99,15.13,0.4,66.45,68.95,42.77,3.02,0
222.73,2.02,9.12,1.89,47.02,44.61,29.82,1.6,0
228.1,2.35,13.9,6.85,55.44,53.22,18.57,0.73,0
292.46,2.2,12.0,1.9,69.6,87.92,54.46,1.75,0
281.79,2.48,10.56,0.4,68.42,66.81,30.56,3.76,0
249.14,2.45,8.96,0.64,48.02,75.72,30.55,3.24,0
225.43,1.37,9.13,0.99,58.26,51.4,32.83,1.54,0
189.27,3.41,10.15,0.8,43.77,56.76,41.37,4.0,0
313.91,1.91,11.62,4.3,37.6,58.97,46.39,0.86,0
276.65,1.93,13.51,1.18,71.3,73.81,37.0,1.99,0
218.2,2.3,11.25,1.42,29.4,53.57,29.51,2.15,0
282.38,2.43,11.42,1.26,57.29,69.04,62.98,2.42,0
246.84,3.38,11.79,1.64,50.56,59.99,35.08,2.92,0
237.08,2.66,13.19,2.18,61.59,41.8,40.11,1.94,0
269.58,2.84,13.61,1.05,46.78,59.96,24.99,3.08,0
216.63,2.66,8.53,2.92,68.7,76.56,45.79,1.6,0
234.53,2.64,11.29,2.52,52.33,60.09,50.92,1.75,0
255.47,2.69,15.07,5.3,72.42,55.07,31.4,1.02,0
227.52,1.34,8.71,3.42,57.63,81.36,21.6,0.72,0
280.11,2.35,12.19,2.85,42.4,65.85,36.18,1.43,0
334.11,3.2,11.57,0.66,61.51,39.28,58.96,4.0,0
216.06,4.87,10.58,2.53,60.01,55.67,33.59,3.22,0
175.07,1.78,15.98,1.87,53.72,64.02,65.33,1.42,0
159.92,2.75,12.09,1.24,46.02,63.53,34.39,2.76,0
243.23,2.16,15.78,1.06,65.33,67.66,21.75,2.34,0
220.16,3.73,12.01,1.58,43.42,57.58,34.9,3.29,0
259.35,1.69,13.15,4.33,44.68,56.82,21.29,0.76,0
255.97,2.87,10.56,3.12,61.33,60.21,32.81,1.64,0
177.86,1.66,10.58,6.2,52.47,71.92,43.82,0.56,0
168.33,2.31,13.02,1.57,31.42,49.73,35.35,2.05,0
263.32,2.48,13.07,1.95,43.46,58.92,51.01,1.94,0
256.09,3.14,13.49,1.11,59.87,63.72,34.64,3.33,0
230.84,1.85,12.94,2.94,51.76,51.93,25.08,1.11,0
175.43,2.9,8.66,1.18,53.79,66.94,41.48,2.98,0
271.21,2.51,9.98,0.69,58.14,65.23,38.52,3.24,0
307.24,2.66,14.12,0.4,60.48,28.97,39.76,4.0,0
262.51,3.07,7.1,5.41,56.39,60.51,27.27,1.15,0
211.86,1.73,12.73,2.63,25.0,81.26,42.68,1.12,0
252.0,2.99,11.72,0.44,54.34,82.45,53.89,4.0,0
188.52,2.16,14.12,1.71,48.8,70.24,26.86,1.82,0
297.61,3.16,13.04,3.13,55.37,79.05,20.9,1.8,0
253.68,2.7,10.34,3.72,67.81,57.71,24.56,1.36,0
170.43,2.37,10.23,0.77,42.13,68.54,39.71,2.94,0
236.47,2.15,10.69,1.47,55.84,62.46,23.92,1.97,0
270.85,2.99,13.45,2.86,60.72,70.03,43.26,1.82,0
235.01,3.26,6.24,2.71,51.29,87.67,43.57,2.05,0
237.58,2.18,12.39,1.57,39.29,75.03,43.67,1.93,0
194.9,1.82,9.79,2.98,40.55,54.86,65.89,1.08,0
275.49,2.92,12.48,4.32,54.59,83.71,21.34,1.31,0
220.82,1.63,12.86,3.34,47.56,63.72,22.93,0.89,0
152.96,1.72,7.84,2.42,31.87,69.78,52.79,1.17,0
233.29,1.86,11.43,0.79,45.42,56.46,45.33,2.28,0
294.15,2.25,12.39,1.26,39.39,71.06,51.48,2.24,0
232.59,1.7,12.22,1.97,63.98,65.98,19.59,1.32,0
328.21,1.34,11.69,1.14,37.19,76.98,26.4,1.4,0
269.3,1.82,8.95,1.94,72.04,52.46,49.79,1.43,0
265.24,2.89,9.33,2.84,80.92,74.26,38.33,1.76,0
244.22,1.74,8.55,3.36,46.11,23.42,53.14,0.94,0
246.93,2.3,13.39,0.87,47.63,50.76,35.83,2.71,0
238.15,3.67,11.71,4.9,66.33,39.82,37.88,1.49,0
236.4,2.47,11.87,1.48,68.01,65.06,62.9,2.26,0
273.89,2.71,7.74,0.42,49.09,74.42,29.59,4.0,0
207.89,1.93,11.92,0.75,49.72,59.86,47.41,2.41,0
201.58,3.8,13.58,1.22,49.82,80.34,24.33,3.84,0
199.46,2.18,7.4,4.7,44.78,48.38,31.34,0.91,0
342.05,2.36,10.66,2.31,65.94,38.98,47.37,1.66,0
273.87,3.29,8.07,5.43,56.87,70.85,25.85,1.23,0
263.7,2.39,10.95,1.91,46.3,77.56,48.76,1.89,0
202.41,2.53,9.75,1.42,55.78,61.58,37.79,2.37,0
278.05,2.33,12.95,5.0,50.46,87.33,30.25,0.93,0
244.75,2.34,12.42,1.86,85.04,67.63,38.93,1.88,1
259.64,2.72,15.23,3.18,52.01,65.97,34.14,1.54,0
206.05,2.83,11.86,1.52,63.88,53.55,32.88,2.55,0
257.21,2.11,12.85,2.11,60.22,40.45,35.05,1.57,0
230.93,2.04,10.61,2.3,53.19,56.0,26.07,1.44,0
215.55,2.13,9.24,1.5,60.28,83.71,22.37,1.94,0
283.03,1.66,14.09,3.16,57.53,62.86,18.73,0.94,0
180.8,1.55,15.11,3.93,84.84,54.13,45.03,0.75,0
275.41,2.68,13.76,4.12,53.83,46.43,44.32,1.25,0
280.8,3.06,12.33,1.46,25.0,68.08,32.06,2.82,0
210.42,3.02,9.56,1.45,81.27,43.13,38.7,2.8,0
213.09,1.07,14.85,5.66,48.88,65.35,53.85,0.39,0
239.96,2.35,13.45,1.76,56.04,53.08,33.74,1.95,0
262.69,1.84,17.06,0.94,48.47,56.09,37.33,2.09,0
243.12,2.59,9.11,0.4,47.81,69.63,59.39,3.92,0
269.51,2.25,14.16,1.3,41.58,45.75,43.88,2.2,0
329.33,2.86,13.37,2.19,30.97,60.1,49.05,2.07,0
227.15,2.49,11.14,0.46,46.39,37.09,47.1,3.63,0
172.82,1.36,15.41,3.67,61.17,58.3,45.05,0.69,0
287.17,1.92,13.01,4.57,35.24,67.45,32.75,0.82,0
325.75,2.5,9.66,1.8,61.06,71.87,30.27,2.05,0
267.67,2.55,11.7,2.33,82.84,77.01,46.74,1.78,0
201.05,1.66,9.63,0.74,58.44,69.88,45.23,2.08,0
244.42,1.58,10.83,0.4,38.33,53.9,42.32,2.39,0
199.67,2.53,13.76,3.66,59.83,32.84,42.92,1.29,0
278.93,1.66,14.47,0.56,66.49,74.86,32.28,2.29,0
189.19,1.5,12.55,1.15,70.65,52.13,28.22,1.56,0
236.49,2.23,10.12,0.89,57.25,38.3,32.67,2.61,0
204.8,2.21,12.95,1.9,62.25,88.07,37.49,1.75,0
255.71,1.97,13.81,2.71,65.2,59.09,34.05,1.25,0
233.51,2.08,7.07,1.87,62.23,67.33,55.68,1.67,0
257.95,2.51,12.29,3.58,58.82,63.42,54.76,1.3,0
251.01,2.07,11.52,0.73,47.33,59.78,48.53,2.61,0
205.6,2.54,14.38,2.9,66.45,54.19,52.21,1.53,0
278.21,2.27,12.96,0.56,48.57,51.24,27.06,3.14,0
247.81,2.6,13.21,0.74,86.23,93.38,47.18,3.26,1
205.52,3.03,10.8,2.43,47.32,38.14,39.64,2.06,0
350.84,3.0,12.0,4.03,64.63,53.5,35.39,1.42,0
271.44,3.27,14.36,9.81,39.67,46.65,37.17,0.74,1
243.1,3.0,11.84,6.73,49.28,67.77,37.3,0.94,0
313.68,2.64,12.44,4.32,47.93,53.79,36.21,1.19,0
332.88,2.24,8.16,3.55,38.59,52.52,33.85,1.17,0
243.46,2.27,11.83,2.08,48.11,69.63,26.59,1.7,0
265.63,1.97,6.97,2.72,59.32,89.03,24.28,1.24,0
205.54,2.5,10.71,2.12,52.03,47.54,44.02,1.86,0
243.38,2.92,12.16,5.01,69.32,36.73,15.0,1.16,0
241.04,2.06,13.92,3.03,43.82,60.94,59.45,1.21,0
258.32,2.48,9.5,1.41,63.37,72.56,33.78,2.33,0
264.97,2.09,12.93,0.75,47.89,56.77,22.0,2.62,0
275.19,2.63,15.67,0.73,68.55,69.49,45.22,3.32,0
260.69,2.17,10.4,0.75,64.4,51.78,38.65,2.72,0
195.52,2.06,8.13,0.82,67.16,95.88,30.52,2.48,0
207.77,2.09,12.72,0.4,53.06,69.21,34.26,3.17,0
225.41,2.8,9.02,1.37,70.95,52.73,39.11,2.68,0
237.3,2.44,9.95,2.21,35.08,48.72,50.84,1.76,0
297.28,2.24,14.31,1.22,60.36,64.06,15.0,2.27,0
197.67,2.66,16.69,2.99,56.66,70.11,43.18,1.57,0
233.92,2.25,9.5,4.06,65.01,40.39,56.46,1.06,0
292.89,3.18,10.16,3.34,54.09,60.17,31.85,1.73,0
236.51,1.92,10.9,4.3,43.19,71.14,47.48,0.86,0
270.72,2.39,10.63,1.34,41.9,65.01,46.71,2.31,0
243.72,1.66,16.83,0.62,54.86,69.36,58.81,2.22,0
261.56,2.29,10.67,4.04,51.88,82.36,42.35,1.08,0
239.72,1.49,11.03,1.28,65.28,13.36,47.04,1.47,0
280.02,2.95,16.04,4.15,66.45,63.28,50.65,1.36,0
180.47,2.96,13.44,2.23,55.57,24.73,46.17,2.13,0
233.65,2.97,14.46,6.9,55.31,59.32,31.07,0.91,0
263.35,2.52,9.73,0.53,67.78,79.49,32.71,3.54,0
274.02,1.97,10.67,2.59,52.06,58.07,42.67,1.28,0
317.18,2.02,9.4,2.97,52.55,45.98,48.68,1.2,0
232.4,3.42,14.0,2.47,39.13,72.38,43.38,2.3,0
316.58,3.36,15.06,3.52,65.54,62.1,29.64,1.76,0
220.34,2.57,10.5,1.09,53.92,62.84,37.55,2.74,0
309.79,2.19,11.09,2.48,68.64,92.36,26.13,1.47,0
286.79,3.32,11.2,6.71,40.52,37.39,45.88,1.04,0
208.89,2.08,8.13,2.05,49.1,50.45,59.79,1.58,0
263.82,2.64,10.32,0.57,66.35,65.64,45.27,3.63,0
247.69,3.31,13.93,1.76,58.91,78.29,20.45,2.75,0
278.15,2.0,9.81,0.68,40.8,45.59,41.05,2.58,0
239.95,3.0,12.23,2.13,66.07,53.84,39.85,2.22,0
236.17,2.81,8.73,3.83,39.34,58.97,34.7,1.38,0
311.61,2.48,11.64,2.96,64.94,57.72,19.55,1.47,0
245.56,1.9,10.59,2.59,43.24,70.46,44.79,1.24,0
287.19,2.07,8.95,5.87,69.54,59.25,49.48,0.73,0
239.86,2.67,13.98,0.9,56.35,69.74,31.16,3.11,0
325.0,1.65,14.12,2.91,59.13,41.96,31.06,0.99,0
219.47,2.58,9.58,1.83,54.03,62.17,36.83,2.09,0
222.36,2.82,11.46,7.55,56.05,60.52,57.43,0.8,1
318.6,3.09,12.11,2.74,56.0,72.66,37.17,1.94,0
229.98,1.66,7.46,5.27,63.47,97.8,32.34,0.64,0
322.05,3.29,8.51,0.58,54.24,74.34,36.01,4.0,0
290.13,3.52,15.22,3.27,72.55,49.45,45.79,1.94,0
243.04,2.75,9.34,1.63,46.17,69.5,19.77,2.38,0
168.4,1.88,15.15,2.14,65.33,59.25,37.68,1.38,0
249.13,2.3,8.64,1.41,61.77,54.92,36.52,2.17,0
254.57,2.47,13.65,1.13,69.8,52.07,38.92,2.6,0
302.52,2.66,11.22,1.77,56.45,51.27,33.04,2.2,0
321.48,2.51,11.57,1.13,58.95,42.83,26.69,2.65,0
219.18,2.67,16.64,2.58,58.82,40.57,49.32,1.74,0
286.05,2.45,8.86,2.98,40.41,69.83,21.62,1.45,0
284.44,2.66,13.49,1.96,59.73,54.66,55.65,2.07,0
298.3,2.22,13.38,0.4,94.24,62.73,43.48,3.37,1
272.44,2.3,20.39,3.76,74.31,46.95,46.81,1.15,0
162.59,2.15,9.31,4.41,45.64,68.69,40.63,0.95,0
243.01,3.65,10.44,1.79,33.39,49.45,51.78,3.0,0
197.99,3.38,14.04,6.14,55.63,39.92,45.36,1.14,0
240.88,2.83,11.5,0.95,68.0,83.52,53.05,3.22,0
294.1,3.3,10.84,2.8,54.54,63.12,48.46,2.03,0
263.73,2.98,14.39,1.97,77.67,55.32,51.18,2.31,0
301.66,2.61,11.33,5.35,45.64,57.12,32.85,0.99,0
265.38,1.6,9.77,2.08,57.7,54.61,36.19,1.2,0
191.58,2.34,13.82,0.47,53.7,67.4,40.16,3.4,0
136.56,2.3,12.94,0.54,63.78,36.79,40.03,3.21,0
256.7,1.82,11.22,0.48,64.6,32.92,45.75,2.64,0
240.37,1.61,11.1,3.31,69.26,61.69,32.5,0.88,0
206.04,2.8,9.71,3.54,53.51,33.86,39.94,1.46,0
173.47,2.69,13.81,0.94,70.09,31.4,46.27,3.08,0
216.94,1.8,11.1,1.23,59.14,73.54,20.85,1.82,0
241.25,2.05,10.08,4.58,71.32,62.5,50.57,0.88,1
279.96,3.2,8.79,3.57,73.0,62.7,60.45,1.66,0
258.49,1.97,12.98,1.07,55.22,43.22,30.85,2.12,0
322.36,2.6,10.73,4.79,46.91,80.85,54.8,1.08,0
203.4,2.39,6.97,2.36,57.44,75.09,42.27,1.65,0
289.65,2.8,8.99,3.32,66.89,39.61,31.14,1.53,0
252.13,1.99,11.42,1.45,36.94,58.37,48.28,1.84,0
281.26,2.55,11.49,2.36,49.06,53.86,59.4,1.77,0
230.36,2.6,11.39,0.58,63.19,59.33,35.97,3.56,0
298.23,2.64,11.04,1.27,25.0,76.32,29.34,2.62,0
263.29,2.55,8.31,0.68,42.59,54.29,17.65,3.29,0
219.42,2.71,9.81,1.92,47.64,74.76,38.55,2.14,0
249.46,3.82,14.96,1.54,54.0,34.04,41.63,3.42,0
239.22,4.04,14.59,0.8,51.14,50.77,58.14,4.0,0
272.01,2.12,13.44,1.46,51.37,53.97,58.61,1.96,0
196.91,1.11,13.22,1.22,39.03,51.89,33.37,1.12,0
248.68,2.86,14.26,3.91,76.24,60.37,48.08,1.38,0
267.79,2.61,9.2,0.57,47.71,62.37,28.49,3.58,0
251.49,3.14,12.08,2.32,32.16,63.46,40.73,2.2,0
310.61,2.67,9.2,1.6,68.62,73.29,38.7,2.35,0
284.83,2.54,9.24,2.82,45.7,71.0,31.24,1.56,0
249.66,3.18,12.92,1.96,40.45,37.47,38.8,2.47,0
259.75,3.26,14.37,0.93,63.14,62.25,48.43,3.75,0
263.3,1.67,11.52,4.68,48.77,50.82,50.96,0.7,0
268.15,2.01,16.12,3.74,57.02,72.29,38.55,1.01,0
167.85,2.44,12.53,2.87,47.4,79.43,39.13,1.48,0
236.43,2.56,10.06,3.5,49.44,72.62,21.61,1.35,0
183.2,2.36,9.28,1.34,43.09,88.59,42.74,2.28,0
307.52,2.76,14.55,0.4,40.43,71.3,37.35,4.0,0
247.26,3.1,12.32,5.41,96.66,74.98,39.1,1.16,1
241.3,3.53,13.69,0.84,45.06,48.09,35.19,4.0,0
290.36,2.85,5.36,2.06,37.45,59.63,30.51,2.15,0
269.0,1.99,12.61,2.48,68.57,70.35,31.27,1.33,0
199.21,2.41,10.72,2.22,58.2,64.33,33.23,1.74,0
246.81,2.45,8.52,0.71,55.21,46.3,26.73,3.13,0
234.92,2.81,11.84,2.82,49.15,46.15,42.91,1.72,0
171.5,2.73,14.73,2.46,50.12,32.84,45.6,1.84,0
218.94,3.73,17.67,0.75,51.43,65.58,38.62,4.0,0
241.74,2.22,12.61,0.4,68.64,44.54,41.77,3.37,0
244.83,2.73,10.23,2.3,52.02,70.07,37.7,1.92,0
183.3,3.91,10.08,4.07,68.73,70.86,51.42,1.84,0
301.82,2.15,14.41,1.18,54.36,63.33,40.54,2.21,0
245.41,2.59,9.51,4.63,52.54,65.92,42.78,1.1,0
251.69,1.93,13.56,0.7,42.74,75.28,48.04,2.47,0
268.03,2.55,12.73,4.42,80.74,77.25,39.76,1.12,0
214.54,2.03,12.46,1.91,55.18,26.54,53.93,1.61,0
270.54,3.13,8.08,0.95,54.99,70.58,33.35,3.55,0
233.48,2.59,11.11,2.74,77.31,67.31,57.26,1.62,0
209.65,1.94,8.35,3.61,60.0,64.44,38.03,1.0,0
275.81,3.0,10.53,4.44,61.33,67.1,33.47,1.32,0
317.13,2.61,14.29,2.74,55.72,55.27,24.31,1.63,0
282.62,3.07,15.08,0.92,45.71,24.04,48.72,3.54,0
291.53,1.81,12.53,0.85,69.6,50.92,36.35,2.16,0
226.57,2.72,10.57,1.37,38.0,32.58,41.44,2.59,0
178.11,2.96,15.97,0.77,43.28,35.22,42.61,3.66,0
317.06,2.25,10.54,4.17,45.68,76.04,35.12,1.04,0
342.45,1.74,9.16,0.99,58.02,51.83,50.73,1.95,0
319.43,2.48,13.74,2.31,54.81,64.03,44.55,1.74,0
234.89,3.24,13.14,0.99,32.65,60.07,31.48,3.62,0
198.04,3.18,10.64,2.32,82.81,80.08,26.56,2.22,0
202.04,2.24,12.25,8.01,64.12,61.12,47.81,0.61,1
174.23,1.73,13.11,0.67,49.11,51.04,37.59,2.26,0
245.17,2.24,12.51,4.23,60.2,82.21,46.98,1.02,0
322.26,2.22,13.15,1.77,60.36,52.52,37.5,1.84,0
243.63,2.77,10.74,2.73,51.04,66.26,42.12,1.74,0
263.6,2.44,13.32,2.11,59.73,67.47,48.05,1.82,0
311.9,2.05,12.04,0.88,59.87,41.37,24.99,2.4,0
231.82,3.16,10.82,0.85,68.1,73.81,56.86,3.77,0
341.6,2.58,11.39,0.63,55.83,80.31,43.76,3.43,0
339.64,2.76,11.76,5.86,58.86,42.99,19.56,0.97,0
244.1,1.47,8.39,0.81,52.49,60.44,53.48,1.78,0
224.01,1.05,10.41,2.5,49.8,80.1,49.89,0.7,0
281.38,1.64,12.16,2.22,45.77,35.62,38.1,1.18,0
234.36,2.21,8.62,12.17,45.35,69.43,53.96,0.41,1
197.96,2.85,10.45,11.97,49.42,41.26,33.61,0.54,1
307.66,1.09,17.96,2.61,52.17,55.21,38.7,0.71,0
304.74,3.46,9.18,5.69,67.07,56.83,63.44,1.24,0
257.0,2.6,11.04,0.94,50.45,42.33,45.21,2.97,0
193.17,3.32,9.92,1.85,51.01,46.34,50.84,2.67,0
194.67,1.97,11.71,2.93,51.49,58.91,48.17,1.18,0
254.83,2.8,9.96,8.1,54.43,80.65,26.14,0.75,1
227.51,2.55,11.39,1.43,75.38,67.21,42.99,2.38,0
234.65,2.99,10.2,1.25,50.45,35.41,42.07,2.99,0
295.99,2.36,14.64,0.4,61.73,66.99,51.86,3.58,0
282.99,2.78,12.2,2.79,59.2,60.62,55.01,1.72,0
312.02,3.16,9.49,4.3,55.74,50.5,52.9,1.42,0
205.42,2.11,14.1,0.84,43.5,53.44,35.27,2.52,0
234.56,2.65,9.6,6.84,61.28,67.46,25.63,0.82,0
284.15,1.37,8.09,0.59,31.89,36.42,45.0,1.85,0
270.16,2.92,11.99,1.79,42.75,50.3,39.11,2.4,0
318.96,3.67,16.77,1.58,48.5,42.82,29.48,3.24,0
268.92,1.75,7.43,0.52,52.31,48.01,33.04,2.48,0
333.16,2.45,8.67,2.65,56.01,64.94,39.41,1.57,0
274.3,3.03,13.88,2.59,71.69,60.73,42.58,1.97,0
297.8,2.52,10.39,0.46,62.56,70.07,34.44,3.69,0
235.44,2.6,13.53,2.95,57.03,26.2,39.84,1.55,0
250.64,2.27,9.91,2.51,50.97,55.95,39.27,1.51,0
290.99,2.24,12.35,4.98,51.1,58.4,42.75,0.9,0
322.58,2.45,16.36,2.97,41.39,35.43,30.24,1.45,0
282.82,2.53,9.01,8.58,29.71,49.67,33.02,0.64,1
246.26,1.79,14.56,1.16,39.7,59.68,53.49,1.86,0
311.98,2.46,13.7,1.02,69.05,64.81,37.41,2.71,0
151.36,3.44,8.28,0.4,46.46,65.21,44.76,4.0,0
186.0,2.25,13.4,1.0,48.7,30.43,27.82,2.49,0
280.67,1.76,12.18,1.87,67.25,50.55,51.88,1.41,0
250.63,2.41,12.23,2.37,25.0,37.06,51.52,1.67,0
277.25,2.07,12.84,1.0,47.97,59.91,42.99,2.3,0
252.9,1.7,11.12,2.53,41.82,53.53,33.86,1.12,0
275.69,2.58,12.18,1.24,58.52,50.62,25.64,2.6,0
213.35,2.07,12.6,0.71,61.68,107.51,62.74,2.64,0
275.67,2.13,13.87,1.69,61.88,44.22,35.95,1.81,0
294.75,2.59,8.18,2.38,73.1,59.75,25.66,1.79,0
304.92,1.58,15.23,1.89,61.65,67.18,34.03,1.26,0
340.61,1.46,9.11,6.92,57.99,65.37,43.99,0.45,0
260.98,2.9,13.9,0.6,84.2,68.68,27.53,3.92,0
262.33,1.34,12.2,3.21,29.46,65.33,34.1,0.75,0
181.46,1.91,8.8,2.83,81.41,55.04,25.59,1.17,0
226.09,1.42,13.32,1.1,75.9,60.17,54.43,1.51,0
241.31,2.21,9.64,2.38,53.22,50.16,39.17,1.52,0
297.26,2.76,14.67,2.26,46.52,48.87,25.48,1.96,0
222.5,2.57,10.22,2.01,47.1,40.23,31.0,1.97,0
285.84,3.94,8.26,4.48,51.54,71.81,33.55,1.72,0
249.93,3.15,15.83,0.4,69.36,76.56,40.23,4.0,0
242.03,1.94,12.45,1.07,25.4,51.19,30.88,2.09,0
261.2,1.78,14.17,2.68,79.12,58.84,36.35,1.13,0
232.4,4.12,9.87,6.13,54.99,84.0,33.63,1.4,0
230.69,3.14,7.27,2.35,69.12,76.83,25.63,2.18,0
173.28,2.85,16.19,3.62,40.24,73.37,30.85,1.47,0
238.84,2.54,11.98,4.79,63.68,64.04,32.28,1.05,0
228.4,2.66,13.23,2.39,59.64,50.58,27.81,1.83,0
226.78,1.61,13.64,0.93,61.77,52.27,25.57,1.85,0
268.76,2.59,11.16,1.11,46.7,63.53,34.05,2.75,0
279.64,2.54,12.57,2.08,50.41,66.58,48.65,1.91,0
260.45,1.96,15.98,0.48,40.18,45.47,38.52,2.82,0
294.79,2.18,11.92,2.19,64.17,78.69,15.0,1.58,0
275.9,3.41,14.36,1.36,71.11,81.11,50.1,3.26,0
236.72,2.42,7.02,8.45,58.39,71.91,33.07,0.63,1
229.17,3.74,14.81,2.69,25.0,82.55,54.38,2.37,0
264.08,1.46,8.19,2.46,71.28,69.57,48.07,0.98,0
275.82,2.19,14.52,2.24,56.43,64.11,36.93,1.56,0
312.9,1.57,12.98,0.97,25.0,60.77,38.05,1.77,0
303.6,1.77,11.76,0.4,34.56,55.25,28.59,2.69,0
225.63,2.0,11.75,0.98,42.36,59.92,46.52,2.25,0
245.41,2.69,11.37,4.29,55.0,44.39,56.17,1.21,0
280.2,2.66,9.95,1.49,42.74,58.75,32.73,2.42,0
298.06,2.09,11.49,2.51,44.32,42.47,33.97,1.39,0
292.25,1.16,17.52,3.82,65.97,47.99,59.74,0.57,0
247.13,3.39,15.26,2.88,69.25,78.43,40.86,2.05,0
193.57,2.33,9.82,4.37,66.39,77.73,24.76,1.04,0
205.05,1.83,12.67,0.89,35.37,47.44,26.36,2.14,0
262.27,2.66,12.24,2.97,66.32,73.05,57.04,1.58,0
265.4,2.62,11.64,0.56,49.25,51.17,44.74,3.63,0
200.56,2.31,9.49,1.35,78.55,50.04,29.5,2.22,0
252.01,2.59,13.11,4.19,58.12,80.88,43.37,1.19,0
278.41,1.81,14.12,0.77,69.6,43.58,31.68,2.24,0
198.19,2.96,9.92,3.53,61.67,33.19,20.8,1.55,0
299.72,1.9,16.89,1.42,60.19,50.02,36.55,1.78,0
233.01,2.14,15.81,5.75,50.58,50.97,39.91,0.76,0
306.59,2.89,13.37,1.18,69.49,54.4,24.33,2.97,0
225.99,3.22,8.92,1.61,66.17,34.19,27.43,2.82,0
203.8,3.45,13.0,0.69,51.03,65.27,29.98,4.0,0
229.38,3.13,12.7,3.58,49.72,88.45,37.96,1.62,0
245.72,2.31,13.28,9.59,46.45,64.52,41.29,0.53,1
232.52,1.58,15.98,9.88,64.81,56.68,25.57,0.35,1
240.28,3.34,11.56,2.08,57.84,70.02,34.18,2.51,0
265.03,3.32,17.12,2.56,58.45,61.12,35.29,2.18,0
242.3,2.1,13.02,1.12,50.67,60.86,22.62,2.21,0
247.02,3.05,11.27,1.99,72.49,58.77,42.25,2.36,0
173.08,2.3,18.0,1.96,37.13,63.26,45.97,1.79,0
267.63,3.4,14.07,1.47,64.39,53.84,43.12,3.13,0
245.99,2.19,10.86,4.47,66.78,35.58,26.78,0.96,0
322.46,3.69,12.21,1.27,51.19,87.73,45.98,3.66,0
207.72,2.97,13.59,4.28,37.6,67.95,38.99,1.34,0
168.63,3.58,11.62,1.57,59.59,49.48,49.83,3.17,0
277.81,2.22,12.33,1.64,69.36,65.27,44.78,1.92,0
265.59,2.74,9.96,1.27,76.26,43.05,43.12,2.72,0
204.62,1.92,7.79,2.0,62.89,65.71,37.18,1.47,0
181.16,3.01,12.27,0.87,47.64,71.14,49.56,3.54,0
319.18,3.04,12.35,1.49,63.32,75.49,28.57,2.78,0
313.63,3.94,13.32,0.85,61.01,68.53,27.36,4.0,0
138.06,2.79,10.56,0.44,58.86,57.15,67.42,4.0,0
229.38,2.93,8.65,1.07,44.38,75.36,20.57,3.16,0
324.89,2.22,9.59,1.94,62.18,51.72,28.09,1.74,0
228.58,2.82,14.64,4.8,60.64,64.47,48.04,1.17,0
227.92,2.27,10.33,1.78,84.13,49.06,23.73,1.88,0
237.28,2.57,10.89,0.77,56.05,63.45,47.36,3.18,0
199.56,2.6,11.22,0.68,75.34,82.41,52.27,3.38,0
173.29,2.29,10.45,2.1,71.7,71.59,53.46,1.71,0
297.36,2.54,10.27,1.64,55.6,73.83,40.67,2.2,0
167.07,2.27,9.82,4.02,69.85,76.71,28.27,1.08,0
261.13,2.27,15.5,6.25,45.6,58.95,30.86,0.76,0
289.9,3.15,13.7,2.32,52.69,46.9,52.65,2.2,0
184.69,2.61,15.12,5.56,48.57,32.2,21.34,0.96,0
208.41,2.71,15.62,1.2,53.11,43.74,48.23,2.77,0
304.59,1.63,6.13,3.92,30.95,61.76,23.92,0.79,0
273.98,2.75,12.86,1.82,76.59,29.51,39.05,2.24,0
222.22,2.82,10.53,3.11,51.35,62.66,33.77,1.62,0
304.1,2.26,14.79,0.48,64.44,67.41,35.57,3.27,0
304.29,3.75,10.15,1.68,57.94,36.54,53.41,3.2,0
262.11,1.13,9.36,1.19,51.74,73.19,34.61,1.15,0
209.49,2.97,8.41,2.72,39.67,53.68,50.43,1.87,0
231.39,2.93,11.24,3.76,44.03,35.47,32.8,1.46,0
262.89,2.82,14.29,0.4,52.17,34.61,42.62,4.0,0
241.51,2.61,12.64,3.98,49.3,59.17,38.73,1.25,0
292.25,2.83,8.99,1.31,43.31,61.27,26.27,2.77,0
181.16,3.02,17.38,2.18,46.75,59.78,26.5,2.2,0
182.76,2.06,13.62,3.93,60.53,75.55,37.37,1.0,0
258.14,2.68,13.94,1.64,65.52,60.93,36.06,2.31,0
227.88,2.39,15.21,2.77,41.0,51.29,46.77,1.49,0
221.78,1.84,7.9,1.88,44.44,55.19,21.45,1.47,0
170.44,2.93,9.72,0.61,57.58,76.22,31.71,3.93,0
250.88,2.16,14.06,6.74,53.04,43.19,44.31,0.68,0
247.63,1.6,9.97,1.09,50.61,62.39,37.51,1.71,0
279.41,2.18,11.31,1.3,66.07,63.08,25.45,2.13,0
253.1,2.02,11.81,3.2,57.22,75.34,43.6,1.14,0
244.03,3.12,8.81,3.91,35.52,61.68,48.49,1.51,0
302.97,2.59,11.1,1.29,45.41,45.65,30.02,2.55,0
190.94,3.33,14.29,0.74,35.07,62.88,49.67,4.0,0
274.14,2.1,13.82,4.54,52.85,70.79,34.04,0.91,0
174.8,3.02,14.78,0.63,39.06,62.1,36.44,4.0,0
212.27,4.2,14.52,1.5,33.87,76.45,34.67,3.82,0
195.43,2.71,13.01,1.61,30.34,40.4,50.14,2.38,0
285.19,3.02,12.82,3.98,78.81,57.64,38.37,1.44,0
247.06,2.92,12.63,8.71,38.62,60.09,47.73,0.73,1
249.39,1.65,10.43,1.37,51.21,71.59,35.14,1.57,0
200.2,2.85,9.43,3.31,55.71,73.49,43.59,1.56,0
236.51,2.68,10.28,2.62,56.43,60.36,29.13,1.73,0
215.64,2.34,11.18,2.12,62.45,54.59,50.01,1.74,0
267.26,1.97,10.36,0.83,54.39,62.82,36.93,2.37,0
205.4,2.92,13.03,4.12,49.56,42.89,52.49,1.36,0
309.84,1.92,12.5,0.83,57.64,52.66,39.48,2.3,0
174.6,3.78,12.77,1.15,57.51,68.55,40.96,3.94,0
213.71,2.57,12.88,2.06,55.61,65.3,62.86,1.94,0
325.47,1.77,14.99,1.28,62.69,50.07,47.45,1.75,0
230.42,2.19,11.98,0.7,47.49,48.27,41.95,2.81,0
190.83,2.33,14.52,1.39,52.59,48.01,27.81,2.21,0
259.86,3.95,13.29,1.64,39.09,49.04,32.45,3.42,0
228.61,1.97,14.82,4.19,52.06,62.21,47.85,0.9,0
212.39,2.43,16.04,3.21,47.34,78.02,36.68,1.36,0
200.69,2.18,13.44,0.85,67.66,79.83,37.93,2.59,0
374.58,2.8,12.26,6.27,37.45,46.17,29.18,0.93,0
238.68,2.19,12.24,5.88,49.3,64.95,44.05,0.77,0
163.35,1.82,10.82,1.86,48.71,64.23,41.04,1.46,0
317.22,2.38,10.74,1.33,63.05,63.18,47.13,2.31,0
277.5,2.32,14.26,1.94,39.68,45.35,52.38,1.82,0
215.51,2.14,9.59,1.16,55.04,48.87,44.49,2.22,0
208.01,2.18,16.04,1.32,55.94,65.17,28.27,2.12,0
280.31,3.21,11.62,2.92,66.08,54.23,24.88,1.93,0
238.89,2.31,19.16,3.68,44.74,61.36,47.31,1.17,0
163.33,1.82,10.27,1.5,39.31,44.8,41.2,1.66,0
330.43,2.22,12.63,3.55,60.7,52.66,57.51,1.16,0
230.47,2.53,11.12,7.08,38.26,39.99,40.25,0.76,0
317.3,1.7,10.02,1.29,48.73,63.96,22.73,1.67,0
307.53,3.48,14.66,1.68,52.14,54.78,27.34,2.97,0
204.95,3.02,9.24,1.44,62.39,63.99,32.5,2.8,0
296.49,3.36,10.31,1.24,36.5,54.5,57.41,3.37,0
220.69,2.74,13.47,2.17,51.45,63.53,51.69,2.0,0
166.0,1.24,13.86,1.31,55.31,87.08,34.64,1.22,0
230.89,3.42,8.52,1.41,44.67,52.14,38.06,3.22,0
267.89,1.98,13.45,1.14,50.71,67.37,26.38,2.08,0
229.18,2.03,12.32,1.4,65.67,50.11,26.03,1.92,0
236.18,2.59,9.71,2.0,48.92,58.02,51.19,1.99,0
301.46,3.33,10.03,1.57,50.63,67.09,49.41,2.95,0
254.79,3.13,6.92,1.67,65.63,64.25,37.24,2.68,0
212.05,3.04,16.29,2.21,52.38,70.36,58.43,2.2,0
281.59,2.31,14.54,1.11,71.06,74.35,44.34,2.45,0
258.9,2.3,8.78,2.32,35.34,69.97,42.12,1.61,0
136.53,2.71,14.0,2.23,51.72,73.8,42.18,1.95,0
269.28,2.42,10.56,2.5,64.32,63.2,29.38,1.62,0
267.63,3.03,14.29,4.21,46.37,49.07,49.44,1.39,0
250.91,3.0,10.76,3.46,52.19,72.01,49.52,1.59,0
290.13,2.85,11.09,3.86,70.16,54.28,42.41,1.4,0
219.74,0.98,11.28,1.5,45.7,70.41,28.82,0.89,0
265.14,2.58,10.36,1.85,60.79,41.17,50.89,2.08,0
179.49,2.43,15.5,2.21,63.96,54.66,22.0,1.76,0
268.32,2.6,14.25,4.73,55.92,49.63,32.26,1.09,0
337.89,2.05,12.27,1.39,55.48,65.89,45.8,1.94,0
205.23,1.71,14.56,1.91,42.7,51.34,35.92,1.35,0
215.81,2.78,7.93,1.43,63.77,59.77,30.1,2.59,0
218.05,2.29,8.93,4.18,39.95,57.82,53.84,1.05,0
255.85,2.84,13.19,3.51,59.69,75.4,51.33,1.49,0
202.16,2.1,13.84,1.87,48.78,67.06,50.66,1.68,0
268.96,3.35,12.7,2.07,50.26,64.35,43.32,2.52,0
288.11,3.1,7.29,3.6,52.58,60.31,40.35,1.6,0
274.05,2.68,9.34,2.24,60.99,48.49,57.38,1.92,0
170.42,2.37,13.04,1.2,73.74,46.85,54.35,2.42,0
294.78,3.01,18.07,1.53,56.34,64.16,39.16,2.71,0
292.18,2.74,15.04,2.71,46.36,38.79,67.11,1.73,0
287.36,2.64,15.94,1.47,37.73,59.44,38.75,2.43,0
266.78,3.13,12.85,7.64,68.92,61.61,43.85,0.88,1
259.91,3.36,12.83,0.64,57.1,38.84,53.9,4.0,0
296.46,1.75,9.42,4.03,52.22,59.16,43.72,0.83,0
336.56,1.87,14.38,4.58,55.7,60.09,37.36,0.8,0
207.11,2.03,11.82,2.88,64.2,91.18,43.82,1.23,0
298.52,1.6,13.73,1.55,50.08,60.14,39.95,1.43,0
246.12,2.46,12.08,0.41,47.01,73.13,18.69,3.72,0
244.16,2.86,12.7,1.17,39.28,66.7,50.03,2.96,0
180.86,2.49,11.78,4.21,42.05,63.87,33.78,1.14,0
237.18,2.18,12.56,0.4,50.86,72.45,28.49,3.3,0
205.12,3.18,14.5,0.79,67.9,38.35,52.05,3.89,0
229.13,2.58,8.83,3.43,48.9,58.67,43.78,1.38,0
200.58,2.71,8.27,0.67,58.13,64.22,46.8,3.52,0
229.8,3.19,13.06,2.64,68.49,45.56,38.74,2.05,0
231.73,2.43,15.6,1.85,59.58,59.3,42.24,1.96,0
254.35,3.74,16.23,1.45,78.68,61.41,36.99,3.46,0
177.34,2.23,8.94,5.83,55.81,57.47,31.39,0.79,0
184.95,3.7,10.99,0.6,53.12,46.69,46.85,4.0,0
266.29,1.92,8.3,1.91,50.42,48.69,42.38,1.52,0
214.12,2.81,10.62,2.2,78.91,55.19,57.22,2.04,0
298.35,2.11,14.81,0.4,69.63,65.77,17.64,3.2,0
260.14,3.17,11.97,0.82,37.49,61.43,51.79,3.83,0
277.3,2.21,11.07,0.93,80.32,62.99,36.12,2.54,0
313.48,2.67,13.36,1.01,60.98,56.53,35.17,2.96,0
236.06,2.11,10.01,4.18,56.55,47.39,45.84,0.97,0
224.15,3.06,15.98,2.83,61.22,55.4,31.12,1.87,0
289.23,2.11,12.02,1.42,43.49,47.51,35.5,1.97,0
272.93,3.51,11.0,2.09,57.36,14.58,45.95,2.63,0
241.57,1.9,13.47,0.69,51.3,59.8,34.65,2.45,0
312.62,1.69,14.35,0.8,50.68,56.1,32.94,2.07,0
240.45,3.07,15.99,1.49,66.51,78.55,32.92,2.8,0
251.47,2.15,11.48,0.61,51.83,70.34,43.51,2.88,0
250.96,2.5,14.72,0.4,56.2,67.14,27.95,3.78,0
207.94,2.31,12.25,2.1,58.93,45.01,47.56,1.72,0
253.49,1.71,10.47,0.94,66.32,75.29,61.16,1.95,0
312.85,2.45,10.06,3.28,70.22,62.12,40.03,1.35,0
270.02,3.26,9.26,2.85,55.18,54.64,44.35,1.99,0
251.4,3.1,10.15,2.01,50.46,48.26,42.65,2.38,0
242.72,2.64,14.79,0.4,77.85,50.18,30.66,4.0,0
264.89,3.17,13.77,2.77,25.0,56.15,43.16,1.97,0
283.74,1.86,8.9,1.23,65.41,44.6,42.22,1.88,0
277.42,2.3,7.63,2.64,53.27,60.57,57.72,1.48,0
235.07,2.74,9.22,3.06,61.85,57.52,42.48,1.59,0
264.62,2.42,10.06,1.09,55.49,70.3,52.42,2.58,0
271.6,2.35,11.24,1.36,70.38,57.76,44.29,2.25,0
204.68,1.78,14.93,1.25,60.03,32.69,34.91,1.78,0
257.57,1.25,10.63,2.09,37.95,55.36,28.15,0.94,0
152.74,2.99,16.2,7.08,37.41,43.06,43.08,0.9,0
271.71,2.65,7.8,2.74,52.42,51.05,47.6,1.66,0
279.72,3.04,11.13,1.29,62.29,45.84,39.11,3.0,0
283.64,2.24,13.96,0.64,70.69,91.35,33.67,2.95,0
232.22,2.07,14.12,2.99,46.97,54.9,54.07,1.22,0
263.91,2.5,11.16,1.03,28.46,70.76,35.59,2.75,0
314.08,3.01,14.5,4.28,60.17,55.4,28.48,1.36,0
313.62,2.36,14.03,0.77,55.51,56.6,39.35,2.92,0
248.69,2.98,10.29,5.87,56.72,52.87,40.78,1.05,0
256.27,1.9,12.79,1.8,41.79,49.56,32.65,1.56,0
299.99,2.4,13.76,2.53,69.31,49.88,39.09,1.59,0
182.46,2.46,10.47,1.33,45.2,65.62,23.05,2.38,0
235.46,3.24,16.24,0.4,58.7,59.1,44.24,4.0,0
310.1,2.62,9.91,1.88,58.31,79.94,29.5,2.1,0
293.88,3.55,12.36,3.81,61.6,56.7,36.18,1.75,0
266.62,1.69,8.88,1.03,46.06,55.86,33.23,1.86,0
182.24,2.58,12.26,1.51,43.92,60.61,54.02,2.33,0
247.75,2.61,9.33,1.54,65.24,69.09,36.97,2.34,0
223.45,2.87,11.26,3.36,61.63,61.74,31.57,1.56,0
264.9,2.01,8.03,1.38,59.02,80.19,60.9,1.91,0
213.58,3.51,14.0,1.66,68.51,98.67,57.95,3.01,0
203.84,2.51,12.89,3.75,59.1,72.29,48.36,1.25,0
157.08,1.85,14.72,5.35,50.56,65.64,45.62,0.7,0
304.98,2.49,11.13,1.06,61.22,29.99,31.35,2.69,0
232.01,2.31,14.83,1.86,60.41,80.77,50.87,1.86,0
257.07,4.17,12.1,3.4,60.71,78.41,43.65,2.24,0
249.9,3.13,12.28,1.07,44.4,83.02,33.63,3.37,0
201.97,2.53,17.29,4.27,43.25,71.94,41.41,1.14,0
193.34,2.43,10.79,4.04,65.56,45.76,35.36,1.15,0
204.76,3.07,15.07,0.49,53.22,45.52,24.78,4.0,0
217.46,3.1,13.2,2.21,31.68,43.64,53.65,2.24,0
266.5,0.75,10.57,4.71,38.54,61.21,21.86,0.32,0
214.19,2.89,8.71,1.56,39.18,49.48,61.57,2.57,0
328.59,2.52,9.42,7.96,67.81,72.89,37.86,0.68,1
296.22,1.71,14.83,4.95,54.42,51.42,44.52,0.69,0
286.38,3.03,16.34,0.9,55.42,55.11,45.34,3.52,0
244.62,3.85,12.23,0.83,50.76,63.97,30.1,4.0,0
318.14,2.83,12.36,0.8,42.29,52.83,37.9,3.45,0
240.19,3.16,13.94,1.85,64.12,46.38,38.99,2.55,0
248.59,3.58,12.18,1.74,62.83,32.81,33.96,3.0,0
257.65,2.0,14.75,0.79,46.55,73.96,50.37,2.45,0
281.58,1.39,12.73,3.11,71.82,46.18,27.9,0.79,0
278.66,2.89,12.34,1.7,63.94,54.25,41.99,2.45,0
228.62,2.35,10.25,4.59,44.75,54.44,22.9,1.01,0
226.02,1.68,9.64,1.62,51.55,29.08,42.39,1.46,0
278.8,2.45,4.1,3.17,50.58,64.3,41.7,1.39,0
282.19,2.94,15.09,4.85,58.75,81.07,59.08,1.2,0
232.3,2.41,11.63,1.29,37.86,74.39,33.85,2.37,0
178.58,2.03,11.0,3.91,46.54,54.36,38.31,0.98,0
240.67,2.37,7.12,0.66,64.53,75.82,37.6,3.09,0
278.06,2.49,10.4,2.83,35.96,33.99,56.81,1.53,0
331.24,1.34,10.07,1.02,52.63,72.48,34.24,1.48,0
196.09,2.41,10.01,1.46,40.28,49.03,42.25,2.23,0
230.8,1.69,12.83,1.53,65.96,74.52,37.07,1.52,0
232.48,2.9,12.31,1.51,59.12,60.53,38.48,2.63,0
311.01,1.56,8.6,0.84,37.39,41.94,40.11,1.87,0
248.43,3.11,8.76,1.46,42.49,63.71,50.98,2.87,0
209.17,2.25,8.75,1.78,55.17,60.01,54.54,1.86,0
275.14,2.17,16.53,1.13,27.32,63.57,26.12,2.28,0
231.79,2.68,15.73,2.61,41.8,47.97,47.81,1.74,0
194.9,1.98,9.87,5.59,45.11,42.43,52.55,0.72,0
209.83,2.67,7.06,1.83,70.42,69.2,43.4,2.16,0
328.03,2.06,12.32,1.51,48.08,58.99,51.84,1.87,0
267.29,2.17,12.12,2.85,62.91,68.59,27.51,1.32,0
254.85,2.74,12.79,2.48,49.32,68.32,45.08,1.84,0
238.75,1.82,13.85,1.19,63.93,70.62,52.49,1.86,0
263.15,1.74,13.13,1.72,36.37,84.28,33.7,1.47,0
262.61,2.65,9.21,1.34,46.32,62.99,27.12,2.55,0
263.15,2.48,12.74,2.58,53.69,45.04,51.42,1.62,0
255.17,2.6,14.13,2.2,57.13,48.39,35.77,1.88,0
289.1,2.7,10.19,2.11,58.89,55.65,34.22,2.01,0
251.04,2.53,12.75,1.52,57.31,63.17,21.2,2.29,0
205.99,2.86,10.62,1.86,61.07,80.68,34.86,2.31,0
222.44,2.56,16.99,3.34,54.86,57.89,33.01,1.39,0
160.94,1.3,8.68,2.61,57.09,85.19,21.97,0.84,0
341.21,1.45,14.89,1.8,42.84,86.52,34.15,1.19,0
288.82,3.66,7.82,2.93,35.58,66.46,51.85,2.19,0
212.65,2.5,16.48,2.48,41.59,69.45,43.42,1.68,0
237.32,3.07,9.15,1.94,34.76,53.11,23.63,2.4,0
221.34,2.29,12.47,1.84,57.69,85.21,43.9,1.86,0
319.41,2.47,7.93,0.83,66.27,50.44,47.27,2.97,0
186.11,2.23,8.63,2.02,43.63,78.03,41.04,1.7,0
255.15,3.98,14.24,3.4,67.1,44.51,39.65,2.14,0
245.12,2.65,14.57,0.49,60.42,69.6,32.07,3.81,0
287.21,2.18,12.6,7.65,48.36,76.72,44.18,0.61,1
245.32,1.51,13.85,1.85,50.81,73.63,45.85,1.22,0
170.88,3.68,14.61,2.24,68.39,52.99,42.81,2.64,0
238.7,2.4,10.29,4.59,27.12,55.96,57.45,1.03,0
206.25,2.95,8.5,2.43,68.34,83.07,37.95,2.0,0
253.58,3.01,11.97,1.46,65.75,52.41,26.97,2.78,0
314.54,2.22,10.56,1.83,47.93,52.93,56.74,1.8,0
171.73,2.9,12.97,3.14,53.89,82.57,21.1,1.65,0
213.99,2.14,13.37,1.04,74.52,59.06,36.01,2.33,0
225.13,1.91,10.3,1.48,39.28,59.17,30.79,1.75,0
232.83,3.2,13.76,1.3,52.82,87.58,38.98,3.14,0
283.31,2.41,13.64,1.11,62.77,50.32,38.64,2.54,0
242.19,2.81,13.81,2.82,57.52,49.03,30.44,1.73,0
268.71,2.75,10.98,3.69,55.62,62.69,50.67,1.39,0
221.84,2.88,13.95,2.0,76.8,60.49,38.65,2.21,0
260.35,1.57,13.3,1.15,41.7,48.32,52.19,1.63,0
285.0,2.15,13.6,3.37,42.24,72.09,28.31,1.16,0
217.05,2.31,16.19,1.67,25.0,60.23,29.2,1.98,0
285.16,2.0,12.82,0.45,42.06,60.97,28.94,2.94,0
252.36,2.76,10.48,1.14,47.02,59.94,45.19,2.88,0
297.05,3.21,9.22,4.76,58.84,44.31,57.47,1.34,0
240.94,3.31,14.82,0.57,66.52,47.74,36.96,4.0,0
267.16,2.3,12.89,5.64,43.43,36.27,16.86,0.83,0
248.17,2.68,16.18,3.34,53.29,77.08,44.75,1.46,0
245.67,2.77,6.93,2.84,71.75,60.03,46.65,1.69,0
261.65,2.87,14.28,2.76,52.75,74.92,29.66,1.79,0
274.16,1.97,11.35,1.38,61.22,53.25,45.66,1.87,0
193.77,3.59,11.12,4.73,68.45,77.22,48.11,1.5,0
314.51,3.06,10.09,2.03,43.84,35.75,19.51,2.33,0
166.32,3.07,14.25,0.4,41.4,74.58,51.16,4.0,0
219.18,3.22,13.53,0.79,74.45,58.83,51.79,3.95,0
245.76,2.82,9.14,1.02,61.95,39.22,36.92,3.11,0
268.56,1.88,12.41,3.39,39.08,17.66,46.45,1.01,0
320.93,2.42,13.77,0.66,42.32,67.53,59.76,3.17,0
166.38,1.51,12.45,2.26,52.6,74.85,33.43,1.08,0
227.15,2.75,14.77,2.94,71.72,60.93,51.61,1.64,0
154.29,2.4,11.27,3.38,66.78,69.05,42.45,1.3,0
251.42,2.48,6.36,1.2,67.8,66.7,28.6,2.53,0
262.23,3.22,12.47,1.63,49.76,60.83,21.79,2.8,0
321.59,2.23,12.45,2.91,54.91,74.39,47.22,1.34,0
255.43,2.35,12.78,2.96,45.42,37.84,26.94,1.39,0
296.98,2.51,14.77,1.02,50.01,61.48,49.68,2.77,0
276.27,1.4,7.12,0.81,41.53,70.24,18.15,1.69,0
230.41,2.34,11.4,3.49,44.54,53.31,41.49,1.23,0
186.6,1.01,9.69,1.01,46.29,63.84,36.8,1.11,0
262.38,2.15,8.98,3.64,53.26,42.34,56.77,1.1,0
182.86,3.01,11.82,1.27,60.05,61.13,42.26,2.99,0
308.28,2.77,13.75,1.61,75.0,49.19,46.13,2.42,0
242.71,2.14,12.75,3.42,50.61,52.24,35.69,1.15,0
303.78,2.52,10.28,1.13,62.06,68.58,38.21,2.65,0
228.39,1.86,11.64,2.96,52.85,33.58,50.52,1.1,0
262.1,2.5,14.32,0.66,66.55,43.64,40.16,3.27,0
259.42,4.26,13.71,1.46,39.94,70.87,30.81,3.93,0
247.97,3.61,10.62,1.02,48.57,57.65,51.4,3.97,0
230.53,2.53,10.46,1.85,62.95,48.98,56.86,2.04,0
267.66,2.6,7.71,2.61,61.98,66.76,55.03,1.68,0
208.32,1.91,10.93,5.94,62.2,43.39,52.9,0.67,0
195.58,2.02,7.66,2.26,71.91,42.91,37.17,1.44,0
305.93,2.72,17.17,0.82,34.2,56.88,30.19,3.29,0
282.72,2.19,9.86,0.69,39.95,57.92,28.14,2.82,0
252.97,3.04,14.77,0.5,61.74,48.86,26.93,4.0,0
324.93,3.44,16.55,1.9,64.76,56.04,39.06,2.73,0
237.95,2.7,12.54,1.5,62.86,80.0,57.71,2.46,0
309.52,2.56,11.75,0.84,87.5,59.46,23.46,3.06,0
257.9,1.49,8.69,5.48,44.01,42.75,40.17,0.55,0
203.89,2.95,10.74,1.08,59.43,60.37,36.8,3.17,0
333.16,1.81,16.01,1.49,54.15,28.21,28.24,1.66,0
294.58,2.25,12.88,1.7,62.46,84.18,37.47,1.91,0
244.55,3.08,12.07,2.08,59.51,42.2,52.9,2.31,0
282.72,3.12,15.28,0.4,48.79,63.1,42.27,4.0,0
231.83,2.22,13.74,1.01,59.65,62.43,46.27,2.45,0
287.31,2.25,11.63,0.48,56.0,48.29,50.69,3.26,0
142.4,2.08,12.54,1.68,56.54,79.49,43.87,1.77,0
204.11,1.78,10.08,1.69,68.61,90.86,36.32,1.51,0
294.07,2.12,10.6,2.55,84.77,48.78,41.0,1.39,0
238.77,1.53,11.48,2.1,32.03,70.67,29.27,1.14,0
259.34,2.91,13.39,0.46,70.47,45.19,40.57,4.0,0
189.39,2.74,8.88,1.74,62.71,79.82,41.22,2.29,0
333.15,2.84,12.19,0.69,46.1,78.97,53.17,3.66,0
303.57,1.93,11.03,1.19,50.65,75.14,36.76,1.98,0
240.97,1.78,9.75,0.7,65.58,35.15,36.76,2.28,0
231.79,2.53,11.04,1.08,55.61,51.86,24.84,2.72,0
296.33,2.54,6.2,3.46,54.41,52.07,46.48,1.35,0
339.21,2.41,10.11,0.79,46.76,51.06,25.31,2.96,0
292.92,2.33,9.25,1.3,45.89,79.93,35.02,2.28,0
347.73,3.53,11.3,3.53,43.41,32.83,32.9,1.84,0
208.49,2.76,6.3,0.4,48.88,65.85,48.91,4.0,0
213.13,3.68,12.48,4.47,53.46,71.16,44.88,1.61,0
196.5,3.26,14.27,0.82,59.25,49.46,47.08,3.94,0
269.88,3.52,11.71,0.63,45.12,67.57,49.46,4.0,0
257.9,1.86,13.25,1.63,64.07,66.63,33.61,1.61,0
243.16,2.86,10.72,1.22,44.1,55.92,31.32,2.9,0
286.42,2.24,8.11,2.08,64.23,76.3,23.16,1.68,0
305.45,1.5,12.0,0.86,44.61,51.85,41.28,1.78,0
181.35,3.4,13.7,1.01,79.21,76.34,32.18,3.75,0
223.14,2.32,8.69,0.85,62.78,61.98,44.51,2.77,0
286.91,1.87,10.84,2.68,65.09,55.33,51.6,1.19,0
228.95,2.25,11.38,1.09,52.94,56.64,49.3,2.4,0
214.08,2.02,19.13,1.09,62.29,39.17,41.21,2.16,0
295.83,2.08,12.56,1.3,39.97,54.57,40.78,2.05,0
191.97,2.37,7.24,2.15,43.29,43.17,39.91,1.74,0
236.43,3.54,6.62,6.25,51.31,63.97,61.25,1.18,0
264.79,2.1,13.83,1.31,73.21,73.51,34.18,2.05,0
224.18,3.5,18.21,1.89,67.08,66.85,40.79,2.78,0
285.24,3.01,11.3,0.4,28.16,49.3,38.19,4.0,0
224.4,2.74,11.15,0.4,43.17,56.02,32.17,4.0,0
313.39,2.95,13.08,1.93,53.96,64.15,36.2,2.32,0
244.34,2.51,10.0,1.43,70.08,64.94,40.28,2.34,0
280.21,3.27,5.64,3.44,57.93,84.56,28.15,1.74,0
283.57,2.84,14.59,3.18,25.0,69.35,56.49,1.6,0
221.76,1.5,10.47,1.36,40.93,62.22,47.26,1.44,0
157.59,2.68,14.63,1.92,63.64,61.56,50.92,2.11,0
266.23,2.97,10.1,2.1,57.45,54.78,38.39,2.21,0
253.25,2.33,12.3,0.95,56.62,60.0,36.87,2.64,0
275.01,2.58,14.14,0.78,68.34,70.76,37.86,3.18,0
239.81,2.13,14.68,1.79,50.85,49.4,33.04,1.75,0
230.63,1.67,12.58,2.08,63.39,66.16,53.0,1.25,0
340.38,1.57,12.46,1.63,74.7,58.37,53.97,1.36,0
183.74,1.58,13.55,5.6,57.69,85.77,45.5,0.58,0
283.03,2.9,13.16,3.43,44.27,64.43,56.98,1.55,0
224.14,1.01,8.77,3.71,49.88,64.92,63.96,0.51,0
234.89,2.1,8.82,1.53,44.16,47.16,58.47,1.89,0
235.73,2.04,6.73,1.26,28.11,81.96,35.31,2.04,0
213.85,2.33,13.92,0.64,45.51,67.6,15.81,3.08,0
275.71,1.39,11.01,4.96,62.63,80.46,47.43,0.56,0
312.58,2.74,14.05,1.45,55.11,57.24,44.27,2.54,0
271.15,1.74,13.01,4.92,71.31,59.98,41.09,0.7,0
254.65,3.18,9.49,1.25,56.73,39.44,37.68,3.18,0
205.61,2.13,11.7,2.88,65.6,87.67,53.51,1.29,0
273.26,2.44,10.86,1.27,33.88,65.54,24.54,2.42,0
347.04,2.5,10.48,1.5,49.74,87.84,55.32,2.27,0
232.87,2.65,14.29,4.84,51.77,54.76,57.34,1.09,0
233.08,2.52,18.28,2.05,45.09,67.08,41.5,1.91,0
224.75,2.24,14.79,0.97,73.31,74.89,42.84,2.53,0
227.98,2.71,11.93,0.4,31.84,64.95,28.14,4.0,0
126.46,2.78,15.15,4.47,53.63,55.01,50.04,1.21,0
268.23,2.04,16.28,3.87,68.59,52.88,52.71,1.0,0
211.95,2.76,8.52,3.5,64.16,54.79,47.64,1.45,0
177.54,3.22,15.06,0.4,50.44,100.06,27.6,4.0,0
283.89,2.92,13.92,2.48,44.2,50.68,23.91,1.96,0
201.31,3.06,14.97,2.49,68.09,30.2,37.6,2.05,0
234.76,2.6,14.03,1.39,48.75,60.56,40.79,2.47,0
315.99,1.94,11.43,0.95,45.03,60.37,50.15,2.2,0
186.59,2.01,17.08,1.85,67.0,55.28,37.59,1.62,0
181.03,2.69,12.85,1.63,58.69,50.69,50.63,2.34,0
262.12,3.07,10.91,1.98,50.78,55.89,51.29,2.37,0
301.73,4.17,13.26,2.77,58.9,40.2,44.74,2.6,0
179.15,3.09,14.43,0.73,60.34,86.68,48.69,3.9,0
268.35,1.8,12.24,0.51,54.36,63.68,35.84,2.55,0
276.14,2.04,12.98,1.49,56.84,61.77,28.58,1.86,0
157.34,3.87,12.22,7.1,29.05,75.77,34.31,1.16,0
285.93,2.37,10.35,0.8,53.73,100.65,31.67,2.89,0
289.45,2.53,9.95,1.71,47.32,53.97,52.11,2.13,0
235.97,1.92,8.49,1.82,45.41,64.6,48.63,1.57,0
306.36,3.44,15.8,0.4,46.78,72.03,19.7,4.0,0
301.14,2.8,11.44,4.55,49.04,70.37,41.79,1.21,0
254.64,2.04,4.0,0.89,51.43,73.57,22.14,2.37,0
229.68,1.9,12.99,1.71,56.99,73.76,29.16,1.61,0
206.22,2.68,12.94,3.52,46.2,53.83,48.32,1.41,0
248.31,2.53,7.33,1.44,61.22,77.93,22.76,2.35,0
275.64,3.0,9.92,2.99,63.83,58.32,26.36,1.77,0
235.41,2.83,9.81,0.4,63.71,64.21,29.76,4.0,0
151.11,2.34,10.14,0.61,66.22,69.22,24.15,3.16,0
307.09,2.17,15.03,4.43,48.18,49.33,25.8,0.96,0
258.56,2.4,11.63,3.6,51.75,66.51,39.44,1.24,0
232.92,2.17,10.93,1.06,57.96,69.31,23.15,2.35,0
288.57,2.42,14.81,3.11,49.9,31.6,37.51,1.39,0
318.61,2.51,13.24,2.7,41.1,81.02,40.09,1.59,0
123.91,1.96,7.65,1.09,48.97,47.72,47.52,2.09,0
269.54,2.88,10.46,0.89,74.62,64.1,49.29,3.37,0
185.8,2.28,12.8,3.88,46.08,82.94,26.24,1.11,0
272.46,1.99,9.67,0.61,45.48,69.81,26.76,2.68,0
255.76,2.29,17.07,1.14,48.44,75.61,26.2,2.39,0
278.61,2.65,12.28,1.14,61.68,76.65,47.91,2.77,0
227.53,2.55,10.12,0.95,59.18,52.62,43.46,2.9,0
165.7,2.75,9.19,1.27,63.47,44.45,36.47,2.73,0
229.73,3.04,14.32,0.48,85.39,66.23,28.08,4.0,0
268.31,3.28,10.38,6.28,64.85,70.69,41.55,1.09,0
295.69,2.67,12.95,3.45,65.79,76.55,53.69,1.42,0
197.27,1.86,9.12,1.46,89.32,71.71,53.04,1.72,1
296.22,2.34,12.18,0.66,60.87,52.62,25.27,3.06,0
220.85,1.9,10.41,1.52,50.3,73.2,50.71,1.71,0
266.31,3.52,11.21,1.02,51.37,28.48,25.14,3.88,0
227.05,3.69,10.01,0.57,67.68,79.08,35.98,4.0,0
258.2,2.89,14.56,4.18,39.98,46.66,34.8,1.33,0
290.13,3.02,10.77,2.33,31.64,46.34,42.66,2.11,0
194.78,2.65,11.64,1.39,45.15,97.32,29.98,2.51,0
219.4,2.72,11.76,0.4,64.84,60.86,41.03,4.0,0
258.32,1.54,16.03,6.33,62.11,56.17,29.19,0.51,0
358.07,2.46,14.23,0.4,53.08,42.7,41.72,3.72,0
211.16,1.97,13.98,0.71,67.83,66.64,26.83,2.52,0
341.81,2.67,8.06,5.42,62.3,71.9,36.02,1.0,0
340.2,2.46,10.36,2.72,59.13,54.73,40.04,1.55,0
245.62,3.67,14.97,3.62,54.79,27.78,37.5,1.88,0
236.58,3.05,9.07,3.57,65.76,84.4,48.45,1.58,0
218.86,2.67,12.21,4.17,64.06,55.67,17.41,1.23,0
246.93,2.34,9.34,2.08,51.72,55.33,41.75,1.75,0
186.7,3.51,9.59,3.04,64.76,59.47,31.7,2.04,0
246.57,2.48,16.2,1.23,47.16,47.92,45.91,2.5,0
317.36,2.7,13.8,3.36,57.82,79.11,40.31,1.46,0
222.5,2.53,14.46,1.52,59.8,70.9,50.88,2.28,0
239.17,2.26,13.96,4.63,50.98,67.32,37.67,0.96,0
173.45,2.52,11.65,2.44,56.61,94.67,52.34,1.71,0
266.83,1.32,10.27,4.16,62.3,49.54,41.57,0.61,0
261.9,1.57,10.99,2.12,42.01,79.15,27.07,1.17,0
252.87,2.71,11.52,0.87,57.21,26.64,31.87,3.19,0
240.24,3.44,16.44,2.58,81.58,69.66,34.13,2.25,0
236.83,2.71,8.66,3.74,45.08,93.88,41.15,1.36,0
272.59,2.07,10.62,0.4,67.36,44.25,49.0,3.13,0
248.7,1.63,9.72,1.06,53.85,84.66,46.11,1.77,0
264.17,2.97,14.64,1.22,69.2,39.26,46.65,3.01,0
259.67,2.16,16.63,1.02,46.32,91.17,32.54,2.38,0
300.55,2.89,12.77,2.77,55.07,53.09,48.82,1.79,0
280.46,2.73,12.98,2.76,81.53,48.89,41.04,1.7,0
258.68,2.79,12.23,1.1,52.92,51.97,47.95,2.97,0
318.33,2.52,13.09,0.9,62.6,60.48,25.23,2.94,0
268.91,2.73,13.93,2.67,62.13,57.72,44.52,1.74,0
308.72,2.43,13.06,0.4,30.66,59.21,33.89,3.68,0
277.31,2.12,13.25,0.71,60.35,64.74,27.35,2.7,0
167.11,1.92,13.94,1.05,40.15,63.59,46.47,2.09,0
308.72,1.07,7.55,1.53,62.59,60.09,35.71,0.96,0
256.08,2.39,12.01,2.5,56.41,53.37,45.3,1.59,0
247.66,3.41,12.76,2.22,41.62,66.43,30.22,2.46,0
262.66,2.94,13.04,0.6,40.71,65.64,60.32,3.96,0
234.48,2.64,11.57,2.5,54.13,64.93,38.81,1.76,0
260.22,2.06,12.4,0.62,84.77,59.97,35.31,2.75,0
223.37,3.1,10.2,6.12,74.48,49.61,49.9,1.05,0
307.34,2.43,7.56,1.17,59.31,61.11,39.14,2.51,0
244.89,3.44,14.46,4.08,61.18,55.84,71.66,1.61,0
232.78,1.91,9.16,0.91,62.22,29.01,51.65,2.22,0
208.38,2.05,11.6,0.57,48.59,74.99,35.27,2.82,0
262.09,1.99,10.13,1.86,46.69,63.9,40.74,1.6,0
258.42,1.61,15.97,3.48,65.21,59.7,40.66,0.85,0
267.48,1.94,11.8,4.29,47.78,67.87,29.45,0.87,0
203.77,2.56,11.22,0.65,72.29,48.68,52.84,3.37,0
177.95,2.07,13.87,3.24,38.76,80.39,35.7,1.15,0
278.15,0.5,17.39,0.94,44.18,78.1,37.53,0.57,0
316.81,3.14,13.01,1.16,71.99,42.57,42.19,3.26,0
203.81,1.49,11.06,1.24,51.56,50.51,30.84,1.5,0
321.52,2.85,13.74,2.88,53.53,70.13,42.11,1.73,0
262.78,2.52,8.07,1.78,62.75,63.7,34.97,2.08,0
249.68,3.77,12.12,1.78,68.91,59.74,35.23,3.11,0
232.11,3.1,16.98,0.62,62.32,66.6,38.38,4.0,0
187.7,2.2,12.39,2.09,58.45,31.92,32.65,1.65,0
294.45,2.08,12.27,0.84,64.61,46.17,24.35,2.48,0
215.1,3.4,12.05,2.34,59.91,50.97,41.74,2.37,0
214.91,1.61,11.01,3.56,68.02,71.44,17.1,0.84,0
294.64,2.61,12.79,1.05,89.28,27.69,17.47,2.84,1
165.27,2.42,13.94,1.03,61.06,62.72,40.45,2.66,0
181.44,2.29,11.17,3.87,44.68,54.35,38.18,1.12,0
249.18,2.71,5.77,0.61,67.46,69.77,42.59,3.64,0
263.2,2.61,13.16,2.09,53.25,72.12,46.64,1.96,0
271.81,2.77,17.33,0.4,59.05,85.47,20.23,4.0,0
236.42,2.58,11.06,0.41,59.4,42.39,33.85,3.9,0
363.87,2.75,8.32,9.05,48.02,47.68,35.52,0.67,1
239.74,2.56,13.69,2.43,50.55,60.73,43.12,1.73,0
239.61,2.1,16.36,2.12,27.3,81.15,42.28,1.56,0
214.14,2.5,13.32,2.27,53.78,66.56,35.95,1.77,0
255.58,2.07,16.31,0.66,61.73,61.58,40.44,2.72,0
277.67,2.03,13.98,2.76,55.18,78.37,37.25,1.27,0
304.16,2.3,13.77,0.74,49.48,54.04,30.87,2.88,0
182.98,2.43,10.7,0.4,59.53,77.54,40.54,3.68,0
238.93,2.52,12.71,3.03,43.69,86.03,18.56,1.47,0
270.1,3.05,11.93,1.14,42.3,57.7,42.45,3.19,0
276.42,2.2,11.84,2.75,61.31,36.76,54.12,1.38,0
250.29,2.62,11.37,0.91,61.97,62.18,36.53,3.04,0
274.41,2.57,12.56,1.22,61.13,84.66,60.62,2.6,0
213.6,2.13,8.76,1.62,51.39,67.4,46.03,1.86,0
320.11,2.54,14.03,1.54,68.12,39.36,54.58,2.28,0
294.67,3.1,9.81,1.73,41.51,79.05,43.86,2.6,0
189.48,2.61,11.37,2.28,51.44,71.93,45.52,1.85,0
201.62,2.64,12.83,1.27,63.97,74.99,41.43,2.62,0
202.89,2.08,9.68,1.66,65.32,76.99,24.32,1.79,0
280.51,3.68,7.08,1.36,45.73,51.86,20.35,3.52,0
192.19,2.11,11.04,0.4,80.71,75.88,37.59,3.2,0
235.1,1.5,8.42,5.05,53.43,50.32,33.97,0.59,0
270.46,3.02,13.78,3.6,56.05,42.28,34.29,1.56,0
247.02,2.43,9.12,0.55,66.74,47.57,27.36,3.38,0
261.65,2.32,15.71,2.75,73.62,70.39,51.09,1.45,0
202.04,2.17,11.99,2.23,55.74,53.86,29.69,1.56,0
276.77,3.62,12.15,0.66,69.08,82.13,29.04,4.0,0
222.41,2.71,7.05,2.24,49.53,76.72,40.38,1.94,0
235.39,2.83,12.36,9.48,75.02,70.11,50.83,0.66,1
260.7,2.6,11.8,3.86,55.46,80.7,48.48,1.27,0
254.64,2.66,8.75,5.24,58.77,42.37,33.5,1.03,0
251.08,3.34,12.22,3.2,50.84,74.35,37.88,1.88,0
216.22,2.35,11.01,2.49,57.59,68.61,56.4,1.57,0
236.52,1.63,11.46,3.03,46.24,40.9,51.06,0.95,0
250.1,3.02,12.06,4.91,54.25,49.2,48.77,1.23,0
188.12,2.8,10.82,3.01,55.21,57.62,43.85,1.64,0
229.19,2.56,12.62,2.52,42.33,57.19,41.0,1.7,0
267.45,2.78,11.78,1.55,48.15,59.38,60.09,2.49,0
192.52,2.28,13.18,0.81,29.8,50.71,51.29,2.77,0
302.05,2.51,10.68,0.41,40.11,82.19,41.22,3.79,0
307.13,2.42,9.34,2.07,54.83,41.48,47.23,1.82,0
193.97,2.15,10.23,2.11,66.51,41.93,37.51,1.6,0
311.09,3.21,15.61,5.51,50.72,45.86,23.96,1.19,0
243.54,1.65,14.39,3.6,54.63,50.47,29.78,0.85,0
268.83,3.92,15.03,3.65,68.94,49.3,35.39,2.0,0
227.65,3.03,15.21,2.1,65.0,85.2,34.75,2.26,0
291.54,1.43,10.83,2.33,64.82,50.12,32.77,1.0,0
268.27,2.37,12.74,6.83,56.43,58.18,33.22,0.73,0
213.36,2.4,12.19,3.21,49.12,41.07,53.06,1.35,0
197.57,2.74,13.65,0.61,59.75,52.96,58.33,3.67,0
184.29,1.91,11.28,1.1,70.39,69.02,53.12,2.02,0
258.46,2.52,12.23,3.99,76.69,70.21,18.43,1.2,0
275.76,2.43,12.18,1.67,83.87,74.76,50.78,2.08,0
279.29,2.06,13.33,1.67,73.36,45.04,47.37,1.76,0
244.69,1.97,13.64,0.72,55.52,49.9,39.63,2.5,0
197.94,3.05,12.23,1.17,40.57,72.26,35.03,3.15,0
219.31,1.48,12.31,1.11,62.22,59.64,36.95,1.57,0
301.86,2.79,12.56,2.96,68.16,59.09,49.9,1.65,0
228.19,2.98,16.12,1.49,25.0,68.85,43.86,2.72,0
256.45,2.37,7.68,2.59,37.25,74.95,52.2,1.54,0
201.6,2.53,9.58,0.4,49.52,49.52,48.15,3.84,0
265.15,3.2,13.68,0.5,45.77,58.44,54.41,4.0,0
229.4,2.08,12.67,0.4,35.69,58.2,46.34,3.15,0
297.1,2.14,12.66,2.59,59.56,45.47,28.63,1.39,0
284.81,2.2,13.67,2.75,69.89,64.5,24.0,1.38,0
227.69,3.2,12.53,0.42,52.74,51.91,46.46,4.0,0
244.3,3.28,10.6,2.89,35.08,59.92,46.01,1.98,0
225.2,1.66,13.57,1.85,57.48,69.74,33.83,1.34,0
186.13,3.1,12.05,1.06,41.68,64.03,42.47,3.36,0
211.42,2.99,10.88,3.8,42.9,46.69,35.46,1.48,0
258.92,3.43,13.73,2.46,66.52,63.06,35.07,2.31,0
264.64,2.73,13.63,1.75,69.4,62.08,25.67,2.28,0
256.68,2.47,12.54,1.51,51.53,51.58,40.45,2.24,0
236.42,3.19,16.29,1.88,63.77,47.05,34.83,2.54,0
291.99,2.92,15.32,0.59,42.11,62.31,43.78,3.96,0
252.86,3.85,14.5,0.67,61.35,39.04,22.47,4.0,0
281.65,3.08,18.42,2.38,50.39,43.98,46.02,2.12,0
170.18,2.59,11.63,3.09,39.09,40.75,34.85,1.49,0
73.49,1.8,10.84,4.87,44.11,41.82,29.33,0.73,0
262.77,2.15,14.15,4.63,59.92,52.82,35.6,0.92,0
185.89,1.64,11.37,0.4,37.23,75.93,24.02,2.48,0
240.44,2.37,12.03,6.6,51.62,69.28,37.09,0.76,0
236.41,3.06,9.54,2.13,67.82,76.85,41.23,2.26,0
321.43,2.5,13.52,0.54,49.09,50.84,40.73,3.48,0
268.0,3.11,8.32,0.85,36.5,29.83,44.6,3.71,0
257.46,2.7,11.76,0.66,51.68,51.04,34.32,3.53,0
287.66,2.26,11.96,0.97,63.13,76.91,47.79,2.54,0
266.58,2.55,10.91,3.16,39.43,54.1,42.66,1.45,0
229.4,2.78,7.61,1.06,69.24,59.67,48.16,3.01,0
298.22,2.58,7.59,0.4,64.16,56.78,56.59,3.91,0
200.06,2.59,10.13,2.74,59.2,70.46,24.49,1.62,0
264.55,2.04,13.35,0.75,61.93,72.46,36.17,2.55,0
180.36,2.24,12.72,2.97,56.53,36.76,32.37,1.33,0
259.18,3.86,11.96,8.74,59.01,23.55,61.38,0.96,1
258.68,3.24,9.79,3.07,55.86,69.82,45.97,1.87,0
325.44,1.62,12.85,1.65,65.6,56.81,42.87,1.39,0
179.58,1.08,7.5,0.51,70.51,69.83,51.96,1.53,0
222.96,2.55,6.01,4.22,45.15,55.79,40.12,1.16,0
287.02,3.04,11.39,1.63,46.58,67.81,44.67,2.64,0
265.09,2.19,10.63,0.4,50.3,57.97,35.44,3.32,0
258.11,3.11,14.53,1.29,47.69,49.21,26.36,3.06,0
206.97,2.54,12.39,1.32,68.61,54.05,48.97,2.47,0
223.41,2.4,16.13,3.72,37.0,57.47,30.4,1.21,0
306.03,2.95,10.63,0.4,61.51,69.17,47.49,4.0,0
247.68,2.18,13.22,1.55,71.64,57.43,50.84,1.95,0
266.89,2.33,11.37,2.65,48.06,43.92,17.56,1.49,0
244.82,2.9,15.45,2.03,72.66,84.97,50.45,2.21,0
196.76,2.48,11.49,6.73,68.89,64.67,42.55,0.78,0
292.02,3.65,14.14,1.23,50.81,80.42,30.3,3.67,0
272.65,2.92,9.31,2.51,64.83,43.61,22.6,1.94,0
353.75,2.88,10.96,1.33,45.08,56.2,39.29,2.78,0
204.3,2.47,11.79,1.35,41.78,62.86,38.21,2.38,0
287.02,3.02,15.16,0.93,49.43,69.87,50.92,3.46,0
190.98,2.31,6.51,3.18,71.2,31.69,40.65,1.3,0
257.08,2.67,11.17,7.28,49.5,32.13,29.12,0.78,1
293.94,1.95,11.08,1.71,55.5,50.08,24.46,1.65,0
156.75,3.12,6.81,4.23,42.95,68.2,41.46,1.42,0
240.78,2.67,10.84,4.87,65.4,49.91,40.04,1.09,0
224.66,3.69,8.15,0.84,64.98,58.1,53.2,4.0,0
218.41,3.94,6.17,1.53,46.55,60.78,35.08,3.54,0
267.33,2.96,11.34,5.5,27.2,47.58,44.19,1.1,0
300.43,2.54,11.26,1.45,50.66,81.96,38.67,2.36,0
244.0,1.93,11.39,0.42,60.31,48.07,15.0,2.89,0
259.25,3.04,12.63,4.69,54.84,29.02,47.16,1.28,0
255.14,2.63,9.8,2.77,55.97,45.26,35.74,1.63,0
250.08,2.82,16.48,1.45,59.19,47.5,46.59,2.62,0
200.98,3.54,11.92,0.8,48.87,62.6,41.69,4.0,0
299.88,2.01,15.22,9.44,39.94,63.38,30.11,0.47,1
263.28,1.95,7.8,0.99,63.87,68.8,38.26,2.17,0
267.77,2.36,9.91,1.62,44.38,88.19,39.69,2.05,0
213.71,2.99,13.72,2.92,40.58,60.43,41.84,1.79,0
229.34,2.83,11.43,0.65,61.0,72.67,45.12,3.73,0
242.07,1.96,9.32,3.82,41.73,53.32,40.31,0.97,0
180.96,2.95,7.4,5.07,45.18,64.34,57.46,1.17,0
174.04,1.78,13.83,1.4,73.97,54.77,48.41,1.68,0
222.97,2.0,13.63,2.68,74.06,57.76,49.96,1.27,0
273.51,2.43,12.61,3.31,69.3,62.5,48.25,1.33,0
220.61,2.17,10.76,1.55,64.11,74.76,40.76,1.94,0
204.15,3.03,9.22,1.3,68.88,59.19,47.32,2.98,0
213.34,2.67,11.87,2.53,78.55,59.15,52.49,1.77,0
229.51,3.56,8.71,1.04,68.13,64.7,41.26,3.89,0
234.08,2.35,10.12,0.68,58.02,73.18,50.51,3.04,0
347.45,2.43,15.15,0.64,65.48,38.88,26.98,3.22,0
297.46,3.23,7.37,2.13,49.42,63.66,50.99,2.39,0
296.11,2.45,13.69,1.59,56.76,40.03,32.29,2.15,0
302.59,3.4,15.74,3.36,57.29,79.64,26.96,1.84,0
205.05,2.82,14.04,3.42,53.34,65.08,37.21,1.51,0
194.99,1.09,13.0,4.95,51.22,78.4,42.07,0.44,0
200.19,3.21,10.84,2.69,70.45,35.03,43.35,2.04,0
310.05,3.05,10.39,1.33,43.56,57.47,52.9,2.95,0
225.38,3.07,6.38,1.53,56.77,73.06,34.43,2.76,0
193.69,1.35,12.09,0.89,39.53,81.06,56.44,1.58,0
230.61,2.1,10.99,2.82,30.91,65.26,56.46,1.29,0
239.26,2.15,10.25,1.44,69.34,53.59,42.26,1.99,0
262.08,2.0,11.95,4.61,70.43,55.95,31.72,0.85,0
261.29,3.55,12.16,3.07,49.18,44.37,64.91,2.05,0
212.73,2.49,10.41,1.23,55.61,81.94,57.25,2.51,0
280.85,2.48,16.03,1.17,51.53,69.77,41.9,2.56,0
221.24,2.83,13.83,9.01,51.54,57.31,26.38,0.69,1
242.97,2.84,14.24,1.45,49.14,68.16,46.21,2.63,0
280.9,0.5,11.74,0.6,60.52,58.34,34.1,0.68,0
221.12,2.11,13.28,0.51,50.43,55.48,48.74,2.99,0
224.38,1.65,9.76,1.09,59.98,48.67,42.3,1.77,0
276.63,2.74,13.67,1.43,75.01,48.93,24.04,2.56,0
211.4,2.33,11.49,1.39,59.67,65.71,28.2,2.2,0
232.68,2.51,9.45,0.83,56.5,75.71,32.38,3.01,0
275.01,1.25,11.94,4.01,48.14,54.95,56.41,0.6,0
342.43,2.31,11.27,3.93,54.83,48.11,33.5,1.12,0
277.24,3.17,17.81,0.88,34.95,74.29,17.26,3.73,0
271.27,3.35,13.09,0.7,73.48,61.19,37.98,4.0,0
273.89,2.93,15.95,2.76,43.5,26.52,37.39,1.83,0
201.71,1.7,14.83,6.5,31.98,49.42,55.9,0.55,0
255.2,3.26,12.09,0.81,53.75,67.03,55.15,3.95,0
248.66,2.93,10.89,3.99,59.25,48.15,26.91,1.4,0
264.47,2.43,7.65,2.59,70.89,60.77,43.93,1.58,0
255.24,1.28,9.82,3.17,57.94,41.34,47.92,0.73,0
267.09,3.07,13.66,1.73,66.11,53.83,38.79,2.58,0
235.98,2.14,11.24,0.7,66.16,43.7,41.76,2.74,0
252.64,2.71,12.94,1.88,64.98,41.52,51.06,2.16,0
194.75,2.54,6.92,2.62,41.4,48.62,42.93,1.64,0
235.6,3.42,13.13,1.78,61.13,73.09,46.7,2.82,0
312.59,2.42,14.74,4.49,38.38,66.25,54.07,1.06,0
264.35,2.49,7.56,2.39,78.93,90.78,35.53,1.71,0
249.06,3.45,12.93,2.12,63.37,51.03,47.96,2.56,0
335.33,2.11,15.36,3.34,47.5,75.29,35.56,1.15,0
188.76,2.99,16.2,1.42,59.51,87.87,50.74,2.79,0
200.07,2.38,10.74,2.31,42.87,76.77,33.79,1.67,0
327.07,1.9,13.95,3.22,36.34,77.04,44.35,1.06,0
252.07,2.5,15.57,2.36,65.52,61.81,37.72,1.73,0
239.08,2.92,13.0,0.4,43.23,63.47,45.87,4.0,0
196.04,3.31,15.21,2.5,52.83,46.18,31.55,2.21,0
270.15,3.38,11.91,3.84,57.47,19.92,37.22,1.66,0
274.5,2.32,12.99,4.42,52.81,63.07,39.47,1.02,0
200.75,1.91,10.45,1.11,42.66,45.61,29.25,2.02,0
243.69,2.31,11.59,2.11,55.73,53.62,33.92,1.72,0
234.9,1.79,13.08,3.11,56.78,47.61,23.6,1.03,0
261.52,2.37,10.26,2.5,65.46,64.86,43.77,1.58,0
199.63,2.3,11.44,2.02,84.34,57.01,47.94,1.76,0
306.34,2.94,13.9,3.55,31.28,78.86,26.09,1.53,0
291.21,1.18,17.13,1.8,45.42,49.15,28.29,0.96,0
233.66,2.06,6.88,1.59,57.68,62.71,30.41,1.81,0
240.26,2.06,16.94,0.66,67.13,57.13,27.27,2.71,0
243.86,3.21,11.35,1.43,59.16,55.59,43.99,2.99,0
214.98,1.83,14.41,0.85,68.48,58.84,33.08,2.19,0
230.05,2.64,14.9,0.55,37.24,82.81,42.5,3.66,0
237.84,2.42,15.91,0.85,51.19,72.65,32.52,2.88,0
322.58,3.13,10.18,1.21,72.54,53.16,36.6,3.18,0
292.6,2.86,11.44,1.29,44.68,50.84,50.38,2.82,0
292.06,2.57,11.87,1.84,25.0,48.26,28.45,2.08,0
266.65,2.17,11.11,3.21,45.2,61.73,34.38,1.21,0
199.72,1.39,15.3,3.0,60.25,37.26,44.18,0.82,0
248.13,2.65,11.81,0.4,54.15,56.77,36.81,4.0,0
293.67,2.82,7.95,1.3,39.58,65.73,41.89,2.77,0
193.38,1.56,10.42,3.89,46.34,49.12,40.02,0.76,0
278.64,1.76,8.05,1.53,39.03,60.61,24.93,1.58,0
354.52,2.65,11.43,2.69,40.44,63.98,53.99,1.68,0
297.78,2.7,13.68,1.61,44.45,33.57,39.01,2.36,0
313.63,1.91,10.36,1.85,56.27,63.1,55.95,1.54,0
259.83,2.16,10.99,1.95,26.34,53.12,43.38,1.68,0
293.56,1.4,11.31,0.4,71.39,87.71,53.17,2.12,0
217.7,3.33,12.35,1.56,53.76,62.97,50.22,2.96,0
285.81,1.72,13.29,1.03,41.72,46.22,52.29,1.88,0
279.45,2.83,14.02,0.4,43.32,32.74,37.77,4.0,0
263.05,2.48,17.64,1.82,47.38,59.26,57.87,2.02,0
309.22,3.27,12.31,1.33,55.07,79.59,35.28,3.17,0
225.75,2.02,13.84,1.07,56.82,50.92,43.63,2.19,0
241.58,2.54,8.03,1.85,52.67,64.72,48.63,2.05,0
254.3,1.48,11.05,1.0,45.94,71.1,71.72,1.64,0
203.67,1.34,11.32,0.43,54.87,70.32,50.94,1.99,0
260.21,2.86,9.46,1.93,30.11,59.94,34.74,2.25,0
172.65,1.43,10.66,3.16,40.42,50.13,42.69,0.81,0
297.11,2.36,11.73,0.47,46.89,56.1,26.54,3.44,0
252.1,3.11,10.74,0.65,38.89,43.95,54.7,4.0,0
226.56,2.95,18.5,0.67,52.38,45.86,15.0,3.84,0
212.45,2.1,13.28,0.68,38.94,74.85,38.28,2.72,0
239.44,1.55,17.0,2.82,75.56,65.03,61.96,0.95,0
280.97,2.81,15.73,1.63,37.51,64.31,47.6,2.44,0
274.65,3.31,10.4,3.29,73.13,49.24,44.9,1.82,0
218.25,2.1,12.09,4.58,30.94,77.96,28.08,0.9,0
211.93,2.02,10.91,1.89,79.06,56.51,53.31,1.61,0
279.56,2.19,11.6,4.18,62.01,61.97,30.86,1.01,0
217.49,2.84,9.56,1.16,64.5,77.47,30.94,2.95,0
252.7,3.24,10.9,0.42,38.62,49.16,53.29,4.0,0
255.57,1.76,12.9,0.4,51.13,50.47,30.52,2.66,0
264.04,1.6,12.83,6.77,51.91,75.5,25.37,0.5,0
288.62,3.9,12.63,1.4,53.79,72.21,30.36,3.68,0
193.17,2.39,11.85,0.97,70.27,65.15,41.89,2.7,0
164.0,2.65,14.15,1.07,63.3,27.33,34.98,2.86,0
224.46,2.08,11.36,3.1,53.01,79.19,58.17,1.2,0
331.07,2.79,15.48,0.62,66.99,50.85,40.34,3.74,0
341.0,3.08,7.38,1.71,69.2,51.3,27.6,2.6,0
332.4,2.68,13.64,1.49,48.18,57.0,21.32,2.45,0
241.32,3.54,13.22,2.67,47.83,42.03,49.0,2.26,0
169.8,2.3,10.31,2.7,80.94,78.28,43.0,1.46,0
144.56,2.34,11.11,1.48,52.12,62.58,46.08,2.14,0
222.37,2.64,13.16,4.91,47.28,70.49,35.73,1.07,0
241.09,2.78,14.29,3.76,53.15,48.38,41.54,1.39,0
308.53,2.64,7.63,1.01,67.89,74.8,51.91,2.92,0
289.05,1.73,13.57,2.18,63.62,81.36,40.06,1.26,0
260.23,2.69,10.86,2.8,53.49,40.88,28.53,1.66,0
209.96,2.28,14.81,3.56,62.34,43.13,47.23,1.18,0
206.76,2.15,7.4,0.55,58.0,47.92,36.51,2.98,0
261.44,2.52,18.11,2.49,53.29,73.87,49.66,1.69,0
281.37,1.92,9.78,0.96,51.4,62.71,40.25,2.17,0
267.63,1.82,15.57,0.49,56.78,59.01,48.62,2.61,0
203.44,0.93,11.83,4.21,50.01,65.51,45.07,0.43,0
279.28,3.55,9.95,3.23,55.85,88.98,52.98,1.98,0
269.17,2.83,12.66,2.3,54.41,33.81,49.62,2.0,0
201.82,2.43,14.57,3.74,37.59,55.35,26.95,1.22,0
214.71,2.1,8.12,3.62,48.65,13.85,21.26,1.08,0
280.98,0.77,13.75,1.9,51.9,67.6,39.23,0.61,0
239.45,2.06,11.97,1.87,77.32,76.31,46.02,1.65,0
321.51,2.93,13.44,1.02,53.08,55.4,32.75,3.22,0
272.55,3.07,12.03,6.05,58.28,69.79,44.46,1.05,0
228.1,2.89,10.57,2.25,80.82,36.96,44.04,2.06,0
249.54,2.6,9.22,2.46,36.05,67.18,39.27,1.75,0
252.85,3.28,13.68,1.62,36.59,96.82,33.65,2.86,0
217.22,2.3,13.67,1.33,45.66,54.27,29.81,2.23,0
208.93,3.15,13.66,2.29,51.0,66.26,64.79,2.23,0
281.56,2.27,13.07,3.49,52.21,51.15,18.79,1.2,0
288.04,1.97,14.36,1.32,48.87,62.64,27.61,1.92,0
277.17,1.9,15.52,4.1,40.2,76.62,66.0,0.89,0
318.19,1.86,7.31,0.4,66.69,68.99,29.67,2.82,0
225.62,2.9,6.15,1.07,49.55,58.46,34.37,3.11,0
325.34,2.05,16.29,2.07,69.21,58.22,46.8,1.54,0
209.46,1.88,8.65,0.66,42.8,41.98,44.81,2.46,0
204.43,2.93,9.28,3.05,78.52,75.27,44.43,1.7,0
170.8,2.7,11.28,1.32,35.01,71.24,54.95,2.63,0
229.94,3.08,7.87,2.28,54.83,41.17,30.42,2.18,0
227.33,2.81,11.05,2.35,43.02,62.64,41.75,1.95,0
273.67,2.05,9.63,1.93,55.43,46.1,39.46,1.61,0
260.98,2.55,11.42,1.36,43.25,53.17,31.21,2.44,0
196.32,2.58,12.7,0.87,29.26,72.17,41.04,3.03,0
232.33,1.95,11.14,2.28,45.63,74.84,45.6,1.38,0
233.28,1.84,11.01,1.95,74.15,70.67,45.85,1.44,0
170.08,2.09,12.64,1.02,43.0,55.94,50.69,2.3,0
205.86,3.72,14.61,0.73,61.1,66.91,39.6,4.0,0
215.31,2.25,16.01,2.29,55.07,48.41,29.93,1.59,0
314.51,3.24,11.45,3.64,49.54,71.29,26.16,1.66,0
258.62,2.22,16.56,3.02,79.52,59.73,35.39,1.3,0
279.8,3.03,14.19,3.57,51.23,52.88,26.47,1.57,0
182.56,3.04,8.92,1.35,57.03,49.07,32.89,2.92,0
303.74,3.07,8.85,5.87,56.03,70.18,28.18,1.08,0
308.55,2.73,10.56,2.68,73.9,57.95,33.45,1.74,0
160.07,3.33,15.61,7.87,37.02,52.66,57.83,0.91,1
218.26,2.73,10.75,0.4,81.93,52.6,38.77,4.0,0
272.31,3.53,7.27,3.64,73.23,41.35,55.72,1.8,0
279.0,1.53,11.43,2.47,59.77,62.5,44.18,1.03,0
